customer_id,frequency,monetary,recency,R,F,M,segment
C00001,1,6176.0,171,3,1,3,Big Spenders
C00002,1,2597.0,175,3,1,2,New / Promising
C00003,1,1760.0,36,4,1,2,New / Promising
C00004,5,42286.0,309,2,4,4,Loyal
C00005,3,5683.0,91,3,3,3,Champions
C00006,1,5220.0,824,1,1,3,Lost / Hibernating
C00007,2,1804.0,46,4,3,2,Loyal
C00008,1,1260.0,739,1,1,1,Lost / Hibernating
C00009,1,900.0,350,2,1,1,Lost / Hibernating
C00010,2,3627.0,272,2,3,2,Loyal
C00011,2,5844.0,41,4,3,3,Champions
C00012,1,5930.0,374,2,1,3,Lost / Hibernating
C00013,1,4330.0,188,3,1,2,New / Promising
C00014,1,2130.0,161,3,1,2,New / Promising
C00016,2,4250.0,21,4,3,2,Loyal
C00017,1,2800.0,57,4,1,2,New / Promising
C00018,2,6618.0,464,1,3,3,At Risk
C00019,1,726.0,810,1,1,1,Lost / Hibernating
C00020,4,11637.0,492,1,4,3,At Risk
C00021,1,567.0,281,2,1,1,Lost / Hibernating
C00022,1,2400.0,477,1,1,2,Lost / Hibernating
C00023,1,1740.0,156,3,1,2,New / Promising
C00024,2,1048.0,44,4,3,1,Loyal
C00025,10,40482.0,60,4,4,4,Champions
C00026,1,3880.0,80,4,1,2,New / Promising
C00027,2,5365.0,159,3,3,3,Champions
C00028,1,993.0,642,1,1,1,Lost / Hibernating
C00029,2,6740.0,212,3,3,3,Champions
C00030,1,928.0,464,1,1,1,Lost / Hibernating
C00031,3,6958.0,4,4,3,3,Champions
C00032,2,4188.5,388,2,3,2,Loyal
C00033,1,1045.0,45,4,1,1,New / Promising
C00034,1,9837.0,476,1,1,3,Lost / Hibernating
C00035,1,364.0,542,1,1,1,Lost / Hibernating
C00036,1,3572.5,223,2,1,2,Lost / Hibernating
C00037,4,18064.0,68,4,4,4,Champions
C00038,1,5873.5,45,4,1,3,Big Spenders
C00039,1,1160.0,169,3,1,1,New / Promising
C00040,2,1206.0,360,2,3,1,Loyal
C00041,1,21110.0,520,1,1,4,Lost / Hibernating
C00043,1,441.0,214,3,1,1,New / Promising
C00044,1,5704.0,49,4,1,3,Big Spenders
C00045,1,4330.0,803,1,1,2,Lost / Hibernating
C00046,1,1752.0,109,3,1,2,New / Promising
C00047,1,1480.0,296,2,1,1,Lost / Hibernating
C00048,2,2814.0,417,1,3,2,At Risk
C00049,1,2160.0,321,2,1,2,Lost / Hibernating
C00050,1,3109.0,257,2,1,2,Lost / Hibernating
C00051,3,19857.0,325,2,3,4,Loyal
C00052,1,488.0,435,1,1,1,Lost / Hibernating
C00053,1,3507.0,138,3,1,2,New / Promising
C00054,1,812.0,612,1,1,1,Lost / Hibernating
C00055,3,2336.0,129,3,3,2,Loyal
C00056,1,4859.0,484,1,1,3,Lost / Hibernating
C00057,3,10526.5,503,1,3,3,At Risk
C00058,1,7880.0,62,4,1,3,Big Spenders
C00059,2,1572.0,159,3,3,1,Loyal
C00060,4,14521.0,252,2,4,4,Loyal
C00061,1,1460.0,5,4,1,1,New / Promising
C00063,2,4819.0,460,1,3,3,At Risk
C00064,1,486.0,147,3,1,1,New / Promising
C00065,2,3706.0,794,1,3,2,At Risk
C00066,1,1017.0,21,4,1,1,New / Promising
C00067,1,4560.0,284,2,1,2,Lost / Hibernating
C00068,1,16800.0,279,2,1,4,Lost / Hibernating
C00069,2,1500.0,476,1,3,1,At Risk
C00070,1,1400.0,82,4,1,1,New / Promising
C00071,7,28863.5,237,2,4,4,Loyal
C00072,5,12254.0,314,2,4,4,Loyal
C00073,1,6487.5,776,1,1,3,Lost / Hibernating
C00074,1,9996.0,161,3,1,3,Big Spenders
C00075,2,10559.5,34,4,3,3,Champions
C00076,1,513.0,67,4,1,1,New / Promising
C00078,2,7629.0,797,1,3,3,At Risk
C00079,2,2066.0,42,4,3,2,Loyal
C00080,1,665.0,921,1,1,1,Lost / Hibernating
C00081,2,1810.0,307,2,3,2,Loyal
C00082,4,11751.5,28,4,4,4,Champions
C00083,1,1971.0,692,1,1,2,Lost / Hibernating
C00084,1,1764.0,96,3,1,2,New / Promising
C00085,1,2030.0,898,1,1,2,Lost / Hibernating
C00086,2,19863.0,172,3,3,4,Champions
C00087,1,741.0,55,4,1,1,New / Promising
C00088,1,260.0,210,3,1,1,New / Promising
C00089,2,12716.0,191,3,3,4,Champions
C00090,1,1866.0,125,3,1,2,New / Promising
C00091,2,11636.0,776,1,3,3,At Risk
C00092,1,1980.0,725,1,1,2,Lost / Hibernating
C00093,1,1840.0,811,1,1,2,Lost / Hibernating
C00094,3,3092.0,126,3,3,2,Loyal
C00095,2,2321.0,96,3,3,2,Loyal
C00096,9,24910.5,21,4,4,4,Champions
C00098,7,43902.0,12,4,4,4,Champions
C00099,3,14799.0,135,3,3,4,Champions
C00100,2,2718.0,569,1,3,2,At Risk
C00101,2,1059.0,519,1,3,1,At Risk
C00102,1,11414.0,225,2,1,3,Lost / Hibernating
C00104,1,430.0,312,2,1,1,Lost / Hibernating
C00105,23,77770.5,62,4,4,4,Champions
C00106,1,560.0,309,2,1,1,Lost / Hibernating
C00107,1,2104.0,932,1,1,2,Lost / Hibernating
C00109,1,700.0,240,2,1,1,Lost / Hibernating
C00110,1,4352.0,745,1,1,2,Lost / Hibernating
C00111,6,26807.0,169,3,4,4,Champions
C00112,1,1060.0,708,1,1,1,Lost / Hibernating
C00113,1,3800.0,5,4,1,2,New / Promising
C00114,1,6068.0,452,1,1,3,Lost / Hibernating
C00115,1,1458.0,172,3,1,1,New / Promising
C00116,2,2784.0,3,4,3,2,Loyal
C00117,3,2260.0,37,4,3,2,Loyal
C00118,5,28312.5,54,4,4,4,Champions
C00119,2,3752.0,26,4,3,2,Loyal
C00120,1,3650.0,623,1,1,2,Lost / Hibernating
C00121,8,30160.0,151,3,4,4,Champions
C00122,4,21532.0,30,4,4,4,Champions
C00123,1,210.0,299,2,1,1,Lost / Hibernating
C00124,1,8480.0,39,4,1,3,Big Spenders
C00125,2,2650.0,712,1,3,2,At Risk
C00126,1,3166.0,367,2,1,2,Lost / Hibernating
C00127,1,740.0,512,1,1,1,Lost / Hibernating
C00128,1,14492.0,420,1,1,4,Lost / Hibernating
C00129,8,42169.0,251,2,4,4,Loyal
C00130,4,6502.0,249,2,4,3,Loyal
C00131,1,711.0,665,1,1,1,Lost / Hibernating
C00132,4,25669.0,290,2,4,4,Loyal
C00133,1,2190.0,474,1,1,2,Lost / Hibernating
C00135,2,1132.0,66,4,3,1,Loyal
C00136,3,16838.0,467,1,3,4,At Risk
C00137,1,6570.0,503,1,1,3,Lost / Hibernating
C00138,13,36268.0,23,4,4,4,Champions
C00139,1,7239.0,319,2,1,3,Lost / Hibernating
C00140,9,9454.5,9,4,4,3,Champions
C00141,3,5994.0,121,3,3,3,Champions
C00142,1,480.0,470,1,1,1,Lost / Hibernating
C00143,2,16236.0,166,3,3,4,Champions
C00144,2,5653.0,531,1,3,3,At Risk
C00145,1,2603.0,362,2,1,2,Lost / Hibernating
C00146,6,28305.0,209,3,4,4,Champions
C00147,1,2259.0,262,2,1,2,Lost / Hibernating
C00148,1,5210.0,296,2,1,3,Lost / Hibernating
C00149,6,21832.0,103,3,4,4,Champions
C00151,1,260.0,164,3,1,1,New / Promising
C00152,15,44199.5,7,4,4,4,Champions
C00153,14,48919.0,161,3,4,4,Champions
C00154,1,630.0,293,2,1,1,Lost / Hibernating
C00155,1,1690.0,529,1,1,1,Lost / Hibernating
C00156,1,640.0,379,2,1,1,Lost / Hibernating
C00157,1,208.0,221,2,1,1,Lost / Hibernating
C00158,2,1778.5,43,4,3,2,Loyal
C00159,1,2192.0,80,4,1,2,New / Promising
C00160,1,4330.0,404,2,1,2,Lost / Hibernating
C00161,3,4202.5,237,2,3,2,Loyal
C00162,1,4786.0,180,3,1,3,Big Spenders
C00163,2,8219.0,95,3,3,3,Champions
C00164,1,441.0,151,3,1,1,New / Promising
C00165,7,34672.5,249,2,4,4,Loyal
C00166,1,310.0,818,1,1,1,Lost / Hibernating
C00167,6,28475.0,436,1,4,4,At Risk
C00168,1,540.0,139,3,1,1,New / Promising
C00169,2,1467.0,420,1,3,1,At Risk
C00172,7,18833.0,165,3,4,4,Champions
C00173,2,15720.0,452,1,3,4,At Risk
C00174,2,11244.0,171,3,3,3,Champions
C00175,1,14383.0,985,1,1,4,Lost / Hibernating
C00177,1,1260.0,113,3,1,1,New / Promising
C00178,1,310.0,75,4,1,1,New / Promising
C00179,2,10982.0,539,1,3,3,At Risk
C00180,1,1392.0,307,2,1,1,Lost / Hibernating
C00181,7,21589.0,185,3,4,4,Champions
C00182,10,29549.0,250,2,4,4,Loyal
C00183,1,1740.0,40,4,1,2,New / Promising
C00184,1,1220.0,17,4,1,1,New / Promising
C00185,1,5080.0,209,3,1,3,Big Spenders
C00186,2,1618.0,17,4,3,1,Loyal
C00187,1,6112.0,248,2,1,3,Lost / Hibernating
C00188,1,7123.0,233,2,1,3,Lost / Hibernating
C00189,1,3480.0,493,1,1,2,Lost / Hibernating
C00190,4,14917.0,42,4,4,4,Champions
C00191,1,1669.0,996,1,1,1,Lost / Hibernating
C00192,4,15486.0,223,2,4,4,Loyal
C00193,10,40294.5,17,4,4,4,Champions
C00194,6,18621.0,222,2,4,4,Loyal
C00195,4,6249.0,329,2,4,3,Loyal
C00196,1,912.0,127,3,1,1,New / Promising
C00197,1,591.0,12,4,1,1,New / Promising
C00198,1,570.0,339,2,1,1,Lost / Hibernating
C00199,2,14012.0,46,4,3,4,Champions
C00200,1,3080.0,6,4,1,2,New / Promising
C00201,12,57244.5,206,3,4,4,Champions
C00202,1,570.0,449,1,1,1,Lost / Hibernating
C00203,1,2750.0,516,1,1,2,Lost / Hibernating
C00204,4,12647.0,561,1,4,4,At Risk
C00205,2,4230.0,192,3,3,2,Loyal
C00206,2,2703.0,261,2,3,2,Loyal
C00207,1,14264.0,441,1,1,4,Lost / Hibernating
C00208,4,16109.0,262,2,4,4,Loyal
C00209,2,6606.0,368,2,3,3,Loyal
C00210,1,947.0,70,4,1,1,New / Promising
C00211,18,91500.5,18,4,4,4,Champions
C00212,1,9340.0,676,1,1,3,Lost / Hibernating
C00213,6,13064.5,15,4,4,4,Champions
C00214,1,2541.0,415,1,1,2,Lost / Hibernating
C00215,1,1752.0,330,2,1,2,Lost / Hibernating
C00216,1,3343.0,417,1,1,2,Lost / Hibernating
C00217,1,310.0,483,1,1,1,Lost / Hibernating
C00218,4,7626.5,236,2,4,3,Loyal
C00219,1,5700.0,139,3,1,3,Big Spenders
C00220,1,376.0,295,2,1,1,Lost / Hibernating
C00221,1,3164.0,296,2,1,2,Lost / Hibernating
C00222,1,208.0,252,2,1,1,Lost / Hibernating
C00223,1,4224.0,186,3,1,2,New / Promising
C00224,1,260.0,892,1,1,1,Lost / Hibernating
C00225,1,1048.0,527,1,1,1,Lost / Hibernating
C00226,3,3596.0,137,3,3,2,Loyal
C00227,3,35356.0,336,2,3,4,Loyal
C00228,1,496.0,130,3,1,1,New / Promising
C00229,5,17298.0,30,4,4,4,Champions
C00230,1,893.0,197,3,1,1,New / Promising
C00231,1,4088.0,117,3,1,2,New / Promising
C00233,1,4174.0,66,4,1,2,New / Promising
C00234,4,14198.0,165,3,4,4,Champions
C00235,1,2403.0,116,3,1,2,New / Promising
C00236,2,3020.0,153,3,3,2,Loyal
C00237,3,12698.5,66,4,3,4,Champions
C00238,2,13627.0,45,4,3,4,Champions
C00239,16,45869.5,297,2,4,4,Loyal
C00240,2,14762.0,11,4,3,4,Champions
C00241,1,3922.0,88,4,1,2,New / Promising
C00243,1,17986.0,747,1,1,4,Lost / Hibernating
C00244,2,1985.0,240,2,3,2,Loyal
C00245,2,8310.0,603,1,3,3,At Risk
C00246,3,13124.0,295,2,3,4,Loyal
C00247,1,609.0,36,4,1,1,New / Promising
C00248,1,700.0,436,1,1,1,Lost / Hibernating
C00249,1,1460.0,590,1,1,1,Lost / Hibernating
C00250,1,7312.0,307,2,1,3,Lost / Hibernating
C00251,2,13080.5,573,1,3,4,At Risk
C00252,7,9579.0,360,2,4,3,Loyal
C00253,1,408.5,219,2,1,1,Lost / Hibernating
C00254,1,2580.0,292,2,1,2,Lost / Hibernating
C00255,1,4234.0,26,4,1,2,New / Promising
C00256,1,234.0,316,2,1,1,Lost / Hibernating
C00257,1,1043.0,403,2,1,1,Lost / Hibernating
C00259,1,10940.0,72,4,1,3,Big Spenders
C00260,3,22806.0,128,3,3,4,Champions
C00261,1,11370.0,13,4,1,3,Big Spenders
C00262,1,3380.0,177,3,1,2,New / Promising
C00263,1,2423.0,120,3,1,2,New / Promising
C00264,1,598.5,849,1,1,1,Lost / Hibernating
C00265,1,4182.0,216,3,1,2,New / Promising
C00266,1,1710.0,464,1,1,1,Lost / Hibernating
C00267,1,3464.0,355,2,1,2,Lost / Hibernating
C00268,1,2163.0,291,2,1,2,Lost / Hibernating
C00269,1,4995.0,16,4,1,3,Big Spenders
C00270,1,5374.0,21,4,1,3,Big Spenders
C00271,3,9564.0,14,4,3,3,Champions
C00272,1,357.0,231,2,1,1,Lost / Hibernating
C00273,3,1938.0,102,3,3,2,Loyal
C00274,6,25937.0,311,2,4,4,Loyal
C00275,4,4692.0,48,4,4,2,Loyal
C00276,1,10241.0,160,3,1,3,Big Spenders
C00278,1,13527.0,401,2,1,4,Lost / Hibernating
C00279,1,1440.0,7,4,1,1,New / Promising
C00280,15,75551.0,35,4,4,4,Champions
C00281,1,16598.0,29,4,1,4,Big Spenders
C00283,1,456.0,160,3,1,1,New / Promising
C00284,2,2295.0,138,3,3,2,Loyal
C00285,1,3824.0,337,2,1,2,Lost / Hibernating
C00286,1,11140.0,173,3,1,3,Big Spenders
C00287,1,6713.5,58,4,1,3,Big Spenders
C00288,1,2578.0,132,3,1,2,New / Promising
C00289,5,19004.0,239,2,4,4,Loyal
C00290,1,979.9999999999999,547,1,1,1,Lost / Hibernating
C00291,6,14803.5,36,4,4,4,Champions
C00292,4,11842.0,364,2,4,4,Loyal
C00293,1,260.0,261,2,1,1,Lost / Hibernating
C00294,1,9911.0,233,2,1,3,Lost / Hibernating
C00296,1,1352.0,103,3,1,1,New / Promising
C00297,1,5930.0,202,3,1,3,Big Spenders
C00298,3,4914.0,44,4,3,3,Champions
C00299,2,3090.0,73,4,3,2,Loyal
C00300,2,5394.0,312,2,3,3,Loyal
C00302,1,17660.5,96,3,1,4,Big Spenders
C00303,5,19850.5,46,4,4,4,Champions
C00304,3,9451.0,258,2,3,3,Loyal
C00305,1,4330.0,253,2,1,2,Lost / Hibernating
C00306,13,36072.5,142,3,4,4,Champions
C00307,3,12857.0,96,3,3,4,Champions
C00308,1,1760.0,76,4,1,2,New / Promising
C00309,6,29975.5,37,4,4,4,Champions
C00310,1,6028.0,688,1,1,3,Lost / Hibernating
C00311,2,10814.0,93,3,3,3,Champions
C00312,1,1960.0,562,1,1,2,Lost / Hibernating
C00313,1,1580.0,102,3,1,1,New / Promising
C00314,7,17320.5,130,3,4,4,Champions
C00315,3,19453.0,148,3,3,4,Champions
C00316,6,22013.0,21,4,4,4,Champions
C00317,4,26974.5,152,3,4,4,Champions
C00318,1,432.0,74,4,1,1,New / Promising
C00319,1,5280.0,714,1,1,3,Lost / Hibernating
C00320,1,2190.0,857,1,1,2,Lost / Hibernating
C00321,2,1937.0,81,4,3,2,Loyal
C00322,11,31358.0,33,4,4,4,Champions
C00323,1,264.0,177,3,1,1,New / Promising
C00325,2,9838.0,218,3,3,3,Champions
C00326,2,4977.0,123,3,3,3,Champions
C00327,5,22283.5,182,3,4,4,Champions
C00328,2,15953.0,360,2,3,4,Loyal
C00329,1,6950.0,9,4,1,3,Big Spenders
C00330,1,1624.0,256,2,1,1,Lost / Hibernating
C00331,2,9437.0,266,2,3,3,Loyal
C00332,1,2200.0,499,1,1,2,Lost / Hibernating
C00333,1,1320.5,68,4,1,1,New / Promising
C00334,2,21331.0,4,4,3,4,Champions
C00335,2,9256.0,679,1,3,3,At Risk
C00336,1,1971.0,542,1,1,2,Lost / Hibernating
C00337,44,169684.0,42,4,4,4,Champions
C00338,8,17523.0,419,1,4,4,At Risk
C00339,3,7272.0,315,2,3,3,Loyal
C00340,1,2725.0,434,1,1,2,Lost / Hibernating
C00341,1,1110.0,297,2,1,1,Lost / Hibernating
C00342,3,2294.0,55,4,3,2,Loyal
C00343,1,2190.0,305,2,1,2,Lost / Hibernating
C00344,1,7220.0,47,4,1,3,Big Spenders
C00345,1,1566.0,196,3,1,1,New / Promising
C00346,2,3410.0,310,2,3,2,Loyal
C00347,4,7670.5,100,3,4,3,Champions
C00348,1,824.0,73,4,1,1,New / Promising
C00349,1,16818.0,676,1,1,4,Lost / Hibernating
C00350,1,9093.0,600,1,1,3,Lost / Hibernating
C00351,1,2190.0,81,4,1,2,New / Promising
C00352,1,182.0,385,2,1,1,Lost / Hibernating
C00353,2,2709.0,87,4,3,2,Loyal
C00354,1,441.0,304,2,1,1,Lost / Hibernating
C00355,1,962.0,297,2,1,1,Lost / Hibernating
C00356,7,8869.5,295,2,4,3,Loyal
C00357,8,23015.0,61,4,4,4,Champions
C00358,14,27359.5,19,4,4,4,Champions
C00359,1,5240.0,765,1,1,3,Lost / Hibernating
C00360,2,17801.0,51,4,3,4,Champions
C00361,14,36477.0,129,3,4,4,Champions
C00362,1,234.0,353,2,1,1,Lost / Hibernating
C00363,17,37794.0,10,4,4,4,Champions
C00364,1,2128.0,155,3,1,2,New / Promising
C00365,1,16660.0,481,1,1,4,Lost / Hibernating
C00366,1,5930.0,417,1,1,3,Lost / Hibernating
C00368,1,3480.0,271,2,1,2,Lost / Hibernating
C00369,1,3753.0,152,3,1,2,New / Promising
C00370,2,11011.0,42,4,3,3,Champions
C00371,5,5112.0,47,4,4,3,Champions
C00372,4,11296.0,231,2,4,3,Loyal
C00373,1,3960.0,355,2,1,2,Lost / Hibernating
C00374,3,3950.0,105,3,3,2,Loyal
C00375,1,5616.0,290,2,1,3,Lost / Hibernating
C00376,1,464.0,32,4,1,1,New / Promising
C00377,2,7714.0,55,4,3,3,Champions
C00378,1,1740.0,466,1,1,2,Lost / Hibernating
C00379,1,3599.0,922,1,1,2,Lost / Hibernating
C00380,1,1491.0,57,4,1,1,New / Promising
C00382,6,24345.0,159,3,4,4,Champions
C00383,4,22734.0,6,4,4,4,Champions
C00384,6,30661.0,231,2,4,4,Loyal
C00385,2,2510.5,314,2,3,2,Loyal
C00386,2,2664.0,263,2,3,2,Loyal
C00387,1,2420.0,580,1,1,2,Lost / Hibernating
C00388,1,609.5,926,1,1,1,Lost / Hibernating
C00389,11,42340.5,389,2,4,4,Loyal
C00390,3,8786.5,151,3,3,3,Champions
C00391,28,84774.5,74,4,4,4,Champions
C00392,1,1230.0,252,2,1,1,Lost / Hibernating
C00393,1,27583.0,723,1,1,4,Lost / Hibernating
C00394,33,93140.0,9,4,4,4,Champions
C00395,6,43812.0,62,4,4,4,Champions
C00396,1,441.0,480,1,1,1,Lost / Hibernating
C00397,3,20235.0,118,3,3,4,Champions
C00398,10,30306.0,67,4,4,4,Champions
C00399,1,4104.0,101,3,1,2,New / Promising
C00400,4,12952.5,92,3,4,4,Champions
C00401,1,845.5,375,2,1,1,Lost / Hibernating
C00402,13,22895.0,32,4,4,4,Champions
C00403,1,1400.0,575,1,1,1,Lost / Hibernating
C00404,2,7590.0,144,3,3,3,Champions
C00405,2,714.0,6,4,3,1,Loyal
C00406,3,5318.0,89,3,3,3,Champions
C00407,2,9150.0,149,3,3,3,Champions
C00408,1,4030.0,591,1,1,2,Lost / Hibernating
C00409,5,27863.0,145,3,4,4,Champions
C00411,2,2633.0,21,4,3,2,Loyal
C00412,3,1942.0,111,3,3,2,Loyal
C00415,3,4689.5,238,2,3,2,Loyal
C00416,1,660.0,448,1,1,1,Lost / Hibernating
C00417,2,3752.0,57,4,3,2,Loyal
C00418,14,27284.5,110,3,4,4,Champions
C00419,7,22618.0,78,4,4,4,Champions
C00420,4,2075.0,414,1,4,2,At Risk
C00421,2,13985.0,50,4,3,4,Champions
C00422,2,11493.5,303,2,3,3,Loyal
C00423,1,12990.0,727,1,1,4,Lost / Hibernating
C00424,5,16951.5,473,1,4,4,At Risk
C00425,3,5398.5,818,1,3,3,At Risk
C00426,1,2151.0,308,2,1,2,Lost / Hibernating
C00427,51,241093.0,41,4,4,4,Champions
C00428,1,2384.0,358,2,1,2,Lost / Hibernating
C00430,2,6492.0,81,4,3,3,Champions
C00431,1,2112.0,984,1,1,2,Lost / Hibernating
C00432,1,4224.0,115,3,1,2,New / Promising
C00433,7,12620.0,33,4,4,4,Champions
C00434,3,13404.0,659,1,3,4,At Risk
C00435,5,20170.0,77,4,4,4,Champions
C00436,1,5633.5,112,3,1,3,Big Spenders
C00437,1,6255.0,665,1,1,3,Lost / Hibernating
C00438,1,10185.0,88,4,1,3,Big Spenders
C00441,1,3478.0,13,4,1,2,New / Promising
C00442,1,5964.0,533,1,1,3,Lost / Hibernating
C00443,2,1910.0,121,3,3,2,Loyal
C00444,1,2190.0,588,1,1,2,Lost / Hibernating
C00446,2,3921.0,169,3,3,2,Loyal
C00447,5,16884.5,198,3,4,4,Champions
C00448,2,7150.0,284,2,3,3,Loyal
C00449,8,14121.0,275,2,4,4,Loyal
C00450,1,528.0,866,1,1,1,Lost / Hibernating
C00451,1,1974.0,951,1,1,2,Lost / Hibernating
C00452,1,1368.0,551,1,1,1,Lost / Hibernating
C00453,1,870.0,962,1,1,1,Lost / Hibernating
C00454,1,310.0,740,1,1,1,Lost / Hibernating
C00456,3,20384.0,18,4,3,4,Champions
C00457,1,260.0,188,3,1,1,New / Promising
C00458,2,2854.0,433,1,3,2,At Risk
C00459,1,250.0,83,4,1,1,New / Promising
C00460,1,2008.0,315,2,1,2,Lost / Hibernating
C00461,3,5325.0,300,2,3,3,Loyal
C00462,7,28558.0,107,3,4,4,Champions
C00463,1,1831.0,264,2,1,2,Lost / Hibernating
C00464,25,77143.5,45,4,4,4,Champions
C00465,1,247.0,387,2,1,1,Lost / Hibernating
C00466,1,1680.0,16,4,1,1,New / Promising
C00467,7,24436.5,177,3,4,4,Champions
C00468,1,1856.0,980,1,1,2,Lost / Hibernating
C00469,1,3132.0,18,4,1,2,New / Promising
C00470,1,3748.0,304,2,1,2,Lost / Hibernating
C00471,5,24729.0,215,3,4,4,Champions
C00472,1,452.0,64,4,1,1,New / Promising
C00473,1,1740.0,111,3,1,2,New / Promising
C00474,1,627.0,342,2,1,1,Lost / Hibernating
C00475,1,2884.5,305,2,1,2,Lost / Hibernating
C00476,1,2060.0,652,1,1,2,Lost / Hibernating
C00477,1,4078.0,925,1,1,2,Lost / Hibernating
C00478,2,4150.0,298,2,3,2,Loyal
C00479,10,73644.0,70,4,4,4,Champions
C00482,2,7419.0,894,1,3,3,At Risk
C00483,9,29910.5,29,4,4,4,Champions
C00484,1,4687.5,690,1,1,2,Lost / Hibernating
C00485,2,4752.0,83,4,3,3,Champions
C00486,1,580.0,669,1,1,1,Lost / Hibernating
C00487,1,5961.0,333,2,1,3,Lost / Hibernating
C00488,1,4170.0,335,2,1,2,Lost / Hibernating
C00489,4,6860.0,122,3,4,3,Champions
C00491,2,7073.0,204,3,3,3,Champions
C00492,1,5930.0,348,2,1,3,Lost / Hibernating
C00493,1,160.0,195,3,1,1,New / Promising
C00494,1,1749.0,22,4,1,2,New / Promising
C00495,11,23344.0,202,3,4,4,Champions
C00496,9,47576.0,159,3,4,4,Champions
C00497,11,39861.0,88,4,4,4,Champions
C00498,2,4211.5,22,4,3,2,Loyal
C00499,1,2104.0,385,2,1,2,Lost / Hibernating
C00500,2,9800.0,63,4,3,3,Champions
C00501,17,64431.5,27,4,4,4,Champions
C00502,1,735.0,63,4,1,1,New / Promising
C00503,1,1254.0,495,1,1,1,Lost / Hibernating
C00504,2,7699.0,100,3,3,3,Champions
C00505,1,1083.0,770,1,1,1,Lost / Hibernating
C00506,1,4086.0,22,4,1,2,New / Promising
C00507,3,9834.0,368,2,3,3,Loyal
C00508,1,7410.0,722,1,1,3,Lost / Hibernating
C00509,2,1834.0,55,4,3,2,Loyal
C00510,1,5633.5,88,4,1,3,Big Spenders
C00511,5,15113.5,195,3,4,4,Champions
C00512,1,1036.0,444,1,1,1,Lost / Hibernating
C00513,1,1159.0,225,2,1,1,Lost / Hibernating
C00514,1,5520.0,120,3,1,3,Big Spenders
C00515,6,17658.5,119,3,4,4,Champions
C00516,1,6241.5,391,2,1,3,Lost / Hibernating
C00517,1,1251.0,185,3,1,1,New / Promising
C00518,1,1232.0,233,2,1,1,Lost / Hibernating
C00519,3,1880.0,16,4,3,2,Loyal
C00520,1,1360.0,359,2,1,1,Lost / Hibernating
C00521,11,30395.0,390,2,4,4,Loyal
C00523,1,3450.0,119,3,1,2,New / Promising
C00524,1,6970.0,180,3,1,3,Big Spenders
C00525,2,2910.0,362,2,3,2,Loyal
C00526,2,5284.0,189,3,3,3,Champions
C00527,1,1792.0,210,3,1,2,New / Promising
C00528,1,1098.0,966,1,1,1,Lost / Hibernating
C00529,1,294.5,12,4,1,1,New / Promising
C00530,5,33600.5,202,3,4,4,Champions
C00531,1,461.99999999999994,232,2,1,1,Lost / Hibernating
C00532,1,1400.0,91,3,1,1,New / Promising
C00533,2,3240.0,419,1,3,2,At Risk
C00534,2,5310.0,380,2,3,3,Loyal
C00535,8,18244.5,64,4,4,4,Champions
C00536,1,4380.0,326,2,1,2,Lost / Hibernating
C00537,1,342.0,504,1,1,1,Lost / Hibernating
C00538,1,280.0,317,2,1,1,Lost / Hibernating
C00539,1,4117.0,55,4,1,2,New / Promising
C00540,1,2014.0,452,1,1,2,Lost / Hibernating
C00541,6,20020.5,114,3,4,4,Champions
C00542,3,16962.5,321,2,3,4,Loyal
C00543,4,12024.0,44,4,4,4,Champions
C00544,4,27501.0,309,2,4,4,Loyal
C00545,7,12368.5,279,2,4,4,Loyal
C00546,1,2491.0,150,3,1,2,New / Promising
C00547,2,3580.0,539,1,3,2,At Risk
C00548,1,2370.0,36,4,1,2,New / Promising
C00549,1,1251.0,672,1,1,1,Lost / Hibernating
C00550,7,34350.5,65,4,4,4,Champions
C00551,3,2285.0,120,3,3,2,Loyal
C00553,11,27151.0,3,4,4,4,Champions
C00554,1,1390.0,708,1,1,1,Lost / Hibernating
C00555,1,8480.0,719,1,1,3,Lost / Hibernating
C00557,2,974.0,124,3,3,1,Loyal
C00558,3,33973.5,476,1,3,4,At Risk
C00559,5,13535.5,655,1,4,4,At Risk
C00560,7,10891.0,134,3,4,3,Champions
C00561,1,4770.5,41,4,1,3,Big Spenders
C00562,7,11739.0,43,4,4,4,Champions
C00563,1,3760.5,418,1,1,2,Lost / Hibernating
C00564,1,1995.0,827,1,1,2,Lost / Hibernating
C00565,2,4274.0,528,1,3,2,At Risk
C00566,1,2175.5,621,1,1,2,Lost / Hibernating
C00567,1,3641.0,197,3,1,2,New / Promising
C00568,3,14060.5,43,4,3,4,Champions
C00569,3,24501.0,3,4,3,4,Champions
C00570,1,3374.0,23,4,1,2,New / Promising
C00571,1,3446.0,18,4,1,2,New / Promising
C00572,1,5727.0,40,4,1,3,Big Spenders
C00573,3,8792.0,146,3,3,3,Champions
C00574,2,8131.0,291,2,3,3,Loyal
C00575,15,40533.5,144,3,4,4,Champions
C00576,3,7890.0,117,3,3,3,Champions
C00577,1,247.0,342,2,1,1,Lost / Hibernating
C00578,1,1942.0,95,3,1,2,New / Promising
C00579,1,1940.0,315,2,1,2,Lost / Hibernating
C00580,1,660.0,348,2,1,1,Lost / Hibernating
C00581,12,50334.0,8,4,4,4,Champions
C00582,1,10234.0,647,1,1,3,Lost / Hibernating
C00583,4,7080.0,84,4,4,3,Champions
C00584,1,1408.0,114,3,1,1,New / Promising
C00585,1,1400.0,320,2,1,1,Lost / Hibernating
C00586,1,1216.0,236,2,1,1,Lost / Hibernating
C00587,11,34961.0,166,3,4,4,Champions
C00588,7,10638.0,5,4,4,3,Champions
C00589,2,3430.0,137,3,3,2,Loyal
C00590,1,1918.0,190,3,1,2,New / Promising
C00591,1,799.0,210,3,1,1,New / Promising
C00592,27,103717.0,89,3,4,4,Champions
C00593,2,728.0,16,4,3,1,Loyal
C00594,9,51783.5,190,3,4,4,Champions
C00595,1,5521.5,72,4,1,3,Big Spenders
C00596,4,12478.5,475,1,4,4,At Risk
C00597,6,15823.5,128,3,4,4,Champions
C00598,1,1280.0,114,3,1,1,New / Promising
C00600,1,3082.0,506,1,1,2,Lost / Hibernating
C00601,1,2992.0,435,1,1,2,Lost / Hibernating
C00602,1,6200.0,213,3,1,3,Big Spenders
C00604,1,480.0,117,3,1,1,New / Promising
C00605,1,260.0,119,3,1,1,New / Promising
C00606,3,7000.0,111,3,3,3,Champions
C00607,1,1590.0,385,2,1,1,Lost / Hibernating
C00608,1,3728.0,668,1,1,2,Lost / Hibernating
C00609,33,103227.0,12,4,4,4,Champions
C00610,2,8027.5,69,4,3,3,Champions
C00611,1,4759.5,55,4,1,3,Big Spenders
C00612,1,2197.0,83,4,1,2,New / Promising
C00613,6,12181.0,2,4,4,4,Champions
C00614,2,6438.0,307,2,3,3,Loyal
C00615,2,2860.0,248,2,3,2,Loyal
C00616,1,5470.0,365,2,1,3,Lost / Hibernating
C00617,1,1840.0,347,2,1,2,Lost / Hibernating
C00618,1,6317.0,467,1,1,3,Lost / Hibernating
C00619,7,24154.0,56,4,4,4,Champions
C00620,2,918.0,217,3,3,1,Loyal
C00621,1,1890.0,52,4,1,2,New / Promising
C00622,2,6894.5,18,4,3,3,Champions
C00623,1,10509.5,34,4,1,3,Big Spenders
C00624,8,16028.0,326,2,4,4,Loyal
C00625,1,2184.0,361,2,1,2,Lost / Hibernating
C00626,1,826.5,714,1,1,1,Lost / Hibernating
C00627,15,73199.5,23,4,4,4,Champions
C00628,1,3178.0,945,1,1,2,Lost / Hibernating
C00629,2,2019.0,572,1,3,2,At Risk
C00630,1,1160.0,69,4,1,1,New / Promising
C00631,3,5890.0,89,3,3,3,Champions
C00632,1,1740.0,322,2,1,2,Lost / Hibernating
C00633,1,1080.0,444,1,1,1,Lost / Hibernating
C00634,1,1100.0,121,3,1,1,New / Promising
C00635,3,7450.0,117,3,3,3,Champions
C00636,7,32435.0,446,1,4,4,At Risk
C00637,1,2380.0,20,4,1,2,New / Promising
C00639,1,21351.0,190,3,1,4,Big Spenders
C00640,5,13610.5,230,2,4,4,Loyal
C00641,1,3294.0,764,1,1,2,Lost / Hibernating
C00642,1,210.0,83,4,1,1,New / Promising
C00643,1,5273.0,557,1,1,3,Lost / Hibernating
C00644,2,5185.0,738,1,3,3,At Risk
C00645,1,1473.0,555,1,1,1,Lost / Hibernating
C00646,3,31507.0,58,4,3,4,Champions
C00647,1,12020.0,306,2,1,4,Lost / Hibernating
C00648,2,2732.0,106,3,3,2,Loyal
C00649,1,3790.0,180,3,1,2,New / Promising
C00650,2,28692.5,568,1,3,4,At Risk
C00651,1,182.0,34,4,1,1,New / Promising
C00652,1,3790.0,461,1,1,2,Lost / Hibernating
C00653,1,313.5,302,2,1,1,Lost / Hibernating
C00654,1,330.0,992,1,1,1,Lost / Hibernating
C00655,1,1994.9999999999998,22,4,1,2,New / Promising
C00656,1,5470.0,629,1,1,3,Lost / Hibernating
C00657,1,260.0,894,1,1,1,Lost / Hibernating
C00658,1,918.0,440,1,1,1,Lost / Hibernating
C00659,9,35419.0,224,2,4,4,Loyal
C00661,1,182.0,285,2,1,1,Lost / Hibernating
C00662,4,5342.0,95,3,4,3,Champions
C00663,1,234.0,58,4,1,1,New / Promising
C00664,6,14644.0,164,3,4,4,Champions
C00665,1,932.0,230,2,1,1,Lost / Hibernating
C00666,4,35650.0,282,2,4,4,Loyal
C00667,1,2966.0,276,2,1,2,Lost / Hibernating
C00668,2,7794.0,295,2,3,3,Loyal
C00669,2,2141.0,405,2,3,2,Loyal
C00670,1,780.0,59,4,1,1,New / Promising
C00671,2,8202.0,490,1,3,3,At Risk
C00672,2,7522.0,339,2,3,3,Loyal
C00673,1,2071.0,255,2,1,2,Lost / Hibernating
C00674,1,2190.0,102,3,1,2,New / Promising
C00675,1,3291.0,941,1,1,2,Lost / Hibernating
C00676,2,12660.0,407,2,3,4,Loyal
C00677,1,8660.0,76,4,1,3,Big Spenders
C00679,1,930.0,27,4,1,1,New / Promising
C00680,5,17316.5,6,4,4,4,Champions
C00681,1,2490.0,286,2,1,2,Lost / Hibernating
C00682,1,250.0,632,1,1,1,Lost / Hibernating
C00683,1,1140.0,51,4,1,1,New / Promising
C00684,1,470.0,538,1,1,1,Lost / Hibernating
C00685,2,5995.0,171,3,3,3,Champions
C00686,3,15864.0,319,2,3,4,Loyal
C00687,1,430.0,341,2,1,1,Lost / Hibernating
C00688,1,1968.0,215,3,1,2,New / Promising
C00689,1,1044.0,385,2,1,1,Lost / Hibernating
C00690,1,640.0,74,4,1,1,New / Promising
C00691,1,456.0,473,1,1,1,Lost / Hibernating
C00692,1,12033.0,290,2,1,4,Lost / Hibernating
C00693,1,4857.0,560,1,1,3,Lost / Hibernating
C00694,1,5930.0,504,1,1,3,Lost / Hibernating
C00695,1,450.0,464,1,1,1,Lost / Hibernating
C00696,3,8670.0,268,2,3,3,Loyal
C00697,21,58459.0,25,4,4,4,Champions
C00698,1,3341.5,277,2,1,2,Lost / Hibernating
C00699,1,168.0,278,2,1,1,Lost / Hibernating
C00700,1,3291.0,280,2,1,2,Lost / Hibernating
C00701,8,23125.0,5,4,4,4,Champions
C00702,8,27280.0,14,4,4,4,Champions
C00703,2,7780.0,251,2,3,3,Loyal
C00704,1,780.0,173,3,1,1,New / Promising
C00705,1,1650.0,100,3,1,1,New / Promising
C00706,1,2279.0,658,1,1,2,Lost / Hibernating
C00707,8,33829.5,201,3,4,4,Champions
C00708,2,14171.0,197,3,3,4,Champions
C00709,2,742.0,287,2,3,1,Loyal
C00710,1,208.0,771,1,1,1,Lost / Hibernating
C00711,1,1232.0,71,4,1,1,New / Promising
C00712,1,4380.0,256,2,1,2,Lost / Hibernating
C00713,1,1605.5,66,4,1,1,New / Promising
C00714,2,16080.0,689,1,3,4,At Risk
C00715,1,264.0,356,2,1,1,Lost / Hibernating
C00716,1,2008.0,255,2,1,2,Lost / Hibernating
C00717,1,1865.5,47,4,1,2,New / Promising
C00718,3,18990.0,103,3,3,4,Champions
C00719,2,5424.0,664,1,3,3,At Risk
C00721,4,11511.5,181,3,4,3,Champions
C00723,1,234.0,492,1,1,1,Lost / Hibernating
C00724,2,1809.5,59,4,3,2,Loyal
C00725,4,18038.0,75,4,4,4,Champions
C00726,4,10023.5,56,4,4,3,Champions
C00727,2,6203.0,24,4,3,3,Champions
C00728,4,20145.0,22,4,4,4,Champions
C00729,1,1392.0,468,1,1,1,Lost / Hibernating
C00730,1,570.0,44,4,1,1,New / Promising
C00731,1,2098.0,109,3,1,2,New / Promising
C00732,2,8961.5,196,3,3,3,Champions
C00733,2,2295.0,213,3,3,2,Loyal
C00734,1,5930.0,418,1,1,3,Lost / Hibernating
C00735,1,1760.0,285,2,1,2,Lost / Hibernating
C00736,1,724.5,553,1,1,1,Lost / Hibernating
C00737,2,6267.5,374,2,3,3,Loyal
C00738,1,1760.0,81,4,1,2,New / Promising
C00740,5,20811.0,48,4,4,4,Champions
C00741,1,336.0,28,4,1,1,New / Promising
C00742,1,806.0,195,3,1,1,New / Promising
C00743,1,4560.0,202,3,1,2,New / Promising
C00744,1,1346.0,189,3,1,1,New / Promising
C00745,1,8204.0,407,2,1,3,Lost / Hibernating
C00746,1,210.0,436,1,1,1,Lost / Hibernating
C00747,6,4290.0,403,2,4,2,Loyal
C00748,2,9504.0,272,2,3,3,Loyal
C00749,3,6520.5,97,3,3,3,Champions
C00750,1,11691.0,650,1,1,4,Lost / Hibernating
C00751,4,8908.0,222,2,4,3,Loyal
C00752,6,26013.5,10,4,4,4,Champions
C00753,1,399.0,674,1,1,1,Lost / Hibernating
C00754,1,630.0,139,3,1,1,New / Promising
C00755,2,940.0,100,3,3,1,Loyal
C00756,20,58578.5,169,3,4,4,Champions
C00757,1,1722.0,859,1,1,2,Lost / Hibernating
C00758,1,7057.0,565,1,1,3,Lost / Hibernating
C00760,1,3007.0,149,3,1,2,New / Promising
C00761,4,12418.5,327,2,4,4,Loyal
C00763,1,1980.0,821,1,1,2,Lost / Hibernating
C00764,1,14203.0,506,1,1,4,Lost / Hibernating
C00765,1,2510.0,21,4,1,2,New / Promising
C00766,8,28683.0,204,3,4,4,Champions
C00767,6,19524.5,83,4,4,4,Champions
C00768,2,17352.5,197,3,3,4,Champions
C00769,2,6066.0,13,4,3,3,Champions
C00771,1,5930.0,26,4,1,3,Big Spenders
C00772,3,6667.0,517,1,3,3,At Risk
C00773,4,24404.0,467,1,4,4,At Risk
C00774,6,20430.5,37,4,4,4,Champions
C00775,3,4064.0,410,1,3,2,At Risk
C00776,1,520.0,74,4,1,1,New / Promising
C00777,1,6844.0,281,2,1,3,Lost / Hibernating
C00778,10,56427.5,75,4,4,4,Champions
C00779,1,6279.0,146,3,1,3,Big Spenders
C00780,5,12876.0,362,2,4,4,Loyal
C00781,16,34563.0,28,4,4,4,Champions
C00782,2,14501.5,283,2,3,4,Loyal
C00783,11,48124.5,1,4,4,4,Champions
C00784,1,8688.0,78,4,1,3,Big Spenders
C00785,3,5896.0,181,3,3,3,Champions
C00786,1,247.0,27,4,1,1,New / Promising
C00787,1,585.0,4,4,1,1,New / Promising
C00788,3,8680.0,269,2,3,3,Loyal
C00789,1,6227.0,845,1,1,3,Lost / Hibernating
C00790,1,1488.5,218,3,1,1,New / Promising
C00791,1,4330.0,17,4,1,2,New / Promising
C00792,2,8146.0,425,1,3,3,At Risk
C00793,2,10513.0,433,1,3,3,At Risk
C00795,1,630.0,941,1,1,1,Lost / Hibernating
C00796,1,2338.5,262,2,1,2,Lost / Hibernating
C00797,10,39570.0,36,4,4,4,Champions
C00798,2,19491.0,117,3,3,4,Champions
C00799,1,1491.0,129,3,1,1,New / Promising
C00800,1,4666.5,151,3,1,2,New / Promising
C00801,1,2716.0,460,1,1,2,Lost / Hibernating
C00802,4,9604.5,53,4,4,3,Champions
C00803,1,11025.5,202,3,1,3,Big Spenders
C00804,3,7585.0,100,3,3,3,Champions
C00805,1,3800.0,414,1,1,2,Lost / Hibernating
C00806,1,23416.0,73,4,1,4,Big Spenders
C00807,11,33421.5,15,4,4,4,Champions
C00808,1,8073.5,107,3,1,3,Big Spenders
C00809,3,3246.0,287,2,3,2,Loyal
C00810,2,715.0,217,3,3,1,Loyal
C00812,3,13700.0,304,2,3,4,Loyal
C00813,6,21750.0,367,2,4,4,Loyal
C00814,1,5930.0,1003,1,1,3,Lost / Hibernating
C00815,9,26135.0,66,4,4,4,Champions
C00816,1,1043.0,174,3,1,1,New / Promising
C00817,2,8912.0,158,3,3,3,Champions
C00818,2,2612.0,4,4,3,2,Loyal
C00819,1,251.99999999999997,134,3,1,1,New / Promising
C00820,6,25750.0,220,2,4,4,Loyal
C00821,2,2024.0,466,1,3,2,At Risk
C00822,4,34793.0,62,4,4,4,Champions
C00823,1,2190.0,128,3,1,2,New / Promising
C00824,2,1934.0,161,3,3,2,Loyal
C00825,1,1156.0,141,3,1,1,New / Promising
C00826,2,2104.0,741,1,3,2,At Risk
C00827,11,33071.5,59,4,4,4,Champions
C00828,7,19514.0,7,4,4,4,Champions
C00829,7,28957.5,166,3,4,4,Champions
C00830,1,461.99999999999994,202,3,1,1,New / Promising
C00831,9,27233.0,10,4,4,4,Champions
C00832,1,1150.0,207,3,1,1,New / Promising
C00833,5,25240.0,256,2,4,4,Loyal
C00834,10,15354.0,200,3,4,4,Champions
C00835,7,50634.5,357,2,4,4,Loyal
C00836,1,598.5,714,1,1,1,Lost / Hibernating
C00837,1,2510.0,195,3,1,2,New / Promising
C00839,1,2810.0,857,1,1,2,Lost / Hibernating
C00840,1,930.0,740,1,1,1,Lost / Hibernating
C00841,1,1220.0,742,1,1,1,Lost / Hibernating
C00842,1,6360.0,144,3,1,3,Big Spenders
C00843,2,13951.0,355,2,3,4,Loyal
C00844,1,4320.0,9,4,1,2,New / Promising
C00845,2,2520.0,533,1,3,2,At Risk
C00846,11,47482.0,13,4,4,4,Champions
C00847,1,1740.0,444,1,1,2,Lost / Hibernating
C00848,1,1740.0,359,2,1,2,Lost / Hibernating
C00849,1,168.0,106,3,1,1,New / Promising
C00850,1,2966.0,7,4,1,2,New / Promising
C00851,1,3480.0,112,3,1,2,New / Promising
C00852,4,2258.0,68,4,4,2,Loyal
C00853,3,8432.0,441,1,3,3,At Risk
C00854,1,1160.0,293,2,1,1,Lost / Hibernating
C00855,2,8330.0,210,3,3,3,Champions
C00856,1,3961.5,223,2,1,2,Lost / Hibernating
C00857,1,11364.0,337,2,1,3,Lost / Hibernating
C00858,1,1760.0,349,2,1,2,Lost / Hibernating
C00859,1,570.0,127,3,1,1,New / Promising
C00860,1,520.0,212,3,1,1,New / Promising
C00861,1,6950.0,122,3,1,3,Big Spenders
C00862,2,7534.0,134,3,3,3,Champions
C00863,3,14889.0,230,2,3,4,Loyal
C00864,2,9660.0,21,4,3,3,Champions
C00865,6,10579.0,221,2,4,3,Loyal
C00866,5,33955.0,8,4,4,4,Champions
C00867,1,432.0,211,3,1,1,New / Promising
C00868,1,260.0,137,3,1,1,New / Promising
C00869,3,8820.0,75,4,3,3,Champions
C00870,1,10654.0,538,1,1,3,Lost / Hibernating
C00871,8,19068.0,25,4,4,4,Champions
C00873,23,71157.0,131,3,4,4,Champions
C00874,1,632.0,354,2,1,1,Lost / Hibernating
C00876,6,7260.0,374,2,4,3,Loyal
C00877,9,28435.5,331,2,4,4,Loyal
C00878,2,3572.0,119,3,3,2,Loyal
C00879,1,208.0,81,4,1,1,New / Promising
C00880,1,860.0,302,2,1,1,Lost / Hibernating
C00881,1,247.0,742,1,1,1,Lost / Hibernating
C00882,1,2806.0,73,4,1,2,New / Promising
C00883,1,728.0,454,1,1,1,Lost / Hibernating
C00884,1,430.0,411,1,1,1,Lost / Hibernating
C00885,1,1740.0,58,4,1,2,New / Promising
C00886,6,23019.0,627,1,4,4,At Risk
C00887,4,12906.5,103,3,4,4,Champions
C00888,3,2099.0,97,3,3,2,Loyal
C00889,3,7591.5,421,1,3,3,At Risk
C00890,1,247.0,250,2,1,1,Lost / Hibernating
C00891,1,480.0,691,1,1,1,Lost / Hibernating
C00892,5,26464.5,187,3,4,4,Champions
C00893,2,16111.0,514,1,3,4,At Risk
C00895,1,17950.0,737,1,1,4,Lost / Hibernating
C00896,1,1197.0,811,1,1,1,Lost / Hibernating
C00897,1,5798.0,119,3,1,3,Big Spenders
C00898,2,18897.0,391,2,3,4,Loyal
C00899,1,5490.0,529,1,1,3,Lost / Hibernating
C00900,12,26465.5,15,4,4,4,Champions
C00901,2,1045.0,389,2,3,1,Loyal
C00902,1,260.0,651,1,1,1,Lost / Hibernating
C00904,3,8170.0,504,1,3,3,At Risk
C00905,1,1644.0,75,4,1,1,New / Promising
C00906,1,18490.0,25,4,1,4,Big Spenders
C00907,17,59006.0,85,4,4,4,Champions
C00908,11,43970.0,88,4,4,4,Champions
C00909,13,51882.5,19,4,4,4,Champions
C00910,1,5810.0,317,2,1,3,Lost / Hibernating
C00911,3,8335.0,309,2,3,3,Loyal
C00912,1,2964.0,116,3,1,2,New / Promising
C00913,1,940.0,198,3,1,1,New / Promising
C00914,1,5070.0,141,3,1,3,Big Spenders
C00915,8,19254.0,137,3,4,4,Champions
C00916,1,520.0,9,4,1,1,New / Promising
C00917,7,18755.0,306,2,4,4,Loyal
C00918,2,9200.0,378,2,3,3,Loyal
C00919,2,7038.0,283,2,3,3,Loyal
C00920,2,6714.0,30,4,3,3,Champions
C00921,2,3734.0,313,2,3,2,Loyal
C00922,1,260.0,158,3,1,1,New / Promising
C00923,1,17133.5,753,1,1,4,Lost / Hibernating
C00924,1,540.0,7,4,1,1,New / Promising
C00925,1,2190.0,404,2,1,2,Lost / Hibernating
C00926,7,23164.0,114,3,4,4,Champions
C00928,5,11618.5,16,4,4,3,Champions
C00929,1,2190.0,467,1,1,2,Lost / Hibernating
C00930,1,9456.0,320,2,1,3,Lost / Hibernating
C00931,1,3383.0,797,1,1,2,Lost / Hibernating
C00932,5,5115.0,104,3,4,3,Champions
C00933,1,3504.0,269,2,1,2,Lost / Hibernating
C00934,3,19172.5,226,2,3,4,Loyal
C00935,1,2320.0,104,3,1,2,New / Promising
C00936,1,2950.5,325,2,1,2,Lost / Hibernating
C00937,1,180.0,530,1,1,1,Lost / Hibernating
C00938,1,430.0,506,1,1,1,Lost / Hibernating
C00939,1,1502.0,482,1,1,1,Lost / Hibernating
C00940,1,6601.5,300,2,1,3,Lost / Hibernating
C00941,1,1710.0,38,4,1,1,New / Promising
C00942,1,2934.0,46,4,1,2,New / Promising
C00943,1,2180.0,505,1,1,2,Lost / Hibernating
C00944,1,247.0,600,1,1,1,Lost / Hibernating
C00945,1,4599.0,435,1,1,2,Lost / Hibernating
C00946,1,7860.0,345,2,1,3,Lost / Hibernating
C00947,1,3814.5,438,1,1,2,Lost / Hibernating
C00948,2,5388.0,129,3,3,3,Champions
C00949,1,2820.0,360,2,1,2,Lost / Hibernating
C00950,7,13352.5,43,4,4,4,Champions
C00951,1,3344.0,578,1,1,2,Lost / Hibernating
C00952,1,2000.0,519,1,1,2,Lost / Hibernating
C00953,5,12269.0,565,1,4,4,At Risk
C00954,2,1238.0,695,1,3,1,At Risk
C00955,1,208.0,212,3,1,1,New / Promising
C00956,1,2796.0,490,1,1,2,Lost / Hibernating
C00957,5,18576.0,27,4,4,4,Champions
C00958,2,3726.0,165,3,3,2,Loyal
C00959,1,2425.0,201,3,1,2,New / Promising
C00960,1,700.0,668,1,1,1,Lost / Hibernating
C00961,1,2061.0,131,3,1,2,New / Promising
C00962,1,1127.0,42,4,1,1,New / Promising
C00963,1,408.5,321,2,1,1,Lost / Hibernating
C00964,1,475.0,257,2,1,1,Lost / Hibernating
C00965,11,29571.5,143,3,4,4,Champions
C00966,1,1642.0,58,4,1,1,New / Promising
C00967,4,12723.5,305,2,4,4,Loyal
C00968,1,5930.0,35,4,1,3,Big Spenders
C00969,1,18810.0,344,2,1,4,Lost / Hibernating
C00970,5,9658.0,474,1,4,3,At Risk
C00971,3,17842.0,443,1,3,4,At Risk
C00972,4,6225.0,53,4,4,3,Champions
C00973,1,700.0,341,2,1,1,Lost / Hibernating
C00974,3,3099.0,382,2,3,2,Loyal
C00975,1,2254.0,197,3,1,2,New / Promising
C00976,1,620.0,102,3,1,1,New / Promising
C00977,1,4689.0,420,1,1,2,Lost / Hibernating
C00978,1,408.5,447,1,1,1,Lost / Hibernating
C00979,4,22757.0,302,2,4,4,Loyal
C00980,2,2970.0,119,3,3,2,Loyal
C00981,5,19870.5,20,4,4,4,Champions
C00982,1,7270.0,108,3,1,3,Big Spenders
C00983,1,6497.0,521,1,1,3,Lost / Hibernating
C00984,7,30981.5,37,4,4,4,Champions
C00985,2,2541.0,629,1,3,2,At Risk
C00986,20,54013.0,55,4,4,4,Champions
C00987,1,12951.0,176,3,1,4,Big Spenders
C00988,2,910.0,277,2,3,1,Loyal
C00989,1,450.0,353,2,1,1,Lost / Hibernating
C00990,1,2391.0,0,4,1,2,New / Promising
C00991,1,1760.0,4,4,1,2,New / Promising
C00992,1,3859.5,94,3,1,2,New / Promising
C00993,1,5083.0,708,1,1,3,Lost / Hibernating
C00994,1,2080.5,312,2,1,2,Lost / Hibernating
C00995,1,2707.5,107,3,1,2,New / Promising
C00996,3,28560.5,262,2,3,4,Loyal
C00997,3,1917.5,603,1,3,2,At Risk
C00998,2,6027.0,65,4,3,3,Champions
C01000,19,73608.0,17,4,4,4,Champions
C01002,1,1250.0,315,2,1,1,Lost / Hibernating
C01004,1,2771.0,545,1,1,2,Lost / Hibernating
C01005,1,589.0,468,1,1,1,Lost / Hibernating
C01006,3,9541.0,111,3,3,3,Champions
C01007,1,23612.0,178,3,1,4,Big Spenders
C01008,2,3738.0,98,3,3,2,Loyal
C01009,3,19771.0,379,2,3,4,Loyal
C01010,2,5833.0,140,3,3,3,Champions
C01011,2,21830.5,1,4,3,4,Champions
C01012,3,21958.0,183,3,3,4,Champions
C01013,1,342.0,383,2,1,1,Lost / Hibernating
C01014,6,22434.0,1,4,4,4,Champions
C01015,1,3344.0,249,2,1,2,Lost / Hibernating
C01016,2,15321.0,411,1,3,4,At Risk
C01018,4,12956.5,78,4,4,4,Champions
C01019,2,6515.5,135,3,3,3,Champions
C01020,2,12806.0,800,1,3,4,At Risk
C01021,1,5913.0,445,1,1,3,Lost / Hibernating
C01022,1,540.0,390,2,1,1,Lost / Hibernating
C01025,5,39034.5,561,1,4,4,At Risk
C01026,9,18265.0,137,3,4,4,Champions
C01027,17,53878.0,263,2,4,4,Loyal
C01028,1,1872.0,49,4,1,2,New / Promising
C01029,4,8294.5,427,1,4,3,At Risk
C01030,1,4560.0,145,3,1,2,New / Promising
C01031,1,4391.0,23,4,1,2,New / Promising
C01032,8,34989.0,264,2,4,4,Loyal
C01033,2,1384.5,86,4,3,1,Loyal
C01034,2,6450.0,97,3,3,3,Champions
C01035,1,665.0,250,2,1,1,Lost / Hibernating
C01036,1,3110.5,459,1,1,2,Lost / Hibernating
C01037,10,31282.0,108,3,4,4,Champions
C01038,3,18285.5,146,3,3,4,Champions
C01041,1,2020.0,46,4,1,2,New / Promising
C01042,1,4808.0,930,1,1,3,Lost / Hibernating
C01045,1,4947.0,82,4,1,3,Big Spenders
C01046,1,17119.0,928,1,1,4,Lost / Hibernating
C01047,1,17790.0,41,4,1,4,Big Spenders
C01048,6,25423.0,5,4,4,4,Champions
C01049,1,1690.0,808,1,1,1,Lost / Hibernating
C01050,6,21581.0,136,3,4,4,Champions
C01051,2,6364.0,121,3,3,3,Champions
C01052,7,6372.5,124,3,4,3,Champions
C01053,1,513.0,378,2,1,1,Lost / Hibernating
C01054,1,1690.0,71,4,1,1,New / Promising
C01055,3,8964.0,92,3,3,3,Champions
C01057,1,4949.5,446,1,1,3,Lost / Hibernating
C01058,3,2829.0,812,1,3,2,At Risk
C01059,1,2796.0,26,4,1,2,New / Promising
C01060,1,5990.0,597,1,1,3,Lost / Hibernating
C01062,1,2400.0,631,1,1,2,Lost / Hibernating
C01063,1,1560.0,17,4,1,1,New / Promising
C01064,6,23883.5,157,3,4,4,Champions
C01065,2,1260.0,90,3,3,1,Loyal
C01066,1,234.0,240,2,1,1,Lost / Hibernating
C01067,1,800.0,126,3,1,1,New / Promising
C01068,1,16128.5,20,4,1,4,Big Spenders
C01069,5,8442.0,58,4,4,3,Champions
C01070,1,1760.0,40,4,1,2,New / Promising
C01071,3,9078.0,294,2,3,3,Loyal
C01073,1,480.0,337,2,1,1,Lost / Hibernating
C01074,1,4270.0,362,2,1,2,Lost / Hibernating
C01075,1,3800.0,67,4,1,2,New / Promising
C01076,1,1831.0,11,4,1,2,New / Promising
C01077,1,6040.0,226,2,1,3,Lost / Hibernating
C01078,1,3470.0,414,1,1,2,Lost / Hibernating
C01079,2,7260.0,417,1,3,3,At Risk
C01080,1,1253.5,523,1,1,1,Lost / Hibernating
C01081,2,6007.0,144,3,3,3,Champions
C01082,8,22929.5,17,4,4,4,Champions
C01083,1,2190.0,863,1,1,2,Lost / Hibernating
C01084,8,13416.0,124,3,4,4,Champions
C01085,1,2112.0,157,3,1,2,New / Promising
C01086,10,31069.0,40,4,4,4,Champions
C01087,1,2899.0,39,4,1,2,New / Promising
C01088,1,260.0,325,2,1,1,Lost / Hibernating
C01089,4,7722.5,197,3,4,3,Champions
C01090,1,6398.5,772,1,1,3,Lost / Hibernating
C01091,12,54290.0,161,3,4,4,Champions
C01092,1,3776.0,11,4,1,2,New / Promising
C01093,1,8660.0,692,1,1,3,Lost / Hibernating
C01094,3,5149.0,62,4,3,3,Champions
C01096,1,5506.0,19,4,1,3,Big Spenders
C01097,1,260.0,671,1,1,1,Lost / Hibernating
C01098,1,1744.0,943,1,1,2,Lost / Hibernating
C01099,1,7866.0,618,1,1,3,Lost / Hibernating
C01100,1,5599.0,906,1,1,3,Lost / Hibernating
C01101,19,66295.5,47,4,4,4,Champions
C01102,2,7272.0,332,2,3,3,Loyal
C01103,1,23700.0,89,3,1,4,Big Spenders
C01104,2,4202.5,322,2,3,2,Loyal
C01105,1,6432.0,280,2,1,3,Lost / Hibernating
C01106,2,2792.0,189,3,3,2,Loyal
C01107,1,650.0,165,3,1,1,New / Promising
C01108,2,4040.0,192,3,3,2,Loyal
C01109,1,480.0,96,3,1,1,New / Promising
C01110,1,1653.0,43,4,1,1,New / Promising
C01111,1,182.0,562,1,1,1,Lost / Hibernating
C01112,6,23479.0,42,4,4,4,Champions
C01113,1,5721.0,686,1,1,3,Lost / Hibernating
C01114,5,6902.0,137,3,4,3,Champions
C01115,1,5930.0,37,4,1,3,Big Spenders
C01116,3,3758.5,76,4,3,2,Loyal
C01117,1,1210.0,191,3,1,1,New / Promising
C01118,1,11370.0,343,2,1,3,Lost / Hibernating
C01119,2,4622.0,60,4,3,2,Loyal
C01120,1,480.0,599,1,1,1,Lost / Hibernating
C01121,1,1228.0,301,2,1,1,Lost / Hibernating
C01122,2,10419.0,213,3,3,3,Champions
C01123,3,14693.0,157,3,3,4,Champions
C01124,3,10526.5,250,2,3,3,Loyal
C01125,1,3140.0,233,2,1,2,Lost / Hibernating
C01126,2,1448.0,301,2,3,1,Loyal
C01127,1,4688.0,35,4,1,2,New / Promising
C01129,2,481.0,733,1,3,1,At Risk
C01130,3,12056.5,250,2,3,4,Loyal
C01131,1,4376.0,374,2,1,2,Lost / Hibernating
C01132,5,9953.0,270,2,4,3,Loyal
C01133,1,330.0,474,1,1,1,Lost / Hibernating
C01134,1,5220.0,7,4,1,3,Big Spenders
C01135,1,4512.0,419,1,1,2,Lost / Hibernating
C01137,5,12070.0,364,2,4,4,Loyal
C01138,2,20410.0,559,1,3,4,At Risk
C01139,3,4490.0,191,3,3,2,Loyal
C01140,8,13077.5,8,4,4,4,Champions
C01141,1,12749.0,300,2,1,4,Lost / Hibernating
C01142,3,7950.0,514,1,3,3,At Risk
C01143,1,700.0,7,4,1,1,New / Promising
C01144,1,3077.0,431,1,1,2,Lost / Hibernating
C01145,1,11140.0,66,4,1,3,Big Spenders
C01146,1,5710.0,415,1,1,3,Lost / Hibernating
C01147,2,1472.0,639,1,3,1,At Risk
C01148,5,17704.5,11,4,4,4,Champions
C01149,1,4634.0,299,2,1,2,Lost / Hibernating
C01150,2,1810.0,93,3,3,2,Loyal
C01151,3,11250.0,232,2,3,3,Loyal
C01152,1,648.0,286,2,1,1,Lost / Hibernating
C01153,1,8030.0,105,3,1,3,Big Spenders
C01155,1,1970.0,573,1,1,2,Lost / Hibernating
C01156,1,22840.0,281,2,1,4,Lost / Hibernating
C01157,1,1260.0,255,2,1,1,Lost / Hibernating
C01158,1,1732.0,16,4,1,2,New / Promising
C01159,4,7890.0,222,2,4,3,Loyal
C01160,1,567.0,471,1,1,1,Lost / Hibernating
C01161,1,5062.5,137,3,1,3,Big Spenders
C01162,1,350.0,383,2,1,1,Lost / Hibernating
C01163,1,1690.0,234,2,1,1,Lost / Hibernating
C01164,6,15525.0,6,4,4,4,Champions
C01165,3,5502.5,232,2,3,3,Loyal
C01166,7,12622.0,123,3,4,4,Champions
C01167,1,494.0,807,1,1,1,Lost / Hibernating
C01168,1,3320.0,703,1,1,2,Lost / Hibernating
C01169,1,9536.0,299,2,1,3,Lost / Hibernating
C01170,1,5280.0,204,3,1,3,Big Spenders
C01171,2,9204.0,36,4,3,3,Champions
C01172,1,3132.0,642,1,1,2,Lost / Hibernating
C01173,1,2510.0,832,1,1,2,Lost / Hibernating
C01174,1,1637.0,54,4,1,1,New / Promising
C01175,1,2010.0,779,1,1,2,Lost / Hibernating
C01176,3,10228.0,525,1,3,3,At Risk
C01178,2,5231.5,364,2,3,3,Loyal
C01180,1,2550.0,192,3,1,2,New / Promising
C01181,1,2127.0,221,2,1,2,Lost / Hibernating
C01182,1,3080.0,742,1,1,2,Lost / Hibernating
C01183,2,5430.0,93,3,3,3,Champions
C01184,1,2320.0,404,2,1,2,Lost / Hibernating
C01185,1,2510.0,789,1,1,2,Lost / Hibernating
C01186,2,18396.0,616,1,3,4,At Risk
C01187,8,25952.0,125,3,4,4,Champions
C01188,2,5152.0,421,1,3,3,At Risk
C01189,2,9399.5,222,2,3,3,Loyal
C01190,1,520.0,239,2,1,1,Lost / Hibernating
C01191,1,2764.5,888,1,1,2,Lost / Hibernating
C01192,2,7416.5,322,2,3,3,Loyal
C01193,1,855.0,133,3,1,1,New / Promising
C01194,1,1440.0,193,3,1,1,New / Promising
C01195,1,1220.0,124,3,1,1,New / Promising
C01196,1,1120.0,443,1,1,1,Lost / Hibernating
C01197,8,26679.5,67,4,4,4,Champions
C01199,4,20694.0,147,3,4,4,Champions
C01200,1,960.0,743,1,1,1,Lost / Hibernating
C01201,1,5010.0,428,1,1,3,Lost / Hibernating
C01202,1,3344.0,507,1,1,2,Lost / Hibernating
C01203,5,13208.5,427,1,4,4,At Risk
C01204,1,2424.0,190,3,1,2,New / Promising
C01205,3,3422.0,142,3,3,2,Loyal
C01206,5,12299.0,102,3,4,4,Champions
C01207,4,10629.0,402,2,4,3,Loyal
C01208,1,3480.0,464,1,1,2,Lost / Hibernating
C01209,1,182.0,611,1,1,1,Lost / Hibernating
C01210,2,6800.0,244,2,3,3,Loyal
C01211,12,28653.5,125,3,4,4,Champions
C01212,1,2873.0,188,3,1,2,New / Promising
C01213,1,182.0,32,4,1,1,New / Promising
C01214,2,4950.0,129,3,3,3,Champions
C01215,1,2002.0,283,2,1,2,Lost / Hibernating
C01216,1,240.0,94,3,1,1,New / Promising
C01217,1,7771.0,18,4,1,3,Big Spenders
C01218,2,6018.0,229,2,3,3,Loyal
C01219,1,16726.0,65,4,1,4,Big Spenders
C01220,1,1030.0,72,4,1,1,New / Promising
C01222,3,8794.0,15,4,3,3,Champions
C01223,1,2432.0,883,1,1,2,Lost / Hibernating
C01224,1,2240.0,989,1,1,2,Lost / Hibernating
C01225,3,9214.0,52,4,3,3,Champions
C01226,4,14693.0,332,2,4,4,Loyal
C01227,4,19807.0,38,4,4,4,Champions
C01228,3,1806.0,247,2,3,2,Loyal
C01229,1,11502.0,361,2,1,3,Lost / Hibernating
C01230,1,5274.0,139,3,1,3,Big Spenders
C01231,22,68958.0,56,4,4,4,Champions
C01232,4,14078.0,294,2,4,4,Loyal
C01233,1,16400.0,174,3,1,4,Big Spenders
C01235,1,6830.0,20,4,1,3,Big Spenders
C01236,1,5860.0,115,3,1,3,Big Spenders
C01237,1,1960.0,69,4,1,2,New / Promising
C01238,1,4290.0,590,1,1,2,Lost / Hibernating
C01239,4,7895.0,166,3,4,3,Champions
C01240,8,36351.0,224,2,4,4,Loyal
C01241,2,1001.0,252,2,3,1,Loyal
C01242,1,1740.0,56,4,1,2,New / Promising
C01243,4,13506.0,257,2,4,4,Loyal
C01244,1,1210.0,348,2,1,1,Lost / Hibernating
C01245,1,13147.5,632,1,1,4,Lost / Hibernating
C01246,1,665.0,745,1,1,1,Lost / Hibernating
C01248,12,55638.5,30,4,4,4,Champions
C01251,1,260.0,130,3,1,1,New / Promising
C01252,1,441.0,256,2,1,1,Lost / Hibernating
C01253,3,16290.0,14,4,3,4,Champions
C01254,15,57182.5,329,2,4,4,Loyal
C01255,1,1985.0,128,3,1,2,New / Promising
C01256,1,1360.0,657,1,1,1,Lost / Hibernating
C01257,3,8475.0,53,4,3,3,Champions
C01258,2,11486.0,78,4,3,3,Champions
C01259,1,890.0,248,2,1,1,Lost / Hibernating
C01260,3,5724.0,41,4,3,3,Champions
C01261,3,9800.0,510,1,3,3,At Risk
C01262,1,620.0,654,1,1,1,Lost / Hibernating
C01263,1,1800.0,6,4,1,2,New / Promising
C01264,3,5208.0,540,1,3,3,At Risk
C01265,1,234.0,465,1,1,1,Lost / Hibernating
C01266,2,13614.0,251,2,3,4,Loyal
C01267,1,1712.0,643,1,1,2,Lost / Hibernating
C01268,1,1760.0,177,3,1,2,New / Promising
C01269,2,4189.0,149,3,3,2,Loyal
C01270,3,22077.0,28,4,3,4,Champions
C01271,1,3620.0,151,3,1,2,New / Promising
C01272,2,1093.0,533,1,3,1,At Risk
C01273,9,22834.0,282,2,4,4,Loyal
C01274,2,5636.0,325,2,3,3,Loyal
C01275,1,4386.0,28,4,1,2,New / Promising
C01276,2,3122.0,10,4,3,2,Loyal
C01277,2,10815.0,451,1,3,3,At Risk
C01278,2,3965.0,54,4,3,2,Loyal
C01279,1,18978.0,140,3,1,4,Big Spenders
C01280,2,8497.0,47,4,3,3,Champions
C01281,1,1470.0,488,1,1,1,Lost / Hibernating
C01282,1,5930.0,203,3,1,3,Big Spenders
C01283,1,14113.5,519,1,1,4,Lost / Hibernating
C01284,1,2190.0,712,1,1,2,Lost / Hibernating
C01286,2,3429.5,363,2,3,2,Loyal
C01287,6,22774.0,3,4,4,4,Champions
C01288,1,630.0,118,3,1,1,New / Promising
C01289,1,3436.0,299,2,1,2,Lost / Hibernating
C01290,1,8622.0,271,2,1,3,Lost / Hibernating
C01291,1,2850.0,14,4,1,2,New / Promising
C01292,2,4027.0,194,3,3,2,Loyal
C01293,2,10921.0,286,2,3,3,Loyal
C01294,1,1044.0,57,4,1,1,New / Promising
C01295,2,817.0,214,3,3,1,Loyal
C01297,1,1070.0,191,3,1,1,New / Promising
C01298,1,5274.0,826,1,1,3,Lost / Hibernating
C01299,1,1330.0,448,1,1,1,Lost / Hibernating
C01300,16,39594.5,158,3,4,4,Champions
C01301,2,2009.0,691,1,3,2,At Risk
C01302,1,11860.0,434,1,1,4,Lost / Hibernating
C01303,8,17785.5,184,3,4,4,Champions
C01304,1,1760.0,157,3,1,2,New / Promising
C01306,1,980.0,162,3,1,1,New / Promising
C01307,2,1292.0,642,1,3,1,At Risk
C01308,16,54243.0,69,4,4,4,Champions
C01309,2,4162.0,418,1,3,2,At Risk
C01310,2,2918.0,266,2,3,2,Loyal
C01312,4,12428.0,132,3,4,4,Champions
C01313,2,7583.0,447,1,3,3,At Risk
C01314,1,1150.0,100,3,1,1,New / Promising
C01315,5,18038.5,39,4,4,4,Champions
C01316,1,490.0,947,1,1,1,Lost / Hibernating
C01317,5,25236.0,88,4,4,4,Champions
C01318,1,2190.0,285,2,1,2,Lost / Hibernating
C01319,1,310.0,176,3,1,1,New / Promising
C01320,1,494.0,714,1,1,1,Lost / Hibernating
C01321,1,1840.0,91,3,1,2,New / Promising
C01322,1,1862.0,97,3,1,2,New / Promising
C01323,1,5860.0,101,3,1,3,Big Spenders
C01324,10,23117.5,12,4,4,4,Champions
C01325,4,9163.0,54,4,4,3,Champions
C01327,2,6870.0,209,3,3,3,Champions
C01328,1,594.0,331,2,1,1,Lost / Hibernating
C01329,2,8584.0,141,3,3,3,Champions
C01330,13,25215.5,46,4,4,4,Champions
C01331,1,2464.0,166,3,1,2,New / Promising
C01332,1,6177.0,44,4,1,3,Big Spenders
C01333,3,27478.0,38,4,3,4,Champions
C01334,1,8546.0,484,1,1,3,Lost / Hibernating
C01335,1,6921.0,96,3,1,3,Big Spenders
C01336,2,5080.0,307,2,3,3,Loyal
C01337,1,5210.0,197,3,1,3,Big Spenders
C01338,2,662.0,147,3,3,1,Loyal
C01339,1,430.0,201,3,1,1,New / Promising
C01340,5,16012.5,68,4,4,4,Champions
C01341,2,1177.0,148,3,3,1,Loyal
C01342,5,22176.0,152,3,4,4,Champions
C01343,1,5930.0,402,2,1,3,Lost / Hibernating
C01344,8,40785.0,78,4,4,4,Champions
C01345,1,7530.0,318,2,1,3,Lost / Hibernating
C01346,4,25126.0,257,2,4,4,Loyal
C01347,2,2339.5,51,4,3,2,Loyal
C01348,1,5274.0,89,3,1,3,Big Spenders
C01349,19,65476.0,6,4,4,4,Champions
C01350,4,18065.0,43,4,4,4,Champions
C01351,1,1760.0,270,2,1,2,Lost / Hibernating
C01352,1,1112.0,377,2,1,1,Lost / Hibernating
C01353,1,8504.0,715,1,1,3,Lost / Hibernating
C01354,1,3580.0,154,3,1,2,New / Promising
C01355,1,1320.0,15,4,1,1,New / Promising
C01356,1,1760.0,213,3,1,2,New / Promising
C01357,1,6328.0,67,4,1,3,Big Spenders
C01358,1,630.0,19,4,1,1,New / Promising
C01359,2,3568.5,485,1,3,2,At Risk
C01360,1,580.0,288,2,1,1,Lost / Hibernating
C01362,1,1610.0,26,4,1,1,New / Promising
C01363,1,2850.0,845,1,1,2,Lost / Hibernating
C01364,1,324.0,502,1,1,1,Lost / Hibernating
C01365,1,630.0,113,3,1,1,New / Promising
C01366,1,3464.0,622,1,1,2,Lost / Hibernating
C01367,2,6327.0,2,4,3,3,Champions
C01368,4,8825.5,194,3,4,3,Champions
C01369,1,2584.0,11,4,1,2,New / Promising
C01370,1,416.0,73,4,1,1,New / Promising
C01371,1,3344.0,611,1,1,2,Lost / Hibernating
C01372,1,5633.5,188,3,1,3,Big Spenders
C01373,1,4541.0,555,1,1,2,Lost / Hibernating
C01374,1,1760.0,332,2,1,2,Lost / Hibernating
C01375,1,247.0,285,2,1,1,Lost / Hibernating
C01376,1,2510.0,146,3,1,2,New / Promising
C01377,6,25201.5,137,3,4,4,Champions
C01378,4,15006.0,352,2,4,4,Loyal
C01379,4,9968.0,98,3,4,3,Champions
C01380,1,4090.0,360,2,1,2,Lost / Hibernating
C01381,1,416.0,409,1,1,1,Lost / Hibernating
C01382,5,24905.0,239,2,4,4,Loyal
C01383,2,7367.0,304,2,3,3,Loyal
C01384,1,1370.0,102,3,1,1,New / Promising
C01385,7,16596.5,74,4,4,4,Champions
C01386,2,14573.0,180,3,3,4,Champions
C01387,1,5930.0,37,4,1,3,Big Spenders
C01388,12,29466.0,35,4,4,4,Champions
C01389,1,1760.0,204,3,1,2,New / Promising
C01390,2,14747.0,264,2,3,4,Loyal
C01391,2,8658.0,36,4,3,3,Champions
C01392,1,1090.0,187,3,1,1,New / Promising
C01393,1,5880.0,86,4,1,3,Big Spenders
C01394,8,27369.0,166,3,4,4,Champions
C01395,1,3944.0,393,2,1,2,Lost / Hibernating
C01397,2,9329.5,478,1,3,3,At Risk
C01398,3,20612.0,160,3,3,4,Champions
C01399,2,7970.0,496,1,3,3,At Risk
C01400,1,8750.0,52,4,1,3,Big Spenders
C01401,1,540.0,238,2,1,1,Lost / Hibernating
C01402,1,1290.0,275,2,1,1,Lost / Hibernating
C01403,1,553.0,184,3,1,1,New / Promising
C01404,2,4504.0,117,3,3,2,Loyal
C01405,2,6870.0,365,2,3,3,Loyal
C01406,1,3032.0,444,1,1,2,Lost / Hibernating
C01407,2,3392.0,272,2,3,2,Loyal
C01408,1,2070.0,719,1,1,2,Lost / Hibernating
C01409,1,7917.0,80,4,1,3,Big Spenders
C01410,1,3032.0,137,3,1,2,New / Promising
C01411,2,3944.0,82,4,3,2,Loyal
C01412,1,17049.0,356,2,1,4,Lost / Hibernating
C01413,4,6953.5,238,2,4,3,Loyal
C01414,1,570.0,1,4,1,1,New / Promising
C01415,2,10017.0,42,4,3,3,Champions
C01416,1,1160.0,53,4,1,1,New / Promising
C01418,1,3476.0,750,1,1,2,Lost / Hibernating
C01419,23,117020.5,16,4,4,4,Champions
C01420,1,3774.5,871,1,1,2,Lost / Hibernating
C01421,10,29320.5,32,4,4,4,Champions
C01422,1,5020.0,908,1,1,3,Lost / Hibernating
C01423,1,3480.0,27,4,1,2,New / Promising
C01424,1,4398.0,872,1,1,2,Lost / Hibernating
C01425,2,1194.0,448,1,3,1,At Risk
C01426,1,5210.0,127,3,1,3,Big Spenders
C01427,1,1566.0,258,2,1,1,Lost / Hibernating
C01428,1,2935.0,177,3,1,2,New / Promising
C01429,1,4330.0,276,2,1,2,Lost / Hibernating
C01430,2,18980.0,52,4,3,4,Champions
C01431,5,6124.5,14,4,4,3,Champions
C01432,3,20465.0,9,4,3,4,Champions
C01433,3,21640.5,62,4,3,4,Champions
C01434,1,3719.5,452,1,1,2,Lost / Hibernating
C01435,1,2499.0,554,1,1,2,Lost / Hibernating
C01436,1,1960.0,454,1,1,2,Lost / Hibernating
C01437,1,1095.0,228,2,1,1,Lost / Hibernating
C01438,1,7893.0,173,3,1,3,Big Spenders
C01439,5,11029.0,57,4,4,3,Champions
C01440,3,14328.5,545,1,3,4,At Risk
C01441,2,11814.0,434,1,3,4,At Risk
C01442,1,1760.0,142,3,1,2,New / Promising
C01443,5,15854.5,133,3,4,4,Champions
C01444,1,2380.0,249,2,1,2,Lost / Hibernating
C01445,1,1512.0,95,3,1,1,New / Promising
C01446,4,20963.5,411,1,4,4,At Risk
C01447,1,260.0,199,3,1,1,New / Promising
C01448,10,37676.0,30,4,4,4,Champions
C01449,3,5586.0,431,1,3,3,At Risk
C01450,2,16233.5,213,3,3,4,Champions
C01451,1,1890.0,91,3,1,2,New / Promising
C01452,1,3076.0,618,1,1,2,Lost / Hibernating
C01453,2,7500.0,289,2,3,3,Loyal
C01454,8,30883.5,23,4,4,4,Champions
C01456,1,4493.0,327,2,1,2,Lost / Hibernating
C01457,1,1390.0,316,2,1,1,Lost / Hibernating
C01458,1,976.0,293,2,1,1,Lost / Hibernating
C01459,2,650.0,214,3,3,1,Loyal
C01460,1,968.0,256,2,1,1,Lost / Hibernating
C01461,1,1928.0,265,2,1,2,Lost / Hibernating
C01462,2,7712.0,61,4,3,3,Champions
C01463,1,6258.0,870,1,1,3,Lost / Hibernating
C01464,2,5119.0,229,2,3,3,Loyal
C01465,2,12334.0,412,1,3,4,At Risk
C01466,3,10522.0,499,1,3,3,At Risk
C01467,5,6598.0,374,2,4,3,Loyal
C01468,4,4716.0,150,3,4,2,Loyal
C01469,1,234.0,202,3,1,1,New / Promising
C01470,2,3301.0,520,1,3,2,At Risk
C01471,1,11243.0,143,3,1,3,Big Spenders
C01472,1,7256.0,82,4,1,3,Big Spenders
C01473,1,780.0,190,3,1,1,New / Promising
C01475,2,12557.0,315,2,3,4,Loyal
C01476,2,4104.5,187,3,3,2,Loyal
C01477,1,208.0,47,4,1,1,New / Promising
C01478,1,2707.5,403,2,1,2,Lost / Hibernating
C01479,2,1358.0,108,3,3,1,Loyal
C01480,1,5337.0,326,2,1,3,Lost / Hibernating
C01481,1,3950.0,185,3,1,2,New / Promising
C01482,2,3240.0,607,1,3,2,At Risk
C01483,1,1218.0,374,2,1,1,Lost / Hibernating
C01484,1,1607.0,402,2,1,1,Lost / Hibernating
C01485,1,3520.0,56,4,1,2,New / Promising
C01486,1,4330.0,403,2,1,2,Lost / Hibernating
C01487,2,5697.0,65,4,3,3,Champions
C01488,1,812.0,20,4,1,1,New / Promising
C01489,2,3379.0,252,2,3,2,Loyal
C01490,4,8667.0,82,4,4,3,Champions
C01491,1,2780.0,671,1,1,2,Lost / Hibernating
C01492,3,21542.5,475,1,3,4,At Risk
C01493,1,710.5,991,1,1,1,Lost / Hibernating
C01494,1,700.0,473,1,1,1,Lost / Hibernating
C01495,1,4381.0,194,3,1,2,New / Promising
C01497,2,6746.0,576,1,3,3,At Risk
C01498,1,2190.0,339,2,1,2,Lost / Hibernating
C01499,1,567.0,523,1,1,1,Lost / Hibernating
C01501,2,1239.5,44,4,3,1,Loyal
C01503,1,2412.0,606,1,1,2,Lost / Hibernating
C01504,2,13960.0,29,4,3,4,Champions
C01505,2,7123.0,68,4,3,3,Champions
C01507,7,11922.0,59,4,4,4,Champions
C01508,1,928.0,81,4,1,1,New / Promising
C01509,2,931.0,207,3,3,1,Loyal
C01510,3,17702.0,27,4,3,4,Champions
C01511,1,570.0,99,3,1,1,New / Promising
C01512,1,440.0,28,4,1,1,New / Promising
C01513,6,18406.5,245,2,4,4,Loyal
C01515,2,910.0,588,1,3,1,At Risk
C01516,1,4688.0,661,1,1,2,Lost / Hibernating
C01517,2,2499.0,166,3,3,2,Loyal
C01518,1,7170.0,13,4,1,3,Big Spenders
C01519,1,630.0,4,4,1,1,New / Promising
C01520,7,17453.0,12,4,4,4,Champions
C01521,2,7474.0,17,4,3,3,Champions
C01523,2,11281.0,48,4,3,3,Champions
C01524,2,3389.5,385,2,3,2,Loyal
C01525,2,5544.5,62,4,3,3,Champions
C01526,2,3624.0,72,4,3,2,Loyal
C01527,3,9242.0,166,3,3,3,Champions
C01528,2,3176.5,188,3,3,2,Loyal
C01530,1,1748.0,18,4,1,2,New / Promising
C01531,1,8822.0,79,4,1,3,Big Spenders
C01532,1,234.0,178,3,1,1,New / Promising
C01533,3,25437.5,72,4,3,4,Champions
C01534,1,570.0,580,1,1,1,Lost / Hibernating
C01535,2,13512.5,283,2,3,4,Loyal
C01536,1,660.0,174,3,1,1,New / Promising
C01537,2,9660.5,78,4,3,3,Champions
C01538,21,74667.0,43,4,4,4,Champions
C01539,26,73251.0,2,4,4,4,Champions
C01540,1,2480.0,198,3,1,2,New / Promising
C01541,6,42151.0,58,4,4,4,Champions
C01542,4,5824.5,82,4,4,3,Champions
C01543,6,27697.5,60,4,4,4,Champions
C01544,3,2894.0,145,3,3,2,Loyal
C01545,1,2580.0,103,3,1,2,New / Promising
C01546,2,3420.0,118,3,3,2,Loyal
C01547,1,1840.0,686,1,1,2,Lost / Hibernating
C01548,2,14244.0,180,3,3,4,Champions
C01549,2,1077.0,272,2,3,1,Loyal
C01550,1,8856.0,964,1,1,3,Lost / Hibernating
C01551,1,1320.5,501,1,1,1,Lost / Hibernating
C01552,4,10094.0,189,3,4,3,Champions
C01553,3,8306.0,115,3,3,3,Champions
C01554,3,5592.5,518,1,3,3,At Risk
C01555,5,5946.0,102,3,4,3,Champions
C01556,2,9040.0,897,1,3,3,At Risk
C01557,1,968.0,325,2,1,1,Lost / Hibernating
C01558,26,82374.0,52,4,4,4,Champions
C01559,2,4098.5,74,4,3,2,Loyal
C01560,1,503.5,766,1,1,1,Lost / Hibernating
C01561,1,1633.0,325,2,1,1,Lost / Hibernating
C01562,1,4110.0,448,1,1,2,Lost / Hibernating
C01564,6,18093.5,19,4,4,4,Champions
C01565,1,700.0,158,3,1,1,New / Promising
C01567,3,9928.0,396,2,3,3,Loyal
C01568,2,12230.5,195,3,3,4,Champions
C01569,1,1230.0,67,4,1,1,New / Promising
C01570,1,1400.0,339,2,1,1,Lost / Hibernating
C01571,4,17003.0,248,2,4,4,Loyal
C01572,7,13371.0,18,4,4,4,Champions
C01573,1,234.0,275,2,1,1,Lost / Hibernating
C01574,1,1653.0,228,2,1,1,Lost / Hibernating
C01575,1,2130.0,321,2,1,2,Lost / Hibernating
C01576,1,630.0,40,4,1,1,New / Promising
C01577,1,1390.0,397,2,1,1,Lost / Hibernating
C01578,2,5187.5,633,1,3,3,At Risk
C01579,7,38354.0,89,3,4,4,Champions
C01580,11,21611.5,3,4,4,4,Champions
C01581,7,17244.0,349,2,4,4,Loyal
C01582,1,2112.0,935,1,1,2,Lost / Hibernating
C01583,6,21561.0,213,3,4,4,Champions
C01584,1,3037.0,221,2,1,2,Lost / Hibernating
C01585,3,6205.0,11,4,3,3,Champions
C01586,1,464.0,482,1,1,1,Lost / Hibernating
C01587,1,5560.0,289,2,1,3,Lost / Hibernating
C01588,1,1863.0,325,2,1,2,Lost / Hibernating
C01589,1,530.0,174,3,1,1,New / Promising
C01590,1,2118.0,131,3,1,2,New / Promising
C01591,1,3930.0,217,3,1,2,New / Promising
C01592,18,67269.5,29,4,4,4,Champions
C01593,1,940.0,408,1,1,1,Lost / Hibernating
C01594,1,189.0,320,2,1,1,Lost / Hibernating
C01595,2,5204.0,30,4,3,3,Champions
C01596,2,15044.0,840,1,3,4,At Risk
C01597,1,6934.0,692,1,1,3,Lost / Hibernating
C01598,5,15315.5,136,3,4,4,Champions
C01599,1,988.5,505,1,1,1,Lost / Hibernating
C01600,2,10884.0,538,1,3,3,At Risk
C01601,1,240.0,128,3,1,1,New / Promising
C01602,1,9429.0,37,4,1,3,Big Spenders
C01603,5,13048.5,200,3,4,4,Champions
C01604,1,5906.5,39,4,1,3,Big Spenders
C01605,1,260.0,966,1,1,1,Lost / Hibernating
C01606,1,1392.0,50,4,1,1,New / Promising
C01608,6,30069.0,65,4,4,4,Champions
C01609,1,1718.0,202,3,1,2,New / Promising
C01610,1,12120.0,8,4,1,4,Big Spenders
C01611,1,480.0,83,4,1,1,New / Promising
C01612,1,2671.0,13,4,1,2,New / Promising
C01613,2,7625.0,217,3,3,3,Champions
C01614,2,29120.0,760,1,3,4,At Risk
C01615,1,600.0,118,3,1,1,New / Promising
C01616,1,5710.0,313,2,1,3,Lost / Hibernating
C01617,1,1260.0,332,2,1,1,Lost / Hibernating
C01618,1,1044.0,457,1,1,1,Lost / Hibernating
C01619,1,2042.0,339,2,1,2,Lost / Hibernating
C01620,4,17355.0,268,2,4,4,Loyal
C01621,1,10550.5,188,3,1,3,Big Spenders
C01622,6,20856.0,646,1,4,4,At Risk
C01623,1,4145.0,237,2,1,2,Lost / Hibernating
C01624,1,1260.0,101,3,1,1,New / Promising
C01625,1,630.0,444,1,1,1,Lost / Hibernating
C01626,1,973.5,371,2,1,1,Lost / Hibernating
C01627,3,11800.0,317,2,3,4,Loyal
C01628,1,23418.0,2,4,1,4,Big Spenders
C01629,1,1701.0,227,2,1,1,Lost / Hibernating
C01630,11,34040.0,17,4,4,4,Champions
C01631,3,18956.0,403,2,3,4,Loyal
C01632,1,5936.0,694,1,1,3,Lost / Hibernating
C01633,1,5508.0,427,1,1,3,Lost / Hibernating
C01634,1,513.0,43,4,1,1,New / Promising
C01635,1,1566.0,230,2,1,1,Lost / Hibernating
C01636,2,21210.5,213,3,3,4,Champions
C01637,1,17168.0,117,3,1,4,Big Spenders
C01638,4,9218.0,267,2,4,3,Loyal
C01640,1,6811.0,675,1,1,3,Lost / Hibernating
C01641,3,8341.5,198,3,3,3,Champions
C01642,1,4220.0,34,4,1,2,New / Promising
C01643,11,32471.0,31,4,4,4,Champions
C01644,1,18468.0,261,2,1,4,Lost / Hibernating
C01645,2,2984.0,18,4,3,2,Loyal
C01646,17,33065.5,316,2,4,4,Loyal
C01647,3,4141.0,353,2,3,2,Loyal
C01648,6,19696.5,10,4,4,4,Champions
C01649,8,33042.5,94,3,4,4,Champions
C01650,2,2924.0,23,4,3,2,Loyal
C01651,1,1232.0,412,1,1,1,Lost / Hibernating
C01652,1,3754.0,212,3,1,2,New / Promising
C01653,1,1840.0,632,1,1,2,Lost / Hibernating
C01654,1,5572.0,562,1,1,3,Lost / Hibernating
C01655,1,8000.0,112,3,1,3,Big Spenders
C01656,8,23764.0,25,4,4,4,Champions
C01658,1,2541.0,434,1,1,2,Lost / Hibernating
C01659,1,490.0,54,4,1,1,New / Promising
C01660,1,2190.0,283,2,1,2,Lost / Hibernating
C01661,1,956.0,797,1,1,1,Lost / Hibernating
C01662,1,1260.0,81,4,1,1,New / Promising
C01663,2,2480.5,101,3,3,2,Loyal
C01664,3,3118.0,485,1,3,2,At Risk
C01666,4,21161.0,86,4,4,4,Champions
C01667,1,11900.0,919,1,1,4,Lost / Hibernating
C01668,3,7517.5,122,3,3,3,Champions
C01669,4,17907.0,186,3,4,4,Champions
C01670,2,4315.5,408,1,3,2,At Risk
C01671,5,21611.0,26,4,4,4,Champions
C01672,1,665.0,384,2,1,1,Lost / Hibernating
C01673,1,2259.0,625,1,1,2,Lost / Hibernating
C01674,2,1588.0,550,1,3,1,At Risk
C01675,2,6970.0,141,3,3,3,Champions
C01676,1,700.0,534,1,1,1,Lost / Hibernating
C01677,2,19510.0,234,2,3,4,Loyal
C01678,2,9052.0,31,4,3,3,Champions
C01679,5,12572.5,275,2,4,4,Loyal
C01680,15,54915.5,183,3,4,4,Champions
C01681,4,7981.0,31,4,4,3,Champions
C01682,2,2233.5,111,3,3,2,Loyal
C01683,1,2917.0,150,3,1,2,New / Promising
C01684,2,3114.0,423,1,3,2,At Risk
C01685,1,6876.0,365,2,1,3,Lost / Hibernating
C01686,7,19696.0,41,4,4,4,Champions
C01687,2,12058.0,330,2,3,4,Loyal
C01689,1,477.0,568,1,1,1,Lost / Hibernating
C01691,1,1149.5,837,1,1,1,Lost / Hibernating
C01692,2,2260.0,39,4,3,2,Loyal
C01693,1,3344.0,51,4,1,2,New / Promising
C01694,19,97249.0,146,3,4,4,Champions
C01696,2,5631.0,152,3,3,3,Champions
C01697,17,68030.5,34,4,4,4,Champions
C01699,1,5567.0,302,2,1,3,Lost / Hibernating
C01700,1,3725.0,47,4,1,2,New / Promising
C01701,1,237.5,19,4,1,1,New / Promising
C01702,5,14027.0,51,4,4,4,Champions
C01703,3,11092.0,366,2,3,3,Loyal
C01704,1,3462.0,336,2,1,2,Lost / Hibernating
C01705,6,19860.5,213,3,4,4,Champions
C01707,1,2420.0,16,4,1,2,New / Promising
C01708,14,60345.0,43,4,4,4,Champions
C01709,1,2302.0,449,1,1,2,Lost / Hibernating
C01710,1,342.0,131,3,1,1,New / Promising
C01712,13,31569.0,46,4,4,4,Champions
C01713,1,957.0,26,4,1,1,New / Promising
C01714,2,2660.0,62,4,3,2,Loyal
C01715,1,247.0,813,1,1,1,Lost / Hibernating
C01716,1,494.0,933,1,1,1,Lost / Hibernating
C01717,1,598.5,35,4,1,1,New / Promising
C01718,1,2023.5,668,1,1,2,Lost / Hibernating
C01719,2,5096.0,221,2,3,3,Loyal
C01720,2,6604.5,564,1,3,3,At Risk
C01721,1,756.0,462,1,1,1,Lost / Hibernating
C01722,1,3517.0,42,4,1,2,New / Promising
C01723,1,480.0,397,2,1,1,Lost / Hibernating
C01724,1,1552.0,18,4,1,1,New / Promising
C01725,3,6810.0,175,3,3,3,Champions
C01726,1,260.0,410,1,1,1,Lost / Hibernating
C01728,2,7172.0,284,2,3,3,Loyal
C01729,1,890.0,642,1,1,1,Lost / Hibernating
C01730,1,301.0,116,3,1,1,New / Promising
C01731,4,10560.0,38,4,4,3,Champions
C01732,1,1881.0,164,3,1,2,New / Promising
C01733,1,5930.0,11,4,1,3,Big Spenders
C01734,4,7861.0,491,1,4,3,At Risk
C01735,6,6704.0,399,2,4,3,Loyal
C01736,12,45314.0,205,3,4,4,Champions
C01737,2,3822.0,195,3,3,2,Loyal
C01738,1,1853.0,298,2,1,2,Lost / Hibernating
C01739,1,2620.0,245,2,1,2,Lost / Hibernating
C01740,4,4664.0,240,2,4,2,Loyal
C01741,1,1060.0,257,2,1,1,Lost / Hibernating
C01742,5,37467.0,398,2,4,4,Loyal
C01743,2,1624.0,420,1,3,1,At Risk
C01744,9,18116.5,187,3,4,4,Champions
C01745,2,1298.5,167,3,3,1,Loyal
C01746,4,2007.5,249,2,4,2,Loyal
C01747,6,16249.0,141,3,4,4,Champions
C01748,5,35980.0,5,4,4,4,Champions
C01749,1,1710.0,337,2,1,1,Lost / Hibernating
C01750,2,6891.0,471,1,3,3,At Risk
C01751,1,260.0,85,4,1,1,New / Promising
C01752,1,399.0,571,1,1,1,Lost / Hibernating
C01753,7,10740.5,161,3,4,3,Champions
C01754,1,477.0,420,1,1,1,Lost / Hibernating
C01755,3,8226.0,119,3,3,3,Champions
C01756,2,2265.5,668,1,3,2,At Risk
C01757,2,3049.0,136,3,3,2,Loyal
C01758,4,17622.5,462,1,4,4,At Risk
C01759,1,5337.0,159,3,1,3,Big Spenders
C01760,1,10504.0,56,4,1,3,Big Spenders
C01761,1,2839.5,319,2,1,2,Lost / Hibernating
C01762,3,5730.0,64,4,3,3,Champions
C01763,1,7097.0,220,2,1,3,Lost / Hibernating
C01765,1,8150.0,557,1,1,3,Lost / Hibernating
C01766,7,12167.0,81,4,4,4,Champions
C01767,1,15590.5,386,2,1,4,Lost / Hibernating
C01768,1,1330.0,385,2,1,1,Lost / Hibernating
C01769,1,2510.0,736,1,1,2,Lost / Hibernating
C01770,1,18294.0,328,2,1,4,Lost / Hibernating
C01771,6,18077.0,377,2,4,4,Loyal
C01772,2,13453.0,28,4,3,4,Champions
C01773,1,260.0,642,1,1,1,Lost / Hibernating
C01774,2,2136.0,110,3,3,2,Loyal
C01775,8,19952.0,297,2,4,4,Loyal
C01776,1,5220.0,693,1,1,3,Lost / Hibernating
C01777,3,5079.0,366,2,3,3,Loyal
C01778,1,260.0,967,1,1,1,Lost / Hibernating
C01779,9,19774.5,28,4,4,4,Champions
C01780,3,5786.0,517,1,3,3,At Risk
C01781,2,767.0,418,1,3,1,At Risk
C01782,1,1409.5,47,4,1,1,New / Promising
C01783,6,5465.0,27,4,4,3,Champions
C01784,2,7744.5,129,3,3,3,Champions
C01785,1,247.0,856,1,1,1,Lost / Hibernating
C01786,5,10790.0,530,1,4,3,At Risk
C01787,1,5860.0,605,1,1,3,Lost / Hibernating
C01788,2,4114.0,128,3,3,2,Loyal
C01789,1,5860.0,4,4,1,3,Big Spenders
C01790,1,10246.0,47,4,1,3,Big Spenders
C01791,1,260.0,415,1,1,1,Lost / Hibernating
C01792,4,21461.0,63,4,4,4,Champions
C01793,5,4507.0,168,3,4,2,Loyal
C01794,1,5511.0,165,3,1,3,Big Spenders
C01795,4,7607.5,3,4,4,3,Champions
C01796,1,7833.5,142,3,1,3,Big Spenders
C01797,1,1959.9999999999998,79,4,1,2,New / Promising
C01798,1,247.0,466,1,1,1,Lost / Hibernating
C01799,2,6104.0,152,3,3,3,Champions
C01800,1,275.5,160,3,1,1,New / Promising
C01802,1,2190.0,45,4,1,2,New / Promising
C01803,9,26850.5,93,3,4,4,Champions
C01804,1,1112.0,1,4,1,1,New / Promising
C01805,2,8350.5,157,3,3,3,Champions
C01806,3,11258.0,55,4,3,3,Champions
C01807,1,630.0,301,2,1,1,Lost / Hibernating
C01808,1,6862.5,741,1,1,3,Lost / Hibernating
C01810,1,570.0,159,3,1,1,New / Promising
C01811,6,16361.5,4,4,4,4,Champions
C01812,1,3260.0,105,3,1,2,New / Promising
C01813,3,6139.5,57,4,3,3,Champions
C01814,15,78297.0,37,4,4,4,Champions
C01815,12,55137.0,15,4,4,4,Champions
C01816,5,35886.0,290,2,4,4,Loyal
C01817,1,2973.0,338,2,1,2,Lost / Hibernating
C01818,2,5709.0,588,1,3,3,At Risk
C01819,2,5158.5,312,2,3,3,Loyal
C01820,2,4584.0,453,1,3,2,At Risk
C01821,1,6471.0,103,3,1,3,Big Spenders
C01822,2,16352.0,558,1,3,4,At Risk
C01823,1,528.0,72,4,1,1,New / Promising
C01824,9,33996.0,265,2,4,4,Loyal
C01825,2,4630.0,12,4,3,2,Loyal
C01827,3,11940.0,231,2,3,4,Loyal
C01828,16,55975.5,126,3,4,4,Champions
C01829,2,2636.5,366,2,3,2,Loyal
C01830,2,773.0,573,1,3,1,At Risk
C01832,5,17365.0,90,3,4,4,Champions
C01833,21,97099.5,10,4,4,4,Champions
C01835,6,33294.0,364,2,4,4,Loyal
C01836,1,2100.0,4,4,1,2,New / Promising
C01837,1,1498.0,154,3,1,1,New / Promising
C01838,1,208.0,13,4,1,1,New / Promising
C01839,1,5041.0,145,3,1,3,Big Spenders
C01840,1,520.0,789,1,1,1,Lost / Hibernating
C01841,1,247.0,373,2,1,1,Lost / Hibernating
C01842,3,9716.0,620,1,3,3,At Risk
C01843,1,2370.0,147,3,1,2,New / Promising
C01844,2,5713.0,122,3,3,3,Champions
C01845,1,5840.0,642,1,1,3,Lost / Hibernating
C01846,1,4859.0,52,4,1,3,Big Spenders
C01847,2,3723.0,740,1,3,2,At Risk
C01848,2,4840.0,196,3,3,3,Champions
C01849,1,1881.0,231,2,1,2,Lost / Hibernating
C01850,2,10063.5,585,1,3,3,At Risk
C01851,1,1386.0,312,2,1,1,Lost / Hibernating
C01852,2,1640.0,124,3,3,1,Loyal
C01853,2,735.0,269,2,3,1,Loyal
C01854,1,3180.0,368,2,1,2,Lost / Hibernating
C01855,1,2156.0,653,1,1,2,Lost / Hibernating
C01856,2,1079.5,174,3,3,1,Loyal
C01857,6,25545.5,196,3,4,4,Champions
C01858,1,5930.0,58,4,1,3,Big Spenders
C01859,1,315.0,64,4,1,1,New / Promising
C01860,2,12268.0,174,3,3,4,Champions
C01861,5,27792.0,54,4,4,4,Champions
C01862,1,1740.0,312,2,1,2,Lost / Hibernating
C01863,1,744.0,233,2,1,1,Lost / Hibernating
C01864,1,7970.0,463,1,1,3,Lost / Hibernating
C01866,1,15600.0,841,1,1,4,Lost / Hibernating
C01867,1,4380.0,20,4,1,2,New / Promising
C01868,7,37535.5,90,3,4,4,Champions
C01869,1,2190.0,107,3,1,2,New / Promising
C01870,7,18767.0,88,4,4,4,Champions
C01872,4,20234.0,13,4,4,4,Champions
C01873,3,7860.5,108,3,3,3,Champions
C01874,1,400.0,38,4,1,1,New / Promising
C01875,1,1220.0,59,4,1,1,New / Promising
C01876,1,5251.5,605,1,1,3,Lost / Hibernating
C01877,2,8650.0,48,4,3,3,Champions
C01878,5,12790.0,25,4,4,4,Champions
C01879,1,3520.0,464,1,1,2,Lost / Hibernating
C01880,2,9759.0,400,2,3,3,Loyal
C01881,1,1134.0,85,4,1,1,New / Promising
C01882,4,5263.0,274,2,4,3,Loyal
C01883,1,7130.0,236,2,1,3,Lost / Hibernating
C01884,7,30587.0,140,3,4,4,Champions
C01885,16,53205.0,44,4,4,4,Champions
C01886,1,6039.5,280,2,1,3,Lost / Hibernating
C01887,3,4340.0,208,3,3,2,Loyal
C01888,1,2024.0,300,2,1,2,Lost / Hibernating
C01889,2,2417.0,576,1,3,2,At Risk
C01890,1,845.5,42,4,1,1,New / Promising
C01891,1,8010.0,187,3,1,3,Big Spenders
C01892,1,1320.0,115,3,1,1,New / Promising
C01893,1,700.0,690,1,1,1,Lost / Hibernating
C01894,6,24156.5,255,2,4,4,Loyal
C01895,3,15650.0,453,1,3,4,At Risk
C01896,3,9687.0,83,4,3,3,Champions
C01898,5,21106.0,130,3,4,4,Champions
C01899,1,2130.0,524,1,1,2,Lost / Hibernating
C01900,2,5010.0,285,2,3,3,Loyal
C01901,1,780.0,530,1,1,1,Lost / Hibernating
C01902,1,1299.0,711,1,1,1,Lost / Hibernating
C01903,15,81838.0,134,3,4,4,Champions
C01904,1,2631.0,276,2,1,2,Lost / Hibernating
C01905,1,5220.0,498,1,1,3,Lost / Hibernating
C01906,2,7895.0,221,2,3,3,Loyal
C01907,6,18629.0,100,3,4,4,Champions
C01908,3,5516.0,154,3,3,3,Champions
C01909,3,12006.5,315,2,3,4,Loyal
C01910,1,5340.0,307,2,1,3,Lost / Hibernating
C01912,1,10428.0,376,2,1,3,Lost / Hibernating
C01913,1,620.0,85,4,1,1,New / Promising
C01914,1,3195.0,169,3,1,2,New / Promising
C01915,1,1220.0,767,1,1,1,Lost / Hibernating
C01916,1,10480.0,468,1,1,3,Lost / Hibernating
C01917,2,8206.0,6,4,3,3,Champions
C01918,1,8630.0,5,4,1,3,Big Spenders
C01919,2,9967.0,386,2,3,3,Loyal
C01920,5,15027.0,422,1,4,4,At Risk
C01921,1,2916.0,353,2,1,2,Lost / Hibernating
C01922,2,7239.0,252,2,3,3,Loyal
C01923,2,3409.0,94,3,3,2,Loyal
C01924,2,7230.0,307,2,3,3,Loyal
C01925,1,630.0,241,2,1,1,Lost / Hibernating
C01926,1,5274.0,119,3,1,3,Big Spenders
C01927,4,20733.0,75,4,4,4,Champions
C01928,1,1440.0,311,2,1,1,Lost / Hibernating
C01929,1,660.0,190,3,1,1,New / Promising
C01930,1,1925.5,147,3,1,2,New / Promising
C01931,1,5280.0,115,3,1,3,Big Spenders
C01932,1,464.0,931,1,1,1,Lost / Hibernating
C01933,1,208.0,358,2,1,1,Lost / Hibernating
C01934,6,30379.5,182,3,4,4,Champions
C01935,1,2450.0,104,3,1,2,New / Promising
C01937,2,8449.0,278,2,3,3,Loyal
C01938,9,28614.0,284,2,4,4,Loyal
C01939,1,3400.0,558,1,1,2,Lost / Hibernating
C01940,5,26133.0,44,4,4,4,Champions
C01941,2,1155.0,146,3,3,1,Loyal
C01942,1,650.0,874,1,1,1,Lost / Hibernating
C01943,4,19540.5,8,4,4,4,Champions
C01944,1,6564.5,176,3,1,3,Big Spenders
C01945,6,17035.5,102,3,4,4,Champions
C01946,2,8464.5,509,1,3,3,At Risk
C01947,1,570.0,29,4,1,1,New / Promising
C01948,1,7577.0,212,3,1,3,Big Spenders
C01949,3,7980.0,121,3,3,3,Champions
C01950,3,8678.5,300,2,3,3,Loyal
C01951,1,22873.5,417,1,1,4,Lost / Hibernating
C01952,37,84468.5,31,4,4,4,Champions
C01953,1,1250.0,235,2,1,1,Lost / Hibernating
C01954,2,8153.0,526,1,3,3,At Risk
C01955,1,2121.0,981,1,1,2,Lost / Hibernating
C01956,2,11386.5,232,2,3,3,Loyal
C01957,1,4161.0,46,4,1,2,New / Promising
C01958,1,1291.0,200,3,1,1,New / Promising
C01959,1,3380.0,429,1,1,2,Lost / Hibernating
C01960,4,2817.0,140,3,4,2,Loyal
C01961,1,182.0,462,1,1,1,Lost / Hibernating
C01962,4,24042.0,6,4,4,4,Champions
C01964,1,260.0,476,1,1,1,Lost / Hibernating
C01965,1,2042.0,328,2,1,2,Lost / Hibernating
C01966,1,1160.0,62,4,1,1,New / Promising
C01967,1,783.0,17,4,1,1,New / Promising
C01968,5,2758.0,619,1,4,2,At Risk
C01969,3,6781.5,282,2,3,3,Loyal
C01970,3,3721.0,64,4,3,2,Loyal
C01971,5,36325.5,112,3,4,4,Champions
C01972,1,420.0,625,1,1,1,Lost / Hibernating
C01973,1,1044.0,743,1,1,1,Lost / Hibernating
C01974,2,9978.0,75,4,3,3,Champions
C01975,1,741.0,423,1,1,1,Lost / Hibernating
C01976,1,5280.0,65,4,1,3,Big Spenders
C01977,1,1320.5,958,1,1,1,Lost / Hibernating
C01978,7,30774.5,261,2,4,4,Loyal
C01980,1,1324.0,864,1,1,1,Lost / Hibernating
C01981,6,28481.0,19,4,4,4,Champions
C01983,2,3628.0,126,3,3,2,Loyal
C01984,1,387.0,703,1,1,1,Lost / Hibernating
C01985,2,2190.0,322,2,3,2,Loyal
C01986,2,4914.0,324,2,3,3,Loyal
C01987,1,6190.0,305,2,1,3,Lost / Hibernating
C01988,2,4539.0,33,4,3,2,Loyal
C01989,1,208.0,150,3,1,1,New / Promising
C01990,4,7048.0,30,4,4,3,Champions
C01991,1,6986.0,466,1,1,3,Lost / Hibernating
C01993,1,570.0,116,3,1,1,New / Promising
C01994,1,2382.0,531,1,1,2,Lost / Hibernating
C01995,4,17933.5,109,3,4,4,Champions
C01996,6,15094.0,115,3,4,4,Champions
C01997,9,16405.5,29,4,4,4,Champions
C01998,7,32061.5,115,3,4,4,Champions
C01999,1,1220.0,235,2,1,1,Lost / Hibernating
C02000,1,260.0,637,1,1,1,Lost / Hibernating
C02001,3,4296.0,6,4,3,2,Loyal
C02002,1,2937.0,905,1,1,2,Lost / Hibernating
C02004,2,14146.0,54,4,3,4,Champions
C02005,6,13870.0,50,4,4,4,Champions
C02006,8,25917.5,241,2,4,4,Loyal
C02007,1,11267.0,891,1,1,3,Lost / Hibernating
C02008,1,2410.0,106,3,1,2,New / Promising
C02009,3,11036.5,591,1,3,3,At Risk
C02010,1,3070.0,312,2,1,2,Lost / Hibernating
C02011,1,1210.0,477,1,1,1,Lost / Hibernating
C02012,2,10280.0,170,3,3,3,Champions
C02013,2,780.0,335,2,3,1,Loyal
C02014,2,2010.0,175,3,3,2,Loyal
C02016,3,6120.0,132,3,3,3,Champions
C02017,2,3168.0,70,4,3,2,Loyal
C02019,2,30953.0,382,2,3,4,Loyal
C02020,1,920.0,75,4,1,1,New / Promising
C02021,1,660.0,298,2,1,1,Lost / Hibernating
C02022,4,14482.0,39,4,4,4,Champions
C02023,10,41661.0,218,2,4,4,Loyal
C02024,2,14750.0,397,2,3,4,Loyal
C02025,2,2746.0,483,1,3,2,At Risk
C02026,1,3372.0,375,2,1,2,Lost / Hibernating
C02027,1,2190.0,448,1,1,2,Lost / Hibernating
C02028,5,18196.0,206,3,4,4,Champions
C02029,1,620.0,605,1,1,1,Lost / Hibernating
C02030,1,2690.0,660,1,1,2,Lost / Hibernating
C02031,1,3298.0,537,1,1,2,Lost / Hibernating
C02032,2,6458.0,749,1,3,3,At Risk
C02033,1,1676.0,104,3,1,1,New / Promising
C02034,1,2630.0,320,2,1,2,Lost / Hibernating
C02035,1,6336.0,802,1,1,3,Lost / Hibernating
C02037,1,1120.0,67,4,1,1,New / Promising
C02038,1,1936.0,672,1,1,2,Lost / Hibernating
C02039,5,15588.5,400,2,4,4,Loyal
C02040,13,39888.0,189,3,4,4,Champions
C02041,46,189383.5,225,2,4,4,Loyal
C02042,1,930.0,207,3,1,1,New / Promising
C02043,1,883.5,24,4,1,1,New / Promising
C02044,9,21550.0,576,1,4,4,At Risk
C02045,2,5218.0,33,4,3,3,Champions
C02046,32,85106.5,2,4,4,4,Champions
C02047,2,2312.0,227,2,3,2,Loyal
C02048,2,8160.0,136,3,3,3,Champions
C02049,1,6950.0,534,1,1,3,Lost / Hibernating
C02050,1,1159.0,977,1,1,1,Lost / Hibernating
C02051,1,1149.5,306,2,1,1,Lost / Hibernating
C02052,1,8210.0,2,4,1,3,Big Spenders
C02053,15,63119.0,81,4,4,4,Champions
C02054,7,16051.0,52,4,4,4,Champions
C02055,1,430.0,819,1,1,1,Lost / Hibernating
C02056,1,208.0,341,2,1,1,Lost / Hibernating
C02057,2,8508.5,23,4,3,3,Champions
C02058,3,11456.0,36,4,3,3,Champions
C02059,1,1220.0,210,3,1,1,New / Promising
C02060,1,2278.0,66,4,1,2,New / Promising
C02061,1,1210.0,174,3,1,1,New / Promising
C02062,6,15294.0,6,4,4,4,Champions
C02063,3,10321.0,52,4,3,3,Champions
C02064,7,26294.0,188,3,4,4,Champions
C02065,5,23959.0,203,3,4,4,Champions
C02066,1,2090.0,57,4,1,2,New / Promising
C02067,1,598.5,246,2,1,1,Lost / Hibernating
C02068,1,4260.0,1,4,1,2,New / Promising
C02070,2,1402.0,285,2,3,1,Loyal
C02071,4,22495.0,67,4,4,4,Champions
C02072,1,464.0,841,1,1,1,Lost / Hibernating
C02073,1,5280.0,684,1,1,3,Lost / Hibernating
C02074,1,1690.0,383,2,1,1,Lost / Hibernating
C02075,2,6980.0,304,2,3,3,Loyal
C02077,3,4222.0,66,4,3,2,Loyal
C02078,3,15588.5,499,1,3,4,At Risk
C02079,1,3601.0,207,3,1,2,New / Promising
C02080,8,8491.0,94,3,4,3,Champions
C02081,1,11863.0,77,4,1,4,Big Spenders
C02082,2,3150.0,55,4,3,2,Loyal
C02083,3,12032.0,342,2,3,4,Loyal
C02084,1,2190.0,250,2,1,2,Lost / Hibernating
C02085,2,4700.0,18,4,3,2,Loyal
C02086,2,1665.0,166,3,3,1,Loyal
C02087,1,468.0,129,3,1,1,New / Promising
C02088,1,1100.0,236,2,1,1,Lost / Hibernating
C02089,2,3100.0,293,2,3,2,Loyal
C02090,1,5720.0,605,1,1,3,Lost / Hibernating
C02091,1,598.5,259,2,1,1,Lost / Hibernating
C02092,2,5567.0,42,4,3,3,Champions
C02093,1,976.0,306,2,1,1,Lost / Hibernating
C02096,1,1971.0,213,3,1,2,New / Promising
C02097,1,6840.0,24,4,1,3,Big Spenders
C02098,1,5337.0,560,1,1,3,Lost / Hibernating
C02099,4,9077.0,255,2,4,3,Loyal
C02100,2,6450.0,301,2,3,3,Loyal
C02101,1,5280.0,401,2,1,3,Lost / Hibernating
C02102,1,5210.0,339,2,1,3,Lost / Hibernating
C02103,1,416.0,917,1,1,1,Lost / Hibernating
C02104,12,29898.5,9,4,4,4,Champions
C02105,2,4390.0,261,2,3,2,Loyal
C02106,3,10256.5,156,3,3,3,Champions
C02107,5,28370.0,83,4,4,4,Champions
C02108,1,1288.0,232,2,1,1,Lost / Hibernating
C02110,1,1960.0,155,3,1,2,New / Promising
C02111,1,3132.0,298,2,1,2,Lost / Hibernating
C02112,1,2428.0,341,2,1,2,Lost / Hibernating
C02114,2,10345.0,647,1,3,3,At Risk
C02115,8,17466.0,93,3,4,4,Champions
C02116,1,1117.0,385,2,1,1,Lost / Hibernating
C02117,1,260.0,116,3,1,1,New / Promising
C02118,1,1485.0,262,2,1,1,Lost / Hibernating
C02119,1,1220.0,861,1,1,1,Lost / Hibernating
C02120,5,4738.5,202,3,4,3,Champions
C02121,1,5913.0,692,1,1,3,Lost / Hibernating
C02122,1,567.0,224,2,1,1,Lost / Hibernating
C02123,1,2510.0,130,3,1,2,New / Promising
C02124,3,16268.5,161,3,3,4,Champions
C02125,1,642.5,333,2,1,1,Lost / Hibernating
C02126,1,4824.0,550,1,1,3,Lost / Hibernating
C02127,1,1700.0,436,1,1,1,Lost / Hibernating
C02128,1,4330.0,103,3,1,2,New / Promising
C02129,1,960.0,214,3,1,1,New / Promising
C02130,1,182.0,377,2,1,1,Lost / Hibernating
C02131,2,26746.5,525,1,3,4,At Risk
C02132,2,7412.0,306,2,3,3,Loyal
C02133,3,9980.5,378,2,3,3,Loyal
C02134,4,11942.0,150,3,4,4,Champions
C02135,1,2404.0,539,1,1,2,Lost / Hibernating
C02136,1,504.0,40,4,1,1,New / Promising
C02137,7,29408.5,53,4,4,4,Champions
C02138,3,4116.0,130,3,3,2,Loyal
C02139,6,9657.0,495,1,4,3,At Risk
C02140,2,8627.5,311,2,3,3,Loyal
C02141,1,1584.0,133,3,1,1,New / Promising
C02142,3,3802.0,488,1,3,2,At Risk
C02143,1,630.0,201,3,1,1,New / Promising
C02144,2,8811.0,82,4,3,3,Champions
C02145,2,2718.0,708,1,3,2,At Risk
C02146,3,7620.0,53,4,3,3,Champions
C02147,1,1370.0,57,4,1,1,New / Promising
C02148,1,1220.0,493,1,1,1,Lost / Hibernating
C02149,2,2461.5,421,1,3,2,At Risk
C02150,1,14988.0,46,4,1,4,Big Spenders
C02152,2,6989.5,255,2,3,3,Loyal
C02153,4,4329.0,114,3,4,2,Loyal
C02154,3,14221.0,557,1,3,4,At Risk
C02155,1,3176.0,137,3,1,2,New / Promising
C02156,15,47805.0,28,4,4,4,Champions
C02157,2,16450.0,363,2,3,4,Loyal
C02158,3,3186.0,140,3,3,2,Loyal
C02159,1,6560.0,41,4,1,3,Big Spenders
C02160,1,5930.0,137,3,1,3,Big Spenders
C02161,11,38875.5,11,4,4,4,Champions
C02162,2,4860.0,758,1,3,3,At Risk
C02163,1,1760.0,46,4,1,2,New / Promising
C02164,1,4560.0,54,4,1,2,New / Promising
C02165,1,490.0,375,2,1,1,Lost / Hibernating
C02166,2,6258.0,132,3,3,3,Champions
C02167,7,22549.0,236,2,4,4,Loyal
C02168,6,9282.0,10,4,4,3,Champions
C02169,3,11085.0,30,4,3,3,Champions
C02171,1,520.0,670,1,1,1,Lost / Hibernating
C02173,3,11836.0,159,3,3,4,Champions
C02174,1,630.0,336,2,1,1,Lost / Hibernating
C02175,2,8952.0,239,2,3,3,Loyal
C02176,1,1012.0,679,1,1,1,Lost / Hibernating
C02177,3,6066.0,130,3,3,3,Champions
C02178,1,5152.0,342,2,1,3,Lost / Hibernating
C02179,7,21995.0,276,2,4,4,Loyal
C02180,8,27407.5,78,4,4,4,Champions
C02181,1,860.0,66,4,1,1,New / Promising
C02182,2,6305.0,434,1,3,3,At Risk
C02183,1,2690.0,78,4,1,2,New / Promising
C02184,1,639.0,77,4,1,1,New / Promising
C02185,1,2788.5,125,3,1,2,New / Promising
C02186,8,20529.5,45,4,4,4,Champions
C02187,1,4681.0,319,2,1,2,Lost / Hibernating
C02189,1,189.0,268,2,1,1,Lost / Hibernating
C02190,4,9118.0,287,2,4,3,Loyal
C02191,1,700.0,47,4,1,1,New / Promising
C02192,1,1352.0,308,2,1,1,Lost / Hibernating
C02193,1,4224.0,172,3,1,2,New / Promising
C02194,1,1170.0,521,1,1,1,Lost / Hibernating
C02195,3,8660.0,12,4,3,3,Champions
C02196,1,1740.0,372,2,1,2,Lost / Hibernating
C02197,1,2536.5,369,2,1,2,Lost / Hibernating
C02198,8,27872.0,31,4,4,4,Champions
C02199,1,660.0,556,1,1,1,Lost / Hibernating
C02200,1,5800.0,665,1,1,3,Lost / Hibernating
C02201,2,6582.0,217,3,3,3,Champions
C02202,7,16952.5,14,4,4,4,Champions
C02203,1,2088.0,7,4,1,2,New / Promising
C02204,2,4807.0,480,1,3,3,At Risk
C02205,2,7702.0,413,1,3,3,At Risk
C02206,1,10420.0,619,1,1,3,Lost / Hibernating
C02207,1,1740.0,353,2,1,2,Lost / Hibernating
C02208,1,210.0,415,1,1,1,Lost / Hibernating
C02209,3,10766.0,35,4,3,3,Champions
C02210,1,627.0,47,4,1,1,New / Promising
C02211,2,4748.0,250,2,3,3,Loyal
C02212,1,700.0,257,2,1,1,Lost / Hibernating
C02213,6,25601.5,811,1,4,4,At Risk
C02214,1,490.0,662,1,1,1,Lost / Hibernating
C02215,1,1008.5,437,1,1,1,Lost / Hibernating
C02216,7,11567.0,335,2,4,3,Loyal
C02217,13,75084.0,56,4,4,4,Champions
C02218,1,620.0,259,2,1,1,Lost / Hibernating
C02219,1,5205.0,210,3,1,3,Big Spenders
C02220,1,5421.0,378,2,1,3,Lost / Hibernating
C02221,1,2750.0,312,2,1,2,Lost / Hibernating
C02222,1,2100.0,490,1,1,2,Lost / Hibernating
C02224,1,8468.0,836,1,1,3,Lost / Hibernating
C02225,2,9164.0,104,3,3,3,Champions
C02226,1,434.0,8,4,1,1,New / Promising
C02227,5,12591.5,655,1,4,4,At Risk
C02228,1,4151.0,340,2,1,2,Lost / Hibernating
C02229,1,1260.0,188,3,1,1,New / Promising
C02230,1,1760.0,149,3,1,2,New / Promising
C02231,1,7598.0,154,3,1,3,Big Spenders
C02232,6,8480.5,87,4,4,3,Champions
C02234,3,8112.0,36,4,3,3,Champions
C02235,1,4661.5,565,1,1,2,Lost / Hibernating
C02236,1,18306.0,42,4,1,4,Big Spenders
C02237,16,77709.0,55,4,4,4,Champions
C02238,1,4113.5,151,3,1,2,New / Promising
C02239,1,530.0,867,1,1,1,Lost / Hibernating
C02240,4,8781.0,399,2,4,3,Loyal
C02241,1,3790.0,986,1,1,2,Lost / Hibernating
C02242,6,12969.0,18,4,4,4,Champions
C02243,9,55695.5,74,4,4,4,Champions
C02244,10,21119.5,1,4,4,4,Champions
C02245,2,20318.0,376,2,3,4,Loyal
C02246,2,13382.5,82,4,3,4,Champions
C02248,1,4339.0,84,4,1,2,New / Promising
C02249,12,33935.0,47,4,4,4,Champions
C02250,2,2654.0,695,1,3,2,At Risk
C02252,1,598.5,74,4,1,1,New / Promising
C02254,2,7869.0,317,2,3,3,Loyal
C02255,1,5020.0,32,4,1,3,Big Spenders
C02256,1,8811.0,37,4,1,3,Big Spenders
C02257,4,4047.0,289,2,4,2,Loyal
C02258,1,7754.0,294,2,1,3,Lost / Hibernating
C02259,3,4749.0,272,2,3,3,Loyal
C02260,1,1971.0,201,3,1,2,New / Promising
C02261,2,8708.0,697,1,3,3,At Risk
C02262,12,20235.0,55,4,4,4,Champions
C02263,1,530.0,321,2,1,1,Lost / Hibernating
C02264,3,11512.0,372,2,3,3,Loyal
C02265,3,21677.0,192,3,3,4,Champions
C02266,4,18688.0,91,3,4,4,Champions
C02267,1,3646.9999999999995,77,4,1,2,New / Promising
C02268,1,6822.0,143,3,1,3,Big Spenders
C02269,4,8668.0,174,3,4,3,Champions
C02271,1,435.0,659,1,1,1,Lost / Hibernating
C02272,3,10088.0,171,3,3,3,Champions
C02273,14,48259.5,208,3,4,4,Champions
C02274,1,1584.0,105,3,1,1,New / Promising
C02275,1,8401.0,143,3,1,3,Big Spenders
C02276,1,4100.0,64,4,1,2,New / Promising
C02277,1,3306.0,119,3,1,2,New / Promising
C02278,1,1700.0,44,4,1,1,New / Promising
C02279,1,4330.0,482,1,1,2,Lost / Hibernating
C02280,1,4500.5,37,4,1,2,New / Promising
C02281,3,15706.0,101,3,3,4,Champions
C02282,1,900.0,476,1,1,1,Lost / Hibernating
C02283,2,4024.5,159,3,3,2,Loyal
C02285,2,6760.0,469,1,3,3,At Risk
C02286,1,9780.0,690,1,1,3,Lost / Hibernating
C02287,2,16470.0,578,1,3,4,At Risk
C02288,2,5610.0,175,3,3,3,Champions
C02289,1,1760.0,76,4,1,2,New / Promising
C02290,1,260.0,299,2,1,1,Lost / Hibernating
C02291,1,6009.0,389,2,1,3,Lost / Hibernating
C02293,4,12454.0,302,2,4,4,Loyal
C02294,1,2731.5,702,1,1,2,Lost / Hibernating
C02295,1,2188.0,138,3,1,2,New / Promising
C02296,7,41278.5,258,2,4,4,Loyal
C02297,2,507.0,101,3,3,1,Loyal
C02298,1,247.0,191,3,1,1,New / Promising
C02299,1,8946.0,362,2,1,3,Lost / Hibernating
C02300,1,3646.9999999999995,117,3,1,2,New / Promising
C02301,4,3945.0,350,2,4,2,Loyal
C02302,1,1260.0,96,3,1,1,New / Promising
C02303,1,3788.0,223,2,1,2,Lost / Hibernating
C02304,1,279.0,161,3,1,1,New / Promising
C02305,1,2180.0,277,2,1,2,Lost / Hibernating
C02307,1,1536.0,7,4,1,1,New / Promising
C02308,2,4212.0,437,1,3,2,At Risk
C02309,2,6553.0,115,3,3,3,Champions
C02310,1,449.0,194,3,1,1,New / Promising
C02311,1,630.0,443,1,1,1,Lost / Hibernating
C02312,1,4321.5,59,4,1,2,New / Promising
C02314,1,4034.0,348,2,1,2,Lost / Hibernating
C02315,4,9210.0,131,3,4,3,Champions
C02316,1,6950.0,677,1,1,3,Lost / Hibernating
C02317,2,11172.0,23,4,3,3,Champions
C02318,1,3290.0,510,1,1,2,Lost / Hibernating
C02320,2,1356.0,165,3,3,1,Loyal
C02321,2,4290.0,100,3,3,2,Loyal
C02322,1,1502.0,165,3,1,1,New / Promising
C02323,1,8556.0,72,4,1,3,Big Spenders
C02324,2,2282.0,758,1,3,2,At Risk
C02325,2,10352.0,56,4,3,3,Champions
C02326,1,1760.0,411,1,1,2,Lost / Hibernating
C02327,4,14289.0,236,2,4,4,Loyal
C02328,1,3380.0,433,1,1,2,Lost / Hibernating
C02329,1,2244.0,496,1,1,2,Lost / Hibernating
C02330,1,3834.0,438,1,1,2,Lost / Hibernating
C02331,3,1605.0,242,2,3,1,Loyal
C02332,6,15322.0,170,3,4,4,Champions
C02333,9,39360.5,131,3,4,4,Champions
C02334,1,2460.0,136,3,1,2,New / Promising
C02335,2,24668.5,177,3,3,4,Champions
C02336,2,15557.0,398,2,3,4,Loyal
C02337,1,4769.0,173,3,1,3,Big Spenders
C02338,3,9703.0,78,4,3,3,Champions
C02339,3,11892.0,382,2,3,4,Loyal
C02340,1,430.0,312,2,1,1,Lost / Hibernating
C02341,2,6919.0,181,3,3,3,Champions
C02342,1,1396.5,193,3,1,1,New / Promising
C02343,1,2190.0,678,1,1,2,Lost / Hibernating
C02344,1,16680.0,256,2,1,4,Lost / Hibernating
C02345,3,17530.0,440,1,3,4,At Risk
C02346,1,17790.0,369,2,1,4,Lost / Hibernating
C02347,1,1590.0,46,4,1,1,New / Promising
C02348,2,6659.0,368,2,3,3,Loyal
C02349,1,1897.0,96,3,1,2,New / Promising
C02350,1,3480.0,17,4,1,2,New / Promising
C02351,1,5567.0,102,3,1,3,Big Spenders
C02352,10,53442.0,65,4,4,4,Champions
C02353,1,1742.0,128,3,1,2,New / Promising
C02354,4,13556.0,201,3,4,4,Champions
C02355,1,3062.0,500,1,1,2,Lost / Hibernating
C02356,1,4102.0,112,3,1,2,New / Promising
C02357,1,5930.0,271,2,1,3,Lost / Hibernating
C02358,2,6120.0,340,2,3,3,Loyal
C02359,2,9590.0,377,2,3,3,Loyal
C02361,1,600.0,232,2,1,1,Lost / Hibernating
C02362,1,1400.0,451,1,1,1,Lost / Hibernating
C02363,1,7005.5,88,4,1,3,Big Spenders
C02364,4,4991.0,139,3,4,3,Champions
C02365,4,3526.5,155,3,4,2,Loyal
C02366,1,470.0,280,2,1,1,Lost / Hibernating
C02367,1,4380.0,10,4,1,2,New / Promising
C02368,9,24813.5,127,3,4,4,Champions
C02369,1,1251.0,647,1,1,1,Lost / Hibernating
C02370,1,1566.0,781,1,1,1,Lost / Hibernating
C02372,2,2282.0,600,1,3,2,At Risk
C02373,3,4206.0,388,2,3,2,Loyal
C02374,1,7107.0,26,4,1,3,Big Spenders
C02375,2,3940.0,903,1,3,2,At Risk
C02376,1,504.0,360,2,1,1,Lost / Hibernating
C02377,10,19168.0,21,4,4,4,Champions
C02378,1,2510.0,172,3,1,2,New / Promising
C02379,3,2244.0,256,2,3,2,Loyal
C02380,1,17898.0,516,1,1,4,Lost / Hibernating
C02381,3,5331.0,322,2,3,3,Loyal
C02382,3,20190.0,22,4,3,4,Champions
C02383,1,260.0,160,3,1,1,New / Promising
C02384,3,2240.0,479,1,3,2,At Risk
C02385,7,26072.0,90,3,4,4,Champions
C02386,1,16011.0,76,4,1,4,Big Spenders
C02387,38,105654.5,64,4,4,4,Champions
C02388,3,13493.0,535,1,3,4,At Risk
C02389,3,6716.0,123,3,3,3,Champions
C02390,1,14380.0,574,1,1,4,Lost / Hibernating
C02391,2,3004.0,194,3,3,2,Loyal
C02392,6,35145.5,88,4,4,4,Champions
C02393,1,1220.0,718,1,1,1,Lost / Hibernating
C02394,3,8168.0,115,3,3,3,Champions
C02395,1,3604.0,223,2,1,2,Lost / Hibernating
C02396,1,3699.0,352,2,1,2,Lost / Hibernating
C02398,1,3982.0,132,3,1,2,New / Promising
C02399,3,5214.0,313,2,3,3,Loyal
C02400,1,1672.0,184,3,1,1,New / Promising
C02401,5,29741.0,46,4,4,4,Champions
C02402,1,1760.0,153,3,1,2,New / Promising
C02403,5,13624.5,145,3,4,4,Champions
C02404,2,1468.0,440,1,3,1,At Risk
C02405,1,1392.0,410,1,1,1,Lost / Hibernating
C02406,3,8913.0,302,2,3,3,Loyal
C02407,1,7346.0,692,1,1,3,Lost / Hibernating
C02408,1,260.0,238,2,1,1,Lost / Hibernating
C02409,2,1626.0,127,3,3,1,Loyal
C02410,3,8559.5,667,1,3,3,At Risk
C02411,2,782.0,97,3,3,1,Loyal
C02412,2,21164.0,83,4,3,4,Champions
C02413,1,9954.0,113,3,1,3,Big Spenders
C02414,1,650.0,248,2,1,1,Lost / Hibernating
C02415,1,1970.0,255,2,1,2,Lost / Hibernating
C02416,4,14147.0,178,3,4,4,Champions
C02417,1,1760.0,284,2,1,2,Lost / Hibernating
C02418,1,1008.0,83,4,1,1,New / Promising
C02420,1,8161.0,599,1,1,3,Lost / Hibernating
C02421,5,16239.0,134,3,4,4,Champions
C02422,1,9646.0,41,4,1,3,Big Spenders
C02423,4,13727.0,135,3,4,4,Champions
C02424,2,2788.0,63,4,3,2,Loyal
C02425,3,11568.5,61,4,3,3,Champions
C02427,10,19642.5,223,2,4,4,Loyal
C02428,1,712.0,171,3,1,1,New / Promising
C02429,1,5280.0,72,4,1,3,Big Spenders
C02430,1,14783.5,921,1,1,4,Lost / Hibernating
C02431,1,3897.0,206,3,1,2,New / Promising
C02432,1,647.0,552,1,1,1,Lost / Hibernating
C02433,1,4110.0,277,2,1,2,Lost / Hibernating
C02434,1,234.0,368,2,1,1,Lost / Hibernating
C02435,2,3900.0,179,3,3,2,Loyal
C02436,3,5210.5,654,1,3,3,At Risk
C02437,2,2512.0,292,2,3,2,Loyal
C02438,5,11896.0,203,3,4,4,Champions
C02439,1,1228.0,300,2,1,1,Lost / Hibernating
C02440,1,589.0,564,1,1,1,Lost / Hibernating
C02441,2,5108.0,378,2,3,3,Loyal
C02442,7,17167.0,31,4,4,4,Champions
C02443,1,2420.0,245,2,1,2,Lost / Hibernating
C02444,1,10478.0,338,2,1,3,Lost / Hibernating
C02445,1,260.0,32,4,1,1,New / Promising
C02446,2,1808.5,30,4,3,2,Loyal
C02447,1,3850.0,133,3,1,2,New / Promising
C02448,11,46182.0,89,3,4,4,Champions
C02449,1,3520.0,209,3,1,2,New / Promising
C02450,1,2366.0,2,4,1,2,New / Promising
C02452,1,5633.5,306,2,1,3,Lost / Hibernating
C02453,5,16151.0,77,4,4,4,Champions
C02454,1,2190.0,558,1,1,2,Lost / Hibernating
C02455,6,23689.0,74,4,4,4,Champions
C02456,1,2640.0,187,3,1,2,New / Promising
C02457,1,570.0,10,4,1,1,New / Promising
C02458,1,5220.0,423,1,1,3,Lost / Hibernating
C02459,1,838.0,906,1,1,1,Lost / Hibernating
C02460,2,3847.5,235,2,3,2,Loyal
C02461,10,55780.0,22,4,4,4,Champions
C02462,7,14579.5,58,4,4,4,Champions
C02463,3,1881.0,423,1,3,2,At Risk
C02464,1,247.0,212,3,1,1,New / Promising
C02465,3,7327.0,53,4,3,3,Champions
C02466,2,3243.0,185,3,3,2,Loyal
C02467,4,8289.0,64,4,4,3,Champions
C02468,1,2000.0,120,3,1,2,New / Promising
C02469,2,16687.0,208,3,3,4,Champions
C02470,1,1390.0,942,1,1,1,Lost / Hibernating
C02471,5,10244.0,250,2,4,3,Loyal
C02472,2,4831.0,288,2,3,3,Loyal
C02473,10,34397.5,76,4,4,4,Champions
C02474,3,13864.0,70,4,3,4,Champions
C02475,15,31909.0,167,3,4,4,Champions
C02477,5,4540.0,115,3,4,2,Loyal
C02478,1,7530.0,266,2,1,3,Lost / Hibernating
C02479,3,6372.0,53,4,3,3,Champions
C02480,1,520.0,38,4,1,1,New / Promising
C02481,1,2780.0,17,4,1,2,New / Promising
C02482,1,1390.0,198,3,1,1,New / Promising
C02483,1,1980.0,428,1,1,2,Lost / Hibernating
C02484,5,22821.0,248,2,4,4,Loyal
C02485,1,520.0,150,3,1,1,New / Promising
C02487,1,1035.5,681,1,1,1,Lost / Hibernating
C02488,2,2390.0,317,2,3,2,Loyal
C02489,1,4330.0,435,1,1,2,Lost / Hibernating
C02490,2,4090.0,117,3,3,2,Loyal
C02491,3,5382.0,229,2,3,3,Loyal
C02492,2,4093.0,186,3,3,2,Loyal
C02493,7,9458.0,28,4,4,3,Champions
C02494,1,700.0,658,1,1,1,Lost / Hibernating
C02495,1,2608.0,528,1,1,2,Lost / Hibernating
C02496,5,16926.0,325,2,4,4,Loyal
C02497,1,1008.0,156,3,1,1,New / Promising
C02499,1,1870.0,485,1,1,2,Lost / Hibernating
C02500,1,1400.0,676,1,1,1,Lost / Hibernating
C02501,3,14915.0,290,2,3,4,Loyal
C02502,1,1584.0,316,2,1,1,Lost / Hibernating
C02503,17,52809.5,17,4,4,4,Champions
C02504,1,2288.0,888,1,1,2,Lost / Hibernating
C02505,1,208.0,194,3,1,1,New / Promising
C02506,1,4330.0,537,1,1,2,Lost / Hibernating
C02507,4,5770.5,114,3,4,3,Champions
C02508,1,5562.0,466,1,1,3,Lost / Hibernating
C02509,2,2378.5,55,4,3,2,Loyal
C02510,4,6939.0,214,3,4,3,Champions
C02511,1,14895.0,200,3,1,4,Big Spenders
C02512,1,1250.0,44,4,1,1,New / Promising
C02513,1,1566.0,300,2,1,1,Lost / Hibernating
C02514,1,3480.0,458,1,1,2,Lost / Hibernating
C02515,1,4640.0,211,3,1,2,New / Promising
C02516,29,111083.5,58,4,4,4,Champions
C02517,1,4054.0,516,1,1,2,Lost / Hibernating
C02518,2,6927.0,98,3,3,3,Champions
C02519,8,35220.5,242,2,4,4,Loyal
C02520,2,10190.0,811,1,3,3,At Risk
C02521,4,19712.0,147,3,4,4,Champions
C02522,6,21002.0,6,4,4,4,Champions
C02523,7,31302.0,296,2,4,4,Loyal
C02524,1,2442.0,335,2,1,2,Lost / Hibernating
C02525,1,416.0,39,4,1,1,New / Promising
C02526,32,102702.5,81,4,4,4,Champions
C02527,6,31885.0,17,4,4,4,Champions
C02528,1,1030.0,455,1,1,1,Lost / Hibernating
C02529,2,2615.0,562,1,3,2,At Risk
C02530,3,4406.0,120,3,3,2,Loyal
C02531,1,3582.0,221,2,1,2,Lost / Hibernating
C02532,18,82111.5,41,4,4,4,Champions
C02533,4,15530.5,559,1,4,4,At Risk
C02535,1,1239.0,392,2,1,1,Lost / Hibernating
C02536,1,928.0,983,1,1,1,Lost / Hibernating
C02538,1,8120.0,864,1,1,3,Lost / Hibernating
C02539,2,10648.0,346,2,3,3,Loyal
C02540,3,6938.0,222,2,3,3,Loyal
C02543,6,23946.0,487,1,4,4,At Risk
C02544,1,6344.0,38,4,1,3,Big Spenders
C02545,33,95672.5,33,4,4,4,Champions
C02546,2,2142.0,637,1,3,2,At Risk
C02547,1,1971.0,775,1,1,2,Lost / Hibernating
C02548,1,2274.0,8,4,1,2,New / Promising
C02549,2,5820.0,284,2,3,3,Loyal
C02550,1,1734.0,312,2,1,2,Lost / Hibernating
C02551,1,774.0,3,4,1,1,New / Promising
C02552,32,105868.0,81,4,4,4,Champions
C02553,1,1125.0,14,4,1,1,New / Promising
C02554,16,69730.0,104,3,4,4,Champions
C02555,1,3460.0,324,2,1,2,Lost / Hibernating
C02556,1,10113.0,466,1,1,3,Lost / Hibernating
C02557,2,18590.0,495,1,3,4,At Risk
C02558,1,260.0,57,4,1,1,New / Promising
C02559,8,27199.5,180,3,4,4,Champions
C02560,1,690.0,25,4,1,1,New / Promising
C02561,6,23385.0,272,2,4,4,Loyal
C02562,1,5736.0,290,2,1,3,Lost / Hibernating
C02563,1,5854.5,18,4,1,3,Big Spenders
C02564,6,24187.0,94,3,4,4,Champions
C02565,1,260.0,56,4,1,1,New / Promising
C02566,6,18346.5,23,4,4,4,Champions
C02567,1,912.0,226,2,1,1,Lost / Hibernating
C02568,1,1510.0,766,1,1,1,Lost / Hibernating
C02569,1,1400.0,368,2,1,1,Lost / Hibernating
C02570,1,5280.0,270,2,1,3,Lost / Hibernating
C02571,1,4508.0,16,4,1,2,New / Promising
C02572,4,12011.0,44,4,4,4,Champions
C02573,2,3982.0,140,3,3,2,Loyal
C02574,1,6202.0,106,3,1,3,Big Spenders
C02575,1,5483.0,957,1,1,3,Lost / Hibernating
C02577,1,208.0,3,4,1,1,New / Promising
C02578,3,5599.0,287,2,3,3,Loyal
C02579,1,1320.0,743,1,1,1,Lost / Hibernating
C02580,1,5533.0,255,2,1,3,Lost / Hibernating
C02581,10,37806.5,363,2,4,4,Loyal
C02582,2,4158.0,279,2,3,2,Loyal
C02583,1,427.5,252,2,1,1,Lost / Hibernating
C02584,5,8748.0,204,3,4,3,Champions
C02585,1,1950.0,526,1,1,2,Lost / Hibernating
C02587,1,228.0,310,2,1,1,Lost / Hibernating
C02588,17,44817.0,3,4,4,4,Champions
C02589,1,5210.0,347,2,1,3,Lost / Hibernating
C02590,2,3970.0,30,4,3,2,Loyal
C02591,1,8684.0,288,2,1,3,Lost / Hibernating
C02592,1,1102.0,444,1,1,1,Lost / Hibernating
C02593,1,432.0,603,1,1,1,Lost / Hibernating
C02594,4,16457.0,2,4,4,4,Champions
C02595,1,1400.0,678,1,1,1,Lost / Hibernating
C02596,10,50842.0,651,1,4,4,At Risk
C02597,1,2120.0,26,4,1,2,New / Promising
C02598,3,8330.0,105,3,3,3,Champions
C02599,2,13636.0,128,3,3,4,Champions
C02600,1,465.5,739,1,1,1,Lost / Hibernating
C02601,2,4228.0,145,3,3,2,Loyal
C02602,4,9835.0,89,3,4,3,Champions
C02603,1,480.0,605,1,1,1,Lost / Hibernating
C02604,1,387.0,174,3,1,1,New / Promising
C02605,1,260.0,46,4,1,1,New / Promising
C02606,2,18026.0,60,4,3,4,Champions
C02607,5,10184.0,263,2,4,3,Loyal
C02608,1,630.0,171,3,1,1,New / Promising
C02609,1,1168.0,762,1,1,1,Lost / Hibernating
C02610,1,387.0,82,4,1,1,New / Promising
C02611,1,210.0,366,2,1,1,Lost / Hibernating
C02612,6,26468.5,126,3,4,4,Champions
C02613,3,3372.5,161,3,3,2,Loyal
C02614,15,40763.5,181,3,4,4,Champions
C02615,2,2592.0,373,2,3,2,Loyal
C02617,1,4151.0,171,3,1,2,New / Promising
C02619,1,400.0,824,1,1,1,Lost / Hibernating
C02620,4,19208.0,1,4,4,4,Champions
C02622,1,2403.0,359,2,1,2,Lost / Hibernating
C02623,3,13339.0,397,2,3,4,Loyal
C02624,3,25302.0,564,1,3,4,At Risk
C02625,1,290.0,357,2,1,1,Lost / Hibernating
C02626,2,3968.0,457,1,3,2,At Risk
C02627,2,7940.0,194,3,3,3,Champions
C02628,1,234.0,280,2,1,1,Lost / Hibernating
C02629,3,3594.0,412,1,3,2,At Risk
C02630,1,890.0,57,4,1,1,New / Promising
C02631,2,17694.0,26,4,3,4,Champions
C02632,1,10530.0,137,3,1,3,Big Spenders
C02633,2,1410.0,234,2,3,1,Loyal
C02634,1,2927.0,228,2,1,2,Lost / Hibernating
C02635,1,4744.0,237,2,1,3,Lost / Hibernating
C02636,1,940.0,93,3,1,1,New / Promising
C02637,3,1755.0,163,3,3,2,Loyal
C02638,3,4316.0,590,1,3,2,At Risk
C02639,6,24669.0,137,3,4,4,Champions
C02640,1,2510.0,305,2,1,2,Lost / Hibernating
C02641,3,6876.0,715,1,3,3,At Risk
C02642,1,7097.0,695,1,1,3,Lost / Hibernating
C02643,7,37105.0,417,1,4,4,At Risk
C02644,1,1400.0,352,2,1,1,Lost / Hibernating
C02645,1,2502.0,736,1,1,2,Lost / Hibernating
C02646,5,23241.0,130,3,4,4,Champions
C02647,1,627.0,168,3,1,1,New / Promising
C02648,3,10100.0,8,4,3,3,Champions
C02649,1,1014.0,595,1,1,1,Lost / Hibernating
C02650,5,23880.5,129,3,4,4,Champions
C02651,1,1598.0,178,3,1,1,New / Promising
C02652,1,1533.0,440,1,1,1,Lost / Hibernating
C02653,1,5374.0,287,2,1,3,Lost / Hibernating
C02654,5,12590.0,130,3,4,4,Champions
C02655,1,2820.0,22,4,1,2,New / Promising
C02656,1,10634.0,846,1,1,3,Lost / Hibernating
C02657,1,2862.0,129,3,1,2,New / Promising
C02658,3,6802.0,123,3,3,3,Champions
C02659,14,63412.0,128,3,4,4,Champions
C02660,1,5545.0,201,3,1,3,Big Spenders
C02661,7,30584.0,3,4,4,4,Champions
C02662,1,3867.5,167,3,1,2,New / Promising
C02663,2,10530.0,57,4,3,3,Champions
C02664,4,5026.0,233,2,4,3,Loyal
C02665,3,7590.5,8,4,3,3,Champions
C02667,2,981.0,46,4,3,1,Loyal
C02668,1,456.0,63,4,1,1,New / Promising
C02669,1,3497.0,208,3,1,2,New / Promising
C02670,1,2647.5,246,2,1,2,Lost / Hibernating
C02671,6,12640.0,34,4,4,4,Champions
C02672,2,3097.5,80,4,3,2,Loyal
C02673,1,1672.0,49,4,1,1,New / Promising
C02675,2,12558.0,311,2,3,4,Loyal
C02676,1,5793.0,679,1,1,3,Lost / Hibernating
C02677,2,2612.0,290,2,3,2,Loyal
C02678,1,182.0,201,3,1,1,New / Promising
C02679,5,7903.0,97,3,4,3,Champions
C02680,1,5720.0,341,2,1,3,Lost / Hibernating
C02681,1,9140.0,451,1,1,3,Lost / Hibernating
C02682,1,1368.0,791,1,1,1,Lost / Hibernating
C02683,4,30186.0,356,2,4,4,Loyal
C02684,2,11122.5,50,4,3,3,Champions
C02685,4,12592.0,78,4,4,4,Champions
C02686,1,570.0,532,1,1,1,Lost / Hibernating
C02687,1,649.0,172,3,1,1,New / Promising
C02688,4,5912.0,26,4,4,3,Champions
C02689,1,528.0,650,1,1,1,Lost / Hibernating
C02690,3,7787.5,414,1,3,3,At Risk
C02691,1,1624.0,17,4,1,1,New / Promising
C02692,1,1352.0,230,2,1,1,Lost / Hibernating
C02693,1,11551.0,331,2,1,3,Lost / Hibernating
C02694,6,19514.0,122,3,4,4,Champions
C02695,3,8676.0,121,3,3,3,Champions
C02696,1,208.0,292,2,1,1,Lost / Hibernating
C02697,8,11819.0,233,2,4,4,Loyal
C02698,1,12893.0,49,4,1,4,Big Spenders
C02699,1,760.0,187,3,1,1,New / Promising
C02700,4,16820.0,321,2,4,4,Loyal
C02701,1,20787.5,200,3,1,4,Big Spenders
C02702,1,1210.0,23,4,1,1,New / Promising
C02703,2,2307.5,232,2,3,2,Loyal
C02704,1,3168.0,286,2,1,2,Lost / Hibernating
C02705,3,9974.5,56,4,3,3,Champions
C02706,3,16358.0,50,4,3,4,Champions
C02707,2,5240.0,65,4,3,3,Champions
C02708,2,4997.0,540,1,3,3,At Risk
C02709,3,7916.0,195,3,3,3,Champions
C02710,1,968.0,177,3,1,1,New / Promising
C02711,3,7152.0,4,4,3,3,Champions
C02712,1,711.0,407,2,1,1,Lost / Hibernating
C02713,1,2850.0,307,2,1,2,Lost / Hibernating
C02714,2,6566.0,708,1,3,3,At Risk
C02715,4,5891.5,221,2,4,3,Loyal
C02716,1,3464.0,623,1,1,2,Lost / Hibernating
C02717,1,1680.0,305,2,1,1,Lost / Hibernating
C02718,1,430.0,469,1,1,1,Lost / Hibernating
C02719,1,3110.0,672,1,1,2,Lost / Hibernating
C02720,1,234.0,103,3,1,1,New / Promising
C02721,4,21258.0,149,3,4,4,Champions
C02722,2,10756.0,283,2,3,3,Loyal
C02723,2,15892.0,246,2,3,4,Loyal
C02724,1,2510.0,716,1,1,2,Lost / Hibernating
C02725,1,4820.0,235,2,1,3,Lost / Hibernating
C02726,1,247.0,449,1,1,1,Lost / Hibernating
C02727,5,26169.5,144,3,4,4,Champions
C02728,1,1312.0,15,4,1,1,New / Promising
C02730,6,10618.0,8,4,4,3,Champions
C02731,1,700.0,110,3,1,1,New / Promising
C02732,1,1746.5,71,4,1,2,New / Promising
C02734,3,7589.0,52,4,3,3,Champions
C02735,1,1794.0,322,2,1,2,Lost / Hibernating
C02736,2,908.0,425,1,3,1,At Risk
C02737,3,6620.0,191,3,3,3,Champions
C02738,1,7794.0,660,1,1,3,Lost / Hibernating
C02739,5,25296.0,27,4,4,4,Champions
C02740,1,1390.0,174,3,1,1,New / Promising
C02741,3,6687.0,36,4,3,3,Champions
C02742,1,1220.0,600,1,1,1,Lost / Hibernating
C02743,4,10002.0,39,4,4,3,Champions
C02744,2,15444.0,244,2,3,4,Loyal
C02745,1,465.5,362,2,1,1,Lost / Hibernating
C02746,1,13660.5,76,4,1,4,Big Spenders
C02747,1,598.5,114,3,1,1,New / Promising
C02748,1,16960.0,67,4,1,4,Big Spenders
C02749,1,3880.0,98,3,1,2,New / Promising
C02750,1,260.0,7,4,1,1,New / Promising
C02751,1,3210.0,442,1,1,2,Lost / Hibernating
C02752,1,1533.0,932,1,1,1,Lost / Hibernating
C02753,4,4621.5,354,2,4,2,Loyal
C02754,2,13836.5,441,1,3,4,At Risk
C02755,8,16576.0,448,1,4,4,At Risk
C02756,2,7025.5,173,3,3,3,Champions
C02757,2,8732.0,49,4,3,3,Champions
C02758,2,1290.0,400,2,3,1,Loyal
C02760,2,5153.0,167,3,3,3,Champions
C02761,1,6338.0,280,2,1,3,Lost / Hibernating
C02762,1,3800.0,248,2,1,2,Lost / Hibernating
C02763,1,1390.0,579,1,1,1,Lost / Hibernating
C02764,1,8260.0,290,2,1,3,Lost / Hibernating
C02765,4,11743.0,286,2,4,4,Loyal
C02766,1,2190.0,57,4,1,2,New / Promising
C02767,3,18947.0,270,2,3,4,Loyal
C02768,8,35132.5,18,4,4,4,Champions
C02769,1,1740.0,214,3,1,2,New / Promising
C02770,1,3464.0,285,2,1,2,Lost / Hibernating
C02771,13,37940.0,29,4,4,4,Champions
C02772,2,6236.0,259,2,3,3,Loyal
C02773,3,13494.0,13,4,3,4,Champions
C02774,1,1674.0,253,2,1,1,Lost / Hibernating
C02775,2,4588.0,166,3,3,2,Loyal
C02776,1,1149.5,657,1,1,1,Lost / Hibernating
C02777,1,660.0,756,1,1,1,Lost / Hibernating
C02778,1,2944.0,567,1,1,2,Lost / Hibernating
C02779,1,1672.0,590,1,1,1,Lost / Hibernating
C02780,1,1420.0,450,1,1,1,Lost / Hibernating
C02781,1,1280.0,728,1,1,1,Lost / Hibernating
C02782,1,1280.0,152,3,1,1,New / Promising
C02783,1,1210.0,135,3,1,1,New / Promising
C02784,7,27564.5,52,4,4,4,Champions
C02786,1,838.5,39,4,1,1,New / Promising
C02787,1,2596.0,485,1,1,2,Lost / Hibernating
C02788,1,8440.0,77,4,1,3,Big Spenders
C02789,7,16644.5,272,2,4,4,Loyal
C02790,2,4633.0,569,1,3,2,At Risk
C02791,4,14781.0,127,3,4,4,Champions
C02792,1,494.0,199,3,1,1,New / Promising
C02793,1,1295.0,135,3,2,1,New / Promising
C02794,27,108378.0,165,3,4,4,Champions
C02795,1,3583.0,161,3,2,2,New / Promising
C02796,3,4109.0,5,4,3,2,Loyal
C02797,6,8337.5,393,2,4,3,Loyal
C02798,1,1330.0,736,1,2,1,Lost / Hibernating
C02799,1,2100.0,11,4,2,2,New / Promising
C02800,2,4848.0,366,2,3,3,Loyal
C02801,1,8790.0,146,3,2,3,Big Spenders
C02802,1,1396.5,281,2,2,1,Lost / Hibernating
C02803,1,310.0,221,2,2,1,Lost / Hibernating
C02804,1,5233.5,224,2,2,3,Lost / Hibernating
C02805,1,13900.0,120,3,2,4,Big Spenders
C02806,2,5020.0,177,3,3,3,Champions
C02807,1,660.0,978,1,2,1,Lost / Hibernating
C02808,2,17290.0,142,3,3,4,Champions
C02809,3,6531.0,135,3,3,3,Champions
C02810,6,6751.5,225,2,4,3,Loyal
C02811,12,45380.5,95,3,4,4,Champions
C02812,4,20030.5,148,3,4,4,Champions
C02813,2,2492.0,892,1,3,2,At Risk
C02814,1,7064.0,888,1,2,3,Lost / Hibernating
C02815,1,5280.0,69,4,2,3,Big Spenders
C02816,5,14258.0,41,4,4,4,Champions
C02817,1,376.0,22,4,2,1,New / Promising
C02818,1,5070.0,2,4,2,3,Big Spenders
C02819,7,14217.0,128,3,4,4,Champions
C02820,1,2510.0,218,2,2,2,Lost / Hibernating
C02821,1,2690.0,126,3,2,2,New / Promising
C02822,1,2233.0,260,2,2,2,Lost / Hibernating
C02823,2,3151.5,563,1,3,2,At Risk
C02824,2,9178.5,601,1,3,3,At Risk
C02825,2,468.0,557,1,3,1,At Risk
C02826,2,6614.0,186,3,3,3,Champions
C02827,1,234.0,15,4,2,1,New / Promising
C02828,1,890.0,270,2,2,1,Lost / Hibernating
C02829,3,20852.0,70,4,3,4,Champions
C02831,2,1782.0,250,2,3,2,Loyal
C02832,6,28482.0,414,1,4,4,At Risk
C02833,2,17831.5,96,3,3,4,Champions
C02834,4,3354.0,195,3,4,2,Loyal
C02835,3,12563.0,481,1,3,4,At Risk
C02836,3,10444.0,100,3,3,3,Champions
C02837,1,504.0,40,4,2,1,New / Promising
C02838,3,5383.0,353,2,3,3,Loyal
C02839,1,2011.0,407,2,2,2,Lost / Hibernating
C02840,1,8643.0,753,1,2,3,Lost / Hibernating
C02841,4,5993.0,49,4,4,3,Champions
C02842,3,26844.5,103,3,3,4,Champions
C02843,1,13940.5,231,2,2,4,Lost / Hibernating
C02844,2,5790.0,119,3,3,3,Champions
C02845,2,16683.0,381,2,3,4,Loyal
C02846,1,2143.0,362,2,2,2,Lost / Hibernating
C02847,3,5580.0,249,2,3,3,Loyal
C02848,7,30762.0,433,1,4,4,At Risk
C02849,1,1945.9999999999998,357,2,2,2,Lost / Hibernating
C02850,1,5472.0,245,2,2,3,Lost / Hibernating
C02851,6,42937.5,31,4,4,4,Champions
C02852,1,817.0,498,1,2,1,Lost / Hibernating
C02853,4,16478.0,81,4,4,4,Champions
C02854,3,4031.0,445,1,3,2,At Risk
C02855,6,17868.0,260,2,4,4,Loyal
C02856,1,247.0,56,4,2,1,New / Promising
C02857,1,336.0,190,3,2,1,New / Promising
C02859,1,11153.0,71,4,2,3,Big Spenders
C02860,1,234.0,276,2,2,1,Lost / Hibernating
C02861,1,441.0,50,4,2,1,New / Promising
C02862,8,26641.0,90,3,4,4,Champions
C02863,3,21842.0,661,1,3,4,At Risk
C02864,10,35796.0,76,4,4,4,Champions
C02865,2,4056.0,93,3,3,2,Loyal
C02866,3,17945.0,372,2,3,4,Loyal
C02867,1,750.5,567,1,2,1,Lost / Hibernating
C02868,1,1160.0,248,2,2,1,Lost / Hibernating
C02869,1,1380.0,164,3,2,1,New / Promising
C02870,1,5202.0,327,2,2,3,Lost / Hibernating
C02871,2,3200.0,717,1,3,2,At Risk
C02872,1,494.0,192,3,2,1,New / Promising
C02873,3,1820.0,8,4,3,2,Loyal
C02874,11,52078.5,218,2,4,4,Loyal
C02875,15,71174.0,4,4,4,4,Champions
C02877,4,10530.0,91,3,4,3,Champions
C02878,2,2598.0,127,3,3,2,Loyal
C02879,1,468.0,186,3,2,1,New / Promising
C02880,1,2653.0,265,2,2,2,Lost / Hibernating
C02881,3,22476.0,122,3,3,4,Champions
C02882,1,1290.0,172,3,2,1,New / Promising
C02883,7,28514.5,2,4,4,4,Champions
C02884,3,2022.0,105,3,3,2,Loyal
C02885,2,2590.0,102,3,3,2,Loyal
C02886,10,39446.0,221,2,4,4,Loyal
C02887,1,1220.0,459,1,2,1,Lost / Hibernating
C02888,2,9540.0,282,2,3,3,Loyal
C02889,3,11769.0,103,3,3,4,Champions
C02890,4,20895.0,117,3,4,4,Champions
C02891,2,1200.0,531,1,3,1,At Risk
C02892,1,208.0,816,1,2,1,Lost / Hibernating
C02893,1,208.0,48,4,2,1,New / Promising
C02894,5,5137.0,116,3,4,3,Champions
C02896,1,14969.0,593,1,2,4,Lost / Hibernating
C02897,1,7090.0,67,4,2,3,Big Spenders
C02898,2,1801.0,174,3,3,2,Loyal
C02899,1,344.0,69,4,2,1,New / Promising
C02900,4,31461.5,11,4,4,4,Champions
C02901,6,20221.0,573,1,4,4,At Risk
C02902,1,5280.0,345,2,2,3,Lost / Hibernating
C02903,1,570.0,574,1,2,1,Lost / Hibernating
C02904,1,2320.0,161,3,2,2,New / Promising
C02905,1,700.0,120,3,2,1,New / Promising
C02906,2,3609.0,196,3,3,2,Loyal
C02908,1,2090.0,340,2,2,2,Lost / Hibernating
C02909,2,6528.0,512,1,3,3,At Risk
C02910,6,12589.5,184,3,4,4,Champions
C02912,1,2190.0,173,3,2,2,New / Promising
C02913,3,16515.0,281,2,3,4,Loyal
C02914,2,6756.0,305,2,3,3,Loyal
C02915,3,5626.0,73,4,3,3,Champions
C02916,3,12477.5,523,1,3,4,At Risk
C02917,5,11863.0,636,1,4,4,At Risk
C02919,5,8873.0,204,3,4,3,Champions
C02920,1,3843.0,411,1,2,2,Lost / Hibernating
C02921,3,4932.0,318,2,3,3,Loyal
C02922,2,1996.0,284,2,3,2,Loyal
C02923,9,19523.0,379,2,4,4,Loyal
C02924,1,9180.0,192,3,2,3,Big Spenders
C02925,1,1590.0,46,4,2,1,New / Promising
C02926,39,137457.5,1,4,4,4,Champions
C02927,1,4752.0,41,4,2,3,Big Spenders
C02928,3,11531.0,200,3,3,3,Champions
C02929,1,6870.0,293,2,2,3,Lost / Hibernating
C02930,1,7038.5,215,3,2,3,Big Spenders
C02931,4,23039.5,63,4,4,4,Champions
C02932,2,22190.0,25,4,3,4,Champions
C02933,1,3395.0,403,2,2,2,Lost / Hibernating
C02934,21,63613.0,1,4,4,4,Champions
C02935,1,1390.0,582,1,2,1,Lost / Hibernating
C02936,9,23055.0,317,2,4,4,Loyal
C02937,1,7524.0,282,2,2,3,Lost / Hibernating
C02938,1,2740.5,952,1,2,2,Lost / Hibernating
C02939,7,39349.5,386,2,4,4,Loyal
C02940,1,567.0,843,1,2,1,Lost / Hibernating
C02941,1,696.0,707,1,2,1,Lost / Hibernating
C02942,3,13806.0,157,3,3,4,Champions
C02943,1,2820.0,286,2,2,2,Lost / Hibernating
C02944,4,18502.0,21,4,4,4,Champions
C02945,7,41564.0,485,1,4,4,At Risk
C02946,1,3294.0,470,1,2,2,Lost / Hibernating
C02947,1,2934.0,567,1,2,2,Lost / Hibernating
C02948,1,260.0,222,2,2,1,Lost / Hibernating
C02949,5,8296.0,158,3,4,3,Champions
C02950,2,4588.5,194,3,3,2,Loyal
C02951,2,2283.0,276,2,3,2,Loyal
C02952,1,2398.0,15,4,2,2,New / Promising
C02953,2,2583.0,145,3,3,2,Loyal
C02954,1,387.0,406,2,2,1,Lost / Hibernating
C02955,2,4677.5,105,3,3,2,Loyal
C02956,7,23176.5,680,1,4,4,At Risk
C02957,1,10618.0,33,4,2,3,Big Spenders
C02958,2,10678.0,420,1,3,3,At Risk
C02959,3,3099.0,570,1,3,2,At Risk
C02960,1,3477.0,22,4,2,2,New / Promising
C02961,1,1254.0,225,2,2,1,Lost / Hibernating
C02962,4,18907.0,105,3,4,4,Champions
C02963,5,8386.0,134,3,4,3,Champions
C02964,26,64471.5,45,4,4,4,Champions
C02965,1,2173.0,306,2,2,2,Lost / Hibernating
C02966,5,30299.0,9,4,4,4,Champions
C02967,1,260.0,46,4,2,1,New / Promising
C02968,1,1024.0,56,4,2,1,New / Promising
C02969,1,234.0,351,2,2,1,Lost / Hibernating
C02970,1,660.0,311,2,2,1,Lost / Hibernating
C02971,2,5760.0,601,1,3,3,At Risk
C02972,2,5260.0,880,1,3,3,At Risk
C02973,1,3432.0,209,3,2,2,New / Promising
C02974,1,260.0,825,1,2,1,Lost / Hibernating
C02975,1,2510.0,869,1,2,2,Lost / Hibernating
C02976,1,1400.0,587,1,2,1,Lost / Hibernating
C02977,7,19176.5,364,2,4,4,Loyal
C02978,1,5860.0,483,1,2,3,Lost / Hibernating
C02980,1,10116.0,162,3,2,3,Big Spenders
C02982,1,570.0,103,3,2,1,New / Promising
C02983,1,441.0,503,1,2,1,Lost / Hibernating
C02984,1,2580.0,112,3,2,2,New / Promising
C02985,3,9475.5,36,4,3,3,Champions
C02986,2,7248.0,605,1,3,3,At Risk
C02988,1,234.0,647,1,2,1,Lost / Hibernating
C02989,2,1950.5,450,1,3,2,At Risk
C02990,8,14335.5,177,3,4,4,Champions
C02991,6,23847.0,209,3,4,4,Champions
C02992,1,1260.0,567,1,2,1,Lost / Hibernating
C02993,4,9171.0,103,3,4,3,Champions
C02994,1,4899.0,97,3,2,3,Big Spenders
C02995,1,480.0,625,1,2,1,Lost / Hibernating
C02996,1,4113.5,386,2,2,2,Lost / Hibernating
C02997,1,870.0,558,1,2,1,Lost / Hibernating
C02998,2,7281.0,124,3,3,3,Champions
C02999,4,26496.5,65,4,4,4,Champions
C03000,4,28730.5,335,2,4,4,Loyal
C03003,1,9780.0,180,3,2,3,Big Spenders
C03004,5,10041.0,57,4,4,3,Champions
C03005,1,1140.0,177,3,2,1,New / Promising
C03006,6,21310.0,250,2,4,4,Loyal
C03007,23,74036.0,153,3,4,4,Champions
C03008,19,86470.5,84,4,4,4,Champions
C03009,5,25593.0,351,2,4,4,Loyal
C03010,4,9861.5,391,2,4,3,Loyal
C03011,1,1390.0,424,1,2,1,Lost / Hibernating
C03012,4,19488.0,190,3,4,4,Champions
C03013,1,247.0,355,2,2,1,Lost / Hibernating
C03014,1,1642.0,309,2,2,1,Lost / Hibernating
C03015,1,2190.0,251,2,2,2,Lost / Hibernating
C03016,2,10742.0,217,3,3,3,Champions
C03017,5,11704.0,46,4,4,4,Champions
C03018,2,5055.0,354,2,3,3,Loyal
C03019,1,7527.0,306,2,2,3,Lost / Hibernating
C03020,1,609.0,319,2,2,1,Lost / Hibernating
C03021,2,11079.5,57,4,3,3,Champions
C03022,1,1220.0,600,1,2,1,Lost / Hibernating
C03023,1,400.0,250,2,2,1,Lost / Hibernating
C03024,4,14343.0,134,3,4,4,Champions
C03025,5,16494.5,571,1,4,4,At Risk
C03026,1,1922.0,481,1,2,2,Lost / Hibernating
C03028,6,18953.0,290,2,4,4,Loyal
C03029,1,1408.0,99,3,2,1,New / Promising
C03030,3,19153.0,597,1,3,4,At Risk
C03031,16,34962.5,69,4,4,4,Champions
C03032,1,2350.0,465,1,2,2,Lost / Hibernating
C03033,3,10949.0,274,2,3,3,Loyal
C03034,1,1197.0,72,4,2,1,New / Promising
C03035,10,18798.0,90,3,4,4,Champions
C03036,1,2190.0,59,4,2,2,New / Promising
C03037,2,6144.0,370,2,3,3,Loyal
C03040,1,3647.0,351,2,2,2,Lost / Hibernating
C03041,5,17929.0,51,4,4,4,Champions
C03042,2,10142.5,225,2,3,3,Loyal
C03044,1,7356.0,46,4,2,3,Big Spenders
C03045,3,7035.5,121,3,3,3,Champions
C03046,1,1053.0,668,1,2,1,Lost / Hibernating
C03047,7,32367.0,62,4,4,4,Champions
C03048,1,1400.0,265,2,2,1,Lost / Hibernating
C03049,1,570.0,6,4,2,1,New / Promising
C03050,1,6790.0,804,1,2,3,Lost / Hibernating
C03051,1,567.0,193,3,2,1,New / Promising
C03052,1,2510.0,39,4,2,2,New / Promising
C03053,2,13607.0,123,3,3,4,Champions
C03054,1,2510.0,851,1,2,2,Lost / Hibernating
C03055,2,2016.0,72,4,3,2,Loyal
C03056,1,570.0,301,2,2,1,Lost / Hibernating
C03057,1,2020.0,884,1,2,2,Lost / Hibernating
C03058,3,6460.0,75,4,3,3,Champions
C03059,1,7342.0,370,2,2,3,Lost / Hibernating
C03060,1,2148.0,89,3,2,2,New / Promising
C03061,2,5664.0,79,4,3,3,Champions
C03062,1,400.0,135,3,2,1,New / Promising
C03063,1,8310.0,368,2,2,3,Lost / Hibernating
C03064,2,642.5,20,4,3,1,Loyal
C03065,5,21027.0,78,4,4,4,Champions
C03066,1,5337.0,834,1,2,3,Lost / Hibernating
C03067,1,6724.0,301,2,2,3,Lost / Hibernating
C03068,6,21543.5,528,1,4,4,At Risk
C03069,2,1827.0,148,3,3,2,Loyal
C03070,1,5930.0,884,1,2,3,Lost / Hibernating
C03071,5,12433.0,33,4,4,4,Champions
C03072,2,5118.0,373,2,3,3,Loyal
C03073,1,2104.0,328,2,2,2,Lost / Hibernating
C03074,1,6950.0,175,3,2,3,Big Spenders
C03075,6,9001.0,165,3,4,3,Champions
C03076,1,712.0,29,4,2,1,New / Promising
C03078,1,1220.0,568,1,2,1,Lost / Hibernating
C03079,1,1162.0,283,2,2,1,Lost / Hibernating
C03080,1,4669.0,497,1,2,2,Lost / Hibernating
C03081,6,20187.5,66,4,4,4,Champions
C03082,2,4626.0,165,3,3,2,Loyal
C03083,2,2088.0,305,2,3,2,Loyal
C03084,1,11014.0,109,3,2,3,Big Spenders
C03085,2,9742.0,16,4,3,3,Champions
C03086,1,638.0,143,3,2,1,New / Promising
C03087,2,6492.0,105,3,3,3,Champions
C03088,1,630.0,358,2,2,1,Lost / Hibernating
C03089,1,8480.0,20,4,2,3,Big Spenders
C03090,2,4834.0,575,1,3,3,At Risk
C03091,1,624.0,868,1,2,1,Lost / Hibernating
C03092,1,4068.0,345,2,2,2,Lost / Hibernating
C03093,18,72557.5,12,4,4,4,Champions
C03094,1,790.0,593,1,2,1,Lost / Hibernating
C03095,1,1890.0,989,1,2,2,Lost / Hibernating
C03096,1,399.0,307,2,2,1,Lost / Hibernating
C03097,12,36949.0,273,2,4,4,Loyal
C03098,3,5160.5,478,1,3,3,At Risk
C03099,2,11188.0,733,1,3,3,At Risk
C03100,3,1221.0,390,2,3,1,Loyal
C03101,1,2226.0,62,4,2,2,New / Promising
C03102,26,106355.0,129,3,4,4,Champions
C03103,1,5337.0,250,2,2,3,Lost / Hibernating
C03104,1,1971.0,194,3,2,2,New / Promising
C03105,1,25968.0,594,1,2,4,Lost / Hibernating
C03106,3,6549.0,53,4,3,3,Champions
C03107,1,301.0,267,2,2,1,Lost / Hibernating
C03109,13,36001.0,306,2,4,4,Loyal
C03110,3,1180.0,442,1,3,1,At Risk
C03112,1,3097.0,3,4,2,2,New / Promising
C03113,1,2302.0,48,4,2,2,New / Promising
C03114,1,9110.0,80,4,2,3,Big Spenders
C03115,20,99136.0,25,4,4,4,Champions
C03116,1,2510.0,165,3,2,2,New / Promising
C03117,1,5930.0,434,1,2,3,Lost / Hibernating
C03119,3,22279.0,909,1,3,4,At Risk
C03120,2,6746.5,490,1,3,3,At Risk
C03121,1,1570.0,198,3,2,1,New / Promising
C03122,1,2850.0,156,3,2,2,New / Promising
C03123,1,4204.0,322,2,2,2,Lost / Hibernating
C03124,3,4134.0,268,2,3,2,Loyal
C03125,2,7390.0,555,1,3,3,At Risk
C03127,1,800.0,458,1,2,1,Lost / Hibernating
C03128,1,627.0,433,1,2,1,Lost / Hibernating
C03129,1,420.0,364,2,2,1,Lost / Hibernating
C03130,1,3820.5,502,1,2,2,Lost / Hibernating
C03131,1,4350.0,358,2,2,2,Lost / Hibernating
C03132,3,9405.5,1,4,3,3,Champions
C03134,3,7301.0,3,4,3,3,Champions
C03135,1,4844.0,55,4,2,3,Big Spenders
C03136,3,17524.0,25,4,3,4,Champions
C03137,5,8897.0,87,4,4,3,Champions
C03138,1,11061.5,230,2,2,3,Lost / Hibernating
C03140,2,2083.5,338,2,3,2,Loyal
C03141,1,11118.5,246,2,2,3,Lost / Hibernating
C03142,1,3450.0,187,3,2,2,New / Promising
C03143,3,4281.5,165,3,3,2,Loyal
C03144,2,4006.5,88,4,3,2,Loyal
C03145,4,6827.0,389,2,4,3,Loyal
C03146,2,2992.0,128,3,3,2,Loyal
C03147,1,304.0,316,2,2,1,Lost / Hibernating
C03148,13,45691.5,9,4,4,4,Champions
C03149,1,5256.0,97,3,2,3,Big Spenders
C03150,1,234.0,305,2,2,1,Lost / Hibernating
C03151,2,3031.0,646,1,3,2,At Risk
C03153,1,2280.0,224,2,2,2,Lost / Hibernating
C03154,7,15478.0,46,4,4,4,Champions
C03155,17,80930.5,88,4,4,4,Champions
C03156,1,934.0,109,3,2,1,New / Promising
C03157,2,4459.5,412,1,3,2,At Risk
C03159,1,6928.0,975,1,2,3,Lost / Hibernating
C03160,1,247.0,286,2,2,1,Lost / Hibernating
C03161,2,6345.0,195,3,3,3,Champions
C03162,4,16861.5,61,4,4,4,Champions
C03163,7,17349.5,31,4,4,4,Champions
C03164,2,5294.0,130,3,3,3,Champions
C03165,1,6784.0,263,2,2,3,Lost / Hibernating
C03166,1,6347.0,664,1,2,3,Lost / Hibernating
C03167,1,11890.0,39,4,2,4,Big Spenders
C03168,1,5139.0,228,2,2,3,Lost / Hibernating
C03170,2,9834.0,7,4,3,3,Champions
C03171,1,2180.0,85,4,2,2,New / Promising
C03172,1,2111.5,194,3,2,2,New / Promising
C03173,1,1470.0,309,2,2,1,Lost / Hibernating
C03174,2,17470.5,680,1,3,4,At Risk
C03175,3,8024.0,93,3,3,3,Champions
C03176,1,1740.0,198,3,2,2,New / Promising
C03177,1,6390.0,372,2,2,3,Lost / Hibernating
C03178,1,260.0,118,3,2,1,New / Promising
C03179,1,570.0,828,1,2,1,Lost / Hibernating
C03180,3,15148.0,383,2,3,4,Loyal
C03181,1,2840.0,385,2,2,2,Lost / Hibernating
C03182,1,1994.9999999999998,468,1,2,2,Lost / Hibernating
C03183,1,630.0,851,1,2,1,Lost / Hibernating
C03185,1,1369.0,149,3,2,1,New / Promising
C03186,4,12729.5,51,4,4,4,Champions
C03187,4,11971.5,462,1,4,4,At Risk
C03188,4,30156.0,434,1,4,4,At Risk
C03189,4,22195.0,356,2,4,4,Loyal
C03190,2,2474.0,429,1,3,2,At Risk
C03191,1,1047.0,238,2,2,1,Lost / Hibernating
C03192,1,2505.0,163,3,2,2,New / Promising
C03194,1,4151.0,329,2,2,2,Lost / Hibernating
C03195,5,12243.0,245,2,4,4,Loyal
C03196,4,16481.0,18,4,4,4,Champions
C03197,1,7741.0,88,3,2,3,Big Spenders
C03198,1,1390.0,343,2,2,1,Lost / Hibernating
C03199,1,5536.0,84,4,2,3,Big Spenders
C03201,1,3310.0,592,1,2,2,Lost / Hibernating
C03202,3,12466.5,112,3,4,4,Champions
C03203,1,1566.0,420,1,2,1,Lost / Hibernating
C03204,1,1531.0,20,4,2,1,New / Promising
C03206,1,1760.0,94,3,2,2,New / Promising
C03207,1,199.5,121,3,2,1,New / Promising
C03209,3,5996.0,213,3,4,3,Champions
C03210,2,2830.0,154,3,3,2,Loyal
C03211,1,5221.0,624,1,2,3,Lost / Hibernating
C03212,2,5539.0,9,4,3,3,Champions
C03213,3,46962.5,102,3,4,4,Champions
C03214,1,3094.0,41,4,2,2,New / Promising
C03215,2,1650.0,235,2,3,1,Loyal
C03216,1,494.0,376,2,2,1,Lost / Hibernating
C03217,1,2508.0,234,2,2,2,Lost / Hibernating
C03218,6,17068.0,4,4,4,4,Champions
C03219,1,3082.0,91,3,2,2,New / Promising
C03220,3,8519.5,186,3,4,3,Champions
C03221,1,480.0,11,4,2,1,New / Promising
C03222,1,1197.0,128,3,2,1,New / Promising
C03223,1,6520.0,99,3,2,3,Big Spenders
C03224,4,12031.0,244,2,4,4,Loyal
C03226,1,2768.0,595,1,2,2,Lost / Hibernating
C03227,1,260.0,202,3,2,1,New / Promising
C03228,3,14876.0,695,1,4,4,At Risk
C03229,2,29155.0,427,1,3,4,At Risk
C03230,2,3988.0,417,1,3,2,At Risk
C03231,1,630.0,599,1,2,1,Lost / Hibernating
C03232,3,26000.0,96,3,4,4,Champions
C03233,3,7379.0,114,3,4,3,Champions
C03234,2,2914.0,498,1,3,2,At Risk
C03235,2,386.0,164,3,3,1,Loyal
C03236,1,3514.0,30,4,2,2,New / Promising
C03237,2,9443.5,79,4,3,3,Champions
C03239,8,17589.0,1,4,4,4,Champions
C03240,2,22452.0,51,4,3,4,Champions
C03241,1,1440.0,77,4,2,1,New / Promising
C03242,1,580.0,178,3,2,1,New / Promising
C03243,1,4079.0,513,1,2,2,Lost / Hibernating
C03244,1,1235.0,402,2,2,1,Lost / Hibernating
C03245,1,1521.0,162,3,2,1,New / Promising
C03247,1,14350.0,165,3,2,4,Big Spenders
C03248,1,7115.5,583,1,2,3,Lost / Hibernating
C03250,8,29708.5,313,2,4,4,Loyal
C03251,2,9107.0,928,1,3,3,At Risk
C03252,1,12800.0,27,4,2,4,Big Spenders
C03253,1,5010.0,110,3,2,3,Big Spenders
C03254,1,5213.0,102,3,2,3,Big Spenders
C03255,1,1566.0,55,4,2,1,New / Promising
C03256,1,6950.0,482,1,2,3,Lost / Hibernating
C03257,25,61333.5,16,4,4,4,Champions
C03258,3,5478.0,577,1,4,3,At Risk
C03259,1,1080.0,404,2,2,1,Lost / Hibernating
C03260,4,14627.0,48,4,4,4,Champions
C03261,1,4211.5,52,4,2,2,New / Promising
C03262,2,2900.0,355,2,3,2,Loyal
C03263,1,10699.0,770,1,2,3,Lost / Hibernating
C03264,1,3990.0,643,1,2,2,Lost / Hibernating
C03265,32,104545.5,75,4,4,4,Champions
C03266,2,1600.0,576,1,3,1,At Risk
C03267,2,19836.0,265,2,3,4,Loyal
C03268,6,19094.5,108,3,4,4,Champions
C03269,2,4182.0,221,2,3,2,Loyal
C03270,2,7143.5,3,4,3,3,Champions
C03271,1,3557.0,321,2,2,2,Lost / Hibernating
C03272,1,234.0,259,2,2,1,Lost / Hibernating
C03273,2,28268.5,110,3,3,4,Champions
C03274,4,27990.0,196,3,4,4,Champions
C03275,1,7600.0,603,1,2,3,Lost / Hibernating
C03276,1,465.5,3,4,2,1,New / Promising
C03277,2,1880.0,283,2,3,2,Loyal
C03278,4,17134.5,16,4,4,4,Champions
C03279,11,31105.5,85,4,4,4,Champions
C03280,2,7718.0,88,3,3,3,Champions
C03281,1,2820.0,254,2,2,2,Lost / Hibernating
C03282,1,1570.0,342,2,2,1,Lost / Hibernating
C03283,1,1100.0,68,4,2,1,New / Promising
C03284,1,806.5,265,2,2,1,Lost / Hibernating
C03285,4,6462.0,66,4,4,3,Champions
C03286,1,1314.0,703,1,2,1,Lost / Hibernating
C03287,1,1512.0,832,1,2,1,Lost / Hibernating
C03289,2,16944.0,205,3,3,4,Champions
C03290,3,4551.0,278,2,4,2,Loyal
C03291,1,260.0,320,2,2,1,Lost / Hibernating
C03292,6,26504.0,188,3,4,4,Champions
C03293,1,1752.0,146,3,2,2,New / Promising
C03294,2,1965.0,661,1,3,2,At Risk
C03295,3,9829.5,118,3,4,3,Champions
C03297,1,896.0,661,1,2,1,Lost / Hibernating
C03298,4,7199.0,145,3,4,3,Champions
C03299,2,3120.0,45,4,3,2,Loyal
C03300,4,2125.0,35,4,4,2,Loyal
C03301,3,11488.0,661,1,4,3,At Risk
C03302,4,9821.0,68,4,4,3,Champions
C03303,5,32510.5,128,3,4,4,Champions
C03304,6,21388.0,93,3,4,4,Champions
C03305,3,14670.0,316,2,4,4,Loyal
C03306,1,8332.0,117,3,2,3,Big Spenders
C03307,4,10922.0,67,4,4,3,Champions
C03308,12,32018.5,22,4,4,4,Champions
C03309,3,20636.0,64,4,4,4,Champions
C03310,6,13723.0,112,3,4,4,Champions
C03311,2,15748.0,366,2,3,4,Loyal
C03312,5,20527.0,385,2,4,4,Loyal
C03313,6,25254.5,62,4,4,4,Champions
C03314,1,4380.0,470,1,2,2,Lost / Hibernating
C03315,1,1960.0,120,3,2,2,New / Promising
C03316,2,5020.0,462,1,3,3,At Risk
C03317,1,12098.0,702,1,2,4,Lost / Hibernating
C03318,2,9654.0,5,4,3,3,Champions
C03320,1,3542.0,271,2,2,2,Lost / Hibernating
C03321,1,4113.5,677,1,2,2,Lost / Hibernating
C03322,3,5197.0,9,4,4,3,Champions
C03323,1,470.0,729,1,2,1,Lost / Hibernating
C03324,6,20279.0,143,3,4,4,Champions
C03325,1,2177.0,534,1,2,2,Lost / Hibernating
C03326,1,1677.0,349,2,2,1,Lost / Hibernating
C03327,1,714.0,539,1,2,1,Lost / Hibernating
C03328,4,33176.0,74,4,4,4,Champions
C03329,5,33976.5,1,4,4,4,Champions
C03330,14,26697.5,51,4,4,4,Champions
C03331,3,2975.5,107,3,4,2,Loyal
C03332,1,700.0,104,3,2,1,New / Promising
C03333,2,4135.5,359,2,3,2,Loyal
C03334,2,1340.0,2,4,3,1,Loyal
C03335,1,310.0,652,1,2,1,Lost / Hibernating
C03336,1,1220.0,924,1,2,1,Lost / Hibernating
C03337,1,528.0,210,3,2,1,New / Promising
C03338,5,5289.0,518,1,4,3,At Risk
C03339,2,2395.5,217,3,3,2,Loyal
C03340,1,2005.0,415,1,2,2,Lost / Hibernating
C03341,2,2372.0,712,1,3,2,At Risk
C03342,2,8248.0,32,4,3,3,Champions
C03343,2,3100.0,159,3,3,2,Loyal
C03344,1,8550.0,52,4,2,3,Big Spenders
C03345,1,5061.0,319,2,2,3,Lost / Hibernating
C03346,1,1159.0,524,1,2,1,Lost / Hibernating
C03347,1,3168.0,938,1,2,2,Lost / Hibernating
C03348,1,3828.9999999999995,313,2,2,2,Lost / Hibernating
C03349,3,10192.0,113,3,4,3,Champions
C03350,1,147.0,353,2,2,1,Lost / Hibernating
C03351,1,1351.5,195,3,2,1,New / Promising
C03352,2,9302.0,279,2,3,3,Loyal
C03353,6,9885.5,16,4,4,3,Champions
C03354,7,11646.5,122,3,4,3,Champions
C03355,2,2932.0,725,1,3,2,At Risk
C03356,2,829.5,231,2,3,1,Loyal
C03357,1,4626.0,84,4,2,2,New / Promising
C03358,3,1303.0,67,4,4,1,Loyal
C03359,2,5662.5,29,4,3,3,Champions
C03360,1,4016.0,261,2,2,2,Lost / Hibernating
C03361,5,15805.0,647,1,4,4,At Risk
C03362,6,35118.0,182,3,4,4,Champions
C03363,1,1232.0,585,1,2,1,Lost / Hibernating
C03364,1,7446.5,259,2,2,3,Lost / Hibernating
C03365,1,6290.5,465,1,2,3,Lost / Hibernating
C03366,1,2415.0,229,2,2,2,Lost / Hibernating
C03367,1,1089.0,95,3,2,1,New / Promising
C03369,1,6928.0,18,4,2,3,Big Spenders
C03370,1,8870.0,185,3,2,3,Big Spenders
C03371,3,12831.5,34,4,4,4,Champions
C03372,1,2020.0,136,3,2,2,New / Promising
C03373,1,7002.0,239,2,2,3,Lost / Hibernating
C03374,3,9241.0,92,3,4,3,Champions
C03375,1,567.0,40,4,2,1,New / Promising
C03376,2,7570.0,340,2,3,3,Loyal
C03377,2,2379.0,96,3,3,2,Loyal
C03378,1,6450.0,378,2,2,3,Lost / Hibernating
C03379,2,12122.0,73,4,3,4,Champions
C03382,1,6851.5,181,3,2,3,Big Spenders
C03383,1,1236.0,9,4,2,1,New / Promising
C03384,4,18586.0,293,2,4,4,Loyal
C03385,1,570.0,220,2,2,1,Lost / Hibernating
C03386,1,6790.0,199,3,2,3,Big Spenders
C03388,1,7695.0,78,4,2,3,Big Spenders
C03389,3,1927.0,109,3,4,2,Loyal
C03390,2,2082.0,212,3,3,2,Loyal
C03392,1,310.0,6,4,2,1,New / Promising
C03393,2,6612.0,635,1,3,3,At Risk
C03394,6,10642.0,5,4,4,3,Champions
C03395,1,827.0,180,3,2,1,New / Promising
C03396,8,21915.5,218,2,4,4,Loyal
C03397,2,1560.0,540,1,3,1,At Risk
C03398,1,3306.0,706,1,2,2,Lost / Hibernating
C03399,1,2440.0,96,3,2,2,New / Promising
C03400,1,2080.5,380,2,2,2,Lost / Hibernating
C03401,1,11224.0,870,1,2,3,Lost / Hibernating
C03402,1,3110.0,215,3,2,2,New / Promising
C03403,2,1495.0,120,3,3,1,Loyal
C03404,1,4501.0,116,3,2,2,New / Promising
C03405,1,811.0,586,1,2,1,Lost / Hibernating
C03406,1,1922.0,710,1,2,2,Lost / Hibernating
C03407,1,9120.0,875,1,2,3,Lost / Hibernating
C03408,4,20471.0,287,2,4,4,Loyal
C03409,12,31181.5,8,4,4,4,Champions
C03410,1,1521.0,196,3,2,1,New / Promising
C03411,5,21904.0,31,4,4,4,Champions
C03412,5,22453.0,331,2,4,4,Loyal
C03413,2,28394.5,506,1,3,4,At Risk
C03414,2,838.0,358,2,3,1,Loyal
C03415,1,4751.0,50,4,2,3,Big Spenders
C03416,2,3587.0,111,3,3,2,Loyal
C03417,1,12060.0,1,4,2,4,Big Spenders
C03418,1,1995.0,582,1,2,2,Lost / Hibernating
C03419,2,7834.5,173,3,3,3,Champions
C03420,11,22846.0,130,3,4,4,Champions
C03421,4,32003.0,3,4,4,4,Champions
C03422,1,1653.0,154,3,2,1,New / Promising
C03423,1,470.0,392,2,2,1,Lost / Hibernating
C03424,1,5130.0,562,1,2,3,Lost / Hibernating
C03425,1,4065.5,302,2,2,2,Lost / Hibernating
C03426,1,600.0,286,2,2,1,Lost / Hibernating
C03427,1,7957.0,47,4,2,3,Big Spenders
C03428,1,234.0,21,4,2,1,New / Promising
C03430,1,1600.0,132,3,2,1,New / Promising
C03432,1,1615.0,400,2,2,1,Lost / Hibernating
C03433,6,14755.0,27,4,4,4,Champions
C03434,1,2510.0,863,1,2,2,Lost / Hibernating
C03435,1,480.0,207,3,2,1,New / Promising
C03436,1,5191.0,22,4,2,3,Big Spenders
C03437,3,5087.0,148,3,4,3,Champions
C03438,3,3798.0,97,3,4,2,Loyal
C03439,1,4510.0,43,4,2,2,New / Promising
C03440,4,22806.0,274,2,4,4,Loyal
C03441,2,1626.0,240,2,3,1,Loyal
C03442,1,10870.0,33,4,2,3,Big Spenders
C03443,1,520.0,49,4,2,1,New / Promising
C03444,11,23556.0,127,3,4,4,Champions
C03446,1,3589.0,267,2,2,2,Lost / Hibernating
C03447,1,3546.0,686,1,2,2,Lost / Hibernating
C03448,2,21830.0,421,1,3,4,At Risk
C03449,27,84627.5,160,3,4,4,Champions
C03450,6,7399.0,94,3,4,3,Champions
C03451,1,3480.0,356,2,2,2,Lost / Hibernating
C03452,2,2068.0,117,3,3,2,Loyal
C03453,2,23440.0,170,3,3,4,Champions
C03454,1,990.0,170,3,2,1,New / Promising
C03457,2,7498.0,785,1,3,3,At Risk
C03458,1,950.0,722,1,2,1,Lost / Hibernating
C03459,5,12388.5,316,2,4,4,Loyal
C03460,1,5048.0,746,1,2,3,Lost / Hibernating
C03461,2,6030.0,934,1,3,3,At Risk
C03462,2,5017.5,22,4,3,3,Champions
C03464,1,5290.0,290,2,2,3,Lost / Hibernating
C03465,1,4233.5,37,4,2,2,New / Promising
C03466,1,630.0,180,3,2,1,New / Promising
C03467,2,2240.0,130,3,3,2,Loyal
C03468,1,3260.0,785,1,2,2,Lost / Hibernating
C03469,1,3032.0,348,2,2,2,Lost / Hibernating
C03470,14,33298.0,7,4,4,4,Champions
C03471,1,2210.0,469,1,2,2,Lost / Hibernating
C03472,2,27900.5,467,1,3,4,At Risk
C03473,1,210.0,468,1,2,1,Lost / Hibernating
C03474,1,780.0,633,1,2,1,Lost / Hibernating
C03475,1,7181.0,252,2,2,3,Lost / Hibernating
C03476,2,12336.0,124,3,3,4,Champions
C03477,6,28561.0,85,4,4,4,Champions
C03478,3,41514.0,90,3,4,4,Champions
C03479,1,423.0,346,2,2,1,Lost / Hibernating
C03480,4,8127.5,79,4,4,3,Champions
C03481,3,12193.0,146,3,4,4,Champions
C03483,1,1390.0,652,1,2,1,Lost / Hibernating
C03484,1,1090.0,585,1,2,1,Lost / Hibernating
C03485,1,4221.5,35,4,2,2,New / Promising
C03486,1,2950.0,276,2,2,2,Lost / Hibernating
C03487,1,780.0,420,1,2,1,Lost / Hibernating
C03488,1,6224.5,328,2,2,3,Lost / Hibernating
C03489,3,2916.0,364,2,4,2,Loyal
C03490,1,766.0,443,1,2,1,Lost / Hibernating
C03491,2,18572.0,580,1,3,4,At Risk
C03492,1,3630.0,484,1,2,2,Lost / Hibernating
C03493,1,1977.5,268,2,2,2,Lost / Hibernating
C03494,4,24922.5,139,3,4,4,Champions
C03495,1,3897.0,160,3,2,2,New / Promising
C03496,1,630.0,492,1,2,1,Lost / Hibernating
C03497,1,1752.0,270,2,2,2,Lost / Hibernating
C03498,1,2800.0,295,2,2,2,Lost / Hibernating
C03499,1,11835.0,278,2,2,4,Lost / Hibernating
C03500,1,800.0,305,2,2,1,Lost / Hibernating
C03501,1,301.0,46,4,2,1,New / Promising
C03502,3,8170.0,286,2,4,3,Loyal
C03505,7,15304.0,64,4,4,4,Champions
C03506,9,19702.0,69,4,4,4,Champions
C03507,1,813.0,462,1,2,1,Lost / Hibernating
C03508,2,5787.0,542,1,3,3,At Risk
C03509,11,34962.5,49,4,4,4,Champions
C03510,4,11261.0,108,3,4,3,Champions
C03511,1,1408.0,327,2,2,1,Lost / Hibernating
C03512,8,26320.0,180,3,4,4,Champions
C03513,1,228.0,158,3,2,1,New / Promising
C03514,1,5736.0,479,1,2,3,Lost / Hibernating
C03515,3,14969.0,124,3,4,4,Champions
C03516,5,22886.0,198,3,4,4,Champions
C03517,1,1160.0,444,1,2,1,Lost / Hibernating
C03518,3,32003.0,432,1,4,4,At Risk
C03519,1,2080.5,270,2,2,2,Lost / Hibernating
C03520,2,3636.0,368,2,3,2,Loyal
C03521,1,4260.0,53,4,2,2,New / Promising
C03522,1,9075.0,586,1,2,3,Lost / Hibernating
C03523,1,489.99999999999994,349,2,2,1,Lost / Hibernating
C03524,2,3232.0,54,4,3,2,Loyal
C03525,1,1200.0,310,2,2,1,Lost / Hibernating
C03527,3,9066.0,366,2,4,3,Loyal
C03529,1,1566.0,846,1,2,1,Lost / Hibernating
C03530,5,15925.0,75,4,4,4,Champions
C03531,1,1740.0,19,4,2,2,New / Promising
C03532,5,19265.0,144,3,4,4,Champions
C03533,17,43115.0,186,3,4,4,Champions
C03534,1,430.0,51,4,2,1,New / Promising
C03535,3,17433.0,188,3,4,4,Champions
C03536,1,660.0,479,1,2,1,Lost / Hibernating
C03537,1,279.0,215,3,2,1,New / Promising
C03538,1,6190.0,63,4,2,3,Big Spenders
C03539,8,45764.0,34,4,4,4,Champions
C03540,5,19860.5,110,3,4,4,Champions
C03541,1,1533.0,3,4,2,1,New / Promising
C03542,1,2560.0,939,1,2,2,Lost / Hibernating
C03544,1,700.0,95,3,2,1,New / Promising
C03546,6,20550.5,151,3,4,4,Champions
C03547,3,10043.0,218,2,4,3,Loyal
C03548,2,3566.0,212,3,3,2,Loyal
C03549,4,20173.0,63,4,4,4,Champions
C03550,2,31137.5,170,3,3,4,Champions
C03551,1,456.0,51,4,2,1,New / Promising
C03552,1,7031.0,311,2,2,3,Lost / Hibernating
C03553,1,1940.0,595,1,2,2,Lost / Hibernating
C03554,1,1058.0,506,1,2,1,Lost / Hibernating
C03555,1,1710.0,796,1,2,2,Lost / Hibernating
C03556,5,8932.0,225,2,4,3,Loyal
C03557,5,10712.0,600,1,4,3,At Risk
C03558,1,2190.0,132,3,2,2,New / Promising
C03559,5,13105.0,168,3,4,4,Champions
C03560,1,4100.0,387,2,2,2,Lost / Hibernating
C03561,2,3511.5,360,2,3,2,Loyal
C03562,1,434.0,244,2,2,1,Lost / Hibernating
C03563,2,5724.0,105,3,3,3,Champions
C03564,4,14470.0,59,4,4,4,Champions
C03565,1,5687.0,353,2,2,3,Lost / Hibernating
C03566,1,3800.0,141,3,2,2,New / Promising
C03567,1,801.0,373,2,2,1,Lost / Hibernating
C03568,2,1421.0,31,4,3,1,Loyal
C03569,1,1740.0,116,3,2,2,New / Promising
C03570,6,15228.0,106,3,4,4,Champions
C03571,2,16824.0,424,1,3,4,At Risk
C03573,2,3240.0,148,3,3,2,Loyal
C03574,2,6840.0,311,2,3,3,Loyal
C03575,2,5404.0,271,2,3,3,Loyal
C03576,1,2510.0,461,1,2,2,Lost / Hibernating
C03577,24,94254.5,115,3,4,4,Champions
C03579,6,7367.5,28,4,4,3,Champions
C03580,1,1408.0,36,4,2,1,New / Promising
C03581,4,18710.0,176,3,4,4,Champions
C03582,1,818.0,357,2,2,1,Lost / Hibernating
C03583,6,9191.0,52,4,4,3,Champions
C03584,2,5354.0,135,3,3,3,Champions
C03585,13,30069.0,77,4,4,4,Champions
C03586,1,943.0,75,4,2,1,New / Promising
C03587,1,234.0,390,2,2,1,Lost / Hibernating
C03588,2,5231.0,264,2,3,3,Loyal
C03589,2,11581.0,43,4,3,3,Champions
C03590,1,1752.0,922,1,2,2,Lost / Hibernating
C03591,2,6364.0,412,1,3,3,At Risk
C03592,4,12393.0,152,3,4,4,Champions
C03593,1,5869.0,573,1,2,3,Lost / Hibernating
C03594,2,7030.5,222,2,3,3,Loyal
C03595,1,8849.0,417,1,2,3,Lost / Hibernating
C03596,4,17665.0,400,2,4,4,Loyal
C03598,6,17807.5,12,4,4,4,Champions
C03599,3,14406.5,314,2,4,4,Loyal
C03600,3,9080.0,101,3,4,3,Champions
C03601,1,9822.0,737,1,2,3,Lost / Hibernating
C03602,1,3738.0,103,3,2,2,New / Promising
C03603,2,3824.0,16,4,3,2,Loyal
C03604,1,1218.0,865,1,2,1,Lost / Hibernating
C03605,1,1390.0,96,3,2,1,New / Promising
C03606,4,12903.0,76,4,4,4,Champions
C03607,2,7579.0,359,2,3,3,Loyal
C03608,2,2050.0,18,4,3,2,Loyal
C03609,1,2528.0,56,4,2,2,New / Promising
C03610,1,1390.0,218,2,2,1,Lost / Hibernating
C03611,5,11656.5,518,1,4,3,At Risk
C03612,2,2571.0,205,3,3,2,Loyal
C03613,1,260.0,11,4,2,1,New / Promising
C03614,1,1431.5,45,4,2,1,New / Promising
C03615,3,6575.0,150,3,4,3,Champions
C03616,1,2256.0,501,1,2,2,Lost / Hibernating
C03617,6,12893.0,187,3,4,4,Champions
C03618,2,1330.0,521,1,3,1,At Risk
C03619,3,8213.0,10,4,4,3,Champions
C03620,1,1340.0,645,1,2,1,Lost / Hibernating
C03621,1,310.0,571,1,2,1,Lost / Hibernating
C03622,13,48979.5,56,4,4,4,Champions
C03623,2,1388.0,22,4,3,1,Loyal
C03624,4,27519.0,581,1,4,4,At Risk
C03625,1,570.0,478,1,2,1,Lost / Hibernating
C03626,4,14945.5,594,1,4,4,At Risk
C03628,3,4506.0,459,1,4,2,At Risk
C03629,1,490.0,371,2,2,1,Lost / Hibernating
C03630,2,2030.0,140,3,3,2,Loyal
C03631,1,960.0,874,1,2,1,Lost / Hibernating
C03632,4,6127.0,302,2,4,3,Loyal
C03633,3,6061.0,115,3,4,3,Champions
C03634,3,5014.0,591,1,4,3,At Risk
C03635,1,3800.0,408,1,2,2,Lost / Hibernating
C03636,2,2020.0,92,3,3,2,Loyal
C03637,3,16621.0,546,1,4,4,At Risk
C03638,2,3539.0,436,1,3,2,At Risk
C03639,1,1740.0,325,2,2,2,Lost / Hibernating
C03640,14,66565.0,15,4,4,4,Champions
C03642,4,14717.0,405,2,4,4,Loyal
C03643,2,7420.0,583,1,3,3,At Risk
C03644,1,3880.0,438,1,2,2,Lost / Hibernating
C03645,1,570.0,7,4,2,1,New / Promising
C03646,1,1470.0,9,4,2,1,New / Promising
C03647,1,630.0,12,4,2,1,New / Promising
C03648,2,10420.0,102,3,3,3,Champions
C03649,1,3682.0,857,1,2,2,Lost / Hibernating
C03650,1,486.0,600,1,2,1,Lost / Hibernating
C03651,2,6660.0,322,2,3,3,Loyal
C03652,2,7000.0,645,1,3,3,At Risk
C03653,2,3077.0,169,3,3,2,Loyal
C03654,1,2966.0,429,1,2,2,Lost / Hibernating
C03655,13,54224.0,74,4,4,4,Champions
C03656,3,12540.0,151,3,4,4,Champions
C03657,1,2370.0,234,2,2,2,Lost / Hibernating
C03658,2,7800.0,110,3,3,3,Champions
C03660,6,13378.0,284,2,4,4,Loyal
C03661,3,12015.0,63,4,4,4,Champions
C03662,2,13979.0,361,2,3,4,Loyal
C03663,5,24773.0,51,4,4,4,Champions
C03664,24,73193.0,7,4,4,4,Champions
C03665,1,4672.0,741,1,2,2,Lost / Hibernating
C03667,6,34442.0,221,2,4,4,Loyal
C03668,12,24081.5,263,2,4,4,Loyal
C03669,2,13541.0,28,4,3,4,Champions
C03670,5,4010.5,22,4,4,2,Loyal
C03671,2,7982.0,40,4,3,3,Champions
C03672,1,2040.0,353,2,2,2,Lost / Hibernating
C03673,6,10759.0,25,4,4,3,Champions
C03674,2,11450.0,398,2,3,3,Loyal
C03675,3,8196.5,84,4,4,3,Champions
C03676,1,2809.0,220,2,2,2,Lost / Hibernating
C03677,1,260.0,673,1,2,1,Lost / Hibernating
C03678,1,480.0,716,1,2,1,Lost / Hibernating
C03679,1,4820.0,599,1,2,3,Lost / Hibernating
C03681,2,2350.0,140,3,3,2,Loyal
C03682,1,1251.0,48,4,2,1,New / Promising
C03683,1,4352.0,300,2,2,2,Lost / Hibernating
C03684,1,948.0,277,2,2,1,Lost / Hibernating
C03685,1,4042.0,397,2,2,2,Lost / Hibernating
C03686,1,3643.0,81,4,2,2,New / Promising
C03687,1,1134.0,375,2,2,1,Lost / Hibernating
C03688,3,12356.5,346,2,4,4,Loyal
C03689,1,1999.0,289,2,2,2,Lost / Hibernating
C03691,1,5700.0,811,1,2,3,Lost / Hibernating
C03692,1,310.0,495,1,2,1,Lost / Hibernating
C03693,7,39217.0,381,2,4,4,Loyal
C03694,1,1528.0,102,3,2,1,New / Promising
C03695,8,44371.0,252,2,4,4,Loyal
C03696,1,1349.0,127,3,2,1,New / Promising
C03697,2,3228.0,337,2,3,2,Loyal
C03698,2,4918.0,153,3,3,3,Champions
C03700,1,1971.0,35,4,2,2,New / Promising
C03701,1,3543.0,400,2,2,2,Lost / Hibernating
C03702,5,9524.0,403,2,4,3,Loyal
C03703,1,480.0,694,1,2,1,Lost / Hibernating
C03704,3,11834.0,59,4,4,4,Champions
C03705,2,8077.0,469,1,3,3,At Risk
C03706,1,5274.0,222,2,2,3,Lost / Hibernating
C03707,1,3520.0,37,4,2,2,New / Promising
C03708,1,1427.0,266,2,2,1,Lost / Hibernating
C03709,2,5584.0,231,2,3,3,Loyal
C03710,1,260.0,442,1,2,1,Lost / Hibernating
C03711,1,4595.0,125,3,2,2,New / Promising
C03712,1,260.0,13,4,2,1,New / Promising
C03713,2,6253.0,426,1,3,3,At Risk
C03714,1,182.0,59,4,2,1,New / Promising
C03715,1,2214.5,511,1,2,2,Lost / Hibernating
C03716,1,4040.0,155,3,2,2,New / Promising
C03717,1,7628.0,4,4,2,3,Big Spenders
C03718,1,7582.5,233,2,2,3,Lost / Hibernating
C03719,1,570.0,740,1,2,1,Lost / Hibernating
C03720,3,16877.0,197,3,4,4,Champions
C03721,2,6416.0,776,1,3,3,At Risk
C03722,1,4330.0,174,3,2,2,New / Promising
C03723,1,3078.0,609,1,2,2,Lost / Hibernating
C03724,1,6227.0,260,2,2,3,Lost / Hibernating
C03725,1,7120.0,69,4,2,3,Big Spenders
C03726,2,4174.0,598,1,3,2,At Risk
C03727,2,11830.0,280,2,3,4,Loyal
C03728,2,2501.0,254,2,3,2,Loyal
C03729,1,665.0,462,1,2,1,Lost / Hibernating
C03730,7,15254.5,1,4,4,4,Champions
C03731,7,18085.0,9,4,4,4,Champions
C03732,2,3757.0,375,2,3,2,Loyal
C03733,1,364.0,2,4,2,1,New / Promising
C03734,3,15068.0,336,2,4,4,Loyal
C03735,2,11224.0,612,1,3,3,At Risk
C03736,1,507.0,427,1,2,1,Lost / Hibernating
C03737,2,7101.0,268,2,3,3,Loyal
C03738,1,7024.0,649,1,2,3,Lost / Hibernating
C03739,3,14879.0,189,3,4,4,Champions
C03740,2,2832.0,242,2,3,2,Loyal
C03741,1,4329.5,358,2,2,2,Lost / Hibernating
C03742,1,2288.5,53,4,2,2,New / Promising
C03743,3,1428.5,155,3,4,1,Loyal
C03744,1,750.0,331,2,2,1,Lost / Hibernating
C03745,1,247.0,893,1,2,1,Lost / Hibernating
C03746,1,9359.0,735,1,2,3,Lost / Hibernating
C03747,6,21793.5,696,1,4,4,At Risk
C03748,2,1090.0,67,4,3,1,Loyal
C03749,1,5931.0,148,3,2,3,Big Spenders
C03750,3,11546.0,19,4,4,3,Champions
C03751,4,8888.5,504,1,4,3,At Risk
C03752,2,5610.0,360,2,3,3,Loyal
C03753,1,520.0,307,2,2,1,Lost / Hibernating
C03754,1,1624.0,324,2,2,1,Lost / Hibernating
C03755,1,5930.0,245,2,2,3,Lost / Hibernating
C03756,2,3370.0,51,4,3,2,Loyal
C03757,3,9660.0,191,3,4,3,Champions
C03758,1,2190.0,294,2,2,2,Lost / Hibernating
C03760,1,2440.0,581,1,2,2,Lost / Hibernating
C03761,1,4569.5,84,4,2,2,New / Promising
C03762,10,28209.5,91,3,4,4,Champions
C03763,1,7176.0,229,2,2,3,Lost / Hibernating
C03765,1,1260.0,67,4,2,1,New / Promising
C03766,3,12041.0,4,4,4,4,Champions
C03767,8,20906.0,163,3,4,4,Champions
C03768,1,1710.0,147,3,2,2,New / Promising
C03769,1,247.0,211,3,2,1,New / Promising
C03770,1,14661.0,397,2,2,4,Lost / Hibernating
C03771,1,5337.0,199,3,2,3,Big Spenders
C03772,10,22358.5,10,4,4,4,Champions
C03773,3,13965.0,32,4,4,4,Champions
C03774,1,1320.5,114,3,2,1,New / Promising
C03775,7,25737.5,198,3,4,4,Champions
C03776,2,13614.0,369,2,3,4,Loyal
C03777,1,5210.0,41,4,2,3,Big Spenders
C03779,1,3090.0,82,4,2,2,New / Promising
C03780,5,26829.0,104,3,4,4,Champions
C03781,1,494.0,3,4,2,1,New / Promising
C03782,1,11720.0,765,1,2,4,Lost / Hibernating
C03783,2,4994.0,33,4,3,3,Champions
C03784,1,5580.5,421,1,2,3,Lost / Hibernating
C03785,1,2980.0,153,3,2,2,New / Promising
C03786,1,1648.0,65,4,2,1,New / Promising
C03787,1,260.0,231,2,2,1,Lost / Hibernating
C03789,1,3306.0,468,1,2,2,Lost / Hibernating
C03790,1,2131.0,374,2,2,2,Lost / Hibernating
C03791,2,4270.0,195,3,3,2,Loyal
C03792,2,4015.5,742,1,3,2,At Risk
C03793,1,4001.0,401,2,2,2,Lost / Hibernating
C03794,1,5464.0,120,3,2,3,Big Spenders
C03795,2,9572.5,140,3,3,3,Champions
C03796,1,4524.0,155,3,2,2,New / Promising
C03797,1,1260.0,512,1,2,1,Lost / Hibernating
C03798,1,1284.0,365,2,2,1,Lost / Hibernating
C03799,2,4350.0,713,1,3,2,At Risk
C03800,1,432.0,537,1,2,1,Lost / Hibernating
C03801,4,12497.0,277,2,4,4,Loyal
C03802,2,3500.0,583,1,3,2,At Risk
C03803,2,11707.0,594,1,3,4,At Risk
C03804,1,310.0,268,2,2,1,Lost / Hibernating
C03805,1,1725.0,471,1,2,2,Lost / Hibernating
C03806,1,3249.5,481,1,2,2,Lost / Hibernating
C03807,1,3268.0,646,1,2,2,Lost / Hibernating
C03808,4,13207.5,74,4,4,4,Champions
C03809,1,5710.0,471,1,2,3,Lost / Hibernating
C03810,1,260.0,446,1,2,1,Lost / Hibernating
C03811,1,700.0,330,2,2,1,Lost / Hibernating
C03812,6,13457.0,12,4,4,4,Champions
C03813,1,700.0,77,4,2,1,New / Promising
C03814,1,441.0,901,1,2,1,Lost / Hibernating
C03815,4,13524.0,230,2,4,4,Loyal
C03816,1,1260.0,727,1,2,1,Lost / Hibernating
C03817,1,1251.0,372,2,2,1,Lost / Hibernating
C03818,2,2580.0,468,1,3,2,At Risk
C03819,1,6231.5,104,3,2,3,Big Spenders
C03820,1,5633.5,494,1,2,3,Lost / Hibernating
C03821,3,5137.5,133,3,4,3,Champions
C03822,1,6585.5,649,1,2,3,Lost / Hibernating
C03823,4,3678.0,298,2,4,2,Loyal
C03824,2,2712.0,509,1,3,2,At Risk
C03825,2,13213.5,110,3,3,4,Champions
C03826,2,2538.0,111,3,3,2,Loyal
C03828,5,8989.0,2,4,4,3,Champions
C03829,1,175.0,10,4,2,1,New / Promising
C03830,1,6570.0,615,1,2,3,Lost / Hibernating
C03832,1,620.0,348,2,2,1,Lost / Hibernating
C03833,1,972.9999999999999,251,2,2,1,Lost / Hibernating
C03835,1,567.0,302,2,2,1,Lost / Hibernating
C03836,1,660.0,89,3,2,1,New / Promising
C03837,2,20586.0,199,3,3,4,Champions
C03839,1,8522.5,260,2,2,3,Lost / Hibernating
C03840,3,15697.0,49,4,4,4,Champions
C03841,1,2934.0,66,4,2,2,New / Promising
C03842,1,930.0,163,3,2,1,New / Promising
C03843,44,153732.0,70,4,4,4,Champions
C03844,2,1262.0,73,4,3,1,Loyal
C03845,3,16870.0,871,1,4,4,At Risk
C03846,1,6291.0,398,2,2,3,Lost / Hibernating
C03847,2,5931.5,51,4,3,3,Champions
C03848,1,234.0,236,2,2,1,Lost / Hibernating
C03849,1,8623.0,344,2,2,3,Lost / Hibernating
C03850,1,1400.0,132,3,2,1,New / Promising
C03851,2,5727.0,276,2,3,3,Loyal
C03852,1,2490.0,385,2,2,2,Lost / Hibernating
C03853,1,580.0,796,1,2,1,Lost / Hibernating
C03854,1,2973.0,76,4,2,2,New / Promising
C03857,1,12452.0,720,1,2,4,Lost / Hibernating
C03858,1,7920.0,154,3,2,3,Big Spenders
C03859,1,15734.0,830,1,2,4,Lost / Hibernating
C03860,3,20506.0,238,2,4,4,Loyal
C03861,11,38727.0,3,4,4,4,Champions
C03862,7,26932.5,93,3,4,4,Champions
C03863,2,7939.0,535,1,3,3,At Risk
C03864,5,14338.0,321,2,4,4,Loyal
C03865,1,12289.5,433,1,2,4,Lost / Hibernating
C03866,32,117789.5,33,4,4,4,Champions
C03867,1,5860.0,247,2,2,3,Lost / Hibernating
C03868,1,665.0,557,1,2,1,Lost / Hibernating
C03869,1,1690.0,433,1,2,1,Lost / Hibernating
C03870,6,23092.0,298,2,4,4,Loyal
C03871,1,13564.0,340,2,2,4,Lost / Hibernating
C03873,4,20958.0,42,4,4,4,Champions
C03874,12,57430.5,250,2,4,4,Loyal
C03875,1,570.0,28,4,2,1,New / Promising
C03876,1,630.0,254,2,2,1,Lost / Hibernating
C03877,2,2942.0,656,1,3,2,At Risk
C03878,2,11905.5,679,1,3,4,At Risk
C03879,1,520.0,573,1,2,1,Lost / Hibernating
C03880,3,12295.5,246,2,4,4,Loyal
C03881,3,8893.0,517,1,4,3,At Risk
C03882,1,7074.0,118,3,2,3,Big Spenders
C03883,1,513.0,314,2,2,1,Lost / Hibernating
C03884,3,11390.0,201,3,4,3,Champions
C03885,1,260.0,359,2,2,1,Lost / Hibernating
C03886,2,1675.5,294,2,3,1,Loyal
C03887,3,7334.0,10,4,4,3,Champions
C03888,2,6530.0,436,1,3,3,At Risk
C03889,3,9959.0,14,4,4,3,Champions
C03890,2,2314.0,124,3,3,2,Loyal
C03891,1,2780.0,893,1,2,2,Lost / Hibernating
C03892,3,6070.0,94,3,4,3,Champions
C03893,1,3040.0,519,1,2,2,Lost / Hibernating
C03894,1,247.0,101,3,2,1,New / Promising
C03896,1,2510.0,276,2,2,2,Lost / Hibernating
C03897,1,5342.5,179,3,2,3,Big Spenders
C03898,1,5137.0,138,3,2,3,Big Spenders
C03899,4,7360.0,167,3,4,3,Champions
C03900,1,1744.0,392,2,2,2,Lost / Hibernating
C03902,4,14430.0,429,1,4,4,At Risk
C03903,1,6652.0,97,3,2,3,Big Spenders
C03904,1,5930.0,960,1,2,3,Lost / Hibernating
C03905,2,9059.0,86,4,3,3,Champions
C03906,1,18211.0,164,3,2,4,Big Spenders
C03907,1,430.0,576,1,2,1,Lost / Hibernating
C03908,4,16202.0,91,3,4,4,Champions
C03909,1,6960.0,704,1,2,3,Lost / Hibernating
C03910,1,4400.0,394,2,2,2,Lost / Hibernating
C03911,1,1960.0,116,3,2,2,New / Promising
C03912,2,15292.0,86,4,3,4,Champions
C03913,2,10725.5,272,2,3,3,Loyal
C03914,2,11424.5,354,2,3,3,Loyal
C03915,1,5530.0,55,4,2,3,Big Spenders
C03916,2,7295.0,641,1,3,3,At Risk
C03918,1,260.0,85,4,2,1,New / Promising
C03919,5,26919.5,419,1,4,4,At Risk
C03920,2,8410.0,1,4,3,3,Champions
C03921,2,20810.0,12,4,3,4,Champions
C03922,3,15194.0,259,2,4,4,Loyal
C03923,1,7330.0,461,1,2,3,Lost / Hibernating
C03924,1,1780.0,149,3,2,2,New / Promising
C03925,1,1605.0,170,3,2,1,New / Promising
C03927,1,1672.0,18,4,2,1,New / Promising
C03928,4,9180.0,107,3,4,3,Champions
C03929,3,15725.0,1,4,4,4,Champions
C03930,1,19129.0,110,3,2,4,Big Spenders
C03931,9,31319.0,299,2,4,4,Loyal
C03933,2,1588.0,451,1,3,1,At Risk
C03934,1,2865.0,94,3,2,2,New / Promising
C03935,1,2190.0,628,1,2,2,Lost / Hibernating
C03936,1,1954.0,263,2,2,2,Lost / Hibernating
C03937,2,5599.0,408,1,3,3,At Risk
C03938,1,3192.0,578,1,2,2,Lost / Hibernating
C03939,1,1197.0,327,2,2,1,Lost / Hibernating
C03940,2,2358.5,642,1,3,2,At Risk
C03941,1,3840.5,64,4,2,2,New / Promising
C03942,1,2190.0,786,1,2,2,Lost / Hibernating
C03943,1,1526.0,77,4,2,1,New / Promising
C03944,1,627.0,150,3,2,1,New / Promising
C03945,1,1764.0,19,4,2,2,New / Promising
C03946,1,1139.5,306,2,2,1,Lost / Hibernating
C03947,9,13345.0,193,3,4,4,Champions
C03948,1,992.0,887,1,2,1,Lost / Hibernating
C03949,1,2259.0,863,1,2,2,Lost / Hibernating
C03950,1,11720.0,324,2,2,4,Lost / Hibernating
C03951,1,2180.0,129,3,2,2,New / Promising
C03952,1,468.0,504,1,2,1,Lost / Hibernating
C03953,2,1907.0,209,3,3,2,Loyal
C03954,3,15779.0,283,2,4,4,Loyal
C03955,1,1210.0,393,2,2,1,Lost / Hibernating
C03956,1,3909.0,257,2,2,2,Lost / Hibernating
C03957,1,1112.0,430,1,2,1,Lost / Hibernating
C03958,2,2104.0,37,4,3,2,Loyal
C03959,1,570.0,6,4,2,1,New / Promising
C03960,5,13193.5,246,2,4,4,Loyal
C03961,3,3751.0,177,3,4,2,Loyal
C03963,2,8120.0,199,3,3,3,Champions
C03964,4,9048.0,215,3,4,3,Champions
C03965,1,3972.0,35,4,2,2,New / Promising
C03966,4,14978.5,244,2,4,4,Loyal
C03967,1,1280.0,250,2,2,1,Lost / Hibernating
C03969,3,12829.5,503,1,4,4,At Risk
C03970,1,826.5,128,3,2,1,New / Promising
C03971,10,30796.5,435,1,4,4,At Risk
C03972,3,14811.5,270,2,4,4,Loyal
C03973,1,2208.0,51,4,2,2,New / Promising
C03974,1,4921.0,175,3,2,3,Big Spenders
C03975,2,9340.0,15,4,3,3,Champions
C03976,3,10412.5,6,4,4,3,Champions
C03978,1,5860.0,362,2,2,3,Lost / Hibernating
C03979,1,416.0,313,2,2,1,Lost / Hibernating
C03980,1,1971.0,896,1,2,2,Lost / Hibernating
C03981,4,4734.0,44,4,4,3,Champions
C03982,1,247.0,358,2,2,1,Lost / Hibernating
C03983,4,19756.0,604,1,4,4,At Risk
C03984,1,1442.0,194,3,2,1,New / Promising
C03986,1,6387.0,66,4,2,3,Big Spenders
C03987,1,2510.0,841,1,2,2,Lost / Hibernating
C03988,1,1760.0,57,4,2,2,New / Promising
C03989,1,1577.0,910,1,2,1,Lost / Hibernating
C03990,1,4151.0,444,1,2,2,Lost / Hibernating
C03992,4,18202.0,545,1,4,4,At Risk
C03993,2,8767.0,699,1,3,3,At Risk
C03994,14,40581.5,552,1,4,4,At Risk
C03995,1,1089.0,388,2,2,1,Lost / Hibernating
C03996,1,1320.5,135,3,2,1,New / Promising
C03997,10,22626.0,256,2,4,4,Loyal
C03998,1,8669.0,803,1,2,3,Lost / Hibernating
C03999,3,31307.0,131,3,4,4,Champions
C04000,5,10546.0,402,2,4,3,Loyal
C04001,1,702.0,226,2,2,1,Lost / Hibernating
C04002,1,480.0,37,4,2,1,New / Promising
C04003,1,9540.0,208,3,2,3,Big Spenders
C04004,1,1030.0,105,3,2,1,New / Promising
C04005,1,945.5,384,2,2,1,Lost / Hibernating
C04007,1,14524.0,709,1,2,4,Lost / Hibernating
C04008,8,24999.5,33,4,4,4,Champions
C04009,1,2980.0,297,2,2,2,Lost / Hibernating
C04010,9,45880.0,330,2,4,4,Loyal
C04011,1,665.0,89,3,2,1,New / Promising
C04012,3,7430.0,124,3,4,3,Champions
C04013,1,1508.5,40,4,2,1,New / Promising
C04014,1,2056.0,224,2,2,2,Lost / Hibernating
C04015,1,10427.0,412,1,2,3,Lost / Hibernating
C04016,1,1320.5,187,3,2,1,New / Promising
C04017,2,1238.0,459,1,3,1,At Risk
C04018,1,378.0,342,2,2,1,Lost / Hibernating
C04019,1,1672.0,281,2,2,1,Lost / Hibernating
C04021,2,5585.5,15,4,3,3,Champions
C04022,2,2520.0,117,3,3,2,Loyal
C04023,3,4252.0,98,3,4,2,Loyal
C04024,1,9448.0,309,2,2,3,Lost / Hibernating
C04025,10,22469.5,120,3,4,4,Champions
C04026,3,10683.0,207,3,4,3,Champions
C04027,4,7912.5,43,4,4,3,Champions
C04028,2,9070.0,213,3,3,3,Champions
C04029,1,260.0,382,2,2,1,Lost / Hibernating
C04030,6,10475.5,178,3,4,3,Champions
C04031,1,1320.0,333,2,2,1,Lost / Hibernating
C04032,2,2460.0,740,1,3,2,At Risk
C04033,1,5350.0,85,4,2,3,Big Spenders
C04034,5,18507.5,243,2,4,4,Loyal
C04035,2,12487.0,43,4,3,4,Champions
C04036,1,6623.0,946,1,2,3,Lost / Hibernating
C04037,1,1792.0,380,2,2,2,Lost / Hibernating
C04038,3,9215.0,183,3,4,3,Champions
C04039,1,4570.0,687,1,2,2,Lost / Hibernating
C04040,2,18652.5,294,2,3,4,Loyal
C04041,1,3380.0,140,3,2,2,New / Promising
C04042,2,1787.0,11,4,3,2,Loyal
C04043,3,5331.0,391,2,4,3,Loyal
C04044,1,4910.0,764,1,2,3,Lost / Hibernating
C04045,1,5020.0,215,3,2,3,Big Spenders
C04046,1,1390.0,329,2,2,1,Lost / Hibernating
C04047,1,3480.0,720,1,2,2,Lost / Hibernating
C04048,3,20292.0,14,4,4,4,Champions
C04049,2,7007.0,338,2,3,3,Loyal
C04050,2,12595.0,171,3,3,4,Champions
C04051,3,5540.0,308,2,4,3,Loyal
C04052,1,1497.0,481,1,2,1,Lost / Hibernating
C04054,4,14506.0,39,4,4,4,Champions
C04055,1,752.0,779,1,2,1,Lost / Hibernating
C04056,4,13302.0,8,4,4,4,Champions
C04057,1,1062.0,174,3,2,1,New / Promising
C04058,2,2730.0,92,3,3,2,Loyal
C04059,15,37118.5,4,4,4,4,Champions
C04060,1,6784.0,658,1,2,3,Lost / Hibernating
C04061,3,14534.5,232,2,4,4,Loyal
C04063,1,4850.0,75,4,2,3,Big Spenders
C04064,1,260.0,531,1,2,1,Lost / Hibernating
C04065,1,5624.0,113,3,2,3,Big Spenders
C04066,10,31383.5,44,4,4,4,Champions
C04067,13,26008.5,129,3,4,4,Champions
C04068,2,8428.5,792,1,3,3,At Risk
C04069,1,260.0,201,3,2,1,New / Promising
C04070,1,3385.0,780,1,2,2,Lost / Hibernating
C04071,1,1352.0,657,1,2,1,Lost / Hibernating
C04072,1,620.0,171,3,2,1,New / Promising
C04073,1,2162.0,375,2,2,2,Lost / Hibernating
C04074,2,8795.5,15,4,3,3,Champions
C04075,5,22678.0,577,1,4,4,At Risk
C04076,1,5896.0,377,2,2,3,Lost / Hibernating
C04077,3,9141.0,288,2,4,3,Loyal
C04078,1,260.0,171,3,2,1,New / Promising
C04079,1,234.0,310,2,2,1,Lost / Hibernating
C04080,1,2710.0,691,1,2,2,Lost / Hibernating
C04081,3,13188.5,165,3,4,4,Champions
C04082,3,8970.0,253,2,4,3,Loyal
C04083,1,540.0,720,1,2,1,Lost / Hibernating
C04084,5,20259.5,224,2,4,4,Loyal
C04086,2,3035.5,748,1,3,2,At Risk
C04087,1,700.0,597,1,2,1,Lost / Hibernating
C04088,10,22389.0,10,4,4,4,Champions
C04089,8,33048.0,19,4,4,4,Champions
C04090,1,2259.0,535,1,2,2,Lost / Hibernating
C04091,1,1740.0,347,2,2,2,Lost / Hibernating
C04092,1,1210.0,347,2,2,1,Lost / Hibernating
C04093,1,1032.0,149,3,2,1,New / Promising
C04095,3,3010.0,33,4,4,2,Loyal
C04096,1,540.0,624,1,2,1,Lost / Hibernating
C04097,4,15524.0,568,1,4,4,At Risk
C04098,1,376.0,595,1,2,1,Lost / Hibernating
C04099,1,208.0,119,3,2,1,New / Promising
C04100,1,12814.0,70,4,2,4,Big Spenders
C04101,4,8937.0,443,1,4,3,At Risk
C04102,1,665.0,20,4,2,1,New / Promising
C04103,1,1218.0,546,1,2,1,Lost / Hibernating
C04104,2,15148.0,310,2,3,4,Loyal
C04105,1,6380.0,346,2,2,3,Lost / Hibernating
C04106,2,2480.0,686,1,3,2,At Risk
C04107,1,2510.0,130,3,2,2,New / Promising
C04108,1,3774.0,2,4,2,2,New / Promising
C04109,3,15853.5,208,3,4,4,Champions
C04110,4,26076.5,232,2,4,4,Loyal
C04111,1,4716.0,369,2,2,3,Lost / Hibernating
C04112,6,14406.0,7,4,4,4,Champions
C04114,1,8185.0,319,2,2,3,Lost / Hibernating
C04115,1,2420.0,925,1,2,2,Lost / Hibernating
C04116,1,1740.0,148,3,2,2,New / Promising
C04118,9,23113.0,53,4,4,4,Champions
C04119,3,7071.0,558,1,4,3,At Risk
C04120,1,1590.0,4,4,2,1,New / Promising
C04121,1,6602.5,741,1,2,3,Lost / Hibernating
C04122,16,90950.0,149,3,4,4,Champions
C04123,22,39150.5,298,2,4,4,Loyal
C04124,2,2784.0,99,3,3,2,Loyal
C04125,1,520.0,21,4,2,1,New / Promising
C04126,3,9568.0,174,3,4,3,Champions
C04128,6,16489.5,36,4,4,4,Champions
C04129,2,2754.0,134,3,3,2,Loyal
C04130,2,12651.0,107,3,3,4,Champions
C04131,2,2147.0,347,2,3,2,Loyal
C04132,2,688.0,157,3,3,1,Loyal
C04133,1,4113.5,337,2,2,2,Lost / Hibernating
C04134,11,32996.0,318,2,4,4,Loyal
C04135,1,1476.0,149,3,2,1,New / Promising
C04136,1,598.5,15,4,2,1,New / Promising
C04137,2,7163.5,387,2,3,3,Loyal
C04138,1,12570.0,284,2,2,4,Lost / Hibernating
C04139,2,10150.0,121,3,3,3,Champions
C04140,19,44807.5,218,2,4,4,Loyal
C04142,6,34063.0,183,3,4,4,Champions
C04143,2,6690.0,39,4,3,3,Champions
C04144,10,18175.0,277,2,4,4,Loyal
C04146,4,6568.0,130,3,4,3,Champions
C04147,2,7942.5,120,3,3,3,Champions
C04148,1,5700.0,96,3,2,3,Big Spenders
C04149,1,5860.0,24,4,2,3,Big Spenders
C04150,1,2830.0,843,1,2,2,Lost / Hibernating
C04151,5,21843.0,85,4,4,4,Champions
C04152,1,9163.0,576,1,2,3,Lost / Hibernating
C04153,4,9509.0,105,3,4,3,Champions
C04154,2,685.5,172,3,3,1,Loyal
C04155,1,260.0,120,3,2,1,New / Promising
C04156,1,430.0,189,3,2,1,New / Promising
C04157,11,28237.0,91,3,4,4,Champions
C04158,7,14629.0,185,3,4,4,Champions
C04159,3,13681.0,136,3,4,4,Champions
C04160,9,31405.0,6,4,4,4,Champions
C04161,2,6540.0,452,1,3,3,At Risk
C04162,2,5454.0,496,1,3,3,At Risk
C04163,7,23275.0,106,3,4,4,Champions
C04164,5,12125.0,472,1,4,4,At Risk
C04165,2,468.0,54,4,3,1,Loyal
C04166,17,57691.0,117,3,4,4,Champions
C04167,1,630.0,318,2,2,1,Lost / Hibernating
C04168,1,260.0,386,2,2,1,Lost / Hibernating
C04169,1,580.0,104,3,2,1,New / Promising
C04170,7,41723.5,46,4,4,4,Champions
C04172,7,20656.0,330,2,4,4,Loyal
C04173,1,3564.0,481,1,2,2,Lost / Hibernating
C04174,2,6367.0,409,1,3,3,At Risk
C04175,1,13224.0,208,3,2,4,Big Spenders
C04176,3,17220.0,470,1,4,4,At Risk
C04177,4,26560.0,73,4,4,4,Champions
C04178,1,4040.0,76,4,2,2,New / Promising
C04179,1,10050.0,168,3,2,3,Big Spenders
C04180,1,854.0,103,3,2,1,New / Promising
C04181,1,798.0,216,3,2,1,New / Promising
C04182,1,2510.0,343,2,2,2,Lost / Hibernating
C04183,2,494.0,3,4,3,1,Loyal
C04184,1,481.0,250,2,2,1,Lost / Hibernating
C04185,11,46013.5,3,4,4,4,Champions
C04186,10,19173.0,15,4,4,4,Champions
C04187,1,2039.0,200,3,2,2,New / Promising
C04188,4,2449.0,369,2,4,2,Loyal
C04189,3,15274.0,76,4,4,4,Champions
C04190,1,4225.0,397,2,2,2,Lost / Hibernating
C04191,2,9169.0,10,4,3,3,Champions
C04192,2,5816.0,123,3,3,3,Champions
C04193,2,4808.0,130,3,3,3,Champions
C04194,1,5280.0,99,3,2,3,Big Spenders
C04195,10,28543.0,92,3,4,4,Champions
C04197,3,9172.0,555,1,4,3,At Risk
C04198,7,36876.0,160,3,4,4,Champions
C04199,1,2268.0,15,4,2,2,New / Promising
C04200,1,4530.0,414,1,2,2,Lost / Hibernating
C04201,1,2302.0,553,1,2,2,Lost / Hibernating
C04202,1,3830.0,643,1,2,2,Lost / Hibernating
C04203,1,3474.0,7,4,2,2,New / Promising
C04204,1,1605.0,667,1,2,1,Lost / Hibernating
C04205,1,11470.0,237,2,2,3,Lost / Hibernating
C04206,1,6950.0,625,1,2,3,Lost / Hibernating
C04207,7,30526.0,260,2,4,4,Loyal
C04208,3,18067.5,17,4,4,4,Champions
C04209,1,3590.0,993,1,2,2,Lost / Hibernating
C04210,1,2900.0,227,2,2,2,Lost / Hibernating
C04211,1,494.0,659,1,2,1,Lost / Hibernating
C04212,1,8440.0,190,3,2,3,Big Spenders
C04213,2,14474.0,112,3,3,4,Champions
C04214,4,4736.0,175,3,4,3,Champions
C04215,4,6851.0,171,3,4,3,Champions
C04216,2,2803.5,207,3,3,2,Loyal
C04217,1,2707.5,1,4,2,2,New / Promising
C04218,1,16531.0,695,1,2,4,Lost / Hibernating
C04219,25,95622.5,148,3,4,4,Champions
C04221,1,896.0,744,1,2,1,Lost / Hibernating
C04222,3,13122.5,185,3,4,4,Champions
C04223,2,2663.0,177,3,3,2,Loyal
C04224,3,3599.5,113,3,4,2,Loyal
C04225,2,3140.0,127,3,3,2,Loyal
C04226,2,5493.5,194,3,3,3,Champions
C04227,1,2917.0,628,1,2,2,Lost / Hibernating
C04228,3,9695.0,2,4,4,3,Champions
C04229,3,8315.5,285,2,4,3,Loyal
C04230,7,26841.0,199,3,4,4,Champions
C04231,2,9740.0,90,3,3,3,Champions
C04232,8,12044.5,36,4,4,4,Champions
C04233,2,4285.0,13,4,3,2,Loyal
C04234,53,157365.0,142,3,4,4,Champions
C04235,1,1650.5,411,1,2,1,Lost / Hibernating
C04236,2,1865.0,826,1,3,2,At Risk
C04237,2,12694.0,98,3,3,4,Champions
C04238,1,1089.0,163,3,2,1,New / Promising
C04239,1,260.0,110,3,2,1,New / Promising
C04240,1,1113.0,5,4,2,1,New / Promising
C04241,8,17165.0,123,3,4,4,Champions
C04242,1,2641.0,195,3,2,2,New / Promising
C04243,2,2132.5,148,3,3,2,Loyal
C04244,2,5604.0,11,4,3,3,Champions
C04245,1,260.0,301,2,2,1,Lost / Hibernating
C04246,1,7797.0,81,4,2,3,Big Spenders
C04247,2,8598.0,645,1,3,3,At Risk
C04248,2,7034.0,69,4,3,3,Champions
C04249,7,15868.0,15,4,4,4,Champions
C04250,7,23170.0,97,3,4,4,Champions
C04252,1,5596.0,19,4,2,3,Big Spenders
C04253,1,2220.0,476,1,2,2,Lost / Hibernating
C04254,3,25327.5,408,1,4,4,At Risk
C04255,4,6260.0,182,3,4,3,Champions
C04256,2,2073.0,342,2,3,2,Loyal
C04257,1,2200.0,311,2,2,2,Lost / Hibernating
C04258,1,6950.0,47,4,2,3,Big Spenders
C04259,1,795.0,7,4,2,1,New / Promising
C04260,3,6486.0,63,4,4,3,Champions
C04261,1,3464.0,268,2,2,2,Lost / Hibernating
C04262,5,32087.5,10,4,4,4,Champions
C04263,1,700.0,111,3,2,1,New / Promising
C04264,2,1063.5,499,1,3,1,At Risk
C04265,4,6984.0,475,1,4,3,At Risk
C04266,1,7675.0,6,4,2,3,Big Spenders
C04268,3,8813.5,502,1,4,3,At Risk
C04269,1,4330.0,271,2,2,2,Lost / Hibernating
C04270,2,1650.0,393,2,3,1,Loyal
C04271,1,182.0,585,1,2,1,Lost / Hibernating
C04272,2,6763.5,579,1,3,3,At Risk
C04273,2,3170.0,314,2,3,2,Loyal
C04274,1,620.0,362,2,2,1,Lost / Hibernating
C04275,1,4855.0,433,1,2,3,Lost / Hibernating
C04276,2,1916.0,322,2,3,2,Loyal
C04277,4,3860.0,19,4,4,2,Loyal
C04278,1,11267.0,35,4,2,3,Big Spenders
C04279,2,2804.0,31,4,3,2,Loyal
C04280,1,3144.0,74,4,2,2,New / Promising
C04281,2,1854.0,309,2,3,2,Loyal
C04282,1,5930.0,312,2,2,3,Lost / Hibernating
C04283,2,12560.0,27,4,3,4,Champions
C04284,4,4504.5,395,2,4,2,Loyal
C04285,16,50030.0,122,3,4,4,Champions
C04286,1,7180.0,641,1,2,3,Lost / Hibernating
C04287,2,3440.0,9,4,3,2,Loyal
C04288,2,7561.5,292,2,3,3,Loyal
C04289,1,16680.0,599,1,2,4,Lost / Hibernating
C04290,17,50182.5,15,4,4,4,Champions
C04291,5,23016.0,6,4,4,4,Champions
C04292,2,4200.0,783,1,3,2,At Risk
C04293,1,2352.0,568,1,2,2,Lost / Hibernating
C04294,1,979.9999999999999,265,2,2,1,Lost / Hibernating
C04296,7,12035.0,85,4,4,4,Champions
C04297,24,49112.5,63,4,4,4,Champions
C04298,2,22340.0,784,1,3,4,At Risk
C04299,1,5768.0,456,1,2,3,Lost / Hibernating
C04300,3,6780.0,148,3,4,3,Champions
C04301,1,1576.0,643,1,2,1,Lost / Hibernating
C04302,1,24137.5,12,4,2,4,Big Spenders
C04303,1,3360.0,73,4,2,2,New / Promising
C04304,2,3111.0,249,2,3,2,Loyal
C04305,1,630.0,606,1,2,1,Lost / Hibernating
C04306,2,6190.0,319,2,3,3,Loyal
C04307,1,1130.0,148,3,2,1,New / Promising
C04308,1,981.0,155,3,2,1,New / Promising
C04310,3,10888.5,614,1,4,3,At Risk
C04311,5,22214.0,75,4,4,4,Champions
C04312,3,17633.0,37,4,4,4,Champions
C04313,1,7426.0,94,3,2,3,Big Spenders
C04314,2,6662.0,766,1,3,3,At Risk
C04315,1,1160.0,339,2,2,1,Lost / Hibernating
C04316,2,4587.0,163,3,3,2,Loyal
C04317,1,432.0,248,2,2,1,Lost / Hibernating
C04318,2,9206.0,82,4,3,3,Champions
C04319,1,5856.0,430,1,2,3,Lost / Hibernating
C04320,7,19041.5,290,2,4,4,Loyal
C04321,1,1740.0,194,3,2,2,New / Promising
C04322,1,1030.0,498,1,2,1,Lost / Hibernating
C04323,1,1232.0,143,3,2,1,New / Promising
C04324,2,8277.0,363,2,3,3,Loyal
C04325,1,247.0,111,3,2,1,New / Promising
C04326,12,27043.0,28,4,4,4,Champions
C04327,1,2940.0,775,1,2,2,Lost / Hibernating
C04328,1,3293.0,600,1,2,2,Lost / Hibernating
C04329,7,38636.0,163,3,4,4,Champions
C04330,6,40952.5,173,3,4,4,Champions
C04331,1,3380.0,289,2,2,2,Lost / Hibernating
C04332,5,8653.5,139,3,4,3,Champions
C04334,1,1392.0,813,1,2,1,Lost / Hibernating
C04335,2,4581.5,722,1,3,2,At Risk
C04336,3,11466.0,60,4,4,3,Champions
C04337,1,3660.0,38,4,2,2,New / Promising
C04338,8,29928.0,559,1,4,4,At Risk
C04339,1,1424.0,204,3,2,1,New / Promising
C04340,1,3590.0,214,3,2,2,New / Promising
C04341,1,1098.5,13,4,2,1,New / Promising
C04342,1,1220.0,566,1,2,1,Lost / Hibernating
C04343,1,432.0,637,1,2,1,Lost / Hibernating
C04344,2,7451.0,425,1,3,3,At Risk
C04346,1,6570.0,215,3,2,3,Big Spenders
C04347,4,20964.0,42,4,4,4,Champions
C04348,4,4870.5,304,2,4,3,Loyal
C04349,1,3146.0,214,3,2,2,New / Promising
C04350,1,6200.5,106,3,2,3,Big Spenders
C04351,2,4640.0,503,1,3,2,At Risk
C04352,5,22177.0,40,4,4,4,Champions
C04353,3,18743.5,425,1,4,4,At Risk
C04354,3,17893.0,192,3,4,4,Champions
C04355,2,1354.0,363,2,3,1,Loyal
C04356,1,1566.0,170,3,2,1,New / Promising
C04357,1,570.0,8,4,2,1,New / Promising
C04358,3,9400.0,319,2,4,3,Loyal
C04359,1,2075.5,565,1,2,2,Lost / Hibernating
C04360,2,2582.0,42,4,3,2,Loyal
C04361,2,18720.0,435,1,3,4,At Risk
C04362,6,24577.5,68,4,4,4,Champions
C04363,16,66561.5,218,2,4,4,Loyal
C04364,1,7263.0,462,1,2,3,Lost / Hibernating
C04365,2,15900.0,105,3,3,4,Champions
C04366,2,9883.5,214,3,3,3,Champions
C04367,1,10506.0,176,3,2,3,Big Spenders
C04368,5,33229.0,486,1,4,4,At Risk
C04369,3,7084.0,241,2,4,3,Loyal
C04370,1,1160.0,70,4,2,1,New / Promising
C04371,2,3973.0,163,3,3,2,Loyal
C04372,6,13875.0,20,4,4,4,Champions
C04373,1,1740.0,561,1,2,2,Lost / Hibernating
C04374,2,4646.0,148,3,3,2,Loyal
C04375,2,23668.0,377,2,3,4,Loyal
C04376,1,1136.0,789,1,2,1,Lost / Hibernating
C04377,1,2953.0,429,1,2,2,Lost / Hibernating
C04378,1,1400.0,359,2,2,1,Lost / Hibernating
C04379,2,7220.0,415,1,3,3,At Risk
C04380,1,960.0,307,2,2,1,Lost / Hibernating
C04381,4,16690.5,222,2,4,4,Loyal
C04382,1,5310.5,558,1,2,3,Lost / Hibernating
C04383,1,17340.0,112,3,2,4,Big Spenders
C04384,2,6159.5,313,2,3,3,Loyal
C04385,1,557.0,310,2,2,1,Lost / Hibernating
C04386,8,41252.5,61,4,4,4,Champions
C04387,2,6327.0,441,1,3,3,At Risk
C04388,1,4176.0,65,4,2,2,New / Promising
C04389,5,18194.0,167,3,4,4,Champions
C04390,4,4369.5,185,3,4,2,Loyal
C04391,1,2320.0,86,4,2,2,New / Promising
C04392,4,9132.0,8,4,4,3,Champions
C04393,2,5471.0,268,2,3,3,Loyal
C04394,12,41687.5,41,4,4,4,Champions
C04395,1,199.5,804,1,2,1,Lost / Hibernating
C04396,1,1720.0,301,2,2,2,Lost / Hibernating
C04397,3,12455.0,272,2,4,4,Loyal
C04398,4,12074.0,154,3,4,4,Champions
C04399,2,13766.5,118,3,3,4,Champions
C04400,3,32853.5,187,3,4,4,Champions
C04401,1,6176.0,889,1,2,3,Lost / Hibernating
C04402,4,5214.0,287,2,4,3,Loyal
C04403,2,5950.0,364,2,3,3,Loyal
C04404,1,8480.0,318,2,2,3,Lost / Hibernating
C04405,1,4376.0,95,3,2,2,New / Promising
C04406,2,5720.0,745,1,3,3,At Risk
C04407,6,12761.0,69,4,4,4,Champions
C04408,2,2347.0,254,2,3,2,Loyal
C04409,2,4818.5,379,2,3,3,Loyal
C04410,1,3520.0,404,2,2,2,Lost / Hibernating
C04411,1,1260.0,39,4,2,1,New / Promising
C04412,3,5031.0,26,4,4,3,Champions
C04413,1,5633.5,476,1,2,3,Lost / Hibernating
C04414,1,1330.0,10,4,2,1,New / Promising
C04415,1,4130.0,902,1,2,2,Lost / Hibernating
C04416,2,3695.0,39,4,3,2,Loyal
C04417,1,260.0,416,1,2,1,Lost / Hibernating
C04419,1,5337.0,43,4,2,3,Big Spenders
C04420,1,1840.0,375,2,2,2,Lost / Hibernating
C04421,11,35076.0,38,4,4,4,Champions
C04422,1,11720.0,646,1,2,4,Lost / Hibernating
C04423,2,1227.0,253,2,3,1,Loyal
C04424,5,4166.5,141,3,4,2,Loyal
C04425,4,8240.0,65,4,4,3,Champions
C04426,3,12640.5,114,3,4,4,Champions
C04427,2,3558.0,244,2,3,2,Loyal
C04428,1,893.0,61,4,2,1,New / Promising
C04429,1,700.0,988,1,2,1,Lost / Hibernating
C04430,4,18695.0,174,3,4,4,Champions
C04431,4,7894.0,203,3,4,3,Champions
C04432,5,23271.0,103,3,4,4,Champions
C04433,1,13639.0,460,1,2,4,Lost / Hibernating
C04434,4,6412.0,513,1,4,3,At Risk
C04435,1,1132.0,657,1,2,1,Lost / Hibernating
C04436,1,4210.0,253,2,2,2,Lost / Hibernating
C04437,4,8960.0,14,4,4,3,Champions
C04438,1,1270.5,3,4,2,1,New / Promising
C04439,1,1260.0,87,4,2,1,New / Promising
C04440,1,11860.0,325,2,2,4,Lost / Hibernating
C04442,1,1760.0,108,3,2,2,New / Promising
C04443,2,5705.0,504,1,3,3,At Risk
C04444,2,13460.0,72,4,3,4,Champions
C04445,6,12340.0,34,4,4,4,Champions
C04446,7,11148.0,5,4,4,3,Champions
C04448,5,27394.0,446,1,4,4,At Risk
C04449,6,35871.5,50,4,4,4,Champions
C04450,1,800.0,41,4,2,1,New / Promising
C04451,1,2830.0,600,1,2,2,Lost / Hibernating
C04452,3,4480.0,37,4,4,2,Loyal
C04453,3,7137.0,575,1,4,3,At Risk
C04454,2,7917.5,160,3,3,3,Champions
C04455,1,1566.0,130,3,2,1,New / Promising
C04456,1,364.0,185,3,2,1,New / Promising
C04457,1,1920.0,460,1,2,2,Lost / Hibernating
C04458,1,450.0,708,1,2,1,Lost / Hibernating
C04459,5,6897.0,223,2,4,3,Loyal
C04460,2,11619.0,327,2,3,3,Loyal
C04461,5,19529.0,44,4,4,4,Champions
C04462,3,6589.0,44,4,4,3,Champions
C04463,4,11681.0,274,2,4,3,Loyal
C04464,2,1035.5,109,3,3,1,Loyal
C04466,2,8676.0,321,2,3,3,Loyal
C04467,2,7019.0,320,2,3,3,Loyal
C04468,1,2938.0,264,2,2,2,Lost / Hibernating
C04469,2,7658.0,49,4,3,3,Champions
C04470,1,208.0,41,4,2,1,New / Promising
C04471,27,96510.5,4,4,4,4,Champions
C04472,3,16350.0,779,1,4,4,At Risk
C04474,1,7681.5,407,1,2,3,Lost / Hibernating
C04475,1,2855.0,361,2,2,2,Lost / Hibernating
C04476,1,5030.0,353,2,2,3,Lost / Hibernating
C04477,1,594.0,232,2,2,1,Lost / Hibernating
C04478,1,489.99999999999994,655,1,2,1,Lost / Hibernating
C04479,1,1320.5,293,2,2,1,Lost / Hibernating
C04480,1,570.0,239,2,2,1,Lost / Hibernating
C04481,1,790.0,502,1,2,1,Lost / Hibernating
C04482,2,15337.0,391,2,3,4,Loyal
C04483,2,2710.0,656,1,3,2,At Risk
C04484,1,1496.0,506,1,2,1,Lost / Hibernating
C04485,1,8673.5,167,3,2,3,Big Spenders
C04486,1,2240.0,86,4,2,2,New / Promising
C04487,1,12440.0,327,2,2,4,Lost / Hibernating
C04488,7,28342.0,151,3,4,4,Champions
C04489,1,14282.0,254,2,2,4,Lost / Hibernating
C04490,2,9535.0,139,3,3,3,Champions
C04491,2,3570.5,216,3,3,2,Loyal
C04492,1,4380.0,135,3,2,2,New / Promising
C04493,3,9554.5,325,2,4,3,Loyal
C04494,16,43631.0,239,2,4,4,Loyal
C04495,1,5680.0,805,1,2,3,Lost / Hibernating
C04496,10,14870.0,38,4,4,4,Champions
C04497,1,1760.0,111,3,2,2,New / Promising
C04498,8,12631.0,148,3,4,4,Champions
C04499,7,19019.5,56,4,4,4,Champions
C04500,1,260.0,474,1,2,1,Lost / Hibernating
C04501,2,2100.0,347,2,3,2,Loyal
C04502,18,68180.5,10,4,4,4,Champions
C04503,4,20041.0,121,3,4,4,Champions
C04505,4,8724.0,48,4,4,3,Champions
C04506,1,921.0,163,3,2,1,New / Promising
C04507,2,5054.0,220,2,3,3,Loyal
C04508,3,15045.0,86,4,4,4,Champions
C04510,1,1800.0,811,1,2,2,Lost / Hibernating
C04511,6,26324.0,433,1,4,4,At Risk
C04512,1,1408.0,49,4,2,1,New / Promising
C04513,8,29736.0,129,3,4,4,Champions
C04514,1,240.0,265,2,2,1,Lost / Hibernating
C04515,2,8396.5,384,2,3,3,Loyal
C04517,5,22580.5,138,3,4,4,Champions
C04518,1,987.0,82,4,2,1,New / Promising
C04519,1,4698.0,659,1,2,2,Lost / Hibernating
C04521,1,2618.5,291,2,2,2,Lost / Hibernating
C04522,3,14043.5,222,2,4,4,Loyal
C04523,7,24046.0,145,3,4,4,Champions
C04524,4,23536.5,105,3,4,4,Champions
C04525,8,39914.0,37,4,4,4,Champions
C04526,2,3735.0,19,4,3,2,Loyal
C04527,2,4497.0,389,2,3,2,Loyal
C04528,5,7313.0,399,2,4,3,Loyal
C04529,1,2784.0,252,2,2,2,Lost / Hibernating
C04530,1,450.0,325,2,2,1,Lost / Hibernating
C04531,1,4993.5,369,2,2,3,Lost / Hibernating
C04532,1,1590.0,358,2,2,1,Lost / Hibernating
C04533,9,19793.0,166,3,4,4,Champions
C04534,1,362.0,268,2,2,1,Lost / Hibernating
C04535,1,9124.0,510,1,2,3,Lost / Hibernating
C04536,12,34431.0,91,3,4,4,Champions
C04537,12,28319.0,168,3,4,4,Champions
C04538,1,513.0,315,2,2,1,Lost / Hibernating
C04539,1,2080.5,308,2,2,2,Lost / Hibernating
C04540,1,3520.0,575,1,2,2,Lost / Hibernating
C04541,1,966.0,104,3,2,1,New / Promising
C04542,1,6970.0,148,3,2,3,Big Spenders
C04543,2,12112.5,463,1,3,4,At Risk
C04544,4,13716.0,54,4,4,4,Champions
C04545,1,5567.0,494,1,2,3,Lost / Hibernating
C04546,1,4151.0,13,4,2,2,New / Promising
C04548,3,13904.0,323,2,4,4,Loyal
C04549,1,5967.0,463,1,2,3,Lost / Hibernating
C04550,2,19420.0,622,1,3,4,At Risk
C04551,1,5897.0,246,2,2,3,Lost / Hibernating
C04552,10,60956.0,173,3,4,4,Champions
C04553,6,28353.0,170,3,4,4,Champions
C04554,1,2425.5,368,2,2,2,Lost / Hibernating
C04555,1,20850.0,86,4,2,4,Big Spenders
C04556,2,5795.5,23,4,3,3,Champions
C04557,1,5341.0,74,4,2,3,Big Spenders
C04558,2,6522.5,246,2,3,3,Loyal
C04559,5,16472.0,39,4,4,4,Champions
C04560,1,2402.0,100,3,2,2,New / Promising
C04561,1,3999.5,221,2,2,2,Lost / Hibernating
C04562,3,30020.0,208,3,4,4,Champions
C04564,2,8280.0,819,1,3,3,At Risk
C04565,1,1874.0,248,2,2,2,Lost / Hibernating
C04566,2,1154.5,260,2,3,1,Loyal
C04567,5,23519.5,173,3,4,4,Champions
C04568,3,7950.0,113,3,4,3,Champions
C04569,2,2770.0,223,2,3,2,Loyal
C04570,1,4759.5,48,4,2,3,Big Spenders
C04571,23,71942.0,12,4,4,4,Champions
C04572,1,1399.0,128,3,2,1,New / Promising
C04573,1,1526.5,207,3,2,1,New / Promising
C04574,1,2390.0,288,2,2,2,Lost / Hibernating
C04575,1,4607.5,82,4,2,2,New / Promising
C04576,2,3828.0,487,1,3,2,At Risk
C04577,14,55011.0,5,4,4,4,Champions
C04578,4,21411.0,275,2,4,4,Loyal
C04579,1,2440.0,642,1,2,2,Lost / Hibernating
C04580,1,774.0,103,3,2,1,New / Promising
C04581,1,310.0,411,1,2,1,Lost / Hibernating
C04582,1,8520.0,574,1,2,3,Lost / Hibernating
C04583,2,20950.0,25,4,3,4,Champions
C04585,1,10892.0,221,2,2,3,Lost / Hibernating
C04586,5,17818.0,79,4,4,4,Champions
C04587,1,8480.0,192,3,2,3,Big Spenders
C04589,1,5633.5,182,3,2,3,Big Spenders
C04590,2,7624.5,343,2,3,3,Loyal
C04591,1,3828.0,296,2,2,2,Lost / Hibernating
C04592,4,27330.0,725,1,4,4,At Risk
C04594,1,15910.0,232,2,2,4,Lost / Hibernating
C04595,1,2397.0,287,2,2,2,Lost / Hibernating
C04596,3,14848.5,52,4,4,4,Champions
C04597,1,1886.0,115,3,2,2,New / Promising
C04598,2,3344.0,770,1,3,2,At Risk
C04599,1,960.0,279,2,2,1,Lost / Hibernating
C04600,1,1390.0,21,4,2,1,New / Promising
C04601,4,3736.0,275,2,4,2,Loyal
C04602,1,884.0,174,3,2,1,New / Promising
C04603,1,8302.0,304,2,2,3,Lost / Hibernating
C04604,1,1251.0,170,3,2,1,New / Promising
C04605,1,465.5,284,2,2,1,Lost / Hibernating
C04606,1,4500.5,253,2,2,2,Lost / Hibernating
C04607,1,8056.0,694,1,2,3,Lost / Hibernating
C04608,1,4151.5,206,3,2,2,New / Promising
C04609,1,260.0,687,1,2,1,Lost / Hibernating
C04610,1,2090.0,15,4,2,2,New / Promising
C04611,2,3040.0,559,1,3,2,At Risk
C04612,6,19737.5,80,4,4,4,Champions
C04613,1,1790.5,111,3,2,2,New / Promising
C04614,1,700.0,688,1,2,1,Lost / Hibernating
C04615,1,15503.0,531,1,2,4,Lost / Hibernating
C04616,1,5210.0,201,3,2,3,Big Spenders
C04617,3,8678.5,476,1,4,3,At Risk
C04618,1,2102.0,733,1,2,2,Lost / Hibernating
C04619,5,15036.5,343,2,4,4,Loyal
C04620,4,16441.0,239,2,4,4,Loyal
C04621,1,660.0,693,1,2,1,Lost / Hibernating
C04622,1,234.0,993,1,2,1,Lost / Hibernating
C04623,2,3512.0,72,4,3,2,Loyal
C04624,1,1120.0,601,1,2,1,Lost / Hibernating
C04625,2,9108.0,257,2,3,3,Loyal
C04626,2,899.0,243,2,3,1,Loyal
C04627,5,15935.5,50,4,4,4,Champions
C04628,4,14853.0,129,3,4,4,Champions
C04629,2,7513.5,337,2,3,3,Loyal
C04630,1,8660.0,106,3,2,3,Big Spenders
C04631,1,1302.0,97,3,2,1,New / Promising
C04632,2,2583.0,498,1,3,2,At Risk
C04633,2,5763.0,306,2,3,3,Loyal
C04634,1,2640.0,722,1,2,2,Lost / Hibernating
C04635,4,9317.0,52,4,4,3,Champions
C04636,1,1102.0,82,4,2,1,New / Promising
C04637,1,520.0,65,4,2,1,New / Promising
C04638,4,6316.5,317,2,4,3,Loyal
C04639,8,53073.5,75,4,4,4,Champions
C04640,1,2105.0,735,1,2,2,Lost / Hibernating
C04641,8,46320.0,87,4,4,4,Champions
C04642,2,7532.0,384,2,3,3,Loyal
C04643,1,783.0,290,2,2,1,Lost / Hibernating
C04644,26,91508.5,8,4,4,4,Champions
C04645,1,260.0,78,4,2,1,New / Promising
C04646,1,1442.0,839,1,2,1,Lost / Hibernating
C04647,3,9855.5,82,4,4,3,Champions
C04648,1,845.5,101,3,2,1,New / Promising
C04649,2,7157.5,206,3,3,3,Champions
C04650,6,15426.0,51,4,4,4,Champions
C04651,1,700.0,326,2,2,1,Lost / Hibernating
C04653,1,3672.0,756,1,2,2,Lost / Hibernating
C04654,3,13835.0,151,3,4,4,Champions
C04655,1,600.0,577,1,2,1,Lost / Hibernating
C04656,2,7812.0,82,4,3,3,Champions
C04657,19,63786.5,31,4,4,4,Champions
C04658,1,7248.5,52,4,2,3,Big Spenders
C04659,2,5640.0,79,4,3,3,Champions
C04660,3,14640.0,258,2,4,4,Loyal
C04661,1,3960.0,933,1,2,2,Lost / Hibernating
C04662,2,8558.0,243,2,3,3,Loyal
C04663,1,1566.0,98,3,2,1,New / Promising
C04664,2,22085.0,46,4,3,4,Champions
C04665,1,247.0,272,2,2,1,Lost / Hibernating
C04666,1,5710.0,496,1,2,3,Lost / Hibernating
C04667,3,1673.0,335,2,4,1,Loyal
C04668,1,1670.0,376,2,2,1,Lost / Hibernating
C04669,2,4653.0,414,1,3,2,At Risk
C04670,1,260.0,219,2,2,1,Lost / Hibernating
C04671,4,28675.0,347,2,4,4,Loyal
C04672,6,39609.5,48,4,4,4,Champions
C04673,3,13000.0,50,4,4,4,Champions
C04674,1,21514.5,421,1,2,4,Lost / Hibernating
C04675,1,9055.5,323,2,2,3,Lost / Hibernating
C04678,1,520.0,129,3,2,1,New / Promising
C04679,1,480.0,111,3,2,1,New / Promising
C04680,2,10278.0,205,3,3,3,Champions
C04681,1,1882.0,291,2,2,2,Lost / Hibernating
C04682,3,24963.0,123,3,4,4,Champions
C04683,1,602.0,465,1,2,1,Lost / Hibernating
C04684,3,4371.0,253,2,4,2,Loyal
C04685,3,12924.5,130,3,4,4,Champions
C04686,4,11401.0,105,3,4,3,Champions
C04687,1,5860.0,981,1,2,3,Lost / Hibernating
C04688,1,2281.0,114,3,2,2,New / Promising
C04689,4,11249.0,74,4,4,3,Champions
C04690,2,19064.5,218,2,3,4,Loyal
C04691,1,182.0,330,2,2,1,Lost / Hibernating
C04692,1,8574.0,706,1,2,3,Lost / Hibernating
C04693,1,260.0,70,4,2,1,New / Promising
C04694,4,13951.0,588,1,4,4,At Risk
C04695,1,3520.0,75,4,2,2,New / Promising
C04696,1,1653.0,203,3,2,1,New / Promising
C04697,1,4610.0,693,1,2,2,Lost / Hibernating
C04698,11,29353.0,330,2,4,4,Loyal
C04699,4,14448.0,334,2,4,4,Loyal
C04700,3,16522.5,180,3,4,4,Champions
C04701,1,5860.0,697,1,2,3,Lost / Hibernating
C04702,1,2190.0,5,4,2,2,New / Promising
C04703,1,9729.5,682,1,2,3,Lost / Hibernating
C04704,1,3490.0,138,3,2,2,New / Promising
C04705,2,3349.5,80,4,3,2,Loyal
C04706,1,6606.0,24,4,2,3,Big Spenders
C04707,2,17864.0,109,3,3,4,Champions
C04708,6,16459.0,43,4,4,4,Champions
C04709,1,567.0,349,2,2,1,Lost / Hibernating
C04710,19,68298.5,36,4,4,4,Champions
C04711,1,313.5,145,3,2,1,New / Promising
C04712,2,11743.0,546,1,3,4,At Risk
C04713,2,2064.0,127,3,3,2,Loyal
C04714,2,13770.0,353,2,3,4,Loyal
C04716,24,63362.5,251,2,4,4,Loyal
C04717,26,96431.0,130,3,4,4,Champions
C04718,3,6714.5,517,1,4,3,At Risk
C04719,1,5337.0,618,1,2,3,Lost / Hibernating
C04720,27,98281.0,226,2,4,4,Loyal
C04721,1,630.0,50,4,2,1,New / Promising
C04722,9,36878.5,135,3,4,4,Champions
C04723,1,960.0,298,2,2,1,Lost / Hibernating
C04724,2,3762.0,424,1,3,2,At Risk
C04725,2,1632.0,365,2,3,1,Loyal
C04726,1,2894.0,420,1,2,2,Lost / Hibernating
C04727,2,19029.0,316,2,3,4,Loyal
C04728,1,940.0,116,3,2,1,New / Promising
C04729,1,260.0,438,1,2,1,Lost / Hibernating
C04730,6,29230.5,4,4,4,4,Champions
C04731,1,9531.0,24,4,2,3,Big Spenders
C04732,2,4410.0,601,1,3,2,At Risk
C04733,3,13124.0,219,2,4,4,Loyal
C04734,3,4930.0,371,2,4,3,Loyal
C04735,2,11153.0,201,3,3,3,Champions
C04736,1,8924.0,236,2,2,3,Lost / Hibernating
C04737,1,700.0,749,1,2,1,Lost / Hibernating
C04738,5,16114.0,116,3,4,4,Champions
C04739,12,34679.0,16,4,4,4,Champions
C04740,2,16651.0,889,1,3,4,At Risk
C04741,1,2491.5,50,4,2,2,New / Promising
C04742,1,630.0,515,1,2,1,Lost / Hibernating
C04743,2,3064.5,21,4,3,2,Loyal
C04744,1,430.0,486,1,2,1,Lost / Hibernating
C04745,1,2770.0,49,4,2,2,New / Promising
C04746,2,22740.0,245,2,3,4,Loyal
C04747,1,1044.0,499,1,2,1,Lost / Hibernating
C04748,1,494.0,212,3,2,1,New / Promising
C04749,2,1600.0,9,4,3,1,Loyal
C04750,1,1243.5,532,1,2,1,Lost / Hibernating
C04751,1,1240.0,2,4,2,1,New / Promising
C04752,2,10238.5,344,2,3,3,Loyal
C04753,2,2481.0,211,3,3,2,Loyal
C04754,1,5830.0,279,2,2,3,Lost / Hibernating
C04755,1,3961.5,144,3,2,2,New / Promising
C04756,1,1512.0,107,3,2,1,New / Promising
C04757,2,4600.0,111,3,3,2,Loyal
C04758,2,3337.0,157,3,3,2,Loyal
C04759,17,67322.0,30,4,4,4,Champions
C04760,2,21529.5,296,2,3,4,Loyal
C04762,1,2224.0,441,1,2,2,Lost / Hibernating
C04763,1,1138.0,747,1,2,1,Lost / Hibernating
C04764,4,21335.0,115,3,4,4,Champions
C04765,1,1390.0,369,2,2,1,Lost / Hibernating
C04766,4,19533.0,94,3,4,4,Champions
C04767,2,13902.0,649,1,3,4,At Risk
C04768,1,4330.0,321,2,2,2,Lost / Hibernating
C04769,1,5936.0,208,3,2,3,Big Spenders
C04770,1,247.0,55,4,2,1,New / Promising
C04771,4,20220.5,88,3,4,4,Champions
C04772,1,1087.0,49,4,2,1,New / Promising
C04773,7,26755.0,133,3,4,4,Champions
C04774,2,3998.0,90,3,3,2,Loyal
C04775,3,21180.0,328,2,4,4,Loyal
C04776,2,1254.0,117,3,3,1,Loyal
C04777,1,870.0,315,2,2,1,Lost / Hibernating
C04778,5,18641.5,122,3,4,4,Champions
C04779,3,1464.0,7,4,4,1,Loyal
C04780,5,11883.0,130,3,4,4,Champions
C04781,1,5633.5,336,2,2,3,Lost / Hibernating
C04782,5,14180.0,610,1,4,4,At Risk
C04783,1,2502.0,484,1,2,2,Lost / Hibernating
C04784,1,1672.0,690,1,2,1,Lost / Hibernating
C04785,1,6570.0,68,4,2,3,Big Spenders
C04786,1,520.0,13,4,2,1,New / Promising
C04788,2,23587.0,485,1,3,4,At Risk
C04789,1,4330.0,698,1,2,2,Lost / Hibernating
C04790,3,2679.0,14,4,4,2,Loyal
C04793,1,5120.0,901,1,2,3,Lost / Hibernating
C04794,28,68395.0,58,4,4,4,Champions
C04795,1,192.0,679,1,2,1,Lost / Hibernating
C04796,2,5780.0,15,4,3,3,Champions
C04797,1,2584.5,315,2,2,2,Lost / Hibernating
C04798,4,17932.0,29,4,4,4,Champions
C04799,1,1390.0,585,1,2,1,Lost / Hibernating
C04800,1,234.0,38,4,2,1,New / Promising
C04801,4,11335.5,156,3,4,3,Champions
C04802,3,14884.0,68,4,4,4,Champions
C04803,1,3050.0,71,4,2,2,New / Promising
C04804,1,2899.0,412,1,2,2,Lost / Hibernating
C04805,1,660.0,70,4,2,1,New / Promising
C04806,27,58323.5,5,4,4,4,Champions
C04807,1,1572.0,281,2,2,1,Lost / Hibernating
C04808,1,456.0,831,1,2,1,Lost / Hibernating
C04809,1,1290.0,117,3,2,1,New / Promising
C04810,9,49677.0,309,2,4,4,Loyal
C04811,4,9414.5,778,1,4,3,At Risk
C04812,14,27113.5,5,4,4,4,Champions
C04814,2,10166.5,190,3,3,3,Champions
C04815,3,1855.5,83,4,4,2,Loyal
C04816,1,4804.0,625,1,2,3,Lost / Hibernating
C04817,1,250.0,6,4,2,1,New / Promising
C04818,1,1756.0,36,4,2,2,New / Promising
C04819,1,1851.0,816,1,2,2,Lost / Hibernating
C04820,2,7508.5,199,3,3,3,Champions
C04821,4,9543.5,116,3,4,3,Champions
C04822,3,15010.5,116,3,4,4,Champions
C04823,15,60649.0,3,4,4,4,Champions
C04824,1,480.0,207,3,2,1,New / Promising
C04825,2,9900.0,473,1,3,3,At Risk
C04826,1,7690.0,569,1,2,3,Lost / Hibernating
C04827,2,7795.0,168,3,3,3,Champions
C04828,2,7602.0,85,4,3,3,Champions
C04830,1,7707.0,933,1,2,3,Lost / Hibernating
C04831,1,1757.0,752,1,2,2,Lost / Hibernating
C04832,8,41752.0,376,2,4,4,Loyal
C04834,1,1994.9999999999998,985,1,2,2,Lost / Hibernating
C04835,2,5743.5,258,2,3,3,Loyal
C04836,1,5340.0,391,2,2,3,Lost / Hibernating
C04837,1,1090.0,281,2,2,1,Lost / Hibernating
C04839,5,24268.0,240,2,4,4,Loyal
C04840,4,21570.0,114,3,4,4,Champions
C04841,3,7048.5,251,2,4,3,Loyal
C04842,1,2970.0,108,3,2,2,New / Promising
C04843,2,1164.0,757,1,3,1,At Risk
C04844,1,780.0,383,2,2,1,Lost / Hibernating
C04845,1,260.0,88,3,2,1,New / Promising
C04846,5,16535.0,206,3,4,4,Champions
C04847,1,1330.0,307,2,2,1,Lost / Hibernating
C04848,1,260.0,245,2,2,1,Lost / Hibernating
C04849,7,30040.0,394,2,4,4,Loyal
C04850,3,14031.0,48,4,4,4,Champions
C04851,2,10629.0,31,4,3,3,Champions
C04852,1,441.0,26,4,2,1,New / Promising
C04853,1,976.0,460,1,2,1,Lost / Hibernating
C04854,1,1220.0,222,2,2,1,Lost / Hibernating
C04855,1,1061.0,205,3,2,1,New / Promising
C04856,5,13606.0,132,3,4,4,Champions
C04857,20,57644.0,24,4,4,4,Champions
C04858,2,2294.0,724,1,3,2,At Risk
C04859,6,55386.0,325,2,4,4,Loyal
C04860,1,1719.0,434,1,2,2,Lost / Hibernating
C04861,2,16724.0,453,1,3,4,At Risk
C04862,1,1110.0,954,1,2,1,Lost / Hibernating
C04864,1,1750.0,53,4,2,2,New / Promising
C04865,2,2514.0,110,3,3,2,Loyal
C04866,6,14659.0,59,4,4,4,Champions
C04867,8,21472.5,143,3,4,4,Champions
C04868,6,10361.0,56,4,4,3,Champions
C04869,1,2220.0,20,4,2,2,New / Promising
C04870,1,504.0,66,4,2,1,New / Promising
C04871,3,9883.5,315,2,4,3,Loyal
C04872,1,208.0,450,1,2,1,Lost / Hibernating
C04873,1,260.0,539,1,2,1,Lost / Hibernating
C04874,3,20711.0,36,4,4,4,Champions
C04875,1,1090.0,626,1,2,1,Lost / Hibernating
C04876,4,9820.0,507,1,4,3,At Risk
C04877,1,4920.0,837,1,2,3,Lost / Hibernating
C04878,1,2072.0,338,2,2,2,Lost / Hibernating
C04879,1,1352.0,847,1,2,1,Lost / Hibernating
C04880,7,34738.5,466,1,4,4,At Risk
C04882,2,6500.0,438,1,3,3,At Risk
C04883,1,1260.0,788,1,2,1,Lost / Hibernating
C04884,2,4690.0,879,1,3,2,At Risk
C04885,20,79926.0,215,3,4,4,Champions
C04886,1,1492.0,681,1,2,1,Lost / Hibernating
C04887,7,29755.5,89,3,4,4,Champions
C04888,1,2794.0,73,4,2,2,New / Promising
C04890,1,5964.0,508,1,2,3,Lost / Hibernating
C04891,1,3387.0,217,3,2,2,New / Promising
C04892,1,570.0,280,2,2,1,Lost / Hibernating
C04893,10,25170.0,146,3,4,4,Champions
C04894,5,6542.0,171,3,4,3,Champions
C04895,1,1980.0,479,1,2,2,Lost / Hibernating
C04896,1,2919.0,339,2,2,2,Lost / Hibernating
C04897,2,7449.0,554,1,3,3,At Risk
C04898,1,979.9999999999999,28,4,2,1,New / Promising
C04899,8,9652.0,25,4,4,3,Champions
C04900,7,12525.0,214,3,4,4,Champions
C04902,1,780.0,287,2,2,1,Lost / Hibernating
C04903,3,5430.0,234,2,4,3,Loyal
C04904,5,22620.5,357,2,4,4,Loyal
C04905,1,580.0,838,1,2,1,Lost / Hibernating
C04906,1,2404.0,139,3,2,2,New / Promising
C04907,1,4652.0,409,1,2,2,Lost / Hibernating
C04908,8,24323.5,196,3,4,4,Champions
C04909,1,780.0,658,1,2,1,Lost / Hibernating
C04910,1,3439.0,179,3,2,2,New / Promising
C04911,1,18784.0,203,3,2,4,Big Spenders
C04912,1,3712.0,110,3,2,2,New / Promising
C04913,1,3100.0,327,2,2,2,Lost / Hibernating
C04914,12,30653.0,44,4,4,4,Champions
C04915,2,4031.0,286,2,3,2,Loyal
C04916,7,15565.5,159,3,4,4,Champions
C04917,2,2668.5,276,2,3,2,Loyal
C04919,4,12084.0,21,4,4,4,Champions
C04920,1,496.0,85,4,2,1,New / Promising
C04921,1,1760.0,536,1,2,2,Lost / Hibernating
C04922,24,52704.0,32,4,4,4,Champions
C04923,6,19708.0,17,4,4,4,Champions
C04924,1,2780.0,104,3,2,2,New / Promising
C04925,1,3557.5,70,4,2,2,New / Promising
C04926,3,4011.0,140,3,4,2,Loyal
C04927,2,15272.0,3,4,3,4,Champions
C04928,1,260.0,99,3,2,1,New / Promising
C04929,1,247.0,144,3,2,1,New / Promising
C04930,1,5337.0,94,3,2,3,Big Spenders
C04931,1,4380.0,520,1,2,2,Lost / Hibernating
C04932,1,1878.0,187,3,2,2,New / Promising
C04933,1,3790.0,336,2,2,2,Lost / Hibernating
C04934,1,7261.5,216,3,2,3,Big Spenders
C04935,2,5250.0,684,1,3,3,At Risk
C04936,1,7456.0,212,3,2,3,Big Spenders
C04937,1,700.0,49,4,2,1,New / Promising
C04938,2,13673.0,329,2,3,4,Loyal
C04939,1,344.0,28,4,2,1,New / Promising
C04940,2,2854.0,376,2,3,2,Loyal
C04941,2,2776.0,474,1,3,2,At Risk
C04942,3,13777.0,417,1,4,4,At Risk
C04943,3,11552.0,133,3,4,3,Champions
C04944,2,16704.0,52,4,3,4,Champions
C04945,8,11510.5,294,2,4,3,Loyal
C04946,1,1359.0,308,2,2,1,Lost / Hibernating
C04948,3,10074.0,99,3,4,3,Champions
C04949,2,5006.0,72,4,3,3,Champions
C04950,1,441.0,281,2,2,1,Lost / Hibernating
C04952,1,458.0,308,2,2,1,Lost / Hibernating
C04953,1,1280.0,26,4,2,1,New / Promising
C04954,15,53066.5,3,4,4,4,Champions
C04955,2,4813.5,589,1,3,3,At Risk
C04956,4,6151.0,298,2,4,3,Loyal
C04957,1,4151.0,343,2,2,2,Lost / Hibernating
C04958,1,5567.0,315,2,2,3,Lost / Hibernating
C04959,3,4037.0,78,4,4,2,Loyal
C04960,2,7079.0,521,1,3,3,At Risk
C04961,8,25310.0,189,3,4,4,Champions
C04962,2,17592.5,73,4,3,4,Champions
C04964,2,12032.0,74,4,3,4,Champions
C04965,7,29208.5,94,3,4,4,Champions
C04966,1,2299.0,616,1,2,2,Lost / Hibernating
C04967,1,4204.0,472,1,2,2,Lost / Hibernating
C04968,2,1927.0,615,1,3,2,At Risk
C04969,2,6584.0,314,2,3,3,Loyal
C04970,1,17894.0,297,2,2,4,Lost / Hibernating
C04971,3,9620.0,443,1,4,3,At Risk
C04972,1,2000.0,491,1,2,2,Lost / Hibernating
C04973,1,3306.0,942,1,2,2,Lost / Hibernating
C04975,1,1602.0,498,1,2,1,Lost / Hibernating
C04976,4,3686.0,290,2,4,2,Loyal
C04977,2,21324.0,611,1,3,4,At Risk
C04978,1,2620.0,300,2,2,2,Lost / Hibernating
C04979,1,3111.0,103,3,2,2,New / Promising
C04980,5,11135.5,407,1,4,3,At Risk
C04981,8,42208.5,102,3,4,4,Champions
C04982,2,4036.0,620,1,3,2,At Risk
C04983,2,2638.0,96,3,3,2,Loyal
C04985,1,2464.0,471,1,2,2,Lost / Hibernating
C04986,1,468.0,560,1,2,1,Lost / Hibernating
C04987,3,5878.0,44,4,4,3,Champions
C04988,3,3634.0,39,4,4,2,Loyal
C04989,1,260.0,643,1,2,1,Lost / Hibernating
C04990,1,2646.0,754,1,2,2,Lost / Hibernating
C04991,4,27046.0,160,3,4,4,Champions
C04992,2,832.0,65,4,3,1,Loyal
C04993,1,10190.0,271,2,2,3,Lost / Hibernating
C04994,1,711.0,297,2,2,1,Lost / Hibernating
C04995,1,3168.0,141,3,2,2,New / Promising
C04996,3,13261.5,178,3,4,4,Champions
C04997,6,10693.5,160,3,4,3,Champions
C04998,2,1278.0,292,2,3,1,Loyal
C04999,1,1566.0,96,3,2,1,New / Promising
C05000,4,18480.0,199,3,4,4,Champions
C05001,1,1750.0,629,1,2,2,Lost / Hibernating
C05002,3,11372.5,763,1,4,3,At Risk
C05004,1,2190.0,195,3,2,2,New / Promising
C05005,4,19448.0,112,3,4,4,Champions
C05006,5,8181.5,135,3,4,3,Champions
C05007,1,3175.0,83,4,2,2,New / Promising
C05009,1,14038.0,282,2,2,4,Lost / Hibernating
C05010,1,8714.0,280,2,2,3,Lost / Hibernating
C05011,1,639.0,85,4,2,1,New / Promising
C05012,1,456.0,33,4,2,1,New / Promising
C05013,2,37796.5,220,2,3,4,Loyal
C05014,23,81027.5,94,3,4,4,Champions
C05015,4,12172.5,93,3,4,4,Champions
C05016,1,1653.0,35,4,2,1,New / Promising
C05017,1,2255.0,296,2,2,2,Lost / Hibernating
C05018,1,1672.0,879,1,2,1,Lost / Hibernating
C05019,4,10964.0,550,1,4,3,At Risk
C05020,1,600.0,75,4,2,1,New / Promising
C05021,1,2464.0,81,4,2,2,New / Promising
C05022,1,1321.0,45,4,2,1,New / Promising
C05023,8,31200.0,56,4,4,4,Champions
C05024,2,32842.0,2,4,3,4,Champions
C05025,1,5700.0,36,4,2,3,Big Spenders
C05026,1,3653.0,581,1,2,2,Lost / Hibernating
C05027,4,27905.0,215,3,4,4,Champions
C05028,1,5109.0,1,4,2,3,Big Spenders
C05029,1,5633.5,943,1,2,3,Lost / Hibernating
C05030,1,783.0,325,2,2,1,Lost / Hibernating
C05031,14,41903.0,44,4,4,4,Champions
C05032,1,234.0,265,2,2,1,Lost / Hibernating
C05033,1,12808.0,652,1,2,4,Lost / Hibernating
C05034,1,1917.0,235,2,2,2,Lost / Hibernating
C05035,1,3742.0,675,1,2,2,Lost / Hibernating
C05036,1,1220.0,142,3,2,1,New / Promising
C05037,7,48749.5,20,4,4,4,Champions
C05038,1,2450.0,248,2,2,2,Lost / Hibernating
C05039,1,11029.0,169,3,2,3,Big Spenders
C05040,1,1760.0,712,1,2,2,Lost / Hibernating
C05041,5,14203.5,204,3,4,4,Champions
C05042,1,4928.5,180,3,2,3,Big Spenders
C05043,1,480.0,867,1,2,1,Lost / Hibernating
C05044,10,41576.0,1,4,4,4,Champions
C05045,1,1298.0,443,1,2,1,Lost / Hibernating
C05046,3,17114.0,18,4,4,4,Champions
C05047,1,954.0,340,2,2,1,Lost / Hibernating
C05048,1,630.0,506,1,2,1,Lost / Hibernating
C05049,1,4489.0,15,4,2,2,New / Promising
C05050,5,5750.5,130,3,4,3,Champions
C05051,2,1451.0,242,2,3,1,Loyal
C05052,7,11496.0,79,4,4,3,Champions
C05053,1,18021.0,585,1,2,4,Lost / Hibernating
C05054,10,19189.5,160,3,4,4,Champions
C05055,1,660.0,267,2,2,1,Lost / Hibernating
C05056,6,10220.0,276,2,4,3,Loyal
C05057,1,1672.0,263,2,2,1,Lost / Hibernating
C05058,4,13854.0,131,3,4,4,Champions
C05059,1,3168.0,546,1,2,2,Lost / Hibernating
C05060,8,48125.5,72,4,4,4,Champions
C05061,1,1360.0,353,2,2,1,Lost / Hibernating
C05062,4,9537.0,10,4,4,3,Champions
C05063,1,247.0,556,1,2,1,Lost / Hibernating
C05064,7,20773.0,195,3,4,4,Champions
C05065,1,3480.0,672,1,2,2,Lost / Hibernating
C05066,1,2260.5,127,3,2,2,New / Promising
C05067,2,14516.0,544,1,3,4,At Risk
C05068,1,9730.0,163,3,2,3,Big Spenders
C05069,1,1564.0,589,1,2,1,Lost / Hibernating
C05070,1,2757.0,725,1,2,2,Lost / Hibernating
C05071,1,1849.0,232,2,2,2,Lost / Hibernating
C05072,2,3979.0,354,2,3,2,Loyal
C05073,1,1584.0,966,1,2,1,Lost / Hibernating
C05074,1,11970.0,38,4,2,4,Big Spenders
C05075,7,22917.0,210,3,4,4,Champions
C05076,1,541.5,379,2,2,1,Lost / Hibernating
C05077,1,1971.0,524,1,2,2,Lost / Hibernating
C05079,2,6275.0,157,3,3,3,Champions
C05080,1,2510.0,654,1,2,2,Lost / Hibernating
C05081,1,5016.0,54,4,2,3,Big Spenders
C05082,2,883.5,194,3,3,1,Loyal
C05083,1,234.0,39,4,2,1,New / Promising
C05084,1,1719.5,146,3,2,2,New / Promising
C05085,2,2398.0,5,4,3,2,Loyal
C05086,2,1817.0,243,2,3,2,Loyal
C05087,6,29422.5,63,4,4,4,Champions
C05088,1,3072.0,470,1,2,2,Lost / Hibernating
C05089,1,2521.0,279,2,2,2,Lost / Hibernating
C05090,1,3215.0,463,1,2,2,Lost / Hibernating
C05091,1,1260.0,227,2,2,1,Lost / Hibernating
C05092,3,10160.0,461,1,4,3,At Risk
C05094,3,9248.0,19,4,4,3,Champions
C05095,1,944.0,58,4,2,1,New / Promising
C05096,1,5967.0,770,1,2,3,Lost / Hibernating
C05097,5,26653.0,344,2,4,4,Loyal
C05100,1,9299.5,207,3,2,3,Big Spenders
C05101,1,18250.0,23,4,2,4,Big Spenders
C05102,1,3510.5,658,1,2,2,Lost / Hibernating
C05103,1,1098.0,137,3,2,1,New / Promising
C05104,4,12698.0,139,3,4,4,Champions
C05105,9,19851.0,121,3,4,4,Champions
C05106,6,37403.5,158,3,4,4,Champions
C05107,2,2491.0,158,3,3,2,Loyal
C05108,1,6966.0,356,2,2,3,Lost / Hibernating
C05109,1,2721.0,185,3,2,2,New / Promising
C05110,6,11700.0,21,4,4,4,Champions
C05111,1,1183.0,35,4,2,1,New / Promising
C05112,3,26316.0,219,2,4,4,Loyal
C05113,2,1410.0,725,1,3,1,At Risk
C05114,1,1110.0,298,2,2,1,Lost / Hibernating
C05115,1,1887.0,718,1,2,2,Lost / Hibernating
C05116,1,2640.0,887,1,2,2,Lost / Hibernating
C05117,3,6969.0,12,4,4,3,Champions
C05118,1,18230.0,829,1,2,4,Lost / Hibernating
C05119,3,5821.5,758,1,4,3,At Risk
C05120,1,630.0,203,3,2,1,New / Promising
C05121,1,1667.0,904,1,2,1,Lost / Hibernating
C05122,1,247.0,124,3,2,1,New / Promising
C05124,14,68094.0,33,4,4,4,Champions
C05125,6,28619.0,18,4,4,4,Champions
C05126,1,4763.5,840,1,2,3,Lost / Hibernating
C05127,1,1080.0,299,2,2,1,Lost / Hibernating
C05129,1,490.0,34,4,2,1,New / Promising
C05130,16,47960.5,288,2,4,4,Loyal
C05131,1,6482.0,252,2,2,3,Lost / Hibernating
C05132,2,12400.0,87,4,3,4,Champions
C05133,4,8124.0,337,2,4,3,Loyal
C05134,1,2190.0,445,1,2,2,Lost / Hibernating
C05135,1,5016.0,356,2,2,3,Lost / Hibernating
C05136,1,260.0,14,4,2,1,New / Promising
C05137,3,8136.0,428,1,4,3,At Risk
C05138,1,430.0,986,1,2,1,Lost / Hibernating
C05139,4,6334.0,294,2,4,3,Loyal
C05140,1,933.0,534,1,2,1,Lost / Hibernating
C05141,1,1672.0,70,4,2,1,New / Promising
C05142,1,1920.0,77,4,2,2,New / Promising
C05143,2,4339.0,38,4,3,2,Loyal
C05144,4,12861.0,415,1,4,4,At Risk
C05145,1,7640.0,498,1,2,3,Lost / Hibernating
C05146,2,9491.0,10,4,3,3,Champions
C05147,4,22500.0,260,2,4,4,Loyal
C05148,2,2863.0,114,3,3,2,Loyal
C05149,1,2265.5,694,1,2,2,Lost / Hibernating
C05150,4,10703.0,43,4,4,3,Champions
C05151,1,6950.0,96,3,2,3,Big Spenders
C05152,2,5560.0,552,1,3,3,At Risk
C05153,1,5672.0,15,4,2,3,Big Spenders
C05154,1,812.0,224,2,2,1,Lost / Hibernating
C05155,10,30927.0,35,4,4,4,Champions
C05156,1,2205.5,647,1,2,2,Lost / Hibernating
C05157,2,10273.5,533,1,3,3,At Risk
C05158,1,234.0,393,2,2,1,Lost / Hibernating
C05159,24,74340.5,178,3,4,4,Champions
C05160,1,182.0,294,2,2,1,Lost / Hibernating
C05161,1,9946.0,101,3,2,3,Big Spenders
C05162,5,12931.0,232,2,4,4,Loyal
C05163,2,9609.5,225,2,3,3,Loyal
C05164,1,688.0,502,1,2,1,Lost / Hibernating
C05165,1,182.0,173,3,2,1,New / Promising
C05166,3,3636.0,199,3,4,2,Loyal
C05167,9,20763.0,59,4,4,4,Champions
C05168,5,27355.0,111,3,4,4,Champions
C05169,1,2631.0,431,1,2,2,Lost / Hibernating
C05170,19,65879.5,4,4,4,4,Champions
C05171,2,7559.0,629,1,3,3,At Risk
C05172,1,660.0,18,4,2,1,New / Promising
C05173,8,42281.0,172,3,4,4,Champions
C05175,3,1717.0,153,3,4,2,Loyal
C05177,2,3146.0,376,2,3,2,Loyal
C05178,4,13395.0,373,2,4,4,Loyal
C05179,1,870.0,472,1,2,1,Lost / Hibernating
C05180,2,3390.0,94,3,3,2,Loyal
C05181,1,5420.0,620,1,2,3,Lost / Hibernating
C05182,1,5913.0,68,4,2,3,Big Spenders
C05183,2,10286.0,355,2,3,3,Loyal
C05184,1,3975.0,702,1,2,2,Lost / Hibernating
C05185,1,234.0,34,4,2,1,New / Promising
C05186,4,18662.0,82,4,4,4,Champions
C05187,1,9835.0,553,1,2,3,Lost / Hibernating
C05188,1,125.99999999999999,150,3,2,1,New / Promising
C05189,1,5821.0,376,2,2,3,Lost / Hibernating
C05190,1,234.0,564,1,2,1,Lost / Hibernating
C05191,2,14268.0,76,4,3,4,Champions
C05192,1,470.0,185,3,2,1,New / Promising
C05193,1,2568.0,618,1,2,2,Lost / Hibernating
C05194,1,2670.0,328,2,2,2,Lost / Hibernating
C05195,2,6580.0,127,3,3,3,Champions
C05196,4,6909.5,83,4,4,3,Champions
C05197,1,4330.0,19,4,2,2,New / Promising
C05198,1,260.0,361,2,2,1,Lost / Hibernating
C05199,3,9767.5,89,3,4,3,Champions
C05200,1,3680.0,311,2,2,2,Lost / Hibernating
C05201,1,6993.5,340,2,2,3,Lost / Hibernating
C05202,1,8057.0,614,1,2,3,Lost / Hibernating
C05203,1,2992.5,15,4,2,2,New / Promising
C05204,3,10039.5,83,4,4,3,Champions
C05205,1,768.0,244,2,2,1,Lost / Hibernating
C05206,6,19466.0,164,3,4,4,Champions
C05207,6,30283.5,94,3,4,4,Champions
C05208,7,16247.0,72,4,4,4,Champions
C05209,2,4100.0,344,2,3,2,Loyal
C05210,2,5794.0,318,2,3,3,Loyal
C05211,1,4367.0,290,2,2,2,Lost / Hibernating
C05212,1,1700.5,117,3,2,1,New / Promising
C05213,10,21711.0,101,3,4,4,Champions
C05214,1,2744.0,570,1,2,2,Lost / Hibernating
C05215,1,876.5,272,2,2,1,Lost / Hibernating
C05216,5,7164.0,48,4,4,3,Champions
C05217,1,199.5,47,4,2,1,New / Promising
C05218,2,4174.0,163,3,3,2,Loyal
C05220,23,63133.5,8,4,4,4,Champions
C05221,1,2555.5,41,4,2,2,New / Promising
C05222,2,6554.0,62,4,3,3,Champions
C05223,3,6825.0,195,3,4,3,Champions
C05224,5,27435.0,254,2,4,4,Loyal
C05225,3,13493.0,76,4,4,4,Champions
C05226,7,36252.5,4,4,4,4,Champions
C05227,8,29309.5,64,4,4,4,Champions
C05228,1,1408.0,953,1,2,1,Lost / Hibernating
C05229,2,7619.0,136,3,3,3,Champions
C05230,1,7902.0,119,3,2,3,Big Spenders
C05231,1,2187.5,590,1,2,2,Lost / Hibernating
C05232,5,29226.0,84,4,4,4,Champions
C05233,1,2632.0,18,4,2,2,New / Promising
C05234,6,34105.0,28,4,4,4,Champions
C05235,1,234.0,92,3,2,1,New / Promising
C05236,1,630.0,201,3,2,1,New / Promising
C05237,1,4759.0,265,2,2,3,Lost / Hibernating
C05238,2,4778.5,317,2,3,3,Loyal
C05239,1,520.0,594,1,2,1,Lost / Hibernating
C05240,1,2074.0,225,2,2,2,Lost / Hibernating
C05241,3,15190.5,45,4,4,4,Champions
C05242,1,6142.0,50,4,2,3,Big Spenders
C05243,2,7580.0,225,2,3,3,Loyal
C05244,2,3740.0,543,1,3,2,At Risk
C05245,2,7766.0,168,3,3,3,Champions
C05246,1,234.0,318,2,2,1,Lost / Hibernating
C05247,1,702.0,475,1,2,1,Lost / Hibernating
C05249,4,14584.0,3,4,4,4,Champions
C05250,6,11408.5,334,2,4,3,Loyal
C05251,3,2162.5,148,3,4,2,Loyal
C05252,1,1757.0,288,2,2,2,Lost / Hibernating
C05253,1,8085.0,76,4,2,3,Big Spenders
C05254,4,5851.0,54,4,4,3,Champions
C05255,1,288.0,339,2,2,1,Lost / Hibernating
C05256,1,1289.0,415,1,2,1,Lost / Hibernating
C05257,2,5136.0,357,2,3,3,Loyal
C05258,24,93956.5,16,4,4,4,Champions
C05259,1,1160.0,68,4,2,1,New / Promising
C05260,10,23127.0,9,4,4,4,Champions
C05261,1,5780.5,359,2,2,3,Lost / Hibernating
C05262,3,11068.0,108,3,4,3,Champions
C05263,14,56303.5,231,2,4,4,Loyal
C05264,1,5903.0,329,2,2,3,Lost / Hibernating
C05265,1,19340.0,482,1,2,4,Lost / Hibernating
C05266,1,1216.0,241,2,2,1,Lost / Hibernating
C05267,7,23157.0,565,1,4,4,At Risk
C05268,1,3790.0,215,3,2,2,New / Promising
C05269,5,20010.0,22,4,4,4,Champions
C05270,1,17947.0,283,2,2,4,Lost / Hibernating
C05271,1,756.0,294,2,2,1,Lost / Hibernating
C05272,6,27360.0,19,4,4,4,Champions
C05273,2,1273.0,303,2,3,1,Loyal
C05275,1,600.0,310,2,2,1,Lost / Hibernating
C05276,2,563.0,490,1,3,1,At Risk
C05277,1,2668.0,475,1,2,2,Lost / Hibernating
C05278,4,15601.5,178,3,4,4,Champions
C05279,1,3790.0,203,3,2,2,New / Promising
C05280,1,4752.0,310,2,2,3,Lost / Hibernating
C05281,1,4680.0,989,1,2,2,Lost / Hibernating
C05283,1,1254.0,213,3,2,1,New / Promising
C05284,4,8574.0,27,4,4,3,Champions
C05285,2,2832.0,743,1,3,2,At Risk
C05286,1,260.0,630,1,2,1,Lost / Hibernating
C05287,1,441.0,461,1,2,1,Lost / Hibernating
C05288,1,5470.0,733,1,2,3,Lost / Hibernating
C05289,1,5291.0,485,1,2,3,Lost / Hibernating
C05290,5,17135.0,323,2,4,4,Loyal
C05291,10,38839.5,255,2,4,4,Loyal
C05292,2,4917.5,121,3,3,3,Champions
C05293,3,6017.5,320,2,4,3,Loyal
C05294,1,4477.0,217,3,2,2,New / Promising
C05295,1,5280.0,918,1,2,3,Lost / Hibernating
C05296,1,630.0,358,2,2,1,Lost / Hibernating
C05297,2,4195.0,59,4,3,2,Loyal
C05298,1,6595.0,178,3,2,3,Big Spenders
C05299,2,3659.0,55,4,3,2,Loyal
C05300,1,2537.0,537,1,2,2,Lost / Hibernating
C05301,3,9482.5,97,3,4,3,Champions
C05302,1,240.0,687,1,2,1,Lost / Hibernating
C05304,2,5192.0,697,1,3,3,At Risk
C05305,3,7098.0,231,2,4,3,Loyal
C05306,5,18700.5,83,4,4,4,Champions
C05307,1,10680.0,82,4,2,3,Big Spenders
C05308,1,3790.0,443,1,2,2,Lost / Hibernating
C05310,2,5476.0,447,1,3,3,At Risk
C05311,1,4484.5,615,1,2,2,Lost / Hibernating
C05312,1,1359.0,713,1,2,1,Lost / Hibernating
C05314,2,2946.0,122,3,3,2,Loyal
C05315,3,7411.5,335,2,4,3,Loyal
C05316,1,504.0,206,3,2,1,New / Promising
C05317,1,3780.0,484,1,2,2,Lost / Hibernating
C05318,6,13605.0,341,2,4,4,Loyal
C05319,1,4088.0,381,2,2,2,Lost / Hibernating
C05320,2,3268.5,373,2,3,2,Loyal
C05321,2,2489.0,327,2,3,2,Loyal
C05322,1,16364.0,270,2,2,4,Lost / Hibernating
C05323,2,3560.0,265,2,3,2,Loyal
C05324,1,1951.0,71,4,2,2,New / Promising
C05326,1,20456.0,147,3,2,4,Big Spenders
C05327,6,12371.0,203,3,4,4,Champions
C05328,2,9170.0,105,3,3,3,Champions
C05329,4,13033.5,183,3,4,4,Champions
C05330,4,18531.0,112,3,4,4,Champions
C05331,1,787.0,375,2,2,1,Lost / Hibernating
C05332,1,2240.0,89,3,2,2,New / Promising
C05333,8,33761.5,32,4,4,4,Champions
C05334,2,4273.5,153,3,3,2,Loyal
C05335,4,16045.0,16,4,4,4,Champions
C05336,1,490.0,526,1,2,1,Lost / Hibernating
C05337,1,1281.0,119,3,2,1,New / Promising
C05338,1,570.0,522,1,2,1,Lost / Hibernating
C05339,1,1690.0,757,1,2,1,Lost / Hibernating
C05340,1,2608.0,324,2,2,2,Lost / Hibernating
C05341,7,23901.0,339,2,4,4,Loyal
C05342,3,8204.0,276,2,4,3,Loyal
C05343,6,25129.5,14,4,4,4,Champions
C05344,1,1760.0,707,1,2,2,Lost / Hibernating
C05345,1,1186.0,206,3,2,1,New / Promising
C05346,1,2510.0,72,4,2,2,New / Promising
C05347,2,12416.5,145,3,3,4,Champions
C05348,2,6381.0,81,4,3,3,Champions
C05350,1,1368.0,101,3,2,1,New / Promising
C05351,1,475.0,189,3,2,1,New / Promising
C05353,3,26197.0,240,2,4,4,Loyal
C05354,1,665.0,83,4,2,1,New / Promising
C05355,1,1210.0,113,3,2,1,New / Promising
C05356,9,19179.0,300,2,4,4,Loyal
C05357,1,1408.0,134,3,2,1,New / Promising
C05358,3,11949.0,326,2,4,4,Loyal
C05359,4,13770.0,316,2,4,4,Loyal
C05360,3,7929.0,71,4,4,3,Champions
C05361,1,846.0,341,2,2,1,Lost / Hibernating
C05362,1,2360.0,496,1,2,2,Lost / Hibernating
C05363,1,944.0,84,4,2,1,New / Promising
C05364,3,7400.0,48,4,4,3,Champions
C05365,5,17193.0,5,4,4,4,Champions
C05366,1,620.0,312,2,2,1,Lost / Hibernating
C05367,1,3794.0,211,3,2,2,New / Promising
C05368,1,902.9999999999999,340,2,2,1,Lost / Hibernating
C05369,1,700.0,1,4,2,1,New / Promising
C05370,3,16680.5,55,4,4,4,Champions
C05371,2,13113.0,663,1,3,4,At Risk
C05372,32,103286.5,20,4,4,4,Champions
C05373,1,364.0,142,3,2,1,New / Promising
C05374,1,2180.0,18,4,2,2,New / Promising
C05375,1,5930.0,837,1,2,3,Lost / Hibernating
C05376,5,8202.0,122,3,4,3,Champions
C05377,1,6864.0,201,3,2,3,Big Spenders
C05378,6,11072.0,165,3,4,3,Champions
C05379,1,5340.0,911,1,2,3,Lost / Hibernating
C05380,2,14358.5,60,4,3,4,Champions
C05381,1,1795.5,174,3,2,2,New / Promising
C05382,1,247.0,108,3,2,1,New / Promising
C05383,1,2250.0,301,2,2,2,Lost / Hibernating
C05384,3,11688.0,269,2,4,4,Loyal
C05385,1,10266.0,74,4,2,3,Big Spenders
C05386,1,279.0,611,1,2,1,Lost / Hibernating
C05387,1,2611.5,659,1,2,2,Lost / Hibernating
C05388,2,6690.0,72,4,3,3,Champions
C05389,1,2640.0,246,2,2,2,Lost / Hibernating
C05390,1,2784.0,80,4,2,2,New / Promising
C05391,4,8764.5,68,4,4,3,Champions
C05392,1,1260.0,58,4,2,1,New / Promising
C05393,1,780.0,308,2,2,1,Lost / Hibernating
C05394,3,10918.0,197,3,4,3,Champions
C05395,1,2150.0,85,4,2,2,New / Promising
C05396,2,3037.0,519,1,3,2,At Risk
C05397,1,8316.0,222,2,2,3,Lost / Hibernating
C05398,9,20178.0,10,4,4,4,Champions
C05399,2,12288.0,161,3,3,4,Champions
C05401,5,5861.5,105,3,4,3,Champions
C05402,6,24071.0,374,2,4,4,Loyal
C05403,1,1188.0,728,1,2,1,Lost / Hibernating
C05404,1,1204.0,57,4,2,1,New / Promising
C05405,1,6107.0,16,4,2,3,Big Spenders
C05406,1,1360.0,21,4,2,1,New / Promising
C05407,1,4380.0,940,1,2,2,Lost / Hibernating
C05408,29,63176.5,126,3,4,4,Champions
C05409,1,3260.0,201,3,2,2,New / Promising
C05410,1,3480.0,184,3,2,2,New / Promising
C05411,16,51746.5,66,4,4,4,Champions
C05412,3,4504.0,182,3,4,2,Loyal
C05413,1,1735.0,344,2,2,2,Lost / Hibernating
C05414,1,930.0,422,1,2,1,Lost / Hibernating
C05415,4,25686.0,33,4,4,4,Champions
C05416,26,65014.5,19,4,4,4,Champions
C05417,8,26249.0,133,3,4,4,Champions
C05418,1,350.0,64,4,2,1,New / Promising
C05419,1,790.0,199,3,2,1,New / Promising
C05420,1,2050.0,38,4,2,2,New / Promising
C05421,1,7860.0,447,1,2,3,Lost / Hibernating
C05422,4,8558.5,59,4,4,3,Champions
C05423,1,260.0,568,1,2,1,Lost / Hibernating
C05424,1,260.0,306,2,2,1,Lost / Hibernating
C05425,3,10070.5,446,1,4,3,At Risk
C05426,1,882.0,196,3,2,1,New / Promising
C05427,3,14881.5,103,3,4,4,Champions
C05428,1,8227.0,93,3,2,3,Big Spenders
C05429,2,12275.0,478,1,3,4,At Risk
C05430,1,1860.0,394,2,2,2,Lost / Hibernating
C05431,3,2653.0,316,2,4,2,Loyal
C05432,4,28552.0,408,1,4,4,At Risk
C05433,1,2660.0,216,3,2,2,New / Promising
C05434,1,3741.5,339,2,2,2,Lost / Hibernating
C05435,1,17170.0,224,2,2,4,Lost / Hibernating
C05437,1,5209.5,15,4,2,3,Big Spenders
C05438,1,2100.0,16,4,2,2,New / Promising
C05439,2,13890.0,194,3,3,4,Champions
C05440,2,7230.0,93,3,3,3,Champions
C05441,2,1372.0,647,1,3,1,At Risk
C05442,1,5346.0,206,3,2,3,Big Spenders
C05443,2,890.0,79,4,3,1,Loyal
C05444,1,1740.0,136,3,2,2,New / Promising
C05445,1,234.0,145,3,2,1,New / Promising
C05446,1,724.0,444,1,2,1,Lost / Hibernating
C05447,4,17133.5,23,4,4,4,Champions
C05448,1,4360.0,254,2,2,2,Lost / Hibernating
C05449,1,3464.0,802,1,2,2,Lost / Hibernating
C05450,2,7642.0,745,1,3,3,At Risk
C05451,1,1872.0,208,3,2,2,New / Promising
C05452,1,520.0,292,2,2,1,Lost / Hibernating
C05453,1,6950.0,376,2,2,3,Lost / Hibernating
C05454,1,1089.0,83,4,2,1,New / Promising
C05456,1,1014.0,508,1,2,1,Lost / Hibernating
C05457,10,18477.0,23,4,4,4,Champions
C05458,2,4985.5,236,2,3,3,Loyal
C05459,1,1279.0,208,3,2,1,New / Promising
C05460,2,5696.0,299,2,3,3,Loyal
C05461,1,3484.0,387,2,2,2,Lost / Hibernating
C05462,1,4700.0,221,2,2,2,Lost / Hibernating
C05463,6,28055.0,15,4,4,4,Champions
C05464,1,2088.0,147,3,2,2,New / Promising
C05465,2,1830.0,411,1,3,2,At Risk
C05466,1,1690.0,189,3,2,1,New / Promising
C05467,2,4822.5,41,4,3,3,Champions
C05468,2,3838.0,221,2,3,2,Loyal
C05469,2,4220.0,129,3,3,2,Loyal
C05470,1,660.0,239,2,2,1,Lost / Hibernating
C05471,2,8847.0,296,2,3,3,Loyal
C05472,1,461.99999999999994,173,3,2,1,New / Promising
C05473,11,22707.5,226,2,4,4,Loyal
C05474,2,14026.0,40,4,3,4,Champions
C05475,1,1160.0,562,1,2,1,Lost / Hibernating
C05476,3,15674.5,52,4,4,4,Champions
C05477,1,208.0,248,2,2,1,Lost / Hibernating
C05478,1,890.0,149,3,2,1,New / Promising
C05479,1,6021.0,215,3,2,3,Big Spenders
C05480,1,7697.5,755,1,2,3,Lost / Hibernating
C05481,1,1930.0,522,1,2,2,Lost / Hibernating
C05482,1,3344.0,760,1,2,2,Lost / Hibernating
C05483,1,672.0,270,2,2,1,Lost / Hibernating
C05484,2,5489.0,101,3,3,3,Champions
C05486,2,18466.5,144,3,3,4,Champions
C05487,4,7419.5,11,4,4,3,Champions
C05488,6,8411.5,491,1,4,3,At Risk
C05489,17,69046.5,8,4,4,4,Champions
C05491,2,10900.0,201,3,3,3,Champions
C05492,7,10539.5,149,3,4,3,Champions
C05493,1,3580.0,95,3,2,2,New / Promising
C05494,1,2196.0,374,2,2,2,Lost / Hibernating
C05495,5,8495.5,202,3,4,3,Champions
C05496,1,2954.0,715,1,2,2,Lost / Hibernating
C05497,1,3552.0,536,1,2,2,Lost / Hibernating
C05498,3,17791.5,45,4,4,4,Champions
C05500,2,8831.0,11,4,3,3,Champions
C05501,1,1849.0,454,1,2,2,Lost / Hibernating
C05503,1,344.0,37,4,2,1,New / Promising
C05504,2,1330.0,539,1,3,1,At Risk
C05505,1,260.0,829,1,2,1,Lost / Hibernating
C05506,1,928.0,168,3,2,1,New / Promising
C05507,1,4899.0,26,4,2,3,Big Spenders
C05508,1,210.0,109,3,2,1,New / Promising
C05509,1,8426.0,966,1,2,3,Lost / Hibernating
C05511,8,27067.0,68,4,4,4,Champions
C05512,1,260.0,124,3,2,1,New / Promising
C05513,7,24741.0,37,4,4,4,Champions
C05514,2,6591.5,4,4,3,3,Champions
C05515,1,2130.0,336,2,2,2,Lost / Hibernating
C05516,6,27457.5,266,2,4,4,Loyal
C05517,1,4639.0,329,2,2,2,Lost / Hibernating
C05518,9,45494.0,284,2,4,4,Loyal
C05519,1,1759.0,295,2,2,2,Lost / Hibernating
C05520,1,2510.0,219,2,2,2,Lost / Hibernating
C05521,1,5930.0,255,2,2,3,Lost / Hibernating
C05523,1,1740.0,124,3,2,2,New / Promising
C05524,1,930.0,219,2,2,1,Lost / Hibernating
C05525,6,12380.0,361,2,4,4,Loyal
C05526,3,8018.0,518,1,4,3,At Risk
C05528,8,34169.5,3,4,4,4,Champions
C05530,2,6950.0,688,1,3,3,At Risk
C05531,1,4827.0,734,1,2,3,Lost / Hibernating
C05532,1,208.0,414,1,2,1,Lost / Hibernating
C05534,10,37321.5,166,3,4,4,Champions
C05535,1,3590.0,1,4,2,2,New / Promising
C05536,2,7220.5,336,2,3,3,Loyal
C05537,1,6190.0,586,1,2,3,Lost / Hibernating
C05538,1,2780.0,685,1,2,2,Lost / Hibernating
C05539,1,1691.0,158,3,2,1,New / Promising
C05540,1,1200.0,47,4,2,1,New / Promising
C05541,1,1740.0,422,1,2,2,Lost / Hibernating
C05542,13,81867.0,99,3,4,4,Champions
C05543,7,14721.5,324,2,4,4,Loyal
C05544,9,39046.0,25,4,4,4,Champions
C05545,1,1330.0,146,3,2,1,New / Promising
C05546,3,4926.0,332,2,4,3,Loyal
C05547,1,2560.0,26,4,2,2,New / Promising
C05548,1,11691.0,317,2,2,4,Lost / Hibernating
C05549,1,1603.0,366,2,2,1,Lost / Hibernating
C05550,1,1680.0,102,3,2,1,New / Promising
C05551,8,20710.0,29,4,4,4,Champions
C05552,3,23864.0,75,4,4,4,Champions
C05553,3,10334.0,475,1,4,3,At Risk
C05554,1,4930.0,135,3,2,3,Big Spenders
C05555,7,29836.5,211,3,4,4,Champions
C05556,7,22462.5,18,4,4,4,Champions
C05557,2,2263.0,87,4,3,2,Loyal
C05558,4,12518.0,730,1,4,4,At Risk
C05559,1,490.0,762,1,2,1,Lost / Hibernating
C05560,2,16824.0,118,3,3,4,Champions
C05561,5,30670.5,165,3,4,4,Champions
C05562,1,12047.0,95,3,2,4,Big Spenders
C05563,2,6780.0,252,2,3,3,Loyal
C05564,3,7577.0,202,3,4,3,Champions
C05565,1,2500.0,617,1,2,2,Lost / Hibernating
C05566,6,13052.0,94,3,4,4,Champions
C05567,1,1130.0,18,4,2,1,New / Promising
C05568,1,569.0,192,3,2,1,New / Promising
C05569,2,6490.0,211,3,3,3,Champions
C05570,6,18901.0,337,2,4,4,Loyal
C05571,2,6770.0,624,1,3,3,At Risk
C05572,5,53484.0,145,3,4,4,Champions
C05573,1,4580.0,180,3,2,2,New / Promising
C05574,3,14452.0,60,4,4,4,Champions
C05575,1,3270.0,119,3,2,2,New / Promising
C05576,2,6933.0,96,3,3,3,Champions
C05577,2,8189.0,370,2,3,3,Loyal
C05578,4,14051.0,546,1,4,4,At Risk
C05579,1,912.0,163,3,2,1,New / Promising
C05580,1,2628.0,7,4,2,2,New / Promising
C05581,2,11746.0,283,2,3,4,Loyal
C05582,1,160.0,759,1,2,1,Lost / Hibernating
C05583,1,513.0,140,3,2,1,New / Promising
C05584,1,5700.0,133,3,2,3,Big Spenders
C05585,3,7328.0,60,4,4,3,Champions
C05586,13,53150.0,17,4,4,4,Champions
C05587,1,1752.0,5,4,2,2,New / Promising
C05588,4,26387.0,261,2,4,4,Loyal
C05589,1,1001.0,584,1,2,1,Lost / Hibernating
C05590,1,8432.0,661,1,2,3,Lost / Hibernating
C05591,1,960.0,641,1,2,1,Lost / Hibernating
C05592,6,13546.0,222,2,4,4,Loyal
C05594,14,23544.5,203,3,4,4,Champions
C05595,1,2320.0,302,2,2,2,Lost / Hibernating
C05596,1,520.0,125,3,2,1,New / Promising
C05597,1,3010.5,253,2,2,2,Lost / Hibernating
C05598,14,38925.0,31,4,4,4,Champions
C05599,8,22951.5,396,2,4,4,Loyal
C05600,1,1980.0,133,3,2,2,New / Promising
C05601,3,18473.0,490,1,4,4,At Risk
C05602,2,722.0,402,2,3,1,Loyal
C05604,2,820.0,63,4,3,1,Loyal
C05605,1,760.0,533,1,2,1,Lost / Hibernating
C05606,1,3780.5,296,2,2,2,Lost / Hibernating
C05607,6,28830.0,125,3,4,4,Champions
C05608,1,1620.0,442,1,2,1,Lost / Hibernating
C05609,4,8947.0,84,4,4,3,Champions
C05610,15,19592.0,326,2,4,4,Loyal
C05611,2,4309.0,265,2,3,2,Loyal
C05612,1,1395.5,298,2,2,1,Lost / Hibernating
C05613,11,44325.0,30,4,4,4,Champions
C05614,3,8227.5,576,1,4,3,At Risk
C05615,1,20850.0,292,2,2,4,Lost / Hibernating
C05616,3,2459.5,203,3,4,2,Loyal
C05617,3,7360.0,373,2,4,3,Loyal
C05618,1,624.0,777,1,2,1,Lost / Hibernating
C05619,1,2080.5,419,1,2,2,Lost / Hibernating
C05620,1,1400.0,578,1,2,1,Lost / Hibernating
C05621,4,9534.0,83,4,4,3,Champions
C05622,2,18475.5,441,1,3,4,At Risk
C05623,2,10394.0,35,4,3,3,Champions
C05624,1,598.5,611,1,2,1,Lost / Hibernating
C05625,1,1080.0,313,2,2,1,Lost / Hibernating
C05626,1,3712.0,169,3,2,2,New / Promising
C05627,3,6151.5,361,2,4,3,Loyal
C05628,4,8999.5,231,2,4,3,Loyal
C05629,3,16733.0,274,2,4,4,Loyal
C05631,1,3740.0,24,4,2,2,New / Promising
C05632,6,40688.0,176,3,4,4,Champions
C05633,2,1310.0,95,3,3,1,Loyal
C05634,2,7120.0,535,1,3,3,At Risk
C05635,3,7222.0,433,1,4,3,At Risk
C05636,1,171.0,278,2,2,1,Lost / Hibernating
C05637,1,4769.0,425,1,2,3,Lost / Hibernating
C05638,1,567.0,344,2,2,1,Lost / Hibernating
C05639,1,3890.0,125,3,2,2,New / Promising
C05640,1,260.0,561,1,2,1,Lost / Hibernating
C05641,1,468.0,292,2,2,1,Lost / Hibernating
C05643,1,1674.0,938,1,2,1,Lost / Hibernating
C05644,4,3199.0,113,3,4,2,Loyal
C05645,1,1005.0,34,4,2,1,New / Promising
C05646,3,12650.0,184,3,4,4,Champions
C05647,2,3748.0,322,2,3,2,Loyal
C05649,1,4523.0,2,4,2,2,New / Promising
C05650,1,1980.0,87,4,2,2,New / Promising
C05651,1,2726.0,342,2,2,2,Lost / Hibernating
C05652,1,5392.0,537,1,2,3,Lost / Hibernating
C05654,1,4421.0,146,3,2,2,New / Promising
C05655,1,4395.0,109,3,2,2,New / Promising
C05656,1,1913.0,134,3,2,2,New / Promising
C05657,1,234.0,444,1,2,1,Lost / Hibernating
C05658,5,35244.5,51,4,4,4,Champions
C05659,1,7128.5,355,2,2,3,Lost / Hibernating
C05660,5,14180.0,29,4,4,4,Champions
C05661,39,184572.5,194,3,4,4,Champions
C05662,1,11048.0,399,2,2,3,Lost / Hibernating
C05663,1,1210.0,276,2,2,1,Lost / Hibernating
C05666,1,5981.5,106,3,2,3,Big Spenders
C05667,1,5163.0,211,3,2,3,Big Spenders
C05669,12,31950.0,12,4,4,4,Champions
C05670,1,260.0,280,2,2,1,Lost / Hibernating
C05671,2,23993.0,803,1,3,4,At Risk
C05672,2,2561.0,538,1,3,2,At Risk
C05673,3,9145.0,225,2,4,3,Loyal
C05675,3,10612.0,125,3,4,3,Champions
C05677,1,1668.5,10,4,2,1,New / Promising
C05678,3,12444.0,44,4,4,4,Champions
C05679,3,10450.0,426,1,4,3,At Risk
C05681,1,1488.0,144,3,2,1,New / Promising
C05682,1,1210.0,99,3,2,1,New / Promising
C05683,1,2313.0,786,1,2,2,Lost / Hibernating
C05684,1,4764.0,795,1,2,3,Lost / Hibernating
C05685,1,2232.0,47,4,2,2,New / Promising
C05686,2,2200.0,602,1,3,2,At Risk
C05687,4,6062.0,40,4,4,3,Champions
C05688,2,944.0,279,2,3,1,Loyal
C05689,3,20908.0,391,2,4,4,Loyal
C05690,2,4524.0,803,1,3,2,At Risk
C05691,1,210.0,14,4,2,1,New / Promising
C05693,1,1267.0,73,4,2,1,New / Promising
C05694,1,2130.0,626,1,2,2,Lost / Hibernating
C05695,6,13879.5,110,3,4,4,Champions
C05696,1,700.0,476,1,2,1,Lost / Hibernating
C05697,2,6120.0,218,2,3,3,Loyal
C05698,3,4373.0,776,1,4,2,At Risk
C05699,1,1240.0,165,3,2,1,New / Promising
C05701,2,3826.0,44,4,3,2,Loyal
C05702,2,10183.0,472,1,3,3,At Risk
C05703,1,4631.0,509,1,2,2,Lost / Hibernating
C05704,1,1390.0,846,1,2,1,Lost / Hibernating
C05705,13,57764.5,150,3,4,4,Champions
C05706,1,630.0,410,1,2,1,Lost / Hibernating
C05707,1,4368.0,479,1,2,2,Lost / Hibernating
C05708,2,6388.0,45,4,3,3,Champions
C05709,1,225.0,113,3,2,1,New / Promising
C05710,7,20612.5,147,3,4,4,Champions
C05711,14,51608.0,73,4,4,4,Champions
C05712,5,7824.0,368,2,4,3,Loyal
C05713,1,234.0,807,1,2,1,Lost / Hibernating
C05714,1,15264.0,358,2,2,4,Lost / Hibernating
C05715,1,799.0,165,3,2,1,New / Promising
C05716,1,2565.0,63,4,2,2,New / Promising
C05717,2,5808.0,244,2,3,3,Loyal
C05718,2,2902.5,19,4,3,2,Loyal
C05719,1,5930.0,782,1,2,3,Lost / Hibernating
C05720,1,2314.5,508,1,2,2,Lost / Hibernating
C05721,1,1136.0,577,1,2,1,Lost / Hibernating
C05722,5,24418.0,38,4,4,4,Champions
C05723,1,1140.0,402,2,3,1,Loyal
C05724,1,10501.0,675,1,3,3,At Risk
C05726,2,19564.0,291,2,3,4,Loyal
C05727,1,430.0,64,4,3,1,Loyal
C05728,1,832.5,933,1,3,1,At Risk
C05729,25,83231.0,3,4,4,4,Champions
C05730,2,15970.0,549,1,3,4,At Risk
C05731,1,10262.0,146,3,3,3,Champions
C05732,4,7858.0,95,3,4,3,Champions
C05733,1,2190.0,303,2,3,2,Loyal
C05734,1,18515.0,552,1,3,4,At Risk
C05735,2,920.0,192,3,3,1,Loyal
C05736,1,6950.0,111,3,3,3,Champions
C05737,2,4120.0,675,1,3,2,At Risk
C05738,2,6747.0,521,1,3,3,At Risk
C05739,2,17094.5,36,4,3,4,Champions
C05740,4,15071.0,245,2,4,4,Loyal
C05741,5,31544.0,476,1,4,4,At Risk
C05742,1,2220.0,181,3,3,2,Loyal
C05743,2,10868.5,394,2,3,3,Loyal
C05744,1,4174.0,678,1,3,2,At Risk
C05745,4,19655.5,386,2,4,4,Loyal
C05746,1,234.0,172,3,3,1,Loyal
C05747,9,60538.0,437,1,4,4,At Risk
C05748,4,16542.5,287,2,4,4,Loyal
C05749,1,2188.0,333,2,3,2,Loyal
C05750,1,234.0,311,2,3,1,Loyal
C05751,1,11136.0,8,4,3,3,Champions
C05752,1,4670.0,542,1,3,2,At Risk
C05753,2,13230.0,223,2,3,4,Loyal
C05754,1,1971.0,335,2,3,2,Loyal
C05755,1,1856.0,279,2,3,2,Loyal
C05756,1,5337.0,769,1,3,3,At Risk
C05757,2,5317.5,261,2,3,3,Loyal
C05758,1,2281.0,721,1,3,2,At Risk
C05759,1,6890.0,150,3,3,3,Champions
C05760,1,3676.0,133,3,3,2,Loyal
C05761,8,15812.0,23,4,4,4,Champions
C05762,1,15138.0,26,4,3,4,Champions
C05763,1,7100.5,1,4,3,3,Champions
C05764,11,15612.0,1,4,4,4,Champions
C05765,1,468.0,520,1,3,1,At Risk
C05766,2,6519.0,140,3,3,3,Champions
C05767,2,30079.0,103,3,3,4,Champions
C05768,1,2361.0,524,1,3,2,At Risk
C05769,1,4752.0,647,1,3,3,At Risk
C05770,2,1868.0,27,4,3,2,Loyal
C05772,1,8921.0,203,3,3,3,Champions
C05773,2,5512.0,280,2,3,3,Loyal
C05774,3,21658.0,179,3,4,4,Champions
C05775,1,1710.0,104,3,3,2,Loyal
C05776,9,22800.0,54,4,4,4,Champions
C05777,3,4789.5,602,1,4,3,At Risk
C05778,1,2788.5,530,1,3,2,At Risk
C05779,1,2636.0,250,2,3,2,Loyal
C05780,2,2577.0,7,4,3,2,Loyal
C05781,1,4752.0,891,1,3,3,At Risk
C05782,1,3306.0,603,1,3,2,At Risk
C05783,9,58390.5,426,1,4,4,At Risk
C05784,4,6105.0,186,3,4,3,Champions
C05785,1,3145.0,383,2,3,2,Loyal
C05786,4,17278.0,508,1,4,4,At Risk
C05787,2,11950.0,71,4,3,4,Champions
C05788,1,2572.0,283,2,3,2,Loyal
C05789,1,1656.0,236,2,3,1,Loyal
C05790,7,18471.5,251,2,4,4,Loyal
C05791,2,10437.0,349,2,3,3,Loyal
C05793,1,1790.0,60,4,3,2,Loyal
C05794,3,13091.0,322,2,4,4,Loyal
C05795,1,14410.0,569,1,3,4,At Risk
C05796,1,8716.5,443,1,3,3,At Risk
C05797,1,399.0,713,1,3,1,At Risk
C05798,1,849.0,789,1,3,1,At Risk
C05799,1,7904.0,829,1,3,3,At Risk
C05800,3,15969.0,132,3,4,4,Champions
C05801,6,20253.0,148,3,4,4,Champions
C05803,2,17897.0,109,3,3,4,Champions
C05804,1,630.0,591,1,3,1,At Risk
C05805,1,2822.0,77,4,3,2,Loyal
C05806,1,1044.0,228,2,3,1,Loyal
C05807,2,13298.0,13,4,3,4,Champions
C05808,2,5089.0,186,3,3,3,Champions
C05809,6,21124.0,252,2,4,4,Loyal
C05810,1,1280.0,621,1,3,1,At Risk
C05811,2,2007.0,420,1,3,2,At Risk
C05812,4,10729.5,639,1,4,3,At Risk
C05814,9,18005.0,78,4,4,4,Champions
C05815,9,37848.0,1,4,4,4,Champions
C05816,1,2850.0,50,4,3,2,Loyal
C05817,1,1760.0,256,2,3,2,Loyal
C05818,1,665.0,343,2,3,1,Loyal
C05819,4,9338.5,375,2,4,3,Loyal
C05820,19,47544.0,18,4,4,4,Champions
C05821,2,2860.0,12,4,3,2,Loyal
C05822,1,2400.0,280,2,3,2,Loyal
C05823,1,3784.0,328,2,3,2,Loyal
C05824,2,7451.0,41,4,3,3,Champions
C05825,1,890.0,566,1,3,1,At Risk
C05826,2,6981.0,74,4,3,3,Champions
C05827,1,2420.0,24,4,3,2,Loyal
C05828,4,12764.0,207,3,4,4,Champions
C05829,1,3540.0,510,1,3,2,At Risk
C05830,1,602.0,476,1,3,1,At Risk
C05831,1,4212.0,470,1,3,2,At Risk
C05833,1,1740.0,228,2,3,2,Loyal
C05835,24,66783.5,11,4,4,4,Champions
C05836,2,13445.0,252,2,3,4,Loyal
C05837,37,126160.5,115,3,4,4,Champions
C05838,2,1707.0,342,2,3,1,Loyal
C05839,1,470.0,144,3,3,1,Loyal
C05840,3,9263.0,27,4,4,3,Champions
C05841,1,1080.0,719,1,3,1,At Risk
C05842,6,6942.0,126,3,4,3,Champions
C05843,1,5749.0,236,2,3,3,Loyal
C05844,1,860.0,647,1,3,1,At Risk
C05846,2,2802.0,148,3,3,2,Loyal
C05847,1,1870.0,131,3,3,2,Loyal
C05848,1,8138.0,768,1,3,3,At Risk
C05849,3,32227.0,372,2,4,4,Loyal
C05850,1,7036.5,399,2,3,3,Loyal
C05851,21,68497.0,12,4,4,4,Champions
C05852,1,520.0,460,1,3,1,At Risk
C05853,1,955.0,174,3,3,1,Loyal
C05854,1,504.0,788,1,3,1,At Risk
C05855,2,7756.0,350,2,3,3,Loyal
C05856,1,730.0,8,4,3,1,Loyal
C05857,1,1917.0,367,2,3,2,Loyal
C05858,3,4964.5,293,2,4,3,Loyal
C05859,2,1830.0,315,2,3,2,Loyal
C05860,1,2472.0,713,1,3,2,At Risk
C05861,1,2949.0,771,1,3,2,At Risk
C05862,2,1181.0,73,4,3,1,Loyal
C05863,2,5722.0,46,4,3,3,Champions
C05864,7,23652.0,120,3,4,4,Champions
C05865,2,3170.0,950,1,3,2,At Risk
C05866,1,480.0,96,3,3,1,Loyal
C05867,12,32614.5,85,4,4,4,Champions
C05868,3,21374.0,22,4,4,4,Champions
C05869,7,18717.0,219,2,4,4,Loyal
C05870,1,500.0,325,2,3,1,Loyal
C05871,1,6778.0,321,2,3,3,Loyal
C05872,10,26397.0,16,4,4,4,Champions
C05873,2,5198.0,75,4,3,3,Champions
C05874,5,14833.0,176,3,4,4,Champions
C05875,6,10097.0,166,3,4,3,Champions
C05876,1,5260.0,457,1,3,3,At Risk
C05877,2,10982.0,232,2,3,3,Loyal
C05878,4,12859.5,120,3,4,4,Champions
C05879,3,5782.0,35,4,4,3,Champions
C05880,1,6602.5,785,1,3,3,At Risk
C05881,1,7200.0,388,2,3,3,Loyal
C05882,3,3104.0,395,2,4,2,Loyal
C05883,1,560.0,419,1,3,1,At Risk
C05884,1,630.0,604,1,3,1,At Risk
C05885,2,10105.0,317,2,3,3,Loyal
C05886,1,1672.0,462,1,3,1,At Risk
C05888,3,2784.0,41,4,4,2,Loyal
C05889,1,260.0,125,3,3,1,Loyal
C05890,6,14450.0,1,4,4,4,Champions
C05891,1,1660.0,572,1,3,1,At Risk
C05892,5,9592.0,300,2,4,3,Loyal
C05893,1,4330.0,460,1,3,2,At Risk
C05894,1,430.0,259,2,3,1,Loyal
C05895,1,7830.0,149,3,3,3,Champions
C05896,2,3340.0,283,2,3,2,Loyal
C05897,1,1700.0,280,2,3,1,Loyal
C05898,3,8462.0,534,1,4,3,At Risk
C05899,20,57559.5,276,2,4,4,Loyal
C05900,1,1668.0,178,3,3,1,Loyal
C05901,4,1964.0,110,3,4,2,Loyal
C05902,1,1098.0,878,1,3,1,At Risk
C05903,2,3491.0,32,4,3,2,Loyal
C05904,1,4365.0,19,4,3,2,Loyal
C05905,12,41820.0,176,3,4,4,Champions
C05906,1,890.0,543,1,3,1,At Risk
C05907,1,1436.0,131,3,3,1,Loyal
C05908,3,12164.0,375,2,4,4,Loyal
C05909,1,4520.0,483,1,3,2,At Risk
C05910,2,5484.0,490,1,3,3,At Risk
C05911,1,665.0,75,4,3,1,Loyal
C05912,1,15630.0,89,3,3,4,Champions
C05914,2,2484.0,300,2,3,2,Loyal
C05915,1,2400.0,399,2,3,2,Loyal
C05916,1,1927.5,688,1,3,2,At Risk
C05917,1,2840.5,89,3,3,2,Loyal
C05918,2,1198.0,310,2,3,1,Loyal
C05919,8,13089.0,40,4,4,4,Champions
C05920,1,1587.0,225,2,3,1,Loyal
C05921,7,16714.0,28,4,4,4,Champions
C05923,1,826.5,699,1,3,1,At Risk
C05924,1,250.0,167,3,3,1,Loyal
C05925,1,5710.0,927,1,3,3,At Risk
C05926,2,5201.0,384,2,3,3,Loyal
C05927,1,1620.0,440,1,3,1,At Risk
C05928,9,34125.5,8,4,4,4,Champions
C05929,1,1687.0,268,2,3,1,Loyal
C05930,1,2690.0,961,1,3,2,At Risk
C05931,3,4616.0,671,1,4,2,At Risk
C05932,1,4260.0,223,2,3,2,Loyal
C05933,3,2200.0,395,2,4,2,Loyal
C05934,3,28536.0,30,4,4,4,Champions
C05935,1,2190.0,194,3,3,2,Loyal
C05936,23,96458.0,65,4,4,4,Champions
C05937,2,4784.5,86,4,3,3,Champions
C05938,4,11288.0,83,4,4,3,Champions
C05939,28,73202.5,9,4,4,4,Champions
C05940,5,13368.0,184,3,4,4,Champions
C05941,2,8120.0,51,4,3,3,Champions
C05942,1,6733.5,360,2,3,3,Loyal
C05943,2,15624.0,318,2,3,4,Loyal
C05944,1,2384.5,3,4,3,2,Loyal
C05945,1,528.0,567,1,3,1,At Risk
C05946,1,1836.0,67,4,3,2,Loyal
C05947,1,1740.0,219,2,3,2,Loyal
C05948,1,430.0,49,4,3,1,Loyal
C05950,1,1290.0,7,4,3,1,Loyal
C05951,1,18417.0,818,1,3,4,At Risk
C05952,1,504.0,178,3,3,1,Loyal
C05954,1,740.0,283,2,3,1,Loyal
C05955,4,8136.0,289,2,4,3,Loyal
C05956,1,12896.0,22,4,3,4,Champions
C05957,1,600.0,716,1,3,1,At Risk
C05958,6,10950.0,211,3,4,3,Champions
C05959,1,3168.0,384,2,3,2,Loyal
C05960,1,1102.0,742,1,3,1,At Risk
C05961,3,3567.0,144,3,4,2,Loyal
C05962,8,58750.0,344,2,4,4,Loyal
C05964,1,2621.0,105,3,3,2,Loyal
C05965,9,43510.5,11,4,4,4,Champions
C05966,2,1581.0,142,3,3,1,Loyal
C05967,2,9990.0,719,1,3,3,At Risk
C05968,1,5930.0,60,4,3,3,Champions
C05969,1,2458.5,45,4,3,2,Loyal
C05970,6,14185.0,60,4,4,4,Champions
C05971,1,1390.0,247,2,3,1,Loyal
C05973,1,870.0,391,2,3,1,Loyal
C05974,1,16011.0,222,2,3,4,Loyal
C05975,1,540.0,412,1,3,1,At Risk
C05976,1,10626.0,330,2,3,3,Loyal
C05977,1,1760.0,486,1,3,2,At Risk
C05978,1,1471.0,537,1,3,1,At Risk
C05979,1,6830.0,120,3,3,3,Champions
C05980,6,27816.0,18,4,4,4,Champions
C05981,1,520.0,323,2,3,1,Loyal
C05982,1,3743.0,710,1,3,2,At Risk
C05983,1,5210.0,116,3,3,3,Champions
C05984,1,4284.0,46,4,3,2,Loyal
C05985,2,2811.0,76,4,3,2,Loyal
C05986,17,52771.5,35,4,4,4,Champions
C05987,5,12534.0,24,4,4,4,Champions
C05988,1,3441.0,44,4,3,2,Loyal
C05989,2,6342.0,385,2,3,3,Loyal
C05990,4,12676.0,208,3,4,4,Champions
C05991,5,15858.0,7,4,4,4,Champions
C05992,2,1611.0,369,2,3,1,Loyal
C05993,1,826.5,479,1,3,1,At Risk
C05994,1,2944.0,576,1,3,2,At Risk
C05995,2,10733.0,296,2,3,3,Loyal
C05996,1,3922.0,241,2,3,2,Loyal
C05997,1,1672.0,105,3,3,1,Loyal
C05998,1,260.0,67,4,3,1,Loyal
C05999,2,2127.5,82,4,3,2,Loyal
