customer_id,signup_date,location_id,acquisition_channel,gender,age
C00001,2025-04-12,L06,Paid Ads,M,44.0
C00002,2025-04-08,L05,Email,M,46.0
C00003,2025-08-25,L04,Paid Ads,M,36.0
C00004,2023-12-18,L09,Paid Ads,M,26.0
C00005,2024-11-28,L07,Paid Ads,F,25.0
C00006,2023-06-27,L01,Organic,F,27.0
C00007,2024-11-12,,Organic,F,49.0
C00008,2023-09-21,L05,Paid Ads,M,29.0
C00009,2024-10-15,L03,Social,M,35.0
C00010,2024-10-14,L07,Social,M,23.0
C00011,2024-07-21,L07,Organic,F,22.0
C00012,2024-09-20,L03,Paid Ads,,32.0
C00013,2025-03-26,L14,Organic,M,29.0
C00014,2025-04-22,L06,Paid Ads,M,30.0
C00015,2024-08-18,L06,Referral,F,19.0
C00016,2024-11-26,L01,Organic,F,31.0
C00017,2025-08-03,L03,Social,F,46.0
C00018,2023-07-22,L04,Paid Ads,M,24.0
C00019,2023-07-11,L06,Referral,M,40.0
C00020,2023-05-13,L05,Social,M,18.0
C00021,2024-12-22,L08,Referral,M,25.0
C00022,2024-06-08,L02,Social,M,18.0
C00023,2025-04-25,L07,Social,F,43.0
C00024,2025-01-14,L08,Paid Ads,F,40.0
C00025,2024-03-10,,Organic,F,23.0
C00026,2025-07-10,L08,Organic,Other,35.0
C00027,2025-03-12,L10,Social,M,43.0
C00028,2023-12-27,,Organic,M,44.0
C00029,2024-04-03,L07,Email,M,28.0
C00030,2024-02-15,L13,Paid Ads,,18.0
C00031,2023-08-24,,Social,F,24.0
C00032,2023-08-14,L02,Paid Ads,M,39.0
C00033,2025-08-16,L14,Email,Other,51.0
C00034,2024-06-10,L02,Organic,F,32.0
C00035,2024-04-04,L03,Paid Ads,F,27.0
C00036,2025-02-18,L02,Social,M,54.0
C00037,2024-10-26,L04,Organic,M,36.0
C00038,2025-08-15,L04,Organic,M,21.0
C00039,2025-04-13,L04,Social,F,
C00040,2024-08-04,L11,Social,F,41.0
C00041,2024-04-27,L04,Organic,F,31.0
C00042,2025-09-25,L05,Referral,F,39.0
C00043,2025-02-26,L10,Organic,M,
C00044,2025-08-11,L08,Organic,M,19.0
C00045,2023-07-18,L02,Referral,M,25.0
C00046,2025-06-13,L01,Organic,F,29.0
C00047,2024-12-07,L06,Paid Ads,F,35.0
C00048,2023-07-06,,Organic,M,38.0
C00049,2024-11-11,L05,Social,F,54.0
C00050,2025-01-16,L02,Paid Ads,F,25.0
C00051,2023-01-04,L07,Organic,F,29.0
C00052,2024-07-20,L06,Email,F,26.0
C00053,2025-05-13,L05,Social,F,42.0
C00054,2024-01-25,L09,Organic,F,42.0
C00055,2024-07-08,L08,Email,M,28.0
C00056,2024-06-02,L06,Organic,F,51.0
C00057,2024-01-09,L06,Organic,M,26.0
C00058,2025-07-28,L06,Paid Ads,M,41.0
C00059,2025-04-10,L05,Organic,M,45.0
C00060,2023-06-20,L04,Referral,M,20.0
C00061,2025-09-24,L07,Paid Ads,F,37.0
C00062,2025-06-08,L06,Social,F,18.0
C00063,2024-01-18,L04,Organic,M,39.0
C00064,2025-05-06,L01,Organic,M,22.0
C00065,2023-06-11,L07,Paid Ads,F,37.0
C00066,2025-09-09,L06,Organic,M,39.0
C00067,2024-12-19,L03,Email,Other,42.0
C00068,2024-12-25,L03,Referral,M,40.0
C00069,2023-05-08,L02,Social,M,33.0
C00070,2025-07-09,L12,Social,M,29.0
C00071,2023-02-23,L09,Organic,M,31.0
C00072,2023-11-13,L05,Organic,M,22.0
C00073,2023-08-15,L04,Paid Ads,M,30.0
C00074,2025-04-20,L07,Social,M,29.0
C00075,2023-10-04,L05,Paid Ads,F,25.0
C00076,2025-07-25,L13,Organic,M,18.0
C00077,2024-12-11,L01,Referral,Other,21.0
C00078,2023-03-19,L01,Organic,M,18.0
C00079,2023-01-13,L05,Paid Ads,F,29.0
C00080,2023-03-22,L02,Organic,M,35.0
C00081,2024-11-18,L06,Paid Ads,,18.0
C00082,2025-04-05,L08,Paid Ads,M,34.0
C00083,2023-11-06,L02,Social,F,31.0
C00084,2025-06-25,L04,Social,,21.0
C00085,2023-04-15,L07,Organic,M,28.0
C00086,2025-04-08,L09,Social,F,41.0
C00087,2025-08-05,L04,Social,M,23.0
C00088,2025-03-04,L02,Referral,M,33.0
C00089,2025-01-26,L05,Email,F,35.0
C00090,2025-05-28,L04,Social,F,25.0
C00091,2023-03-12,L08,Organic,F,41.0
C00092,2023-10-06,L05,Paid Ads,M,36.0
C00093,2023-07-12,L03,Paid Ads,M,30.0
C00094,2024-08-04,L07,Paid Ads,F,53.0
C00095,2025-03-16,L05,Email,F,41.0
C00096,2024-12-18,L02,Referral,F,18.0
C00097,2025-06-28,L05,Paid Ads,,28.0
C00098,2023-08-09,L12,Email,M,54.0
C00099,2025-02-06,L07,Referral,F,23.0
C00100,2023-10-04,L03,Organic,M,33.0
C00101,2023-12-11,L07,Email,,43.0
C00102,2025-02-17,L03,Paid Ads,M,38.0
C00103,2025-09-02,L05,Paid Ads,F,39.0
C00104,2024-11-22,L05,Paid Ads,M,39.0
C00105,2023-04-13,L02,Email,M,32.0
C00106,2024-11-23,L03,Organic,,25.0
C00107,2023-03-13,,Paid Ads,F,36.0
C00108,2025-07-05,L02,Referral,F,
C00109,2025-02-01,L08,Social,M,28.0
C00110,2023-09-16,L06,Organic,M,45.0
C00111,2023-05-16,L05,Organic,M,29.0
C00112,2023-10-23,L02,Email,M,47.0
C00113,2025-09-25,L02,Social,M,34.0
C00114,2024-07-05,L02,Paid Ads,Other,31.0
C00115,2025-04-09,L05,Paid Ads,M,18.0
C00116,2024-12-06,L13,Paid Ads,F,51.0
C00117,2024-10-03,L10,Referral,F,32.0
C00118,2023-08-01,L01,Paid Ads,M,18.0
C00119,2025-08-03,L03,Social,F,41.0
C00120,2024-01-15,L02,Organic,M,32.0
C00121,2024-10-05,L13,Social,F,24.0
C00122,2025-01-06,L02,Organic,F,40.0
C00123,2024-12-04,L02,Social,M,18.0
C00124,2025-08-21,L06,Organic,M,26.0
C00125,2023-08-18,L05,Organic,M,29.0
C00126,2024-09-27,L02,Organic,F,40.0
C00127,2024-05-04,L06,Organic,F,52.0
C00128,2024-08-06,L01,Paid Ads,M,30.0
C00129,2023-07-13,L01,Referral,M,36.0
C00130,2023-07-19,L01,Social,F,57.0
C00131,2023-12-04,L03,Paid Ads,M,32.0
C00132,2024-01-06,L13,Paid Ads,F,36.0
C00133,2024-06-12,L05,Paid Ads,M,21.0
C00134,2024-11-01,L07,Social,F,50.0
C00135,2024-12-12,L03,Organic,Other,26.0
C00136,2024-05-22,L07,Paid Ads,F,34.0
C00137,2024-05-15,L13,Organic,M,34.0
C00138,2023-11-13,L03,Organic,M,
C00139,2024-11-14,L14,Referral,F,28.0
C00140,2024-02-27,L06,Organic,F,34.0
C00141,2023-03-15,L07,Organic,M,48.0
C00142,2024-06-15,L02,Social,M,53.0
C00143,2024-07-27,L06,Organic,M,30.0
C00144,2023-11-05,L05,Referral,M,28.0
C00145,2024-10-03,L12,Paid Ads,F,25.0
C00146,2024-10-13,L11,Social,M,56.0
C00147,2025-01-09,L04,Referral,F,33.0
C00148,2024-12-06,L12,Organic,M,42.0
C00149,2024-12-04,L10,Social,M,38.0
C00150,2024-02-25,L05,Paid Ads,M,52.0
C00151,2025-04-18,L01,Organic,F,30.0
C00152,2024-10-20,L02,Referral,F,22.0
C00153,2024-06-04,L01,Referral,M,49.0
C00154,2024-12-10,,Paid Ads,F,40.0
C00155,2024-04-18,L13,Paid Ads,M,36.0
C00156,2024-09-15,L02,Organic,M,46.0
C00157,2025-02-20,L07,Referral,F,37.0
C00158,2025-07-19,L06,Email,F,46.0
C00159,2025-07-12,L06,Paid Ads,M,34.0
C00160,2024-08-22,L02,Email,M,40.0
C00161,2024-09-08,L05,Organic,F,37.0
C00162,2025-04-03,L06,Social,F,29.0
C00163,2024-02-26,L05,Email,F,30.0
C00164,2025-05-01,L02,Referral,M,28.0
C00165,2024-08-08,L07,Organic,M,34.0
C00166,2023-07-04,L01,Paid Ads,M,
C00167,2023-04-07,L05,Organic,M,36.0
C00168,2025-05-12,L04,Referral,M,36.0
C00169,2023-04-04,L02,Email,M,34.0
C00170,2024-01-14,L08,Paid Ads,F,34.0
C00171,2024-03-26,L02,Organic,M,27.0
C00172,2023-09-04,L11,Organic,M,29.0
C00173,2024-02-26,L10,Paid Ads,M,18.0
C00174,2025-03-12,L03,Paid Ads,M,31.0
C00175,2023-01-17,L03,Organic,F,23.0
C00176,2025-05-13,L02,Social,,33.0
C00177,2025-06-09,L11,Organic,M,26.0
C00178,2024-04-04,L06,Referral,M,18.0
C00179,2023-08-17,L01,Paid Ads,F,52.0
C00180,2024-11-26,L05,Organic,Other,30.0
C00181,2023-07-15,L01,Referral,M,45.0
C00182,2024-04-17,L05,Referral,M,27.0
C00183,2025-08-19,L05,Paid Ads,F,47.0
C00184,2025-09-11,L01,Social,M,22.0
C00185,2025-03-04,L08,Paid Ads,M,34.0
C00186,2024-02-15,L02,Organic,M,22.0
C00187,2025-01-25,L05,Email,Other,55.0
C00188,2025-02-09,L06,Email,F,30.0
C00189,2024-05-25,L12,Organic,M,
C00190,2024-12-24,L04,Email,F,36.0
C00191,2023-01-07,L11,Social,F,32.0
C00192,2023-10-17,,Organic,F,37.0
C00193,2024-09-21,L09,Paid Ads,F,44.0
C00194,2023-09-14,L02,Organic,F,38.0
C00195,2023-09-20,L07,Referral,F,
C00196,2025-05-26,L01,Email,F,37.0
C00197,2025-09-18,L14,Paid Ads,M,49.0
C00198,2024-10-24,L12,Paid Ads,F,28.0
C00199,2025-05-23,L04,Organic,F,18.0
C00200,2025-09-23,L05,Paid Ads,F,22.0
C00201,2023-08-24,L06,Social,F,23.0
C00202,2024-07-07,L03,Organic,F,24.0
C00203,2024-05-01,L06,Paid Ads,M,24.0
C00204,2023-05-05,L07,Paid Ads,M,32.0
C00205,2025-03-07,L05,Social,F,34.0
C00206,2024-06-20,L02,Referral,,34.0
C00207,2024-07-15,L11,Referral,F,25.0
C00208,2023-08-14,L01,Paid Ads,M,41.0
C00209,2023-09-01,L06,Referral,M,37.0
C00210,2025-07-20,L01,Referral,F,46.0
C00211,2023-03-11,L02,Referral,F,40.0
C00212,2023-11-22,L01,Paid Ads,M,29.0
C00213,2024-01-04,L03,Social,F,44.0
C00214,2024-08-09,L06,Organic,F,34.0
C00215,2024-11-02,L05,Organic,M,39.0
C00216,2024-08-08,L06,Email,M,38.0
C00217,2023-05-26,L06,Organic,F,31.0
C00218,2023-11-14,L02,Email,M,33.0
C00219,2025-05-13,L01,Referral,F,31.0
C00220,2024-12-08,L06,Email,F,24.0
C00221,2024-12-08,L06,Paid Ads,M,18.0
C00222,2025-01-19,L05,Social,M,26.0
C00223,2025-03-28,L02,Social,M,34.0
C00224,2023-04-21,L08,Paid Ads,M,42.0
C00225,2024-04-21,L01,Paid Ads,M,39.0
C00226,2024-10-14,L06,Organic,M,29.0
C00227,2024-03-03,L01,Organic,M,26.0
C00228,2025-05-21,L06,Email,F,30.0
C00229,2024-08-23,L04,Organic,M,23.0
C00230,2025-03-15,L07,Social,F,18.0
C00231,2025-06-03,L01,Paid Ads,M,18.0
C00232,2024-09-20,L05,Paid Ads,F,44.0
C00233,2025-07-26,L02,Email,M,49.0
C00234,2024-11-07,L06,Organic,M,39.0
C00235,2025-06-05,L01,Referral,M,31.0
C00236,2024-03-21,L01,Paid Ads,F,19.0
C00237,2024-08-10,L07,Organic,F,
C00238,2024-09-21,L01,Organic,M,38.0
C00239,2023-06-20,L02,Referral,Other,39.0
C00240,2024-05-08,L09,Organic,F,38.0
C00241,2025-07-02,L08,Social,F,43.0
C00242,2024-12-16,L09,Referral,F,49.0
C00243,2023-09-12,L03,Organic,M,28.0
C00244,2024-03-24,L05,Organic,F,57.0
C00245,2023-10-11,L08,Organic,M,18.0
C00246,2023-02-07,L02,Social,M,25.0
C00247,2025-08-25,,Paid Ads,F,34.0
C00248,2024-07-21,L01,Organic,,37.0
C00249,2024-02-18,L11,Paid Ads,F,30.0
C00250,2024-11-27,,Paid Ads,M,28.0
C00251,2023-01-22,L04,Referral,M,52.0
C00252,2023-12-25,L04,Organic,F,27.0
C00253,2025-02-23,L02,Organic,M,23.0
C00254,2024-12-12,L03,Paid Ads,F,47.0
C00255,2025-09-02,L07,Referral,M,40.0
C00256,2024-11-18,L05,Referral,M,42.0
C00257,2024-08-22,L05,Organic,F,34.0
C00258,2025-03-28,L02,Organic,F,20.0
C00259,2025-07-20,L07,Referral,M,33.0
C00260,2025-02-16,L03,Organic,F,18.0
C00261,2025-09-17,L02,Paid Ads,F,34.0
C00262,2025-04-04,,Paid Ads,M,38.0
C00263,2025-06-01,L05,Organic,M,42.0
C00264,2023-06-02,L05,Paid Ads,M,31.0
C00265,2025-02-26,L14,Organic,M,39.0
C00266,2024-06-23,L03,Paid Ads,M,24.0
C00267,2024-10-08,L12,Organic,F,41.0
C00268,2024-12-12,L07,Paid Ads,F,38.0
C00269,2025-09-14,L06,Paid Ads,M,25.0
C00270,2025-09-07,L02,Organic,F,37.0
C00271,2024-01-12,L01,Referral,F,42.0
C00272,2025-02-10,L04,Social,F,33.0
C00273,2025-03-20,L01,Email,F,25.0
C00274,2024-03-22,L01,Organic,M,34.0
C00275,2023-07-03,L06,Organic,M,37.0
C00276,2023-03-14,L07,Paid Ads,F,25.0
C00277,2025-04-28,L02,Social,M,23.0
C00278,2024-08-25,L07,Paid Ads,F,37.0
C00279,2025-09-23,L12,Paid Ads,F,39.0
C00280,2024-07-21,L07,Social,,51.0
C00281,2025-09-01,L08,Organic,M,38.0
C00282,2024-05-28,L07,Paid Ads,F,21.0
C00283,2025-04-21,L02,Paid Ads,F,50.0
C00284,2023-05-25,L03,Referral,M,41.0
C00285,2024-10-26,L12,Social,M,18.0
C00286,2025-04-08,L06,Paid Ads,F,23.0
C00287,2025-08-01,L08,Referral,F,28.0
C00288,2025-05-19,L13,Paid Ads,,40.0
C00289,2023-03-13,L02,Organic,M,18.0
C00290,2024-04-01,L03,Social,M,31.0
C00291,2023-03-08,L06,Social,F,39.0
C00292,2023-06-28,L01,Email,F,18.0
C00293,2025-01-11,L05,Social,F,39.0
C00294,2025-02-08,L08,Organic,M,40.0
C00295,2025-04-19,L06,Paid Ads,M,24.0
C00296,2025-06-19,L03,Paid Ads,M,22.0
C00297,2025-03-10,L07,Organic,M,24.0
C00298,2025-04-24,L02,Paid Ads,F,18.0
C00299,2023-03-17,L10,Paid Ads,M,29.0
C00300,2023-11-05,L01,Organic,F,34.0
C00301,2024-11-10,L09,Social,F,21.0
C00302,2025-06-24,L05,Organic,M,41.0
C00303,2023-01-03,L04,Paid Ads,M,33.0
C00304,2024-09-01,L05,Social,F,34.0
C00305,2025-01-19,L02,Referral,M,28.0
C00306,2023-02-13,L04,Organic,M,39.0
C00307,2024-05-08,L09,Referral,M,44.0
C00308,2025-07-14,L08,Social,M,28.0
C00309,2025-01-06,L02,Social,F,39.0
C00310,2023-11-11,L06,Paid Ads,M,39.0
C00311,2025-06-07,L09,Organic,F,36.0
C00312,2024-03-17,L09,Referral,F,47.0
C00313,2025-06-19,L04,Organic,F,25.0
C00314,2024-01-26,L01,Social,F,28.0
C00315,2024-11-02,L11,Referral,M,25.0
C00316,2024-05-10,L04,Social,M,39.0
C00317,2023-12-08,L03,Email,F,30.0
C00318,2025-07-17,L08,Referral,Other,26.0
C00319,2023-10-15,L02,Email,M,47.0
C00320,2023-05-25,L09,Referral,M,48.0
C00321,2024-03-26,L01,Organic,F,29.0
C00322,2025-02-22,L07,Social,F,20.0
C00323,2025-04-06,L13,Referral,M,49.0
C00324,2025-09-02,L14,Email,M,36.0
C00325,2024-01-26,L11,Organic,F,36.0
C00326,2024-05-27,L10,Paid Ads,M,33.0
C00327,2023-08-08,L03,Social,F,25.0
C00328,2024-10-02,L13,Organic,F,28.0
C00329,2025-09-20,L11,Referral,F,38.0
C00330,2025-01-17,L05,Paid Ads,F,28.0
C00331,2024-11-25,L04,Organic,F,36.0
C00332,2024-05-17,L01,Organic,M,32.0
C00333,2025-07-22,L05,Social,M,22.0
C00334,2024-08-23,L07,Organic,F,47.0
C00335,2023-07-01,L04,Social,,37.0
C00336,2024-04-05,L04,Social,M,35.0
C00337,2023-04-22,,Referral,F,37.0
C00338,2023-10-06,L01,Paid Ads,M,18.0
C00339,2023-02-06,L12,Organic,M,28.0
C00340,2024-07-22,L03,Social,M,18.0
C00341,2024-12-06,L02,Organic,F,33.0
C00342,2024-03-05,L01,Organic,Other,35.0
C00343,2024-06-01,L09,Email,M,33.0
C00344,2025-08-14,L09,Paid Ads,M,43.0
C00345,2025-03-18,L01,Organic,M,19.0
C00346,2024-10-21,L02,Email,M,25.0
C00347,2024-01-26,L04,Organic,F,36.0
C00348,2025-07-19,L02,Organic,M,34.0
C00349,2023-11-22,L07,Paid Ads,M,20.0
C00350,2024-02-06,L01,Social,M,43.0
C00351,2025-07-10,L05,Social,M,46.0
C00352,2024-09-09,L03,Social,M,36.0
C00353,2025-03-02,L04,Email,F,18.0
C00354,2024-11-28,L04,Organic,F,33.0
C00355,2024-12-07,L02,Referral,M,35.0
C00356,2024-01-13,L02,Organic,F,30.0
C00357,2023-11-10,L01,Email,F,44.0
C00358,2024-02-02,L01,Email,M,31.0
C00359,2023-08-26,L13,Paid Ads,M,51.0
C00360,2025-06-07,L03,Social,M,39.0
C00361,2024-01-03,L03,Referral,F,34.0
C00362,2024-10-10,L01,Organic,F,40.0
C00363,2025-04-05,L08,Referral,M,
C00364,2025-04-28,L11,Email,M,40.0
C00365,2024-06-06,L08,Paid Ads,F,31.0
C00366,2024-08-09,L06,Organic,M,26.0
C00367,2025-09-08,L08,Email,M,22.0
C00368,2025-01-01,L04,Paid Ads,M,18.0
C00369,2025-05-01,L09,Paid Ads,M,34.0
C00370,2025-07-15,L08,Referral,F,29.0
C00371,2025-04-07,L01,Referral,M,29.0
C00372,2023-10-03,L04,Paid Ads,M,41.0
C00373,2024-10-09,L03,Organic,F,31.0
C00374,2023-06-08,L01,Social,F,49.0
C00375,2024-12-12,L09,Paid Ads,F,
C00376,2025-08-28,L01,Referral,M,23.0
C00377,2024-09-09,L07,Social,M,21.0
C00378,2024-06-20,L14,Organic,F,39.0
C00379,2023-03-22,L04,Social,F,42.0
C00380,2025-08-02,L03,Social,M,27.0
C00381,2023-06-15,L06,Email,,22.0
C00382,2023-03-13,L08,Organic,F,46.0
C00383,2023-12-15,L02,Paid Ads,M,19.0
C00384,2023-04-05,L02,Referral,M,41.0
C00385,2024-07-14,L06,Email,M,27.0
C00386,2024-09-04,L11,Email,F,36.0
C00387,2024-02-27,,Paid Ads,M,42.0
C00388,2023-03-17,L03,Paid Ads,M,
C00389,2023-06-01,L14,Organic,,29.0
C00390,2024-04-15,L02,Referral,F,45.0
C00391,2023-04-26,L01,Social,M,35.0
C00392,2025-01-21,L05,Social,M,65.0
C00393,2023-10-08,L01,Paid Ads,F,18.0
C00394,2024-01-25,L02,Email,F,18.0
C00395,2024-05-06,L06,Organic,F,41.0
C00396,2024-06-07,L06,Paid Ads,M,32.0
C00397,2023-01-05,L05,Paid Ads,F,39.0
C00398,2023-06-26,L03,Paid Ads,M,
C00399,2025-06-21,L05,Social,F,32.0
C00400,2023-01-15,L06,Referral,M,36.0
C00401,2024-09-19,L08,Organic,M,27.0
C00402,2024-08-08,L08,Organic,M,34.0
C00403,2024-03-02,L06,Paid Ads,M,20.0
C00404,2024-06-24,L10,Referral,M,36.0
C00405,2025-04-27,L09,Paid Ads,M,45.0
C00406,2025-05-01,L02,Paid Ads,M,21.0
C00407,2023-12-02,L12,Organic,M,20.0
C00408,2024-02-16,L10,Social,M,43.0
C00409,2023-11-02,L03,Paid Ads,,20.0
C00410,2024-08-21,L01,Paid Ads,F,40.0
C00411,2025-01-27,L06,Paid Ads,M,32.0
C00412,2023-11-08,L04,Organic,M,28.0
C00413,2024-02-09,L07,Organic,M,45.0
C00414,2025-08-25,L05,Organic,M,40.0
C00415,2023-03-10,L01,Referral,M,35.0
C00416,2024-07-07,L02,Organic,M,18.0
C00417,2025-02-03,L10,Organic,F,38.0
C00418,2023-08-24,L01,Email,M,22.0
C00419,2023-03-26,L07,Paid Ads,F,30.0
C00420,2023-08-03,L03,Paid Ads,F,32.0
C00421,2025-07-23,L04,Paid Ads,M,
C00422,2023-01-05,L05,Organic,F,30.0
C00423,2023-10-04,L02,Organic,F,19.0
C00424,2023-02-11,L06,Social,F,45.0
C00425,2023-06-13,L07,Paid Ads,Other,39.0
C00426,2024-11-24,L01,Referral,M,39.0
C00427,2023-11-20,L03,Email,Other,45.0
C00428,2024-10-05,L07,Organic,F,48.0
C00429,2024-11-17,L07,Referral,F,24.0
C00430,2025-06-25,L05,Organic,F,19.0
C00431,2023-01-19,L08,Paid Ads,F,40.0
C00432,2025-06-07,L01,Social,F,30.0
C00433,2024-11-04,L01,Organic,F,30.0
C00434,2023-09-13,L06,Email,F,22.0
C00435,2025-04-14,L07,Referral,M,37.0
C00436,2025-06-10,L08,Paid Ads,F,36.0
C00437,2023-12-04,L02,Organic,M,31.0
C00438,2025-07-04,L05,Referral,F,20.0
C00439,2024-07-15,L06,Paid Ads,M,43.0
C00440,2024-11-27,L02,Organic,M,34.0
C00441,2025-09-17,L05,Paid Ads,M,42.0
C00442,2024-04-13,L06,Organic,M,18.0
C00443,2025-05-27,L02,Email,F,33.0
C00444,2024-02-20,L03,Paid Ads,F,26.0
C00445,2025-04-21,L02,Paid Ads,M,32.0
C00446,2024-11-17,L10,Social,M,40.0
C00447,2023-11-22,L02,Referral,M,35.0
C00448,2024-05-15,L01,Social,M,32.0
C00449,2024-02-18,L01,Email,M,
C00450,2023-05-18,L01,Organic,Other,18.0
C00451,2023-02-22,L02,Paid Ads,F,24.0
C00452,2024-03-26,L06,Referral,F,42.0
C00453,2023-02-09,L01,Organic,M,27.0
C00454,2023-09-20,L03,Referral,M,42.0
C00455,2025-02-01,L01,Organic,F,39.0
C00456,2025-02-15,L04,Email,F,40.0
C00457,2025-03-26,L01,Referral,M,35.0
C00458,2024-02-19,L06,Paid Ads,M,28.0
C00459,2025-07-08,L07,Paid Ads,M,31.0
C00460,2024-11-17,L07,Email,,38.0
C00461,2023-07-11,L02,Social,F,18.0
C00462,2023-08-13,L10,Social,M,43.0
C00463,2025-01-07,L07,Social,F,27.0
C00464,2023-09-18,L01,Organic,M,31.0
C00465,2024-09-06,L04,Organic,M,31.0
C00466,2025-09-13,L08,Organic,F,32.0
C00467,2023-01-27,L03,Referral,M,20.0
C00468,2023-01-22,L03,Referral,F,33.0
C00469,2025-09-12,L06,Paid Ads,M,37.0
C00470,2024-11-28,L01,Email,M,18.0
C00471,2023-07-01,L13,Organic,M,20.0
C00472,2025-07-27,L02,Social,M,40.0
C00473,2025-06-10,L01,Paid Ads,F,38.0
C00474,2024-10-23,L01,Paid Ads,M,
C00475,2024-11-27,L04,Organic,F,26.0
C00476,2023-12-17,L10,Social,Other,38.0
C00477,2023-03-18,L09,Social,F,
C00478,2024-11-21,L11,Paid Ads,M,31.0
C00479,2024-01-07,L05,Paid Ads,F,20.0
C00480,2024-12-05,L04,Referral,F,31.0
C00481,2025-05-10,L03,Paid Ads,F,
C00482,2023-02-14,L01,Referral,F,39.0
C00483,2024-11-21,L11,Paid Ads,F,36.0
C00484,2023-11-08,L04,Social,F,27.0
C00485,2025-06-16,L04,Referral,M,42.0
C00486,2023-12-01,L05,Organic,F,23.0
C00487,2024-11-01,L08,Social,F,32.0
C00488,2024-10-28,L02,Paid Ads,M,26.0
C00489,2024-05-24,L07,Email,M,39.0
C00490,2025-01-25,L07,Referral,F,38.0
C00491,2025-02-10,L09,Organic,F,44.0
C00492,2024-10-15,L01,Social,M,33.0
C00493,2025-03-19,L02,Organic,M,18.0
C00494,2025-09-08,L04,Social,M,28.0
C00495,2024-06-21,L09,Email,M,46.0
C00496,2024-09-20,L12,Referral,Other,29.0
C00497,2023-01-12,L06,Paid Ads,M,
C00498,2025-04-13,L02,Referral,Other,
C00499,2024-09-09,L02,Paid Ads,M,37.0
C00500,2024-05-23,L06,Organic,M,25.0
C00501,2023-06-28,L02,Email,M,
C00502,2025-07-28,L05,Paid Ads,M,24.0
C00503,2024-05-22,L09,Paid Ads,F,37.0
C00504,2025-01-10,L03,Organic,F,33.0
C00505,2023-08-22,L03,Email,F,22.0
C00506,2025-09-07,L01,Email,F,32.0
C00507,2023-09-26,L02,Paid Ads,M,25.0
C00508,2023-10-08,L07,Organic,M,45.0
C00509,2025-06-12,L03,Social,F,40.0
C00510,2025-07-03,L02,Paid Ads,F,31.0
C00511,2023-10-03,L01,Email,F,33.0
C00512,2024-07-12,L01,Email,,41.0
C00513,2025-02-16,L06,Social,M,30.0
C00514,2025-06-01,L06,Organic,F,39.0
C00515,2024-04-24,L05,Referral,F,45.0
C00516,2024-09-04,L05,Email,M,28.0
C00517,2025-03-28,L02,Paid Ads,M,47.0
C00518,2025-02-08,L05,Social,M,44.0
C00519,2025-04-11,L01,Paid Ads,F,34.0
C00520,2024-10-05,L11,Email,F,
C00521,2023-06-24,L01,Referral,M,34.0
C00522,2025-07-21,L04,Organic,F,30.0
C00523,2025-06-03,L01,Paid Ads,M,25.0
C00524,2025-04-03,L08,Organic,M,37.0
C00525,2023-06-18,L02,Paid Ads,F,23.0
C00526,2023-10-25,L11,Email,M,29.0
C00527,2025-03-04,L01,Organic,M,29.0
C00528,2023-02-07,L09,Email,M,20.0
C00529,2025-09-16,L06,Organic,F,38.0
C00530,2024-04-04,L02,Referral,M,30.0
C00531,2025-02-09,L02,Email,F,44.0
C00532,2025-07-01,L03,Referral,M,30.0
C00533,2024-05-14,L09,Social,M,28.0
C00534,2024-02-21,L09,Email,F,24.0
C00535,2024-11-12,L02,Referral,M,32.0
C00536,2024-11-08,L03,Social,M,
C00537,2024-05-12,L02,Organic,M,39.0
C00538,2024-11-15,L01,Paid Ads,F,33.0
C00539,2025-08-05,L06,Organic,M,51.0
C00540,2024-07-04,L03,Social,M,36.0
C00541,2023-10-06,L02,Referral,F,23.0
C00542,2024-04-28,,Referral,F,22.0
C00543,2024-05-21,L07,Email,,37.0
C00544,2023-07-04,L08,Organic,M,23.0
C00545,2023-09-09,L01,Email,F,37.0
C00546,2025-01-12,L11,Organic,M,40.0
C00547,2024-03-06,L05,Paid Ads,F,40.0
C00548,2025-08-24,L05,Referral,M,24.0
C00549,2023-11-27,L01,Paid Ads,M,40.0
C00550,2023-06-07,L10,Referral,F,35.0
C00551,2025-03-01,L05,Social,Other,27.0
C00552,2025-06-08,L09,Social,M,31.0
C00553,2023-12-17,L06,Organic,F,36.0
C00554,2023-10-23,L08,Organic,M,26.0
C00555,2023-10-10,L07,Organic,M,35.0
C00556,2024-09-08,L11,Paid Ads,M,45.0
C00557,2024-07-07,L02,Organic,F,41.0
C00558,2023-12-01,L02,Paid Ads,F,33.0
C00559,2023-03-01,L07,Social,,
C00560,2024-08-12,L05,Email,M,27.0
C00561,2025-08-18,L06,Social,F,27.0
C00562,2024-12-01,L07,Organic,F,18.0
C00563,2024-08-06,L05,Paid Ads,F,34.0
C00564,2023-06-26,L08,Organic,M,38.0
C00565,2023-12-28,L03,Paid Ads,M,31.0
C00566,2024-01-18,L09,Paid Ads,F,24.0
C00567,2025-03-15,L01,Email,M,33.0
C00568,2025-06-17,L06,Referral,M,44.0
C00569,2025-07-11,L10,Organic,,40.0
C00570,2025-09-06,L02,Referral,M,32.0
C00571,2025-09-11,L03,Email,F,50.0
C00572,2025-08-20,L03,Organic,F,56.0
C00573,2023-04-19,L05,Social,M,28.0
C00574,2023-08-19,L04,Organic,M,30.0
C00575,2024-01-18,L01,Organic,F,38.0
C00576,2024-10-02,L10,Social,M,24.0
C00577,2023-06-18,L02,Organic,,40.0
C00578,2025-06-25,L05,Social,F,
C00579,2024-11-19,L06,Organic,M,35.0
C00580,2024-10-17,L01,Referral,M,27.0
C00581,2023-09-07,L01,Referral,M,25.0
C00582,2023-12-23,L13,Social,F,18.0
C00583,2023-09-13,L06,Social,F,45.0
C00584,2025-06-08,L01,Referral,F,40.0
C00585,2024-11-14,L08,Paid Ads,M,38.0
C00586,2025-02-04,L05,Organic,M,35.0
C00587,2024-01-26,L01,Referral,F,18.0
C00588,2024-04-20,L06,Paid Ads,M,25.0
C00589,2024-05-10,L05,Organic,M,30.0
C00590,2025-03-23,L02,Email,F,22.0
C00591,2025-03-02,L10,Paid Ads,F,18.0
C00592,2023-10-11,L03,Organic,M,23.0
C00593,2025-08-19,L03,Email,F,32.0
C00594,2023-07-01,L03,Paid Ads,F,32.0
C00595,2025-07-20,L08,Social,F,40.0
C00596,2023-06-23,L07,Organic,M,51.0
C00597,2023-12-17,L10,Paid Ads,M,38.0
C00598,2025-06-06,L02,Referral,M,30.0
C00599,2023-09-21,L08,Organic,F,48.0
C00600,2024-05-10,L05,Referral,M,18.0
C00601,2024-07-21,L03,Organic,F,18.0
C00602,2023-11-18,L01,Organic,M,24.0
C00603,2025-02-03,L08,Organic,Other,39.0
C00604,2025-06-03,L02,Organic,M,34.0
C00605,2025-06-01,L06,Organic,,22.0
C00606,2024-03-03,L05,Social,M,25.0
C00607,2024-09-09,L01,Paid Ads,F,21.0
C00608,2023-12-01,L14,Organic,F,21.0
C00609,2023-11-27,L08,Paid Ads,M,46.0
C00610,2023-09-26,L04,Organic,F,31.0
C00611,2025-08-05,L06,Paid Ads,,48.0
C00612,2025-07-09,L04,Social,M,24.0
C00613,2025-04-21,L07,Referral,M,36.0
C00614,2024-09-19,L02,Referral,M,34.0
C00615,2024-08-17,L04,Organic,,40.0
C00616,2024-09-28,L03,Organic,M,34.0
C00617,2024-10-18,L04,Social,F,41.0
C00618,2024-06-19,L04,Paid Ads,M,37.0
C00619,2023-07-15,L02,Referral,F,22.0
C00620,2023-07-15,L13,Email,F,39.0
C00621,2025-08-09,L01,Paid Ads,M,31.0
C00622,2024-08-15,L01,Social,F,25.0
C00623,2025-08-26,L03,Paid Ads,M,38.0
C00624,2023-09-11,L06,Organic,F,40.0
C00625,2024-10-04,L02,Organic,F,28.0
C00626,2023-10-17,L05,Referral,F,29.0
C00627,2023-12-22,L07,Organic,F,20.0
C00628,2023-02-27,L01,Referral,F,18.0
C00629,2023-07-16,L14,Referral,F,30.0
C00630,2025-07-23,L03,Paid Ads,F,
C00631,2024-02-08,L06,Paid Ads,M,27.0
C00632,2024-11-12,L01,Referral,,45.0
C00633,2024-07-12,L07,Paid Ads,F,30.0
C00634,2024-05-10,L09,Social,F,30.0
C00635,2024-09-21,L01,Organic,F,29.0
C00636,2023-10-25,L01,Email,F,41.0
C00637,2025-09-10,L03,Organic,M,23.0
C00638,2025-05-04,L01,Organic,F,31.0
C00639,2025-03-24,L14,Referral,Other,27.0
C00640,2024-07-24,L06,Organic,M,27.0
C00641,2023-08-27,L06,Organic,F,32.0
C00642,2025-07-08,L12,Organic,F,31.0
C00643,2024-03-21,L09,Social,F,41.0
C00644,2023-03-21,L08,Paid Ads,F,32.0
C00645,2024-03-23,L03,Organic,,37.0
C00646,2025-04-23,L03,Paid Ads,F,34.0
C00647,2024-11-27,L03,Organic,F,45.0
C00648,2025-03-14,L03,Email,F,29.0
C00649,2025-04-03,L03,Organic,M,29.0
C00650,2023-10-06,L02,Referral,F,39.0
C00651,2025-08-25,L03,Paid Ads,M,29.0
C00652,2024-06-24,L04,Paid Ads,F,36.0
C00653,2024-12-01,L03,Email,F,53.0
C00654,2023-01-11,L02,Paid Ads,M,23.0
C00655,2025-09-07,L03,Social,M,46.0
C00656,2024-01-09,L04,Paid Ads,F,
C00657,2023-04-18,L07,Referral,M,44.0
C00658,2024-07-15,L07,Paid Ads,F,38.0
C00659,2023-07-14,L02,Organic,F,37.0
C00660,2023-08-13,L01,Organic,F,31.0
C00661,2024-12-18,L03,Organic,M,30.0
C00662,2024-05-20,L02,Email,M,26.0
C00663,2025-08-02,L04,Social,,32.0
C00664,2024-02-04,L13,Organic,M,30.0
C00665,2025-02-10,L02,Paid Ads,M,34.0
C00666,2024-07-13,L03,Referral,M,19.0
C00667,2024-12-28,L07,Paid Ads,F,32.0
C00668,2024-11-25,L05,Paid Ads,M,43.0
C00669,2024-07-19,L01,Referral,M,40.0
C00670,2025-08-02,L02,Organic,F,32.0
C00671,2024-03-03,L11,Paid Ads,F,55.0
C00672,2023-09-13,L01,Organic,M,27.0
C00673,2025-01-17,L06,Organic,F,
C00674,2025-06-19,L08,Referral,F,19.0
C00675,2023-03-04,L03,Referral,M,
C00676,2024-07-25,L07,Email,F,48.0
C00677,2025-07-14,L02,Organic,F,29.0
C00678,2025-03-17,L03,Social,F,18.0
C00679,2025-09-02,L03,Email,M,40.0
C00680,2024-09-24,L14,Referral,M,36.0
C00681,2024-12-16,L02,Email,M,39.0
C00682,2024-01-07,L02,Email,F,29.0
C00683,2025-08-09,L11,Social,F,23.0
C00684,2024-04-10,L02,Email,F,30.0
C00685,2025-03-01,L10,Referral,M,37.0
C00686,2024-05-27,L06,Paid Ads,,31.0
C00687,2024-10-23,L05,Email,M,35.0
C00688,2025-02-25,L07,Social,F,27.0
C00689,2024-09-10,L07,Organic,M,36.0
C00690,2025-07-16,L01,Paid Ads,F,32.0
C00691,2024-06-13,L14,Organic,F,26.0
C00692,2024-12-14,L11,Social,M,33.0
C00693,2024-03-17,L10,Organic,M,29.0
C00694,2024-05-13,L06,Paid Ads,,
C00695,2024-06-22,L05,Paid Ads,,40.0
C00696,2023-07-02,L05,Organic,M,37.0
C00697,2023-05-06,L01,Email,F,18.0
C00698,2024-12-25,L05,Paid Ads,F,23.0
C00699,2024-12-25,L06,Organic,F,26.0
C00700,2024-12-23,L06,Organic,F,25.0
C00701,2023-02-11,L03,Social,M,27.0
C00702,2024-02-13,L04,Referral,F,40.0
C00703,2023-10-01,L06,Paid Ads,F,38.0
C00704,2025-04-08,L04,Paid Ads,,28.0
C00705,2025-06-21,L12,Email,M,37.0
C00706,2023-12-10,L07,Social,M,35.0
C00707,2024-12-14,L01,Referral,M,32.0
C00708,2023-07-04,L01,Paid Ads,F,42.0
C00709,2023-12-14,L07,Email,F,26.0
C00710,2023-08-21,L04,Referral,F,32.0
C00711,2024-01-17,L09,Paid Ads,M,23.0
C00712,2025-01-16,L02,Email,F,23.0
C00713,2025-07-26,L01,Social,M,20.0
C00714,2023-10-07,L03,Social,M,23.0
C00715,2024-10-09,L07,Social,M,
C00716,2025-01-18,L13,Paid Ads,M,29.0
C00717,2025-08-14,L10,Paid Ads,F,30.0
C00718,2024-11-28,L04,Organic,F,29.0
C00719,2023-12-02,L08,Referral,F,48.0
C00720,2024-12-04,L01,Paid Ads,F,22.0
C00721,2024-02-10,L05,Paid Ads,M,21.0
C00722,2025-09-13,L11,Email,M,24.0
C00723,2024-05-25,L04,Organic,M,31.0
C00724,2025-01-14,L12,Social,M,37.0
C00725,2023-02-13,L02,Organic,F,38.0
C00726,2024-05-05,L01,Organic,F,41.0
C00727,2025-06-13,L05,Organic,F,31.0
C00728,2024-11-15,L11,Paid Ads,F,28.0
C00729,2024-06-17,L03,Paid Ads,M,47.0
C00730,2025-08-17,L08,Paid Ads,M,18.0
C00731,2025-06-13,L02,Referral,M,
C00732,2024-02-05,L07,Paid Ads,M,36.0
C00733,2024-10-05,L05,Organic,M,49.0
C00734,2024-08-05,L02,Paid Ads,M,18.0
C00735,2024-12-18,L07,Organic,Other,28.0
C00736,2024-03-24,L07,Organic,M,20.0
C00737,2023-11-25,L05,Organic,M,18.0
C00738,2025-07-09,L02,Referral,F,30.0
C00739,2025-08-03,L02,Referral,M,39.0
C00740,2025-05-18,L12,Social,F,43.0
C00741,2025-09-02,L06,Social,F,27.0
C00742,2025-03-18,L08,Paid Ads,F,
C00743,2025-03-11,L07,Paid Ads,F,30.0
C00744,2025-03-24,L09,Organic,F,37.0
C00745,2024-08-18,L02,Referral,F,42.0
C00746,2024-07-21,L05,Organic,M,30.0
C00747,2023-11-12,L06,Organic,M,42.0
C00748,2024-12-24,L01,Email,M,21.0
C00749,2024-01-15,L02,Organic,,38.0
C00750,2023-12-18,L06,Organic,F,41.0
C00751,2024-11-11,L10,Email,M,40.0
C00752,2024-05-13,L06,Paid Ads,M,21.0
C00753,2023-11-24,L01,Paid Ads,F,30.0
C00754,2025-05-12,L13,Organic,Other,35.0
C00755,2025-06-01,L02,Paid Ads,M,
C00756,2023-09-11,,Email,F,33.0
C00757,2023-01-11,L13,Referral,M,45.0
C00758,2024-03-12,L08,Paid Ads,F,20.0
C00759,2025-04-02,L11,Paid Ads,M,30.0
C00760,2025-05-04,L08,Paid Ads,M,18.0
C00761,2023-08-10,L06,Referral,F,38.0
C00762,2025-04-12,L03,Organic,,37.0
C00763,2023-07-01,L03,Organic,M,62.0
C00764,2024-05-11,L12,Referral,,41.0
C00765,2025-09-09,L09,Social,M,35.0
C00766,2023-10-01,L03,Email,M,
C00767,2023-08-08,L03,Social,M,29.0
C00768,2024-06-08,,Paid Ads,M,33.0
C00769,2024-11-05,L03,Social,F,34.0
C00770,2025-08-22,L09,Email,F,18.0
C00771,2025-09-03,L01,Organic,M,34.0
C00772,2023-04-17,L04,Paid Ads,F,33.0
C00773,2023-08-19,L12,Organic,F,
C00774,2025-04-23,L05,Email,M,31.0
C00775,2023-12-16,L04,Email,M,25.0
C00776,2025-07-16,L03,Social,M,
C00777,2024-12-22,L01,Organic,M,33.0
C00778,2023-06-24,L02,Email,M,31.0
C00779,2025-05-06,L01,Organic,M,20.0
C00780,2023-09-23,L01,Organic,F,31.0
C00781,2024-06-13,L02,Referral,F,27.0
C00782,2024-10-03,L03,Social,,30.0
C00783,2024-08-18,L01,Social,F,39.0
C00784,2025-01-28,L12,Paid Ads,F,26.0
C00785,2024-12-04,L01,Paid Ads,M,
C00786,2025-09-01,L03,Paid Ads,M,37.0
C00787,2025-09-26,L10,Organic,M,30.0
C00788,2024-09-17,L01,Social,F,55.0
C00789,2023-06-07,L04,Paid Ads,F,34.0
C00790,2025-02-23,L09,Organic,F,21.0
C00791,2025-09-12,L05,Paid Ads,F,24.0
C00792,2024-02-10,L02,Referral,F,24.0
C00793,2024-07-09,L07,Social,Other,25.0
C00794,2024-06-17,L06,Organic,F,37.0
C00795,2023-03-04,L03,Organic,M,22.0
C00796,2025-01-11,L01,Email,F,29.0
C00797,2024-03-09,L01,Paid Ads,M,42.0
C00798,2025-04-02,L09,Paid Ads,M,27.0
C00799,2025-05-22,L03,Organic,M,38.0
C00800,2025-05-01,L02,Email,F,18.0
C00801,2024-06-27,L05,Referral,M,29.0
C00802,2024-02-03,L11,Organic,F,24.0
C00803,2025-03-11,L01,Organic,M,
C00804,2025-04-03,L01,Organic,F,23.0
C00805,2024-08-11,L04,Organic,M,51.0
C00806,2025-07-18,L06,Organic,M,18.0
C00807,2023-08-03,L04,Organic,M,42.0
C00808,2025-06-15,L10,Organic,M,40.0
C00809,2023-06-22,L01,Paid Ads,F,35.0
C00810,2023-08-13,L03,Paid Ads,M,32.0
C00811,2024-09-04,L03,Paid Ads,F,49.0
C00812,2023-04-20,L03,Social,F,54.0
C00813,2023-03-06,L04,Organic,F,30.0
C00814,2023-01-01,L08,Social,F,33.0
C00815,2024-06-13,L03,Email,F,27.0
C00816,2025-04-08,,Email,M,21.0
C00817,2023-02-01,,Organic,F,36.0
C00818,2024-12-22,L05,Organic,M,34.0
C00819,2025-05-17,L03,Referral,F,18.0
C00820,2023-09-26,L05,Organic,M,36.0
C00821,2023-08-14,L01,Organic,F,35.0
C00822,2025-06-13,L12,Organic,F,27.0
C00823,2025-05-24,L11,Referral,M,26.0
C00824,2024-10-03,L09,Social,M,36.0
C00825,2025-05-11,L10,Organic,Other,46.0
C00826,2023-05-23,L02,Email,F,36.0
C00827,2024-05-09,L05,Social,M,39.0
C00828,2025-03-25,L03,Organic,M,25.0
C00829,2023-12-08,L10,Paid Ads,M,28.0
C00830,2025-03-12,L02,Organic,F,37.0
C00831,2024-08-26,L02,Email,F,20.0
C00832,2025-03-07,L07,Social,F,34.0
C00833,2024-07-28,L01,Referral,M,36.0
C00834,2024-04-02,L07,Referral,F,32.0
C00835,2023-11-08,L03,Organic,F,35.0
C00836,2023-10-17,L06,Email,M,
C00837,2025-03-17,L10,Email,M,26.0
C00838,2023-07-26,L06,Social,M,21.0
C00839,2023-05-27,L02,Paid Ads,M,31.0
C00840,2023-09-19,L01,Organic,F,44.0
C00841,2023-09-19,L01,Organic,M,41.0
C00842,2025-05-09,L01,Organic,,29.0
C00843,2024-05-23,L05,Referral,F,29.0
C00844,2025-09-19,L03,Social,F,28.0
C00845,2023-08-01,L02,Email,F,28.0
C00846,2024-12-24,L02,Organic,M,35.0
C00847,2024-07-11,L12,Organic,M,42.0
C00848,2024-05-14,L01,Organic,F,52.0
C00849,2025-06-14,L03,Email,F,25.0
C00850,2025-09-23,L04,Social,F,38.0
C00851,2025-06-08,L01,Paid Ads,F,37.0
C00852,2023-10-11,L11,Paid Ads,M,29.0
C00853,2023-11-02,L01,Paid Ads,M,23.0
C00854,2024-12-10,L06,Organic,F,34.0
C00855,2024-01-03,L06,Organic,F,51.0
C00856,2025-02-17,L08,Organic,M,34.0
C00857,2024-10-26,L06,Organic,M,25.0
C00858,2024-10-14,L08,Paid Ads,M,31.0
C00859,2025-05-26,L04,Paid Ads,F,22.0
C00860,2025-02-28,L04,Social,M,32.0
C00861,2023-02-02,L07,Paid Ads,F,38.0
C00862,2023-03-15,L05,Paid Ads,M,26.0
C00863,2024-11-15,L05,Email,F,
C00864,2024-08-11,L02,Paid Ads,,34.0
C00865,2023-12-24,L02,Referral,F,27.0
C00866,2024-06-12,L03,Organic,M,25.0
C00867,2025-03-02,L01,Social,F,25.0
C00868,2025-05-16,L04,Paid Ads,M,36.0
C00869,2024-10-06,L01,Organic,F,28.0
C00870,2024-04-10,L05,Organic,M,40.0
C00871,2023-12-15,L07,Referral,F,41.0
C00872,2024-09-21,L05,Referral,M,30.0
C00873,2024-02-08,L07,Referral,M,27.0
C00874,2024-10-11,L01,Paid Ads,F,33.0
C00875,2025-01-02,L01,Referral,F,31.0
C00876,2023-04-11,,Paid Ads,F,
C00877,2023-01-17,L08,Organic,F,49.0
C00878,2023-10-18,L07,Paid Ads,M,38.0
C00879,2025-07-09,L06,Paid Ads,F,28.0
C00880,2024-12-02,L07,Social,F,18.0
C00881,2023-09-17,L07,Paid Ads,F,30.0
C00882,2025-07-19,L07,Paid Ads,F,27.0
C00883,2024-07-03,L07,Email,F,31.0
C00884,2024-08-15,L01,Social,M,18.0
C00885,2025-08-03,L01,Organic,F,28.0
C00886,2023-04-13,L03,Email,M,28.0
C00887,2023-11-18,L05,Organic,M,30.0
C00888,2024-11-21,L08,Social,F,30.0
C00889,2023-10-20,L03,Organic,M,32.0
C00890,2025-01-22,L03,Paid Ads,M,46.0
C00891,2023-11-07,L08,Email,M,27.0
C00892,2023-06-24,L02,Organic,F,24.0
C00893,2023-10-10,,Social,M,18.0
C00894,2024-06-11,L02,Paid Ads,F,27.0
C00895,2023-09-23,L03,Organic,M,19.0
C00896,2023-07-10,L04,Email,F,41.0
C00897,2025-06-03,L03,Paid Ads,F,31.0
C00898,2024-02-21,L01,Social,M,40.0
C00899,2024-04-19,L02,Social,F,45.0
C00900,2023-04-17,L03,Organic,F,24.0
C00901,2024-03-05,L03,Organic,M,29.0
C00902,2023-12-18,L08,Paid Ads,F,44.0
C00903,2024-11-06,L01,Paid Ads,F,34.0
C00904,2023-10-16,L03,Organic,F,37.0
C00905,2025-07-15,L01,Paid Ads,M,41.0
C00906,2025-08-22,L11,Social,M,40.0
C00907,2023-06-28,L08,Organic,M,36.0
C00908,2023-06-06,L14,Referral,M,45.0
C00909,2023-07-04,L11,Paid Ads,M,
C00910,2024-11-16,L03,Organic,M,37.0
C00911,2023-07-27,L07,Organic,M,30.0
C00912,2025-06-05,L03,Organic,M,41.0
C00913,2025-03-14,L10,Referral,M,26.0
C00914,2025-05-12,L04,Organic,F,18.0
C00915,2024-09-09,L03,Social,F,38.0
C00916,2025-09-19,L11,Social,F,23.0
C00917,2023-03-09,L09,Organic,M,22.0
C00918,2024-05-14,L13,Social,Other,43.0
C00919,2024-02-24,L01,Email,M,41.0
C00920,2025-08-11,L02,Organic,M,29.0
C00921,2024-10-01,L03,Email,M,18.0
C00922,2025-04-25,L04,Organic,M,37.0
C00923,2023-09-08,L04,Referral,M,38.0
C00924,2025-09-22,L03,Organic,F,37.0
C00925,2024-08-22,L08,Social,M,36.0
C00926,2024-08-15,L02,Social,F,30.0
C00927,2025-09-03,L07,Email,F,28.0
C00928,2024-04-27,L09,Email,F,22.0
C00929,2024-05-20,L06,Organic,F,26.0
C00930,2024-11-12,L03,Referral,F,35.0
C00931,2023-07-24,L02,Organic,F,35.0
C00932,2024-02-23,L02,Organic,M,39.0
C00933,2023-10-22,L07,Organic,F,19.0
C00934,2023-06-05,L04,Email,M,18.0
C00935,2025-06-18,L01,Referral,F,29.0
C00936,2024-11-09,L14,Organic,Other,23.0
C00937,2024-03-03,L06,Email,M,34.0
C00938,2024-05-10,L09,Social,M,20.0
C00939,2024-06-03,L04,Paid Ads,M,43.0
C00940,2024-12-03,L12,Paid Ads,,25.0
C00941,2025-08-21,L02,Social,F,46.0
C00942,2025-08-15,L02,Referral,F,37.0
C00943,2024-05-12,L10,Paid Ads,M,23.0
C00944,2024-02-06,L10,Paid Ads,,51.0
C00945,2024-07-22,L05,Organic,F,34.0
C00946,2024-10-18,L01,Paid Ads,M,33.0
C00947,2024-07-17,L03,Paid Ads,F,31.0
C00948,2024-12-06,L07,Organic,,36.0
C00949,2024-10-04,L09,Organic,F,37.0
C00950,2024-02-04,L03,Referral,F,24.0
C00951,2024-03-01,L01,Paid Ads,F,30.0
C00952,2024-04-28,L06,Paid Ads,M,33.0
C00953,2023-06-11,L07,Organic,M,37.0
C00954,2023-09-19,L04,Email,M,37.0
C00955,2025-02-28,L05,Organic,F,33.0
C00956,2024-05-27,L14,Paid Ads,F,27.0
C00957,2023-11-09,L02,Organic,M,27.0
C00958,2024-10-14,L05,Referral,F,21.0
C00959,2025-03-13,L06,Paid Ads,F,37.0
C00960,2023-12-01,L05,Paid Ads,M,26.0
C00961,2025-05-22,L10,Social,M,30.0
C00962,2025-08-17,,Social,F,34.0
C00963,2024-11-11,L05,Paid Ads,F,32.0
C00964,2025-01-16,L01,Paid Ads,M,32.0
C00965,2023-03-21,L07,Email,M,24.0
C00966,2025-08-01,L02,Email,M,34.0
C00967,2024-05-19,L01,Referral,M,29.0
C00968,2025-08-25,L04,Social,M,31.0
C00969,2024-10-21,L05,Social,M,
C00970,2023-01-18,L14,Email,M,37.0
C00971,2023-03-03,L07,Organic,F,27.0
C00972,2025-01-21,L09,Email,F,31.0
C00973,2024-10-22,L03,Referral,M,46.0
C00974,2023-02-14,L05,Referral,M,29.0
C00975,2025-03-17,L13,Paid Ads,F,32.0
C00976,2025-06-18,L04,Paid Ads,M,38.0
C00977,2024-08-04,L08,Social,M,34.0
C00978,2024-07-08,L05,Referral,F,29.0
C00979,2023-01-23,L02,Organic,M,25.0
C00980,2025-04-28,L05,Referral,F,32.0
C00981,2024-02-08,L02,Organic,M,38.0
C00982,2025-06-12,L01,Paid Ads,,44.0
C00983,2024-04-26,L02,Referral,M,19.0
C00984,2024-10-05,L02,Referral,M,48.0
C00985,2023-12-08,L03,Organic,M,29.0
C00986,2023-09-02,L10,Organic,F,40.0
C00987,2025-04-07,L03,Organic,M,25.0
C00988,2024-08-18,L09,Referral,F,18.0
C00989,2024-10-10,L05,Email,M,20.0
C00990,2025-09-28,L01,Social,M,29.0
C00991,2025-09-25,L02,Social,M,37.0
C00992,2025-06-26,L11,Paid Ads,F,32.0
C00993,2023-10-21,L06,Organic,F,30.0
C00994,2024-11-20,L11,Social,F,42.0
C00995,2025-06-15,L03,Paid Ads,F,32.0
C00996,2024-04-28,L07,Organic,F,35.0
C00997,2023-06-03,L08,Paid Ads,,60.0
C00998,2025-05-21,L13,Referral,M,32.0
C00999,2024-08-04,L01,Paid Ads,F,26.0
C01000,2024-10-10,L12,Organic,M,36.0
C01001,2025-09-08,L03,Referral,F,39.0
C01002,2024-11-17,L09,Organic,M,35.0
C01003,2024-06-23,L05,Paid Ads,M,33.0
C01004,2024-04-03,L05,Social,M,45.0
C01005,2024-06-17,L03,Email,M,44.0
C01006,2023-07-07,L09,Paid Ads,,31.0
C01007,2025-04-03,L02,Organic,F,26.0
C01008,2025-05-12,L04,Paid Ads,M,36.0
C01009,2024-01-17,L05,Organic,F,26.0
C01010,2024-01-06,L07,Social,M,40.0
C01011,2025-06-11,L04,Referral,M,36.0
C01012,2023-02-27,L06,Paid Ads,F,56.0
C01013,2024-09-10,L04,Social,M,45.0
C01014,2024-07-28,L06,Paid Ads,F,22.0
C01015,2025-01-24,L06,Paid Ads,M,27.0
C01016,2023-09-11,L07,Email,M,18.0
C01017,2024-12-17,L09,Organic,M,18.0
C01018,2024-04-20,L05,Paid Ads,M,33.0
C01019,2024-11-14,L02,Social,F,21.0
C01020,2023-03-12,L06,Paid Ads,M,47.0
C01021,2024-07-10,L01,Paid Ads,M,42.0
C01022,2024-09-04,L02,Organic,F,30.0
C01023,2023-11-01,L08,Paid Ads,F,29.0
C01024,2023-08-10,L04,Paid Ads,F,45.0
C01025,2023-10-23,L05,Paid Ads,,47.0
C01026,2024-03-07,L14,Organic,M,24.0
C01027,2023-06-06,L02,Paid Ads,F,22.0
C01028,2025-08-10,L01,Referral,F,29.0
C01029,2024-05-17,L01,Social,M,
C01030,2025-05-07,L02,Referral,F,27.0
C01031,2025-09-07,L07,Referral,F,36.0
C01032,2023-05-04,L08,Social,M,50.0
C01033,2024-12-10,L05,Organic,F,19.0
C01034,2025-06-07,L02,Paid Ads,M,28.0
C01035,2024-12-24,L05,Organic,F,20.0
C01036,2024-06-26,L01,Paid Ads,M,24.0
C01037,2024-06-11,L06,Email,F,29.0
C01038,2023-03-03,L06,Paid Ads,F,25.0
C01039,2024-09-03,L01,Social,M,37.0
C01040,2025-09-10,L08,Organic,M,33.0
C01041,2025-08-13,L08,Paid Ads,M,35.0
C01042,2023-03-15,L03,Paid Ads,F,29.0
C01043,2025-02-09,L06,Organic,M,30.0
C01044,2024-01-10,L06,Paid Ads,M,29.0
C01045,2025-07-08,L02,Referral,F,30.0
C01046,2023-03-15,L02,Paid Ads,M,36.0
C01047,2025-08-20,L06,Social,F,
C01048,2025-05-02,L11,Email,M,35.0
C01049,2023-07-14,L05,Paid Ads,M,24.0
C01050,2023-04-19,L05,Email,F,29.0
C01051,2025-05-19,L06,Organic,M,18.0
C01052,2023-08-16,L04,Organic,F,29.0
C01053,2024-09-15,L01,Paid Ads,M,35.0
C01054,2025-07-20,L04,Referral,M,36.0
C01055,2024-10-11,L10,Paid Ads,M,21.0
C01056,2024-05-16,L08,Paid Ads,F,36.0
C01057,2024-07-09,L11,Social,F,42.0
C01058,2023-04-13,L02,Organic,M,28.0
C01059,2025-09-04,L05,Social,M,32.0
C01060,2024-02-10,L05,Paid Ads,M,18.0
C01061,2023-10-04,L02,Paid Ads,F,24.0
C01062,2024-01-07,L02,Organic,M,34.0
C01063,2025-09-12,L08,Paid Ads,M,41.0
C01064,2023-06-15,L06,Paid Ads,M,27.0
C01065,2025-06-27,L06,Social,F,56.0
C01066,2025-02-01,L03,Paid Ads,F,35.0
C01067,2025-05-26,L05,Organic,F,21.0
C01068,2025-09-10,L01,Social,M,44.0
C01069,2025-05-21,L02,Referral,M,
C01070,2025-08-19,L05,Email,M,35.0
C01071,2023-07-28,L03,Paid Ads,,24.0
C01072,2025-04-04,L13,Referral,M,20.0
C01073,2024-10-28,,Paid Ads,M,41.0
C01074,2024-10-02,L01,Referral,F,30.0
C01075,2025-07-25,L01,Paid Ads,F,48.0
C01076,2025-09-19,L07,Organic,F,23.0
C01077,2025-02-14,L02,Email,,18.0
C01078,2024-08-12,L02,Social,F,28.0
C01079,2024-07-03,L04,Referral,F,58.0
C01080,2024-04-23,L02,Paid Ads,,
C01081,2024-04-21,L06,Referral,M,37.0
C01082,2024-05-27,L04,Organic,M,37.0
C01083,2023-05-21,L01,Paid Ads,M,28.0
C01084,2023-05-27,L08,Organic,M,57.0
C01085,2025-04-25,L04,Organic,M,36.0
C01086,2024-07-12,L06,Organic,M,35.0
C01087,2025-08-20,L01,Social,F,41.0
C01088,2024-11-08,L06,Organic,M,21.0
C01089,2023-02-23,L03,Social,M,24.0
C01090,2023-08-18,L04,Email,M,30.0
C01091,2023-10-13,L03,Organic,F,41.0
C01092,2025-09-18,L14,Referral,F,
C01093,2023-11-08,L02,Paid Ads,F,31.0
C01094,2024-09-18,L11,Email,F,30.0
C01095,2025-08-14,L11,Paid Ads,F,18.0
C01096,2025-09-10,L04,Paid Ads,F,27.0
C01097,2023-11-28,L03,Organic,F,37.0
C01098,2023-03-02,L03,Email,M,19.0
C01099,2023-08-22,L14,Organic,M,45.0
C01100,2023-04-06,L06,Social,M,36.0
C01101,2023-10-07,L05,Organic,F,35.0
C01102,2024-10-05,L01,Referral,F,32.0
C01103,2025-07-03,L09,Paid Ads,F,22.0
C01104,2024-10-04,L01,Organic,M,26.0
C01105,2024-12-24,L01,Organic,F,35.0
C01106,2023-10-26,L03,Organic,M,26.0
C01107,2025-04-17,L04,Social,F,34.0
C01108,2024-11-01,L10,Social,F,24.0
C01109,2025-06-25,L08,Organic,F,36.0
C01110,2025-08-17,L02,Paid Ads,M,37.0
C01111,2024-03-15,L03,Organic,F,18.0
C01112,2023-05-27,L08,Referral,M,33.0
C01113,2023-11-12,L05,Social,F,18.0
C01114,2024-06-11,L02,Social,F,18.0
C01115,2025-08-22,L04,Social,F,27.0
C01116,2024-04-15,L06,Paid Ads,Other,57.0
C01117,2025-03-21,L13,Organic,M,
C01118,2024-10-20,L06,Social,M,
C01119,2023-10-24,L01,Organic,M,37.0
C01120,2024-02-09,L07,Organic,M,34.0
C01121,2024-12-03,L02,Paid Ads,,40.0
C01122,2025-01-14,L09,Social,M,26.0
C01123,2024-06-19,L03,Referral,M,36.0
C01124,2023-11-23,L02,Email,F,43.0
C01125,2025-02-08,L04,Paid Ads,F,38.0
C01126,2023-09-21,L02,Organic,M,43.0
C01127,2025-08-24,L02,Paid Ads,F,34.0
C01128,2023-10-23,L05,Social,F,47.0
C01129,2023-06-23,L08,Organic,F,30.0
C01130,2024-08-28,L09,Email,F,51.0
C01131,2024-09-19,L04,Paid Ads,M,37.0
C01132,2024-09-11,L01,Social,M,29.0
C01133,2024-06-13,L04,Social,M,21.0
C01134,2025-09-21,L04,Paid Ads,M,25.0
C01135,2024-08-07,L02,Social,F,23.0
C01136,2024-08-17,L10,Paid Ads,M,31.0
C01137,2024-06-17,L13,Social,,21.0
C01138,2023-04-19,L01,Social,F,44.0
C01139,2024-11-12,L08,Paid Ads,M,33.0
C01140,2023-11-21,L06,Organic,M,33.0
C01141,2024-12-03,L02,Email,M,22.0
C01142,2023-03-21,L06,Email,F,25.0
C01143,2025-09-23,L01,Referral,F,18.0
C01144,2024-07-25,L01,Email,M,47.0
C01145,2025-07-26,L14,Paid Ads,M,19.0
C01146,2024-08-10,L06,Paid Ads,M,20.0
C01147,2023-04-02,L02,Paid Ads,M,45.0
C01148,2025-05-19,L04,Organic,F,35.0
C01149,2024-12-03,L12,Paid Ads,M,33.0
C01150,2025-04-08,L04,Referral,M,35.0
C01151,2024-06-20,L10,Organic,Other,41.0
C01152,2024-12-17,L10,Organic,M,33.0
C01153,2025-06-17,L03,Social,F,18.0
C01154,2024-12-22,L07,Social,M,39.0
C01155,2024-03-05,L06,Email,M,36.0
C01156,2024-12-23,L08,Organic,F,43.0
C01157,2025-01-17,L03,Social,M,21.0
C01158,2025-09-12,L01,Organic,F,25.0
C01159,2024-04-13,L02,Organic,F,36.0
C01160,2024-06-15,L06,Social,M,23.0
C01161,2025-05-16,L08,Paid Ads,F,18.0
C01162,2024-09-10,L08,Social,M,34.0
C01163,2025-02-07,L05,Organic,M,40.0
C01164,2024-07-05,L01,Organic,M,31.0
C01165,2023-11-10,L01,Paid Ads,M,37.0
C01166,2025-03-08,L08,Organic,M,36.0
C01167,2023-07-15,L05,Organic,F,32.0
C01168,2023-10-26,L08,Organic,M,33.0
C01169,2024-12-04,L02,Paid Ads,F,44.0
C01170,2025-03-09,L04,Social,M,23.0
C01171,2025-07-02,,Organic,M,39.0
C01172,2023-12-28,L02,Referral,F,21.0
C01173,2023-06-20,L01,Referral,M,25.0
C01174,2025-08-07,L06,Paid Ads,F,43.0
C01175,2023-08-12,L06,Paid Ads,F,21.0
C01176,2023-10-21,L12,Referral,F,30.0
C01177,2024-01-27,L11,Social,F,53.0
C01178,2024-09-17,L07,Organic,Other,41.0
C01179,2025-06-08,L01,Social,M,25.0
C01180,2025-03-20,L04,Organic,F,27.0
C01181,2025-02-20,L10,Paid Ads,M,30.0
C01182,2023-09-19,L04,Paid Ads,M,
C01183,2024-03-02,L12,Organic,M,23.0
C01184,2024-08-20,,Organic,M,22.0
C01185,2023-08-01,L01,Organic,F,38.0
C01186,2023-12-26,L05,Organic,F,18.0
C01187,2024-02-25,L07,Paid Ads,M,24.0
C01188,2023-07-16,L01,Organic,M,31.0
C01189,2024-10-19,L03,Social,M,32.0
C01190,2025-02-02,L07,Social,F,20.0
C01191,2023-04-25,L02,Organic,M,35.0
C01192,2024-08-08,L03,Organic,F,37.0
C01193,2025-04-08,L07,Paid Ads,M,26.0
C01194,2025-03-20,L08,Social,F,47.0
C01195,2025-05-27,L05,Paid Ads,M,35.0
C01196,2024-07-14,L12,Organic,Other,23.0
C01197,2025-05-15,L11,Email,F,47.0
C01198,2023-11-16,L04,Paid Ads,M,27.0
C01199,2024-04-09,L02,Paid Ads,M,34.0
C01200,2023-09-17,L08,Social,F,28.0
C01201,2024-07-27,L02,Email,F,38.0
C01202,2024-05-11,L09,Paid Ads,M,28.0
C01203,2023-11-22,L05,Paid Ads,F,28.0
C01204,2025-03-22,L04,Paid Ads,F,31.0
C01205,2024-02-24,L05,Organic,M,27.0
C01206,2023-12-21,L05,Paid Ads,M,42.0
C01207,2023-07-26,L11,Organic,M,21.0
C01208,2024-06-21,L02,Referral,M,32.0
C01209,2024-01-28,L11,Social,M,33.0
C01210,2024-04-21,L01,Email,M,31.0
C01211,2023-11-24,L08,Social,F,41.0
C01212,2025-03-25,L11,Organic,F,18.0
C01213,2025-08-28,L04,Organic,M,37.0
C01214,2024-08-17,L01,Paid Ads,M,21.0
C01215,2024-12-20,L08,Organic,F,27.0
C01216,2025-06-28,L09,Organic,,20.0
C01217,2025-09-11,L03,Social,M,29.0
C01218,2024-11-04,L05,Paid Ads,M,27.0
C01219,2025-07-25,L08,Organic,F,47.0
C01220,2025-07-18,L02,Paid Ads,F,34.0
C01221,2025-04-12,L06,Email,M,36.0
C01222,2024-07-21,L04,Referral,F,22.0
C01223,2023-05-01,L02,Organic,F,39.0
C01224,2023-01-14,L09,Paid Ads,F,47.0
C01225,2024-08-08,L03,Email,M,40.0
C01226,2024-08-09,L11,Organic,F,20.0
C01227,2024-05-28,L05,Referral,M,28.0
C01228,2024-10-16,L05,Social,F,33.0
C01229,2024-10-04,L04,Referral,F,27.0
C01230,2025-05-11,L04,Organic,F,55.0
C01231,2023-06-07,L08,Email,M,28.0
C01232,2023-11-26,L06,Paid Ads,M,32.0
C01233,2025-04-09,L08,Organic,F,27.0
C01234,2025-06-10,L04,Organic,M,34.0
C01235,2025-09-10,L02,Paid Ads,F,44.0
C01236,2025-06-05,L01,Organic,M,33.0
C01237,2025-07-22,L08,Social,,30.0
C01238,2024-02-17,L04,Social,M,22.0
C01239,2024-05-13,L05,Organic,M,43.0
C01240,2023-12-12,L04,Social,M,31.0
C01241,2024-11-19,L04,Email,F,30.0
C01242,2025-08-03,L07,Organic,M,18.0
C01243,2024-03-27,L06,Social,M,31.0
C01244,2024-10-16,L13,Email,M,28.0
C01245,2024-01-07,L02,Social,F,18.0
C01246,2023-09-16,L05,Paid Ads,M,41.0
C01247,2023-10-24,L01,Social,F,27.0
C01248,2023-04-05,L08,Referral,M,49.0
C01249,2025-08-15,L06,Organic,F,45.0
C01250,2024-05-17,L04,Organic,M,26.0
C01251,2025-05-23,L08,Paid Ads,F,44.0
C01252,2025-01-16,L04,Paid Ads,F,46.0
C01253,2023-10-21,L02,Paid Ads,F,27.0
C01254,2023-09-22,L04,Organic,M,23.0
C01255,2025-05-25,L01,Social,M,18.0
C01256,2023-12-11,L10,Referral,M,35.0
C01257,2025-07-20,L07,Paid Ads,M,23.0
C01258,2023-08-07,L08,Organic,M,36.0
C01259,2025-01-24,L10,Organic,F,27.0
C01260,2025-05-27,L08,Organic,M,25.0
C01261,2023-11-09,L04,Referral,F,27.0
C01262,2023-12-16,L01,Organic,M,20.0
C01263,2025-09-24,L03,Email,F,27.0
C01264,2023-12-01,L11,Organic,M,25.0
C01265,2024-06-20,L12,Organic,M,32.0
C01266,2024-06-23,L08,Social,F,33.0
C01267,2023-12-25,L02,Paid Ads,M,22.0
C01268,2025-04-06,L02,Paid Ads,F,42.0
C01269,2025-03-22,L10,Organic,F,31.0
C01270,2024-04-23,L02,Referral,M,46.0
C01271,2025-05-01,L05,Paid Ads,M,34.0
C01272,2023-11-20,L03,Social,M,33.0
C01273,2023-01-18,L03,Referral,M,28.0
C01274,2024-10-28,L06,Social,F,38.0
C01275,2025-09-02,L12,Referral,F,32.0
C01276,2023-03-28,L08,Social,M,40.0
C01277,2023-10-16,L04,Referral,M,46.0
C01278,2024-09-08,L04,Paid Ads,,25.0
C01279,2025-05-11,L11,Referral,F,38.0
C01280,2023-05-22,L05,Referral,F,37.0
C01281,2024-05-28,L04,Organic,F,36.0
C01282,2025-03-09,L06,Referral,F,28.0
C01283,2024-04-28,,Organic,F,
C01284,2023-10-18,L01,Paid Ads,M,27.0
C01285,2023-10-06,L09,Organic,F,27.0
C01286,2024-05-17,L06,Organic,F,24.0
C01287,2024-08-23,L02,Organic,M,31.0
C01288,2025-06-02,L03,Organic,M,
C01289,2024-12-03,L14,Organic,F,36.0
C01290,2025-01-01,L06,Organic,F,33.0
C01291,2025-09-16,L06,Paid Ads,M,34.0
C01292,2024-05-02,L01,Paid Ads,F,30.0
C01293,2024-05-27,L13,Email,F,33.0
C01294,2025-08-04,L10,Social,F,30.0
C01295,2023-12-03,L05,Organic,F,39.0
C01296,2025-02-08,L03,Paid Ads,M,28.0
C01297,2025-03-22,L07,Paid Ads,M,35.0
C01298,2023-06-26,L09,Paid Ads,F,20.0
C01299,2024-07-08,L08,Paid Ads,F,38.0
C01300,2023-10-15,L13,Referral,M,
C01301,2023-10-22,L06,Referral,M,24.0
C01302,2024-07-23,L03,Paid Ads,,22.0
C01303,2024-01-05,L05,Referral,M,21.0
C01304,2025-04-24,L08,Organic,F,28.0
C01305,2025-07-25,L03,Social,F,45.0
C01306,2025-04-21,L02,Email,F,26.0
C01307,2023-12-15,L07,Organic,M,18.0
C01308,2023-12-11,L04,Social,F,35.0
C01309,2023-12-25,L08,Social,M,22.0
C01310,2023-07-25,L02,Paid Ads,M,39.0
C01311,2025-08-15,L03,Organic,M,28.0
C01312,2024-05-21,L03,Social,M,30.0
C01313,2023-11-12,,Paid Ads,F,43.0
C01314,2025-06-21,L08,Organic,F,38.0
C01315,2024-05-03,L04,Referral,M,21.0
C01316,2023-02-26,L04,Paid Ads,M,22.0
C01317,2023-09-15,L02,Organic,M,18.0
C01318,2024-12-17,L07,Email,M,55.0
C01319,2025-04-06,L14,Organic,M,24.0
C01320,2023-10-15,L08,Paid Ads,F,43.0
C01321,2025-07-01,L02,Referral,F,27.0
C01322,2025-06-25,L06,Organic,M,22.0
C01323,2025-06-21,L03,Social,M,32.0
C01324,2023-11-13,L01,Referral,M,29.0
C01325,2023-03-24,L02,Paid Ads,F,39.0
C01326,2025-06-23,L01,Paid Ads,M,39.0
C01327,2024-02-04,L02,Email,F,27.0
C01328,2024-11-02,L08,Email,F,19.0
C01329,2025-03-08,L03,Organic,F,21.0
C01330,2023-07-01,L08,Paid Ads,M,18.0
C01331,2025-04-17,L12,Paid Ads,F,30.0
C01332,2025-08-15,L05,Email,F,32.0
C01333,2025-02-16,L04,Social,F,22.0
C01334,2024-06-03,L07,Paid Ads,F,21.0
C01335,2025-06-26,L01,Social,M,32.0
C01336,2024-09-28,L04,Paid Ads,M,26.0
C01337,2025-03-17,L05,Organic,M,30.0
C01338,2025-05-01,L09,Referral,F,29.0
C01339,2025-03-12,L08,Paid Ads,M,34.0
C01340,2024-01-21,L09,Referral,F,27.0
C01341,2023-07-21,L07,Paid Ads,M,28.0
C01342,2023-11-07,L05,Social,M,18.0
C01343,2024-08-24,L09,Email,F,32.0
C01344,2024-09-28,L10,Organic,M,33.0
C01345,2024-11-15,L04,Paid Ads,F,30.0
C01346,2024-05-11,L14,Social,M,49.0
C01347,2025-04-15,L10,Organic,M,33.0
C01348,2025-07-01,L05,Social,M,31.0
C01349,2023-12-15,L01,Referral,M,36.0
C01350,2025-02-01,L02,Organic,F,51.0
C01351,2025-01-01,L08,Social,M,34.0
C01352,2024-09-16,L01,Paid Ads,M,18.0
C01353,2023-10-15,L04,Organic,M,36.0
C01354,2025-04-28,L06,Organic,F,24.0
C01355,2025-09-15,L10,Social,F,18.0
C01356,2025-02-28,L09,Email,M,47.0
C01357,2025-07-23,L08,Paid Ads,F,45.0
C01358,2025-09-10,L04,Organic,F,24.0
C01359,2024-03-26,L02,Organic,F,24.0
C01360,2024-12-14,L06,Referral,M,33.0
C01361,2024-07-17,L02,Paid Ads,M,24.0
C01362,2025-09-03,L05,Paid Ads,M,31.0
C01363,2023-06-06,L14,Paid Ads,M,26.0
C01364,2024-05-15,L05,Paid Ads,F,28.0
C01365,2025-06-08,L06,Referral,F,19.0
C01366,2024-01-17,L06,Paid Ads,F,39.0
C01367,2025-04-03,L09,Organic,M,43.0
C01368,2024-04-08,L04,Paid Ads,Other,31.0
C01369,2025-09-19,L05,Paid Ads,F,32.0
C01370,2025-07-18,L02,Paid Ads,F,
C01371,2024-01-28,L06,Organic,M,32.0
C01372,2025-03-26,L03,Organic,M,48.0
C01373,2024-03-23,L05,Paid Ads,M,20.0
C01374,2024-11-01,L08,Organic,F,40.0
C01375,2024-12-17,L01,Referral,F,31.0
C01376,2025-05-07,L05,Paid Ads,M,22.0
C01377,2023-02-08,L02,Organic,F,52.0
C01378,2023-11-06,L03,Referral,M,53.0
C01379,2025-02-13,L01,Paid Ads,F,30.0
C01380,2024-10-04,L02,Organic,M,36.0
C01381,2024-08-15,L14,Social,M,28.0
C01382,2023-04-05,L14,Paid Ads,M,29.0
C01383,2024-03-15,L07,Email,F,
C01384,2025-06-18,L06,Organic,M,20.0
C01385,2023-02-06,L08,Social,F,49.0
C01386,2024-05-03,L10,Social,M,32.0
C01387,2025-08-23,L05,Organic,F,32.0
C01388,2023-03-21,L01,Paid Ads,M,25.0
C01389,2025-03-08,L07,Referral,F,34.0
C01390,2023-12-25,L14,Paid Ads,F,18.0
C01391,2025-06-07,L02,Paid Ads,M,25.0
C01392,2025-03-26,L04,Email,M,21.0
C01393,2025-07-04,L03,Referral,F,44.0
C01394,2023-11-19,,Email,F,18.0
C01395,2024-09-01,L07,Social,F,21.0
C01396,2025-04-06,L03,Social,F,18.0
C01397,2023-11-12,L11,Social,M,24.0
C01398,2023-11-03,L08,Referral,M,28.0
C01399,2023-02-13,L01,Social,M,41.0
C01400,2025-08-07,L08,Referral,M,30.0
C01401,2025-02-03,L08,Organic,M,
C01402,2024-12-27,L05,Referral,M,35.0
C01403,2025-03-28,L05,Organic,F,28.0
C01404,2024-09-27,L09,Email,M,54.0
C01405,2024-08-05,L04,Referral,F,27.0
C01406,2024-07-11,L02,Paid Ads,F,
C01407,2024-12-10,L03,Organic,M,39.0
C01408,2023-10-10,L03,Paid Ads,M,26.0
C01409,2025-07-12,L06,Paid Ads,F,33.0
C01410,2025-05-15,L02,Referral,F,27.0
C01411,2024-03-14,L06,Referral,F,34.0
C01412,2024-10-09,L04,Paid Ads,,33.0
C01413,2023-08-28,L09,Organic,F,31.0
C01414,2025-09-28,L04,Paid Ads,M,22.0
C01415,2025-07-10,L11,Paid Ads,M,49.0
C01416,2025-08-07,L10,Social,,37.0
C01417,2024-03-15,L02,Social,M,18.0
C01418,2023-09-11,L07,Social,M,28.0
C01419,2023-10-28,L02,Paid Ads,M,18.0
C01420,2023-05-13,L09,Organic,M,39.0
C01421,2023-07-02,L06,Email,F,32.0
C01422,2023-04-04,L03,Email,M,32.0
C01423,2025-09-03,L02,Organic,M,24.0
C01424,2023-05-11,L04,Referral,Other,29.0
C01425,2023-07-09,L08,Paid Ads,F,39.0
C01426,2025-05-24,L08,Organic,M,
C01427,2024-11-25,L01,Email,F,40.0
C01428,2025-04-04,L03,Email,F,18.0
C01429,2024-12-27,L04,Email,F,
C01430,2025-06-17,L05,Organic,F,34.0
C01431,2024-12-09,L02,Paid Ads,M,25.0
C01432,2024-09-12,L03,Social,F,18.0
C01433,2025-02-13,L10,Referral,M,20.0
C01434,2024-07-05,L04,Paid Ads,M,45.0
C01435,2024-03-25,L07,Paid Ads,F,21.0
C01436,2024-07-01,L04,Organic,M,32.0
C01437,2023-09-02,L04,Referral,F,31.0
C01438,2025-04-08,L06,Social,F,31.0
C01439,2023-12-05,L02,Organic,Other,29.0
C01440,2023-08-02,L02,Organic,F,39.0
C01441,2023-12-11,L14,Paid Ads,F,32.0
C01442,2025-05-11,L10,Paid Ads,M,26.0
C01443,2024-02-04,L07,Paid Ads,F,32.0
C01444,2025-01-23,L02,Organic,F,21.0
C01445,2025-06-25,L01,Social,M,36.0
C01446,2023-05-21,L02,Organic,M,26.0
C01447,2025-03-15,L11,Referral,M,26.0
C01448,2024-02-27,L08,Paid Ads,M,37.0
C01449,2023-11-10,L05,Paid Ads,F,28.0
C01450,2025-01-12,L13,Referral,F,29.0
C01451,2025-07-01,L02,Referral,F,43.0
C01452,2024-01-20,L05,Paid Ads,F,23.0
C01453,2024-10-03,L02,Paid Ads,Other,36.0
C01454,2024-01-19,L03,Paid Ads,M,41.0
C01455,2024-10-22,L11,Paid Ads,,43.0
C01456,2024-11-07,L10,Paid Ads,F,52.0
C01457,2024-11-18,L01,Paid Ads,F,26.0
C01458,2024-12-09,L02,Paid Ads,M,24.0
C01459,2023-07-12,L06,Organic,F,39.0
C01460,2025-01-15,L01,Social,M,40.0
C01461,2025-01-07,L05,Organic,F,25.0
C01462,2025-01-23,L05,Email,F,36.0
C01463,2023-05-12,L03,Referral,M,57.0
C01464,2024-07-13,L03,Organic,M,33.0
C01465,2024-05-23,L02,Referral,F,40.0
C01466,2023-05-07,L11,Paid Ads,M,46.0
C01467,2023-11-13,L03,Email,M,55.0
C01468,2024-06-28,L05,Email,M,34.0
C01469,2025-03-12,L03,Social,M,43.0
C01470,2023-11-04,L07,Paid Ads,M,25.0
C01471,2025-05-08,L01,Email,M,32.0
C01472,2024-10-27,L01,Referral,M,28.0
C01473,2025-03-22,L07,Social,F,18.0
C01474,2024-07-23,L07,Organic,M,18.0
C01475,2024-08-08,L03,Email,M,36.0
C01476,2024-11-24,L03,Referral,M,36.0
C01477,2025-08-12,L12,Paid Ads,F,23.0
C01478,2024-08-23,L01,Email,M,46.0
C01479,2024-09-25,L02,Referral,F,22.0
C01480,2024-11-06,L04,Email,M,34.0
C01481,2025-03-27,L03,Organic,F,28.0
C01482,2023-04-18,L06,Paid Ads,,33.0
C01483,2024-09-21,L07,Referral,M,40.0
C01484,2024-08-22,L05,Organic,F,39.0
C01485,2025-08-05,L06,Social,F,38.0
C01486,2024-08-21,L04,Referral,F,37.0
C01487,2024-07-06,L08,Organic,M,21.0
C01488,2025-09-08,L01,Referral,M,42.0
C01489,2024-07-04,L03,Organic,F,22.0
C01490,2023-09-06,L07,Social,M,31.0
C01491,2023-11-28,L03,Social,M,29.0
C01492,2023-06-10,L01,Paid Ads,F,35.0
C01493,2023-01-11,L03,Paid Ads,M,28.0
C01494,2024-06-14,L07,Paid Ads,F,31.0
C01495,2025-03-20,L01,Paid Ads,F,47.0
C01496,2025-02-17,L07,Social,M,20.0
C01497,2023-02-16,L08,Paid Ads,F,
C01498,2024-10-24,L06,Paid Ads,M,
C01499,2023-08-14,L02,Organic,M,38.0
C01500,2025-08-22,L08,Referral,M,25.0
C01501,2023-09-26,L02,Social,M,32.0
C01502,2024-12-19,L11,Organic,M,20.0
C01503,2024-02-01,L07,Organic,M,44.0
C01504,2024-12-08,L01,Organic,M,33.0
C01505,2024-05-18,L08,Organic,M,33.0
C01506,2025-03-14,L05,Paid Ads,M,39.0
C01507,2023-11-08,L04,Social,,21.0
C01508,2025-07-10,L04,Paid Ads,F,26.0
C01509,2024-08-03,L06,Organic,F,34.0
C01510,2025-03-07,L07,Referral,F,18.0
C01511,2025-06-22,L10,Social,F,18.0
C01512,2025-09-01,L03,Paid Ads,F,25.0
C01513,2023-11-24,L06,Organic,F,22.0
C01514,2024-01-10,L07,Social,M,29.0
C01515,2023-12-23,L06,Organic,M,37.0
C01516,2023-12-08,L04,Social,F,39.0
C01517,2024-11-24,L03,Social,M,48.0
C01518,2025-09-17,L08,Social,M,32.0
C01519,2025-09-24,L03,Organic,M,33.0
C01520,2024-09-02,L02,Organic,F,32.0
C01521,2024-12-23,L05,Social,F,35.0
C01522,2025-06-08,L03,Paid Ads,F,36.0
C01523,2025-08-11,L01,Paid Ads,M,40.0
C01524,2023-10-02,L01,Paid Ads,M,40.0
C01525,2024-09-27,L07,Organic,M,37.0
C01526,2025-05-18,L13,Referral,M,46.0
C01527,2024-01-28,L04,Email,M,32.0
C01528,2024-06-16,L02,Referral,M,26.0
C01529,2025-09-05,L08,Paid Ads,M,28.0
C01530,2025-09-10,L02,Email,M,31.0
C01531,2025-07-13,L14,Referral,F,22.0
C01532,2025-04-05,L05,Organic,M,26.0
C01533,2023-12-27,L02,Referral,F,22.0
C01534,2024-02-27,L04,Organic,F,35.0
C01535,2024-10-16,L03,Paid Ads,Other,35.0
C01536,2024-10-17,L08,Referral,F,18.0
C01537,2024-09-20,L01,Organic,F,26.0
C01538,2024-12-20,L09,Organic,,48.0
C01539,2024-05-02,L08,Referral,F,38.0
C01540,2025-03-15,L09,Organic,F,36.0
C01541,2024-03-22,L10,Paid Ads,F,26.0
C01542,2024-02-23,L02,Organic,M,35.0
C01543,2023-07-17,L05,Referral,F,32.0
C01544,2023-10-26,L09,Social,F,25.0
C01545,2025-06-17,L03,Organic,M,28.0
C01546,2024-07-11,L01,Social,F,28.0
C01547,2023-11-13,L03,Organic,M,19.0
C01548,2025-03-20,L02,Paid Ads,F,20.0
C01549,2024-10-25,L10,Paid Ads,M,30.0
C01550,2023-02-07,L04,Organic,M,24.0
C01551,2024-02-09,L06,Organic,F,29.0
C01552,2023-09-19,L12,Social,F,18.0
C01553,2024-12-22,L03,Social,F,39.0
C01554,2023-12-12,,Email,F,51.0
C01555,2023-04-19,L01,Email,F,41.0
C01556,2023-04-01,L01,Paid Ads,M,42.0
C01557,2024-11-09,L02,Organic,F,38.0
C01558,2023-02-27,L03,Organic,F,34.0
C01559,2025-06-17,L04,Paid Ads,F,33.0
C01560,2023-08-25,L04,Social,M,24.0
C01561,2024-11-07,L02,Organic,F,38.0
C01562,2024-07-09,L01,Organic,M,38.0
C01563,2024-06-28,L06,Paid Ads,M,28.0
C01564,2023-04-28,,Social,,37.0
C01565,2025-04-25,L08,Paid Ads,F,26.0
C01566,2025-07-09,L11,Social,,26.0
C01567,2023-01-23,L07,Paid Ads,M,39.0
C01568,2023-09-13,L06,Paid Ads,F,36.0
C01569,2025-07-24,L06,Paid Ads,F,30.0
C01570,2024-10-24,L06,Social,M,29.0
C01571,2023-08-13,L11,Social,M,34.0
C01572,2023-10-09,L12,Paid Ads,F,18.0
C01573,2024-12-28,L04,Organic,M,25.0
C01574,2025-02-13,L06,Organic,F,21.0
C01575,2024-11-13,L08,Organic,F,32.0
C01576,2025-08-19,L01,Organic,F,
C01577,2024-08-27,L05,Organic,M,36.0
C01578,2024-01-04,L06,Referral,F,27.0
C01579,2024-08-28,L07,Social,M,26.0
C01580,2024-04-12,L03,Social,M,25.0
C01581,2023-11-01,L03,Social,M,50.0
C01582,2023-03-09,L02,Email,F,33.0
C01583,2024-03-13,L05,Email,,34.0
C01584,2025-02-19,L11,Organic,M,18.0
C01585,2023-02-16,L10,Organic,F,21.0
C01586,2024-06-04,L03,Organic,M,32.0
C01587,2024-12-14,L02,Social,F,28.0
C01588,2024-11-07,L08,Organic,M,33.0
C01589,2025-04-08,L07,Paid Ads,M,33.0
C01590,2025-05-20,L05,Paid Ads,M,37.0
C01591,2025-02-23,L03,Referral,M,18.0
C01592,2023-06-05,L01,Referral,F,22.0
C01593,2024-08-17,L08,Social,,31.0
C01594,2024-11-12,L06,Paid Ads,F,26.0
C01595,2023-11-10,L03,Social,M,29.0
C01596,2023-03-20,L11,Organic,F,33.0
C01597,2023-11-07,L06,Social,F,25.0
C01598,2024-07-22,L11,Referral,F,34.0
C01599,2024-05-12,L04,Organic,F,37.0
C01600,2023-09-03,L04,Email,M,33.0
C01601,2025-05-23,L11,Email,M,38.0
C01602,2025-08-24,L12,Social,F,18.0
C01603,2023-10-16,L12,Email,F,27.0
C01604,2025-08-21,L08,Paid Ads,M,40.0
C01605,2023-02-05,L04,Organic,M,24.0
C01606,2025-08-10,L02,Organic,M,23.0
C01607,2025-08-10,L03,Social,M,31.0
C01608,2023-01-22,L11,Social,M,32.0
C01609,2025-03-10,L03,Email,M,27.0
C01610,2025-09-21,L08,Social,M,49.0
C01611,2025-07-09,L11,Referral,M,35.0
C01612,2025-09-17,L13,Organic,M,24.0
C01613,2024-10-06,L12,Organic,M,19.0
C01614,2023-05-16,L05,Paid Ads,F,36.0
C01615,2025-06-03,L04,Social,F,24.0
C01616,2024-11-21,L14,Organic,M,51.0
C01617,2024-11-01,,Email,M,36.0
C01618,2024-06-28,L02,Referral,F,37.0
C01619,2024-10-24,L12,Paid Ads,F,34.0
C01620,2023-08-17,L07,Social,F,42.0
C01621,2025-03-26,L05,Referral,F,18.0
C01622,2023-05-23,L02,Social,M,21.0
C01623,2025-02-04,L05,Paid Ads,M,41.0
C01624,2025-06-21,L12,Paid Ads,M,46.0
C01625,2024-07-11,L06,Organic,F,21.0
C01626,2024-09-24,L04,Paid Ads,F,18.0
C01627,2024-02-25,L05,Social,F,34.0
C01628,2025-09-27,L10,Email,F,36.0
C01629,2025-02-13,L11,Social,M,33.0
C01630,2024-04-06,L04,Organic,F,31.0
C01631,2023-09-04,L06,Email,M,18.0
C01632,2023-11-05,L03,Organic,M,29.0
C01633,2024-07-28,L04,Organic,F,30.0
C01634,2025-08-17,L02,Social,F,27.0
C01635,2025-02-10,L05,Email,F,18.0
C01636,2023-11-13,L05,Email,F,37.0
C01637,2025-06-05,L03,Social,M,40.0
C01638,2024-04-16,L03,Organic,M,25.0
C01639,2025-06-12,L02,Organic,M,30.0
C01640,2023-11-23,L02,Organic,M,28.0
C01641,2024-11-01,L07,Referral,M,28.0
C01642,2025-08-27,L02,Paid Ads,M,36.0
C01643,2023-12-02,L01,Organic,F,37.0
C01644,2025-01-12,L14,Paid Ads,F,42.0
C01645,2025-09-10,L02,Paid Ads,F,41.0
C01646,2023-08-21,L10,Social,F,30.0
C01647,2023-05-19,L06,Paid Ads,M,58.0
C01648,2025-01-06,L07,Paid Ads,F,46.0
C01649,2024-03-14,L05,Referral,M,26.0
C01650,2023-04-15,L02,Referral,,33.0
C01651,2024-08-13,L09,Organic,M,18.0
C01652,2025-03-01,L09,Organic,F,32.0
C01653,2024-01-05,L03,Email,F,47.0
C01654,2024-03-15,,Social,M,57.0
C01655,2025-06-08,L05,Organic,F,31.0
C01656,2024-09-16,L11,Paid Ads,M,35.0
C01657,2025-05-05,L08,Referral,M,37.0
C01658,2024-07-21,L01,Organic,F,50.0
C01659,2025-08-06,L10,Organic,F,23.0
C01660,2024-12-19,L13,Email,F,56.0
C01661,2023-07-24,L07,Paid Ads,F,29.0
C01662,2025-07-11,L01,Organic,,21.0
C01663,2024-08-04,L08,Social,M,29.0
C01664,2023-08-01,L06,Paid Ads,F,25.0
C01665,2023-08-11,L03,Referral,M,36.0
C01666,2025-01-04,L10,Organic,M,18.0
C01667,2023-03-25,L05,Organic,,
C01668,2024-01-28,L09,Organic,F,38.0
C01669,2023-08-28,L06,Email,M,45.0
C01670,2024-06-26,L03,Referral,M,
C01671,2024-05-17,L13,Social,F,45.0
C01672,2024-09-10,L05,Organic,,27.0
C01673,2024-01-13,L05,Social,F,36.0
C01674,2023-02-08,L04,Paid Ads,M,18.0
C01675,2024-11-24,L02,Referral,M,31.0
C01676,2024-04-13,L07,Paid Ads,F,35.0
C01677,2024-12-11,L04,Referral,M,36.0
C01678,2023-06-20,L11,Organic,M,18.0
C01679,2023-01-11,L12,Organic,M,28.0
C01680,2023-12-10,L08,Social,M,30.0
C01681,2024-07-07,L02,Organic,F,28.0
C01682,2024-05-02,L07,Organic,F,39.0
C01683,2025-05-02,L01,Email,F,30.0
C01684,2024-04-12,L09,Organic,M,33.0
C01685,2024-09-28,L04,Referral,M,28.0
C01686,2024-11-08,L11,Social,F,
C01687,2023-02-18,L03,Social,M,42.0
C01688,2024-09-10,L02,Organic,M,29.0
C01689,2024-03-09,L14,Paid Ads,F,58.0
C01690,2024-06-05,L05,Paid Ads,F,25.0
C01691,2023-06-16,L09,Paid Ads,M,41.0
C01692,2025-04-19,L11,Social,F,23.0
C01693,2025-08-10,L05,Email,M,
C01694,2023-02-15,L04,Organic,M,38.0
C01695,2024-11-14,L05,Organic,F,23.0
C01696,2025-03-08,L09,Social,F,31.0
C01697,2024-01-20,L12,Paid Ads,F,49.0
C01698,2025-04-16,L03,Social,M,25.0
C01699,2024-12-02,L07,Organic,F,36.0
C01700,2025-08-14,L03,Organic,M,35.0
C01701,2025-09-11,L06,Referral,M,32.0
C01702,2023-03-23,L08,Email,M,18.0
C01703,2024-07-09,L10,Organic,F,39.0
C01704,2024-10-27,L04,Social,F,32.0
C01705,2023-08-18,L03,Paid Ads,M,42.0
C01706,2024-03-04,L02,Organic,F,34.0
C01707,2025-09-12,L02,Paid Ads,F,33.0
C01708,2023-01-25,L03,Organic,Other,35.0
C01709,2024-07-08,L10,Referral,M,23.0
C01710,2025-05-20,L04,Organic,M,46.0
C01711,2024-02-22,L03,Paid Ads,F,29.0
C01712,2024-08-20,L07,Organic,M,29.0
C01713,2025-09-03,L02,Social,F,44.0
C01714,2024-08-11,L02,Email,F,34.0
C01715,2023-07-10,L11,Paid Ads,F,30.0
C01716,2023-03-10,L01,Paid Ads,M,36.0
C01717,2025-08-25,L04,Email,F,38.0
C01718,2023-12-01,L05,Organic,M,31.0
C01719,2024-08-16,L02,Social,M,40.0
C01720,2023-05-28,L03,Paid Ads,M,
C01721,2024-06-25,L02,Social,F,34.0
C01722,2025-08-17,L03,Organic,M,39.0
C01723,2024-08-28,L10,Organic,M,38.0
C01724,2025-09-12,L04,Paid Ads,F,18.0
C01725,2023-12-18,L04,Organic,F,31.0
C01726,2024-08-16,L03,Organic,M,21.0
C01727,2025-06-02,L12,Email,M,
C01728,2024-07-02,L01,Organic,M,28.0
C01729,2023-12-26,L10,Organic,F,43.0
C01730,2025-06-05,L03,Organic,F,21.0
C01731,2024-05-10,L12,Paid Ads,F,36.0
C01732,2024-09-18,L03,Paid Ads,Other,32.0
C01733,2025-09-17,L01,Organic,M,57.0
C01734,2023-10-15,L05,Social,M,43.0
C01735,2024-01-28,L02,Social,M,42.0
C01736,2023-02-23,L07,Organic,F,50.0
C01737,2024-05-27,L06,Social,M,35.0
C01738,2023-10-19,L07,Paid Ads,F,31.0
C01739,2025-01-28,L02,Paid Ads,F,30.0
C01740,2023-10-17,L07,Email,F,35.0
C01741,2025-01-16,L03,Social,F,18.0
C01742,2023-12-23,L14,Paid Ads,F,32.0
C01743,2024-03-25,L07,Paid Ads,M,34.0
C01744,2024-03-02,L05,Organic,M,31.0
C01745,2025-02-26,L10,Paid Ads,M,18.0
C01746,2024-07-20,L05,Referral,F,31.0
C01747,2024-04-26,L05,Organic,M,18.0
C01748,2025-06-21,L02,Email,,48.0
C01749,2024-10-26,L06,Referral,F,30.0
C01750,2023-11-08,L03,Organic,F,18.0
C01751,2025-07-06,L01,Social,F,30.0
C01752,2024-03-06,L08,Social,M,40.0
C01753,2023-03-08,,Paid Ads,M,34.0
C01754,2024-08-06,L06,Paid Ads,F,24.0
C01755,2023-07-13,L02,Social,M,26.0
C01756,2023-11-06,L04,Email,F,29.0
C01757,2025-03-05,L09,Organic,F,
C01758,2023-07-15,L01,Referral,M,21.0
C01759,2025-04-23,L06,Social,M,31.0
C01760,2025-08-04,L06,Email,M,20.0
C01761,2024-11-15,L10,Organic,F,41.0
C01762,2025-02-19,L02,Paid Ads,M,42.0
C01763,2025-02-20,L08,Social,F,23.0
C01764,2025-09-03,L04,Organic,F,26.0
C01765,2024-03-21,L04,Paid Ads,F,28.0
C01766,2023-09-01,L03,Referral,F,32.0
C01767,2024-09-07,L03,Paid Ads,F,34.0
C01768,2024-09-09,L05,Social,F,36.0
C01769,2023-09-24,L01,Organic,M,36.0
C01770,2024-11-06,L04,Social,F,46.0
C01771,2023-01-22,L06,Organic,F,33.0
C01772,2025-08-28,L05,Social,M,20.0
C01773,2023-12-27,L02,Paid Ads,M,18.0
C01774,2023-03-09,L03,Organic,F,47.0
C01775,2023-06-03,L04,Email,F,37.0
C01776,2023-11-07,L06,Social,F,34.0
C01777,2023-12-22,L10,Paid Ads,M,36.0
C01778,2023-02-06,L05,Organic,F,33.0
C01779,2023-12-19,L06,Referral,F,36.0
C01780,2023-10-11,L01,Email,M,29.0
C01781,2024-04-22,L12,Organic,M,41.0
C01782,2024-04-17,L03,Email,F,27.0
C01783,2024-03-17,L03,Paid Ads,F,24.0
C01784,2024-02-22,L02,Referral,F,18.0
C01785,2023-05-27,L01,Paid Ads,,30.0
C01786,2023-02-11,L08,Organic,F,43.0
C01787,2023-10-15,L02,Email,M,28.0
C01788,2025-03-18,L03,Organic,M,20.0
C01789,2025-09-24,L02,Email,M,35.0
C01790,2025-08-14,L13,Organic,M,26.0
C01791,2024-08-11,L08,Organic,M,46.0
C01792,2024-09-24,L11,Email,F,42.0
C01793,2024-02-27,L09,Referral,M,
C01794,2025-04-16,L11,Organic,F,30.0
C01795,2025-03-03,L04,Referral,F,25.0
C01796,2025-05-09,L02,Organic,F,22.0
C01797,2025-07-13,L03,Social,M,31.0
C01798,2024-06-20,L03,Organic,M,39.0
C01799,2025-03-19,L07,Paid Ads,F,
C01800,2025-04-23,L01,Organic,M,27.0
C01801,2024-02-01,L02,Referral,M,18.0
C01802,2025-08-14,L06,Email,F,26.0
C01803,2023-06-20,L01,Social,F,37.0
C01804,2025-09-28,L01,Paid Ads,M,20.0
C01805,2025-03-04,,Organic,M,44.0
C01806,2023-05-25,L07,Organic,F,27.0
C01807,2024-12-01,L02,Social,F,34.0
C01808,2023-02-06,L02,Organic,M,28.0
C01809,2025-03-24,L02,Referral,F,
C01810,2025-04-23,L07,Paid Ads,M,36.0
C01811,2024-11-28,L02,Email,M,27.0
C01812,2025-06-17,L01,Paid Ads,M,25.0
C01813,2023-06-18,L11,Paid Ads,F,18.0
C01814,2023-12-15,L10,Email,M,44.0
C01815,2024-05-15,L02,Email,F,32.0
C01816,2023-03-15,L03,Referral,F,42.0
C01817,2024-07-09,L02,Social,F,38.0
C01818,2023-12-24,L07,Referral,F,42.0
C01819,2024-05-10,L02,Paid Ads,F,27.0
C01820,2024-06-18,L11,Organic,M,20.0
C01821,2025-06-19,L09,Referral,F,
C01822,2023-12-16,L05,Referral,F,33.0
C01823,2025-07-18,L01,Organic,F,28.0
C01824,2024-06-02,L10,Organic,M,39.0
C01825,2024-02-09,L07,Social,F,35.0
C01826,2024-08-13,L08,Organic,M,38.0
C01827,2024-06-12,L01,Referral,F,23.0
C01828,2023-12-26,L07,Referral,,41.0
C01829,2024-08-26,L08,Paid Ads,M,32.0
C01830,2023-08-20,L12,Organic,M,42.0
C01831,2024-03-10,L05,Paid Ads,M,41.0
C01832,2024-10-02,L05,Paid Ads,M,38.0
C01833,2024-05-22,L04,Referral,F,31.0
C01834,2025-05-25,L07,Social,F,38.0
C01835,2023-12-14,L11,Social,M,42.0
C01836,2025-09-24,L06,Organic,M,37.0
C01837,2025-04-27,L02,Social,M,34.0
C01838,2025-09-16,L01,Paid Ads,F,38.0
C01839,2025-05-06,L06,Social,F,27.0
C01840,2023-08-01,L10,Organic,M,46.0
C01841,2024-09-22,L01,Paid Ads,M,18.0
C01842,2023-09-16,L04,Paid Ads,F,32.0
C01843,2025-05-05,L11,Paid Ads,F,28.0
C01844,2024-11-02,L05,Email,M,26.0
C01845,2023-12-28,L02,Organic,M,35.0
C01846,2025-08-09,L03,Organic,M,22.0
C01847,2023-07-10,L04,Referral,F,51.0
C01848,2024-10-18,L01,Paid Ads,F,20.0
C01849,2025-02-11,L06,Organic,F,23.0
C01850,2023-04-26,L05,Paid Ads,M,23.0
C01851,2024-11-20,L06,Organic,F,34.0
C01852,2025-05-11,L06,Social,F,41.0
C01853,2023-04-08,L01,Paid Ads,F,37.0
C01854,2024-09-25,L02,Organic,F,45.0
C01855,2023-12-17,L02,Paid Ads,M,25.0
C01856,2024-12-26,L01,Email,F,38.0
C01857,2023-07-10,L07,Social,F,29.0
C01858,2025-08-01,L01,Organic,M,34.0
C01859,2025-07-26,L06,Referral,F,42.0
C01860,2023-10-07,L02,Organic,M,
C01861,2024-02-24,L01,Organic,,50.0
C01862,2024-11-20,L02,Social,M,31.0
C01863,2025-02-07,L05,Social,M,
C01864,2024-06-22,L06,Organic,M,26.0
C01865,2023-08-03,L08,Social,M,33.0
C01866,2023-06-11,L01,Social,M,26.0
C01867,2025-09-10,L06,Social,F,18.0
C01868,2024-07-19,,Social,M,33.0
C01869,2025-06-15,L03,Paid Ads,,26.0
C01870,2024-08-18,L01,Email,F,38.0
C01871,2025-08-14,L02,Organic,F,22.0
C01872,2023-05-21,L01,Paid Ads,M,52.0
C01873,2023-06-05,L10,Paid Ads,F,37.0
C01874,2025-08-21,L03,Social,M,34.0
C01875,2025-08-02,L05,Organic,Other,38.0
C01876,2024-02-03,L08,Paid Ads,F,18.0
C01877,2024-03-21,L03,Social,F,28.0
C01878,2024-07-05,L06,Paid Ads,M,48.0
C01879,2024-06-22,L01,Organic,F,29.0
C01880,2023-10-04,L04,Organic,M,31.0
C01881,2025-07-05,L01,Referral,F,28.0
C01882,2023-12-27,,Organic,F,45.0
C01883,2025-02-05,L03,Paid Ads,F,30.0
C01884,2023-04-26,L07,Paid Ads,F,21.0
C01885,2023-03-10,L06,Email,M,55.0
C01886,2024-12-23,,Social,F,20.0
C01887,2024-03-27,L01,Organic,F,31.0
C01888,2024-12-04,L14,Social,M,24.0
C01889,2023-06-10,L01,Social,M,26.0
C01890,2025-08-17,L09,Social,F,22.0
C01891,2025-03-25,L07,Paid Ads,M,27.0
C01892,2025-06-06,L05,Organic,F,41.0
C01893,2023-08-06,L04,Referral,M,18.0
C01894,2024-02-11,L08,Paid Ads,M,43.0
C01895,2024-04-06,L07,Paid Ads,M,42.0
C01896,2024-10-08,L02,Organic,M,37.0
C01897,2024-01-04,L08,Organic,M,33.0
C01898,2023-04-24,L01,Referral,F,34.0
C01899,2024-04-23,L05,Organic,M,45.0
C01900,2023-12-05,L06,Referral,M,18.0
C01901,2024-04-16,L09,Social,F,39.0
C01902,2023-10-19,L04,Paid Ads,M,25.0
C01903,2023-12-18,L02,Organic,M,39.0
C01904,2024-12-28,L04,Organic,M,26.0
C01905,2024-05-18,L02,Paid Ads,F,38.0
C01906,2024-03-20,L05,Social,M,
C01907,2024-09-01,L04,Referral,F,18.0
C01908,2025-03-03,L08,Social,M,31.0
C01909,2024-04-18,L02,Email,F,45.0
C01910,2024-11-26,L02,Organic,M,37.0
C01911,2025-09-12,L04,Referral,F,37.0
C01912,2024-09-19,L01,Paid Ads,M,40.0
C01913,2025-07-06,L02,Paid Ads,F,28.0
C01914,2025-04-13,L03,Paid Ads,M,37.0
C01915,2023-04-22,L04,Paid Ads,M,27.0
C01916,2024-06-19,L03,Referral,F,29.0
C01917,2025-01-04,L05,Referral,M,30.0
C01918,2025-09-25,L10,Paid Ads,M,27.0
C01919,2024-07-26,L05,Organic,F,31.0
C01920,2023-05-14,L03,Paid Ads,F,30.0
C01921,2024-10-10,L01,Social,F,26.0
C01922,2023-07-15,L02,Paid Ads,F,31.0
C01923,2025-03-23,L05,Organic,M,
C01924,2024-09-13,L06,Organic,M,22.0
C01925,2025-02-01,L01,Social,F,
C01926,2025-06-03,L02,Social,M,28.0
C01927,2024-12-23,L03,Organic,F,34.0
C01928,2024-11-23,L03,Paid Ads,M,
C01929,2025-03-22,L12,Paid Ads,M,41.0
C01930,2025-05-04,L02,Referral,M,41.0
C01931,2025-06-05,L01,Organic,M,23.0
C01932,2023-03-12,L03,Referral,F,37.0
C01933,2024-10-07,L02,Email,M,45.0
C01934,2023-11-11,L01,Paid Ads,M,23.0
C01935,2025-06-16,L04,Paid Ads,M,24.0
C01936,2024-12-08,L03,Organic,F,39.0
C01937,2024-06-04,L01,Organic,M,20.0
C01938,2023-10-12,L06,Email,F,25.0
C01939,2024-03-21,L05,Email,M,23.0
C01940,2025-02-18,L01,Organic,M,39.0
C01941,2023-10-10,L09,Email,F,26.0
C01942,2023-05-09,L03,Organic,F,29.0
C01943,2025-07-17,L12,Paid Ads,F,25.0
C01944,2025-03-05,L11,Referral,F,42.0
C01945,2023-10-24,L04,Paid Ads,F,24.0
C01946,2024-01-25,L02,Paid Ads,F,19.0
C01947,2025-09-01,L09,Referral,F,
C01948,2025-02-28,L03,Organic,M,38.0
C01949,2024-11-01,L02,Email,M,
C01950,2024-02-13,L05,Organic,F,43.0
C01951,2024-01-19,L04,Organic,F,21.0
C01952,2023-03-10,L09,Email,M,30.0
C01953,2025-02-06,L07,Paid Ads,F,54.0
C01954,2023-03-02,L10,Paid Ads,F,29.0
C01955,2023-01-21,L07,Organic,M,27.0
C01956,2025-02-02,L06,Organic,M,32.0
C01957,2025-08-14,L05,Organic,F,37.0
C01958,2025-03-12,L14,Paid Ads,M,37.0
C01959,2024-07-28,L12,Paid Ads,F,26.0
C01960,2024-08-27,L09,Paid Ads,F,27.0
C01961,2024-06-23,L08,Social,F,29.0
C01962,2024-02-21,L05,Email,M,25.0
C01963,2024-09-16,L02,Paid Ads,M,21.0
C01964,2024-06-10,L10,Email,M,48.0
C01965,2024-11-05,L01,Social,M,
C01966,2025-07-28,L02,Email,M,29.0
C01967,2025-09-11,L04,Referral,F,29.0
C01968,2023-05-13,L05,Organic,M,31.0
C01969,2024-04-04,L05,Organic,F,36.0
C01970,2023-09-08,L02,Email,M,28.0
C01971,2024-03-18,L01,Paid Ads,M,42.0
C01972,2024-01-12,L02,Social,M,37.0
C01973,2023-09-17,L03,Social,F,30.0
C01974,2025-03-06,L01,Organic,M,26.0
C01975,2024-08-03,L07,Paid Ads,F,42.0
C01976,2025-07-25,L02,Email,F,31.0
C01977,2023-02-13,L03,Organic,M,21.0
C01978,2023-04-11,L03,Referral,,41.0
C01979,2024-05-09,L05,Email,F,25.0
C01980,2023-05-19,L09,Organic,M,40.0
C01981,2023-12-16,L02,Organic,F,18.0
C01982,2025-09-11,L03,Paid Ads,F,29.0
C01983,2023-10-27,L07,Social,Other,42.0
C01984,2023-10-26,L01,Paid Ads,F,
C01985,2024-10-06,,Organic,F,37.0
C01986,2024-08-18,,Organic,M,24.0
C01987,2024-11-28,L06,Paid Ads,F,35.0
C01988,2024-04-14,,Paid Ads,M,32.0
C01989,2025-05-01,L04,Organic,,34.0
C01990,2023-08-04,L04,Social,M,50.0
C01991,2024-06-19,L01,Organic,F,44.0
C01992,2025-01-26,L01,Social,F,39.0
C01993,2025-06-04,L02,Email,M,
C01994,2024-04-16,L04,Referral,F,24.0
C01995,2024-10-14,L05,Referral,M,28.0
C01996,2023-04-08,L02,Organic,M,18.0
C01997,2023-09-18,L06,Paid Ads,M,21.0
C01998,2023-04-25,L02,Paid Ads,F,24.0
C01999,2025-02-07,L03,Organic,M,32.0
C02000,2024-01-02,L02,Referral,M,21.0
C02001,2025-02-11,L07,Organic,F,32.0
C02002,2023-04-09,L05,Organic,M,31.0
C02003,2025-06-21,L07,Referral,F,22.0
C02004,2025-05-16,L01,Paid Ads,M,46.0
C02005,2023-05-01,L04,Organic,F,20.0
C02006,2023-02-10,L13,Organic,F,42.0
C02007,2023-04-21,L01,Organic,,18.0
C02008,2025-06-14,L04,Paid Ads,F,31.0
C02009,2023-11-16,L01,Paid Ads,F,21.0
C02010,2024-10-08,L02,Organic,F,26.0
C02011,2024-06-09,L04,Referral,M,48.0
C02012,2025-04-04,L02,Email,F,29.0
C02013,2024-08-03,L05,Referral,M,22.0
C02014,2024-08-02,L11,Paid Ads,M,36.0
C02015,2025-09-18,L02,Referral,M,29.0
C02016,2023-08-05,L01,Social,F,33.0
C02017,2025-05-17,L09,Email,F,24.0
C02018,2023-03-27,L04,Organic,M,24.0
C02019,2024-08-20,L10,Organic,M,25.0
C02020,2025-07-17,L03,Organic,M,39.0
C02021,2024-12-04,L06,Social,M,30.0
C02022,2025-01-14,L11,Organic,M,23.0
C02023,2023-12-25,L02,Email,M,33.0
C02024,2024-06-11,L08,Organic,F,33.0
C02025,2024-04-24,L06,Referral,M,37.0
C02026,2024-09-20,L08,Organic,F,28.0
C02027,2024-07-08,L02,Paid Ads,F,31.0
C02028,2024-02-04,L04,Paid Ads,M,36.0
C02029,2024-02-01,L01,Social,F,23.0
C02030,2023-12-08,L12,Paid Ads,F,40.0
C02031,2024-04-10,,Paid Ads,M,32.0
C02032,2023-08-19,L01,Social,M,22.0
C02033,2025-06-17,L10,Email,M,22.0
C02034,2024-11-14,L03,Social,F,31.0
C02035,2023-07-21,L06,Social,F,27.0
C02036,2025-01-22,,Paid Ads,M,39.0
C02037,2025-06-20,L06,Email,M,29.0
C02038,2023-11-26,L02,Paid Ads,M,35.0
C02039,2023-08-11,L04,Email,F,24.0
C02040,2023-01-24,L05,Social,F,32.0
C02041,2023-03-12,L03,Organic,M,44.0
C02042,2025-03-06,L02,Organic,F,31.0
C02043,2025-09-05,L02,Social,M,27.0
C02044,2023-03-03,L07,Referral,F,24.0
C02045,2025-03-27,L02,Referral,F,32.0
C02046,2023-04-05,L03,Email,M,45.0
C02047,2024-11-24,L03,Paid Ads,F,20.0
C02048,2025-03-22,L04,Paid Ads,F,32.0
C02049,2024-04-13,L07,Paid Ads,M,18.0
C02050,2023-01-26,L04,Organic,F,28.0
C02051,2024-11-26,L10,Paid Ads,F,34.0
C02052,2025-09-26,L06,Email,M,18.0
C02053,2023-12-14,L09,Organic,F,28.0
C02054,2023-10-09,L07,Social,M,35.0
C02055,2023-07-02,L02,Social,F,33.0
C02056,2024-10-24,L13,Organic,F,35.0
C02057,2024-11-25,L08,Social,F,23.0
C02058,2025-04-16,L05,Social,M,35.0
C02059,2025-03-02,L02,Paid Ads,F,27.0
C02060,2025-07-24,L02,Organic,M,38.0
C02061,2025-04-09,L06,Organic,,18.0
C02062,2023-12-16,L04,Referral,F,29.0
C02063,2024-10-19,L06,Organic,M,33.0
C02064,2024-01-05,L03,Paid Ads,F,44.0
C02065,2024-02-02,L05,Email,M,33.0
C02066,2025-08-03,L02,Social,M,34.0
C02067,2025-01-27,L02,Social,M,35.0
C02068,2025-09-27,L01,Email,M,43.0
C02069,2024-06-12,L09,Organic,M,29.0
C02070,2024-10-12,L05,Organic,F,19.0
C02071,2024-08-12,L12,Referral,M,18.0
C02072,2023-06-10,L07,Paid Ads,F,38.0
C02073,2023-11-16,L08,Organic,F,34.0
C02074,2024-09-10,L05,Social,,
C02075,2023-04-18,L08,Organic,F,27.0
C02076,2025-08-11,L12,Paid Ads,M,34.0
C02077,2023-07-18,L07,Paid Ads,F,34.0
C02078,2023-10-27,L01,Referral,F,36.0
C02079,2025-03-06,L06,Paid Ads,M,22.0
C02080,2023-06-02,L01,Organic,M,18.0
C02081,2025-07-15,L01,Social,M,24.0
C02082,2025-02-04,L07,Email,F,20.0
C02083,2023-04-07,L09,Paid Ads,F,19.0
C02084,2025-01-23,L02,Organic,F,46.0
C02085,2024-12-12,L01,Referral,F,18.0
C02086,2025-03-16,L10,Paid Ads,F,36.0
C02087,2025-05-22,L02,Organic,M,40.0
C02088,2025-02-04,L01,Organic,F,41.0
C02089,2024-11-14,L07,Organic,M,34.0
C02090,2024-02-01,L09,Paid Ads,M,44.0
C02091,2025-01-14,L05,Organic,M,48.0
C02092,2025-08-07,L05,Social,F,29.0
C02093,2024-11-26,L03,Paid Ads,F,36.0
C02094,2024-12-08,L02,Paid Ads,F,43.0
C02095,2024-06-06,L08,Organic,M,24.0
C02096,2025-03-01,L09,Social,M,30.0
C02097,2025-09-04,L03,Organic,F,26.0
C02098,2023-09-07,L03,Organic,F,
C02099,2023-10-07,L03,Referral,Other,18.0
C02100,2024-10-21,L01,Referral,F,45.0
C02101,2024-08-25,L03,Social,F,37.0
C02102,2024-10-24,L01,Paid Ads,F,37.0
C02103,2023-03-27,L08,Paid Ads,F,18.0
C02104,2024-05-26,L02,Organic,F,23.0
C02105,2024-11-13,L07,Paid Ads,M,45.0
C02106,2024-11-11,L05,Paid Ads,M,30.0
C02107,2024-12-19,L09,Paid Ads,M,18.0
C02108,2025-02-09,L12,Organic,F,34.0
C02109,2024-12-17,L03,Email,F,38.0
C02110,2025-04-28,L01,Organic,M,
C02111,2024-12-06,L07,Organic,F,31.0
C02112,2024-10-22,L01,Email,F,42.0
C02113,2024-11-27,L02,Social,F,26.0
C02114,2023-06-16,L01,Paid Ads,M,37.0
C02115,2023-12-10,L10,Referral,F,33.0
C02116,2024-09-08,L01,Organic,M,31.0
C02117,2025-06-05,L04,Social,F,29.0
C02118,2025-01-09,L04,Organic,Other,29.0
C02119,2023-05-21,L06,Email,F,32.0
C02120,2024-11-15,L03,Organic,M,29.0
C02121,2023-11-07,L10,Referral,F,
C02122,2025-02-16,L07,Paid Ads,M,27.0
C02123,2025-05-23,L04,Organic,F,46.0
C02124,2024-11-01,L03,Paid Ads,M,27.0
C02125,2024-11-01,L08,Social,M,40.0
C02126,2024-03-27,L08,Organic,M,41.0
C02127,2024-07-21,L04,Email,F,
C02128,2025-06-17,L03,Organic,F,33.0
C02129,2025-02-26,L01,Referral,Other,25.0
C02130,2024-09-17,L01,Referral,M,27.0
C02131,2024-04-15,L01,Paid Ads,F,34.0
C02132,2023-03-06,L01,Referral,,32.0
C02133,2023-08-23,L02,Social,F,43.0
C02134,2023-10-22,L09,Referral,F,28.0
C02135,2024-04-09,L08,Paid Ads,F,28.0
C02136,2025-08-21,L09,Referral,M,18.0
C02137,2024-09-21,L06,Paid Ads,F,38.0
C02138,2023-11-03,L06,Organic,M,37.0
C02139,2023-06-05,L01,Organic,Other,41.0
C02140,2024-03-17,L07,Referral,F,41.0
C02141,2025-05-18,L03,Email,F,39.0
C02142,2024-04-19,L05,Organic,M,39.0
C02143,2025-03-11,L12,Paid Ads,F,37.0
C02144,2025-04-24,L10,Organic,M,39.0
C02145,2023-06-13,L02,Paid Ads,M,18.0
C02146,2024-11-06,L07,Social,F,22.0
C02147,2025-08-04,L01,Social,M,21.0
C02148,2024-05-25,L01,Social,F,43.0
C02149,2023-03-20,L01,Social,F,25.0
C02150,2025-08-13,L02,Organic,Other,26.0
C02151,2025-07-06,L07,Paid Ads,F,32.0
C02152,2024-09-03,L03,Organic,F,21.0
C02153,2024-10-05,L01,Email,F,35.0
C02154,2023-10-03,L14,Social,F,18.0
C02155,2025-05-15,L05,Organic,F,21.0
C02156,2024-08-06,L04,Organic,M,34.0
C02157,2023-02-04,,Paid Ads,F,21.0
C02158,2025-01-08,L05,Email,M,44.0
C02159,2025-08-20,L04,Organic,F,32.0
C02160,2025-05-14,L06,Paid Ads,F,42.0
C02161,2023-12-05,L10,Paid Ads,M,35.0
C02162,2023-03-21,L03,Referral,M,32.0
C02163,2025-08-14,L04,Referral,M,23.0
C02164,2025-08-06,L01,Organic,F,40.0
C02165,2024-09-20,L09,Social,M,36.0
C02166,2024-12-28,L03,Organic,M,51.0
C02167,2024-07-16,L03,Social,M,39.0
C02168,2024-06-05,L14,Organic,M,28.0
C02169,2023-07-09,L05,Referral,F,35.0
C02170,2023-06-17,L01,Paid Ads,F,36.0
C02171,2023-11-28,L03,Referral,F,42.0
C02172,2025-05-27,L03,Organic,F,44.0
C02173,2023-08-27,L14,Paid Ads,F,31.0
C02174,2023-11-24,L04,Organic,F,21.0
C02175,2024-10-17,L02,Paid Ads,F,18.0
C02176,2023-11-19,L05,Social,M,22.0
C02177,2023-09-21,L04,Paid Ads,M,27.0
C02178,2024-10-21,L01,Paid Ads,M,46.0
C02179,2024-04-18,L09,Referral,F,46.0
C02180,2024-12-04,L01,Paid Ads,M,41.0
C02181,2025-07-25,L10,Social,Other,43.0
C02182,2023-08-01,L08,Paid Ads,F,26.0
C02183,2025-07-12,L01,Email,M,18.0
C02184,2025-07-13,L07,Social,F,23.0
C02185,2025-05-28,L08,Paid Ads,M,18.0
C02186,2024-12-03,L06,Paid Ads,M,22.0
C02187,2024-11-14,L05,Referral,M,27.0
C02188,2024-12-11,L01,Social,M,34.0
C02189,2025-01-03,L01,Organic,F,33.0
C02190,2023-01-07,L07,Organic,M,26.0
C02191,2025-08-12,L01,Organic,M,37.0
C02192,2024-11-26,L02,Social,M,26.0
C02193,2025-04-11,L05,Referral,F,32.0
C02194,2024-04-25,L02,Organic,F,22.0
C02195,2023-01-21,L08,Paid Ads,M,42.0
C02196,2024-09-23,L08,Social,M,32.0
C02197,2024-09-24,L09,Email,M,38.0
C02198,2024-06-20,L01,Organic,F,
C02199,2024-03-21,L04,Paid Ads,M,34.0
C02200,2023-12-05,L09,Paid Ads,M,37.0
C02201,2024-09-21,L03,Referral,M,18.0
C02202,2024-04-02,L07,Organic,M,43.0
C02203,2025-09-21,L05,Organic,F,21.0
C02204,2023-09-19,L03,Social,M,34.0
C02205,2024-02-22,L03,Paid Ads,M,48.0
C02206,2024-01-18,L06,Organic,F,41.0
C02207,2024-10-11,L02,Paid Ads,F,19.0
C02208,2024-08-11,L09,Organic,M,30.0
C02209,2024-12-17,L05,Paid Ads,F,43.0
C02210,2025-08-14,L01,Paid Ads,F,25.0
C02211,2024-01-10,L07,Organic,M,29.0
C02212,2025-01-14,L04,Organic,Other,29.0
C02213,2023-02-16,,Social,M,
C02214,2023-12-07,L12,Social,F,18.0
C02215,2024-07-18,L07,Organic,F,38.0
C02216,2023-02-09,L05,Referral,F,26.0
C02217,2024-11-08,L09,Organic,F,32.0
C02218,2025-01-12,L05,Social,M,30.0
C02219,2025-03-03,L04,Social,F,37.0
C02220,2024-09-17,L02,Referral,F,32.0
C02221,2024-11-21,L02,Referral,M,45.0
C02222,2024-05-27,L04,Paid Ads,F,
C02223,2023-03-08,L04,Organic,F,25.0
C02224,2023-06-16,L07,Paid Ads,M,44.0
C02225,2024-12-15,L04,Organic,F,35.0
C02226,2025-09-21,L05,Referral,F,34.0
C02227,2023-01-18,L09,Paid Ads,Other,40.0
C02228,2024-10-23,L14,Organic,M,23.0
C02229,2025-03-24,L03,Referral,M,20.0
C02230,2025-05-04,L10,Social,M,32.0
C02231,2024-10-10,L08,Referral,F,27.0
C02232,2024-11-19,L01,Paid Ads,M,51.0
C02233,2025-01-16,L03,Social,M,25.0
C02234,2025-06-14,L02,Organic,F,32.0
C02235,2023-07-05,L06,Referral,F,34.0
C02236,2025-08-17,L05,Paid Ads,M,43.0
C02237,2023-02-21,L04,Organic,F,23.0
C02238,2025-05-02,L08,Email,F,18.0
C02239,2023-05-17,L03,Paid Ads,F,45.0
C02240,2023-10-26,L03,Paid Ads,F,33.0
C02241,2023-01-17,L10,Organic,F,39.0
C02242,2024-07-27,L13,Email,M,40.0
C02243,2024-03-10,L08,Social,F,41.0
C02244,2023-09-01,L02,Organic,M,29.0
C02245,2024-07-20,L01,Paid Ads,F,26.0
C02246,2024-05-06,L02,Organic,F,18.0
C02247,2025-03-01,L04,Referral,M,23.0
C02248,2025-07-06,L02,Paid Ads,M,33.0
C02249,2024-12-27,L10,Organic,F,26.0
C02250,2023-07-22,L06,Paid Ads,M,22.0
C02251,2024-01-08,L04,Email,M,32.0
C02252,2025-07-17,L03,Paid Ads,F,44.0
C02253,2023-05-10,L03,Organic,M,31.0
C02254,2024-05-05,L04,Email,F,22.0
C02255,2025-08-28,L07,Organic,M,43.0
C02256,2025-08-23,L01,Paid Ads,F,25.0
C02257,2024-05-11,L09,Paid Ads,M,45.0
C02258,2024-12-10,,Organic,M,30.0
C02259,2024-07-23,L02,Organic,M,33.0
C02260,2025-03-13,L14,Organic,F,46.0
C02261,2023-02-11,L02,Organic,M,20.0
C02262,2023-08-11,L01,Paid Ads,F,23.0
C02263,2024-11-13,L06,Social,F,29.0
C02264,2023-11-15,L03,Organic,F,31.0
C02265,2024-12-02,L01,Referral,M,56.0
C02266,2024-03-14,L01,Paid Ads,M,24.0
C02267,2025-07-13,L01,Organic,M,20.0
C02268,2025-05-08,L05,Paid Ads,F,24.0
C02269,2024-08-10,L02,Organic,M,34.0
C02270,2025-04-12,L08,Referral,M,36.0
C02271,2023-12-11,L09,Paid Ads,M,26.0
C02272,2024-08-26,L02,Referral,M,32.0
C02273,2023-10-15,L03,Email,F,
C02274,2025-06-15,L02,Organic,M,32.0
C02275,2025-05-08,L03,Email,M,35.0
C02276,2025-07-26,L02,Organic,M,49.0
C02277,2025-06-01,L08,Organic,F,26.0
C02278,2025-08-16,L03,Organic,F,25.0
C02279,2023-11-05,L04,Social,F,28.0
C02280,2025-08-22,L06,Referral,M,27.0
C02281,2024-10-11,L09,Email,,18.0
C02282,2024-06-09,L03,Referral,M,33.0
C02283,2024-10-02,L02,Paid Ads,F,34.0
C02284,2024-03-23,L13,Social,F,30.0
C02285,2024-01-12,L03,Email,F,34.0
C02286,2023-11-08,L06,Social,,34.0
C02287,2023-05-24,L06,Paid Ads,F,20.0
C02288,2024-08-01,L05,Social,M,35.0
C02289,2025-07-14,L02,Organic,Other,37.0
C02290,2024-12-05,L02,Email,F,18.0
C02291,2024-09-04,L04,Email,F,45.0
C02292,2024-06-01,L05,Referral,M,21.0
C02293,2024-07-06,L08,Organic,,22.0
C02294,2023-10-27,L07,Organic,M,34.0
C02295,2025-05-13,L11,Email,M,37.0
C02296,2023-10-28,L13,Social,M,39.0
C02297,2025-02-08,L07,Social,F,37.0
C02298,2025-03-22,,Email,Other,27.0
C02299,2024-10-03,L04,Paid Ads,M,33.0
C02300,2025-06-04,L06,Social,F,29.0
C02301,2024-01-01,L05,Organic,M,34.0
C02302,2025-06-26,L02,Organic,F,33.0
C02303,2025-02-19,L05,Paid Ads,F,27.0
C02304,2025-04-21,L03,Paid Ads,Other,29.0
C02305,2024-12-26,L03,Paid Ads,F,18.0
C02306,2025-06-10,L09,Social,F,39.0
C02307,2025-09-21,L04,Organic,F,35.0
C02308,2024-06-15,L05,Social,M,18.0
C02309,2025-05-16,L05,Organic,M,39.0
C02310,2025-03-19,L05,Social,M,32.0
C02311,2024-07-14,L02,Organic,M,24.0
C02312,2025-08-01,L06,Social,F,23.0
C02313,2024-05-03,L03,Referral,M,26.0
C02314,2024-10-15,L06,Paid Ads,F,
C02315,2023-06-16,,Organic,M,25.0
C02316,2023-11-21,L14,Organic,M,47.0
C02317,2025-05-17,L08,Paid Ads,Other,35.0
C02318,2024-05-06,L04,Organic,M,50.0
C02319,2024-05-11,L03,Organic,M,34.0
C02320,2023-12-13,L03,Social,F,37.0
C02321,2024-08-28,L07,Organic,F,24.0
C02322,2025-04-15,L06,Organic,M,30.0
C02323,2025-07-18,L07,Paid Ads,M,31.0
C02324,2023-04-21,L10,Paid Ads,M,38.0
C02325,2024-10-11,L04,Paid Ads,M,32.0
C02326,2024-07-28,L06,Referral,F,35.0
C02327,2024-11-19,L04,Referral,F,35.0
C02328,2024-07-24,L06,Paid Ads,F,29.0
C02329,2024-05-21,L04,Paid Ads,M,
C02330,2024-07-18,L08,Organic,Other,26.0
C02331,2024-11-01,L01,Referral,M,42.0
C02332,2024-08-17,L02,Paid Ads,M,29.0
C02333,2024-07-04,L03,Social,M,35.0
C02334,2025-05-17,L12,Referral,F,31.0
C02335,2025-03-20,L05,Referral,F,42.0
C02336,2024-03-16,L03,Paid Ads,F,18.0
C02337,2025-04-09,L04,Email,M,35.0
C02338,2025-06-02,L04,Paid Ads,F,21.0
C02339,2023-08-19,L10,Paid Ads,M,36.0
C02340,2024-11-20,L12,Social,F,
C02341,2024-01-14,L09,Referral,M,19.0
C02342,2025-03-21,L09,Paid Ads,F,35.0
C02343,2023-11-22,L02,Organic,M,34.0
C02344,2025-01-15,L03,Organic,F,30.0
C02345,2023-12-02,L06,Social,M,31.0
C02346,2024-09-25,L06,Organic,M,33.0
C02347,2025-08-14,L02,Organic,F,43.0
C02348,2024-04-19,L07,Organic,M,29.0
C02349,2025-06-26,L02,Email,M,41.0
C02350,2025-09-11,L02,Paid Ads,F,32.0
C02351,2025-06-18,L03,Paid Ads,M,44.0
C02352,2023-09-01,L09,Email,M,30.0
C02353,2025-05-25,L07,Paid Ads,M,26.0
C02354,2023-02-02,L05,Social,M,22.0
C02355,2024-05-16,L09,Social,M,32.0
C02356,2025-06-10,L08,Paid Ads,F,25.0
C02357,2025-01-02,L03,Social,F,45.0
C02358,2024-09-13,L08,Email,F,24.0
C02359,2024-05-27,L02,Organic,M,26.0
C02360,2025-05-05,L05,Organic,F,37.0
C02361,2025-02-09,L01,Social,F,43.0
C02362,2024-07-06,L04,Paid Ads,M,39.0
C02363,2025-07-04,L05,Paid Ads,F,42.0
C02364,2023-11-07,L01,Organic,F,31.0
C02365,2023-09-17,L04,Social,M,31.0
C02366,2024-12-22,L06,Social,M,50.0
C02367,2025-09-20,L06,Email,M,47.0
C02368,2023-12-22,L01,Paid Ads,F,38.0
C02369,2023-12-21,L01,Email,M,42.0
C02370,2023-08-11,L03,Paid Ads,M,40.0
C02371,2025-06-26,L09,Referral,F,21.0
C02372,2023-11-05,L10,Referral,F,32.0
C02373,2024-08-20,L03,Paid Ads,F,45.0
C02374,2025-09-04,L07,Paid Ads,M,38.0
C02375,2023-01-22,L05,Organic,F,31.0
C02376,2024-10-03,L14,Paid Ads,M,46.0
C02377,2024-09-07,L01,Referral,M,35.0
C02378,2025-04-11,L05,Organic,M,
C02379,2024-03-20,L05,Referral,F,35.0
C02380,2024-05-02,L03,Paid Ads,M,37.0
C02381,2023-09-08,L01,Organic,,
C02382,2025-03-10,L01,Referral,F,44.0
C02383,2025-04-21,L04,Organic,M,45.0
C02384,2023-08-27,L07,Email,F,28.0
C02385,2024-05-18,L07,Email,F,35.0
C02386,2025-07-15,L02,Paid Ads,F,43.0
C02387,2023-01-10,L09,Paid Ads,F,31.0
C02388,2024-01-24,L03,Organic,F,20.0
C02389,2024-10-04,L12,Social,M,24.0
C02390,2024-03-04,L01,Organic,F,24.0
C02391,2023-12-06,L09,Email,F,28.0
C02392,2024-07-08,L11,Email,M,25.0
C02393,2023-10-13,L09,Organic,M,41.0
C02394,2024-09-27,L08,Referral,F,30.0
C02395,2025-02-19,L03,Paid Ads,F,43.0
C02396,2024-10-11,L07,Paid Ads,F,22.0
C02397,2023-05-06,L05,Organic,M,29.0
C02398,2025-05-19,L04,Social,M,33.0
C02399,2023-09-08,L14,Organic,M,39.0
C02400,2025-03-28,L03,Social,F,
C02401,2024-04-14,L04,Paid Ads,M,27.0
C02402,2025-04-16,L10,Referral,M,41.0
C02403,2023-10-26,,Email,F,18.0
C02404,2023-10-09,L02,Social,F,40.0
C02405,2024-08-14,L03,Paid Ads,F,20.0
C02406,2023-02-15,L08,Paid Ads,M,36.0
C02407,2023-11-08,L09,Paid Ads,Other,42.0
C02408,2025-02-02,L01,Paid Ads,F,40.0
C02409,2025-05-08,L06,Email,M,18.0
C02410,2023-05-04,L05,Organic,F,28.0
C02411,2025-06-19,L06,Paid Ads,M,38.0
C02412,2025-04-01,L06,Social,M,38.0
C02413,2025-06-09,L12,Paid Ads,M,34.0
C02414,2025-01-25,L03,Social,F,18.0
C02415,2025-01-16,L03,Organic,F,43.0
C02416,2024-09-19,L05,Organic,M,44.0
C02417,2024-12-19,L04,Referral,M,33.0
C02418,2025-07-09,L04,Paid Ads,F,
C02419,2023-06-18,L01,Email,M,37.0
C02420,2024-02-07,L02,Paid Ads,F,45.0
C02421,2023-04-18,L11,Organic,F,34.0
C02422,2025-08-20,L01,Paid Ads,M,30.0
C02423,2024-07-25,L05,Paid Ads,F,35.0
C02424,2025-01-26,L07,Referral,F,32.0
C02425,2025-05-01,L01,Organic,F,
C02426,2025-09-09,L02,Paid Ads,M,18.0
C02427,2023-09-16,L03,Email,F,37.0
C02428,2025-04-10,L05,Paid Ads,F,43.0
C02429,2025-07-18,L03,Referral,F,41.0
C02430,2023-03-24,L06,Organic,F,41.0
C02431,2025-03-08,L02,Social,F,32.0
C02432,2024-03-26,L01,Organic,F,33.0
C02433,2024-12-25,L01,Paid Ads,F,43.0
C02434,2024-09-26,L03,Paid Ads,M,40.0
C02435,2023-12-03,L03,Organic,F,45.0
C02436,2023-07-09,L12,Paid Ads,F,26.0
C02437,2023-07-04,L01,Organic,M,26.0
C02438,2023-06-04,L05,Social,F,29.0
C02439,2024-12-02,L05,Organic,F,24.0
C02440,2024-03-13,L07,Email,Other,20.0
C02441,2023-11-03,L06,Paid Ads,M,36.0
C02442,2025-01-09,L01,Organic,M,36.0
C02443,2025-01-28,L06,Paid Ads,M,34.0
C02444,2024-10-25,L03,Organic,M,35.0
C02445,2025-08-27,L08,Social,,19.0
C02446,2024-04-02,L02,Organic,F,28.0
C02447,2025-05-19,L07,Social,M,29.0
C02448,2023-05-18,L06,Organic,F,32.0
C02449,2025-03-04,L06,Organic,M,19.0
C02450,2025-09-26,L02,Organic,F,24.0
C02451,2025-06-12,L06,Referral,F,28.0
C02452,2024-11-28,L07,Paid Ads,M,42.0
C02453,2024-12-04,L04,Email,M,34.0
C02454,2024-03-19,L03,Paid Ads,M,41.0
C02455,2025-01-04,L02,Organic,F,31.0
C02456,2025-03-27,L03,Social,F,32.0
C02457,2025-09-18,L08,Paid Ads,M,36.0
C02458,2024-08-03,L04,Social,F,30.0
C02459,2023-04-07,L07,Paid Ads,M,26.0
C02460,2024-11-11,L07,Social,M,19.0
C02461,2023-07-01,L06,Organic,F,27.0
C02462,2023-11-01,L06,Email,F,40.0
C02463,2024-02-26,L06,Organic,M,43.0
C02464,2025-02-28,L05,Social,F,25.0
C02465,2023-10-16,L02,Organic,F,18.0
C02466,2023-09-26,,Social,M,40.0
C02467,2023-03-19,L12,Social,F,33.0
C02468,2025-06-01,L04,Social,M,20.0
C02469,2025-01-21,L11,Paid Ads,F,18.0
C02470,2023-03-01,L14,Paid Ads,F,23.0
C02471,2023-02-23,L04,Social,M,28.0
C02472,2024-10-11,L07,Paid Ads,F,22.0
C02473,2024-01-04,L06,Referral,M,38.0
C02474,2024-11-08,L02,Organic,F,25.0
C02475,2024-06-20,L01,Paid Ads,M,32.0
C02476,2025-08-24,L04,Paid Ads,,53.0
C02477,2024-01-16,L08,Referral,M,
C02478,2025-01-05,L03,Organic,F,31.0
C02479,2023-03-26,L08,Paid Ads,F,31.0
C02480,2025-08-23,L06,Social,F,38.0
C02481,2025-09-12,L07,Paid Ads,M,37.0
C02482,2025-03-16,L03,Social,M,
C02483,2024-07-27,L04,Organic,M,28.0
C02484,2023-11-11,L02,Paid Ads,F,26.0
C02485,2025-05-01,L02,Paid Ads,F,29.0
C02486,2025-02-05,L01,Paid Ads,F,48.0
C02487,2023-11-17,L01,Referral,F,38.0
C02488,2024-07-28,L02,Organic,F,31.0
C02489,2024-07-21,L05,Paid Ads,F,43.0
C02490,2025-05-18,L04,Organic,F,34.0
C02491,2025-01-10,L03,Referral,M,18.0
C02492,2024-12-13,,Social,F,47.0
C02493,2024-12-02,L05,Organic,F,31.0
C02494,2023-12-11,L11,Paid Ads,M,18.0
C02495,2024-04-18,L06,Paid Ads,M,18.0
C02496,2023-03-26,L01,Social,F,42.0
C02497,2025-04-26,L11,Organic,M,
C02498,2024-06-23,L09,Paid Ads,M,44.0
C02499,2024-06-01,L06,Social,M,33.0
C02500,2023-11-23,L05,Paid Ads,M,38.0
C02501,2023-10-07,L04,Social,F,30.0
C02502,2024-11-18,L04,Paid Ads,M,37.0
C02503,2023-11-27,L08,Email,F,35.0
C02504,2023-04-25,L05,Organic,F,32.0
C02505,2025-03-19,L02,Organic,F,22.0
C02506,2024-04-09,L01,Paid Ads,F,35.0
C02507,2024-04-15,L01,Paid Ads,F,18.0
C02508,2024-06-20,L02,Referral,M,40.0
C02509,2025-05-15,L03,Organic,F,34.0
C02510,2024-02-12,L10,Organic,F,36.0
C02511,2025-03-12,L02,Social,F,
C02512,2025-08-17,L03,Organic,F,22.0
C02513,2024-12-02,L02,Social,M,27.0
C02514,2024-06-28,L05,Referral,F,38.0
C02515,2025-03-03,L06,Organic,M,24.0
C02516,2024-07-28,L05,Referral,Other,55.0
C02517,2024-05-01,L12,Social,F,30.0
C02518,2024-09-15,L14,Social,F,23.0
C02519,2024-02-12,L09,Organic,M,30.0
C02520,2023-06-17,L08,Paid Ads,M,23.0
C02521,2024-05-13,L03,Email,Other,21.0
C02522,2023-07-26,L05,Referral,M,41.0
C02523,2024-05-01,L03,Organic,M,37.0
C02524,2024-10-28,L08,Organic,F,37.0
C02525,2025-08-20,L02,Referral,F,43.0
C02526,2023-03-22,L02,Social,M,36.0
C02527,2024-11-04,L01,Email,M,22.0
C02528,2024-07-02,L06,Email,M,38.0
C02529,2023-02-12,L07,Paid Ads,Other,22.0
C02530,2023-12-10,L01,Referral,F,28.0
C02531,2023-07-22,L05,Organic,F,32.0
C02532,2023-11-26,L03,Organic,M,31.0
C02533,2023-12-12,L08,Organic,M,18.0
C02534,2024-05-22,L01,Email,M,23.0
C02535,2024-09-02,L01,Organic,M,32.0
C02536,2023-01-21,L06,Paid Ads,Other,27.0
C02537,2023-09-03,,Paid Ads,F,42.0
C02538,2023-05-19,L09,Paid Ads,F,44.0
C02539,2024-10-11,L05,Paid Ads,F,22.0
C02540,2024-02-12,L12,Organic,F,33.0
C02541,2024-10-08,L03,Paid Ads,M,46.0
C02542,2023-11-12,L04,Paid Ads,F,31.0
C02543,2023-02-25,L13,Social,M,28.0
C02544,2025-08-23,L01,Referral,F,40.0
C02545,2023-06-10,L08,Social,M,30.0
C02546,2023-07-09,L01,Paid Ads,F,43.0
C02547,2023-08-15,L04,Organic,M,27.0
C02548,2025-09-20,L02,Paid Ads,F,28.0
C02549,2024-11-06,,Email,F,39.0
C02550,2024-11-21,L08,Organic,F,33.0
C02551,2025-09-27,L01,Organic,M,33.0
C02552,2023-05-24,L02,Email,M,
C02553,2025-09-16,L03,Email,Other,29.0
C02554,2023-10-09,,Organic,M,40.0
C02555,2024-11-10,L03,Social,F,25.0
C02556,2024-06-21,L12,Paid Ads,F,38.0
C02557,2024-04-13,L01,Paid Ads,F,34.0
C02558,2025-08-03,L04,Paid Ads,F,30.0
C02559,2023-08-19,L04,Email,F,44.0
C02560,2025-09-04,L03,Organic,M,29.0
C02561,2024-04-28,L03,Social,M,30.0
C02562,2024-12-12,L07,Organic,F,30.0
C02563,2025-09-10,L06,Referral,M,33.0
C02564,2023-04-02,L08,Referral,M,39.0
C02565,2025-08-05,L04,Social,,19.0
C02566,2024-10-27,L06,Email,M,40.0
C02567,2025-02-16,L10,Social,Other,33.0
C02568,2023-08-26,L09,Social,M,37.0
C02569,2024-09-27,L11,Organic,,54.0
C02570,2025-01-02,L03,Email,F,27.0
C02571,2024-07-11,L14,Paid Ads,F,21.0
C02572,2023-08-24,L08,Paid Ads,Other,34.0
C02573,2023-11-14,L08,Paid Ads,F,35.0
C02574,2025-06-15,L06,Paid Ads,F,40.0
C02575,2023-02-16,L14,Referral,,27.0
C02576,2025-02-20,L04,Paid Ads,M,25.0
C02577,2025-09-27,L07,Organic,F,18.0
C02578,2023-01-25,L07,Email,M,20.0
C02579,2023-09-18,L07,Email,M,28.0
C02580,2025-01-17,L07,Paid Ads,F,31.0
C02581,2023-04-11,L02,Email,F,51.0
C02582,2024-11-04,L03,Paid Ads,M,18.0
C02583,2025-01-20,L03,Paid Ads,M,35.0
C02584,2024-11-01,L07,Email,M,25.0
C02585,2024-04-20,L07,Referral,M,34.0
C02586,2025-01-14,L09,Social,F,27.0
C02587,2024-11-23,L08,Paid Ads,M,41.0
C02588,2023-10-27,L06,Paid Ads,M,41.0
C02589,2024-10-16,L02,Organic,M,31.0
C02590,2025-06-17,L06,Email,M,45.0
C02591,2024-12-14,L10,Organic,,39.0
C02592,2024-07-11,L06,Paid Ads,M,45.0
C02593,2024-02-03,L10,Organic,M,32.0
C02594,2023-05-01,L14,Referral,F,41.0
C02595,2023-11-21,L03,Paid Ads,M,25.0
C02596,2023-01-26,L07,Social,F,24.0
C02597,2025-09-02,L05,Paid Ads,M,52.0
C02598,2023-11-10,L04,Organic,,22.0
C02599,2025-05-18,L02,Organic,F,28.0
C02600,2023-09-20,L02,Organic,F,18.0
C02601,2024-01-21,L02,Social,M,24.0
C02602,2024-06-20,L06,Social,F,23.0
C02603,2024-02-03,L02,Paid Ads,F,26.0
C02604,2025-04-08,L04,Paid Ads,M,35.0
C02605,2025-08-14,L05,Organic,F,37.0
C02606,2025-06-02,L04,Social,M,23.0
C02607,2023-08-10,L09,Email,F,25.0
C02608,2025-04-11,L04,Social,F,42.0
C02609,2023-08-28,L01,Organic,F,47.0
C02610,2025-07-09,L14,Paid Ads,M,43.0
C02611,2024-09-28,L09,Email,M,18.0
C02612,2024-03-20,L06,Organic,F,43.0
C02613,2023-08-20,L08,Referral,F,49.0
C02614,2023-01-23,L01,Email,M,18.0
C02615,2023-12-24,L08,Social,M,42.0
C02616,2025-07-07,L02,Referral,F,34.0
C02617,2025-04-12,L04,Paid Ads,F,29.0
C02618,2025-09-15,L02,Email,M,33.0
C02619,2023-06-28,L07,Paid Ads,M,36.0
C02620,2024-11-02,L02,Email,M,42.0
C02621,2023-12-14,L02,Paid Ads,M,42.0
C02622,2024-10-06,L01,Social,M,18.0
C02623,2024-02-06,L07,Email,,26.0
C02624,2024-01-22,L03,Paid Ads,M,33.0
C02625,2024-10-06,L05,Paid Ads,M,46.0
C02626,2023-10-23,L03,Organic,F,18.0
C02627,2024-07-28,L08,Social,M,27.0
C02628,2024-12-22,L02,Referral,F,18.0
C02629,2023-07-05,L11,Organic,M,20.0
C02630,2025-08-04,L03,Social,M,41.0
C02631,2024-09-13,L01,Email,M,27.0
C02632,2025-05-16,L02,Social,F,18.0
C02633,2024-12-22,L01,Referral,M,31.0
C02634,2025-02-12,L04,Email,F,50.0
C02635,2025-02-05,L02,Social,F,18.0
C02636,2025-06-28,L10,Organic,M,37.0
C02637,2024-11-26,L05,Email,F,46.0
C02638,2023-12-19,L02,Paid Ads,M,32.0
C02639,2023-06-20,L04,Email,F,49.0
C02640,2024-11-27,L02,Social,M,26.0
C02641,2023-04-14,L02,Referral,M,45.0
C02642,2023-11-05,L03,Paid Ads,F,43.0
C02643,2023-04-17,L01,Organic,M,32.0
C02644,2024-10-13,L02,Organic,F,19.0
C02645,2023-09-23,L11,Referral,M,23.0
C02646,2024-11-22,L06,Social,,18.0
C02647,2025-04-14,L11,Organic,M,37.0
C02648,2025-05-11,L02,Organic,M,
C02649,2024-02-12,L09,Referral,M,33.0
C02650,2024-10-18,L03,Organic,M,31.0
C02651,2024-10-18,L02,Organic,M,44.0
C02652,2024-07-15,L08,Organic,F,35.0
C02653,2024-12-15,L01,Referral,F,27.0
C02654,2023-10-28,L04,Referral,M,33.0
C02655,2025-09-08,L08,Social,F,50.0
C02656,2023-06-05,L06,Paid Ads,F,38.0
C02657,2025-05-23,,Organic,M,28.0
C02658,2024-11-27,L03,Social,M,32.0
C02659,2023-11-18,L01,Email,F,36.0
C02660,2025-03-12,L14,Paid Ads,F,28.0
C02661,2023-05-10,L02,Social,F,27.0
C02662,2025-04-14,L02,Social,F,32.0
C02663,2024-11-02,L02,Email,F,46.0
C02664,2023-06-15,L11,Paid Ads,M,39.0
C02665,2023-05-08,L08,Organic,F,28.0
C02666,2025-03-08,L04,Organic,M,40.0
C02667,2024-01-16,L12,Social,Other,32.0
C02668,2025-07-27,L01,Social,F,
C02669,2025-03-06,L10,Paid Ads,Other,34.0
C02670,2025-01-26,L01,Organic,F,18.0
C02671,2023-12-15,L03,Organic,M,18.0
C02672,2025-02-28,L01,Referral,Other,34.0
C02673,2025-08-11,L14,Email,M,24.0
C02674,2023-05-28,L11,Paid Ads,F,18.0
C02675,2024-02-19,L05,Referral,F,25.0
C02676,2023-11-19,L02,Paid Ads,F,40.0
C02677,2024-05-16,L03,Social,M,35.0
C02678,2025-03-13,L04,Social,F,39.0
C02679,2024-08-15,L03,Organic,M,36.0
C02680,2024-10-24,L01,Referral,F,24.0
C02681,2024-02-23,L06,Social,F,39.0
C02682,2023-08-01,L06,Email,F,37.0
C02683,2023-12-20,L11,Referral,F,31.0
C02684,2025-06-24,L04,Organic,M,33.0
C02685,2024-11-21,L03,Paid Ads,F,39.0
C02686,2024-04-14,L05,Referral,F,25.0
C02687,2025-04-10,L02,Organic,M,42.0
C02688,2023-04-19,L06,Email,F,37.0
C02689,2023-12-19,L08,Organic,M,32.0
C02690,2023-11-11,L02,Email,M,46.0
C02691,2025-09-12,L03,Paid Ads,M,20.0
C02692,2025-02-11,L10,Organic,F,28.0
C02693,2024-11-02,L05,Paid Ads,F,26.0
C02694,2023-01-01,L05,Referral,M,35.0
C02695,2023-10-03,L07,Social,M,43.0
C02696,2024-12-12,L05,Paid Ads,F,23.0
C02697,2024-04-15,L01,Organic,F,62.0
C02698,2025-08-12,L08,Email,F,26.0
C02699,2025-03-27,L11,Paid Ads,M,35.0
C02700,2024-07-07,L01,Organic,F,32.0
C02701,2025-03-12,L01,Social,Other,32.0
C02702,2025-09-07,L07,Organic,F,25.0
C02703,2024-07-09,L06,Organic,Other,42.0
C02704,2024-12-17,L03,Paid Ads,F,24.0
C02705,2025-07-09,L05,Referral,F,18.0
C02706,2023-12-09,L07,Paid Ads,F,22.0
C02707,2025-07-19,L05,Email,F,45.0
C02708,2023-06-24,L02,Organic,Other,43.0
C02709,2024-12-06,L01,Email,F,18.0
C02710,2025-04-04,L04,Organic,F,39.0
C02711,2024-11-07,L11,Organic,Other,18.0
C02712,2024-08-17,L05,Organic,F,32.0
C02713,2024-11-27,L03,Organic,F,21.0
C02714,2023-08-05,L11,Paid Ads,F,40.0
C02715,2023-11-02,L03,Social,F,37.0
C02716,2023-12-15,L05,Social,M,41.0
C02717,2024-11-28,L01,Social,F,29.0
C02718,2024-06-16,L07,Organic,M,30.0
C02719,2023-11-26,L07,Social,F,19.0
C02720,2025-06-18,L08,Paid Ads,F,23.0
C02721,2024-04-01,L03,Social,M,41.0
C02722,2024-07-12,L04,Social,M,35.0
C02723,2024-05-22,L02,Organic,,33.0
C02724,2023-10-15,L12,Paid Ads,F,43.0
C02725,2025-02-06,L01,Email,F,20.0
C02726,2024-07-06,L06,Organic,M,38.0
C02727,2023-01-19,L07,Referral,M,21.0
C02728,2025-09-13,L02,Email,F,45.0
C02729,2025-05-17,L03,Paid Ads,F,37.0
C02730,2025-02-11,L01,Paid Ads,M,41.0
C02731,2025-06-10,L05,Paid Ads,F,26.0
C02732,2025-07-19,L14,Social,M,52.0
C02733,2024-03-01,L04,Paid Ads,M,50.0
C02734,2024-11-13,L14,Paid Ads,F,36.0
C02735,2024-11-11,L01,Organic,M,43.0
C02736,2023-12-22,L03,Email,M,29.0
C02737,2023-11-21,L10,Social,M,21.0
C02738,2023-06-12,L10,Referral,M,39.0
C02739,2024-12-08,L03,Email,M,24.0
C02740,2025-04-07,L06,Referral,F,44.0
C02741,2025-03-06,,Email,F,41.0
C02742,2024-02-08,L08,Organic,M,34.0
C02743,2023-10-22,L06,Organic,F,34.0
C02744,2024-07-02,L02,Social,M,41.0
C02745,2024-10-01,L01,Paid Ads,F,34.0
C02746,2025-07-16,L06,Paid Ads,F,
C02747,2025-06-07,L05,Social,F,18.0
C02748,2025-07-24,L02,Referral,M,41.0
C02749,2025-06-22,L03,Paid Ads,M,35.0
C02750,2025-09-22,L03,Paid Ads,M,57.0
C02751,2024-07-13,L04,Paid Ads,F,31.0
C02752,2023-03-13,L03,Organic,M,35.0
C02753,2023-05-12,L03,Organic,M,35.0
C02754,2024-05-06,L01,Paid Ads,,38.0
C02755,2023-12-16,L10,Social,M,23.0
C02756,2023-09-25,L06,Paid Ads,M,31.0
C02757,2025-08-08,L02,Paid Ads,,39.0
C02758,2023-10-02,L04,Referral,F,29.0
C02759,2025-08-16,L04,Organic,M,39.0
C02760,2025-03-12,L06,Paid Ads,,33.0
C02761,2024-12-23,L06,Organic,M,36.0
C02762,2025-01-24,L06,Referral,M,42.0
C02763,2024-02-27,L07,Organic,,30.0
C02764,2024-12-12,L01,Paid Ads,F,19.0
C02765,2023-10-26,L03,Referral,M,30.0
C02766,2025-08-04,L01,Social,F,25.0
C02767,2024-01-11,L04,Social,F,18.0
C02768,2023-12-08,L04,Email,F,31.0
C02769,2025-02-26,L07,Referral,M,34.0
C02770,2024-12-17,L02,Paid Ads,F,
C02771,2024-07-11,L06,Organic,F,22.0
C02772,2024-12-05,L03,Organic,M,33.0
C02773,2023-09-22,L03,Organic,F,42.0
C02774,2025-01-19,L07,Organic,M,27.0
C02775,2023-12-24,L01,Paid Ads,F,37.0
C02776,2023-12-13,L03,Referral,M,
C02777,2023-09-05,L03,Referral,F,18.0
C02778,2024-03-10,L07,Paid Ads,F,34.0
C02779,2024-02-18,L02,Paid Ads,F,42.0
C02780,2024-07-07,L12,Organic,M,29.0
C02781,2023-10-02,L14,Paid Ads,M,44.0
C02782,2023-10-24,L08,Paid Ads,F,38.0
C02783,2024-10-15,L03,Paid Ads,F,48.0
C02784,2023-07-12,L06,Organic,F,37.0
C02785,2025-01-16,L01,Email,F,49.0
C02786,2025-08-21,L10,Paid Ads,F,35.0
C02787,2024-06-01,L05,Paid Ads,M,20.0
C02788,2025-07-13,L02,Organic,F,26.0
C02789,2023-06-08,L03,Organic,M,41.0
C02790,2023-03-03,L08,Paid Ads,F,41.0
C02791,2025-02-02,L10,Email,M,29.0
C02792,2025-03-13,L05,Organic,F,48.0
C02793,2025-05-16,L04,Paid Ads,F,29.0
C02794,2023-04-15,L07,Email,M,36.0
C02795,2025-04-22,L09,Paid Ads,F,36.0
C02796,2024-04-13,L08,Paid Ads,M,20.0
C02797,2024-01-17,L03,Referral,M,31.0
C02798,2023-09-23,L06,Paid Ads,Other,53.0
C02799,2025-09-19,L09,Email,M,24.0
C02800,2023-04-26,L02,Organic,F,38.0
C02801,2025-05-07,,Social,F,22.0
C02802,2024-12-23,L01,Organic,M,24.0
C02803,2025-02-20,L04,Social,F,19.0
C02804,2025-02-17,L08,Social,M,40.0
C02805,2025-06-01,L02,Social,F,24.0
C02806,2023-10-16,L05,Social,M,43.0
C02807,2023-01-25,L01,Referral,F,
C02808,2024-11-19,L10,Organic,F,33.0
C02809,2024-03-01,L09,Organic,M,36.0
C02810,2023-07-09,L05,Paid Ads,M,18.0
C02811,2023-10-16,L07,Paid Ads,F,34.0
C02812,2024-03-23,L01,Paid Ads,F,35.0
C02813,2023-04-13,L09,Social,M,42.0
C02814,2023-04-24,L07,Social,F,23.0
C02815,2025-07-23,L01,Email,M,25.0
C02816,2024-02-08,L14,Paid Ads,M,38.0
C02817,2025-09-06,L01,Social,F,45.0
C02818,2025-09-26,L06,Social,F,27.0
C02819,2023-08-17,L02,Email,F,21.0
C02820,2025-02-24,L07,Social,F,29.0
C02821,2024-11-26,L01,Organic,M,23.0
C02822,2025-01-12,L01,Organic,F,36.0
C02823,2023-06-02,L04,Email,M,22.0
C02824,2023-10-26,L14,Referral,M,41.0
C02825,2023-05-17,L03,Social,F,34.0
C02826,2024-11-04,L06,Social,M,41.0
C02827,2025-09-15,L05,Social,F,18.0
C02828,2025-01-01,L09,Social,F,18.0
C02829,2025-02-09,L03,Email,M,44.0
C02830,2025-09-10,L05,Email,F,26.0
C02831,2025-01-13,L12,Paid Ads,F,19.0
C02832,2023-03-16,L03,Organic,F,30.0
C02833,2025-06-24,L04,Organic,F,34.0
C02834,2024-04-10,L10,Paid Ads,M,31.0
C02835,2023-01-21,L03,Social,Other,36.0
C02836,2024-09-27,L03,Social,M,35.0
C02837,2025-08-21,L03,Paid Ads,Other,35.0
C02838,2023-12-08,L08,Paid Ads,M,44.0
C02839,2024-08-19,L11,Paid Ads,F,
C02840,2023-09-08,L06,Social,M,32.0
C02841,2023-04-14,L06,Referral,F,39.0
C02842,2023-05-18,L03,Organic,F,37.0
C02843,2025-02-09,L01,Paid Ads,M,24.0
C02844,2025-06-01,L02,Paid Ads,M,31.0
C02845,2023-08-24,L02,Paid Ads,M,36.0
C02846,2024-01-21,L01,Social,F,27.0
C02847,2023-10-04,,Email,M,27.0
C02848,2023-02-11,L02,Organic,F,19.0
C02849,2024-10-08,L01,Organic,F,
C02850,2025-01-28,L03,Paid Ads,M,29.0
C02851,2024-12-27,L02,Organic,F,33.0
C02852,2024-05-20,L02,Paid Ads,M,22.0
C02853,2024-10-13,L02,Organic,M,44.0
C02854,2023-06-02,L02,Organic,M,23.0
C02855,2023-08-07,L05,Social,F,40.0
C02856,2025-08-03,L08,Organic,F,36.0
C02857,2025-03-23,L09,Social,M,52.0
C02858,2025-08-03,L07,Paid Ads,M,37.0
C02859,2025-07-19,L06,Paid Ads,M,19.0
C02860,2024-12-27,L11,Organic,F,41.0
C02861,2025-08-09,L05,Organic,F,47.0
C02862,2024-06-20,L06,Paid Ads,M,18.0
C02863,2023-01-25,L04,Social,M,38.0
C02864,2023-04-12,L03,Email,M,40.0
C02865,2023-06-13,L03,Organic,F,30.0
C02866,2023-06-06,L02,Organic,F,18.0
C02867,2024-03-12,L08,Organic,,29.0
C02868,2025-01-25,L01,Social,M,27.0
C02869,2025-04-19,L06,Organic,F,46.0
C02870,2024-11-06,L09,Organic,F,31.0
C02871,2023-08-15,L05,Social,M,28.0
C02872,2025-03-20,L01,Social,F,27.0
C02873,2024-03-03,L04,Referral,F,35.0
C02874,2023-01-22,L03,Organic,M,33.0
C02875,2024-01-06,L14,Paid Ads,F,25.0
C02876,2024-02-09,L07,Organic,M,34.0
C02877,2023-12-12,L07,Referral,F,27.0
C02878,2025-05-15,L05,Social,M,18.0
C02879,2025-03-26,L07,Organic,M,38.0
C02880,2025-01-07,L07,Social,M,37.0
C02881,2023-08-08,L01,Paid Ads,M,34.0
C02882,2025-04-11,L02,Social,M,28.0
C02883,2025-01-25,L01,Organic,F,31.0
C02884,2023-10-28,L05,Paid Ads,F,39.0
C02885,2024-12-13,L10,Organic,F,26.0
C02886,2024-08-20,L06,Referral,M,40.0
C02887,2024-06-26,L05,Organic,F,19.0
C02888,2023-06-24,L11,Paid Ads,F,34.0
C02889,2024-09-20,L02,Social,M,32.0
C02890,2023-06-16,L01,Social,M,41.0
C02891,2023-09-28,L11,Referral,F,24.0
C02892,2023-07-07,L10,Referral,,25.0
C02893,2025-08-11,L06,Referral,M,19.0
C02894,2024-01-20,L02,Referral,M,27.0
C02895,2024-03-01,L13,Paid Ads,M,34.0
C02896,2024-02-15,L08,Organic,F,18.0
C02897,2025-07-24,L06,Paid Ads,M,28.0
C02898,2024-10-05,L02,Organic,F,37.0
C02899,2025-07-23,L05,Paid Ads,F,31.0
C02900,2024-01-12,L09,Paid Ads,F,33.0
C02901,2023-07-25,L09,Organic,F,18.0
C02902,2024-10-18,L05,Social,M,31.0
C02903,2024-03-05,L05,Referral,M,32.0
C02904,2025-04-21,L07,Paid Ads,M,31.0
C02905,2025-06-02,L05,Email,M,33.0
C02906,2024-07-07,L04,Organic,F,29.0
C02907,2025-09-25,L01,Organic,M,28.0
C02908,2024-10-25,L01,Organic,M,23.0
C02909,2023-12-02,L08,Paid Ads,M,41.0
C02910,2024-08-11,L01,Organic,F,21.0
C02911,2023-03-03,L01,Social,M,33.0
C02912,2025-04-08,L11,Paid Ads,M,48.0
C02913,2023-06-28,L07,Paid Ads,F,42.0
C02914,2024-02-06,L01,Paid Ads,M,37.0
C02915,2024-10-18,L03,Paid Ads,F,34.0
C02916,2023-03-23,L08,Social,F,31.0
C02917,2023-05-25,L04,Referral,M,24.0
C02918,2025-01-10,L04,Social,M,30.0
C02919,2023-04-20,L04,Referral,M,37.0
C02920,2024-08-14,L02,Paid Ads,,36.0
C02921,2024-03-04,L07,Paid Ads,Other,39.0
C02922,2023-11-07,L01,Referral,F,43.0
C02923,2023-10-21,L05,Paid Ads,F,31.0
C02924,2025-03-20,L02,Paid Ads,M,
C02925,2025-08-15,L01,Organic,F,18.0
C02926,2023-08-22,L02,Referral,M,52.0
C02927,2025-08-20,L10,Organic,M,28.0
C02928,2024-11-10,L02,Email,F,38.0
C02929,2024-12-09,L03,Organic,F,28.0
C02930,2025-02-27,L02,Paid Ads,F,28.0
C02931,2025-02-28,L07,Organic,M,30.0
C02932,2025-05-01,L04,Organic,M,21.0
C02933,2024-08-23,L12,Paid Ads,M,18.0
C02934,2024-09-04,L06,Referral,M,42.0
C02935,2024-02-25,L05,Organic,Other,37.0
C02936,2023-06-17,L06,Organic,F,24.0
C02937,2024-12-20,L01,Organic,F,36.0
C02938,2023-02-20,L12,Paid Ads,F,39.0
C02939,2023-12-17,L12,Email,M,26.0
C02940,2023-06-08,L03,Paid Ads,F,36.0
C02941,2023-10-23,L06,Social,F,41.0
C02942,2024-12-16,L02,Paid Ads,F,19.0
C02943,2024-12-16,L05,Paid Ads,F,37.0
C02944,2024-06-09,L08,Social,,35.0
C02945,2023-05-01,L11,Organic,M,49.0
C02946,2024-06-16,L03,Social,F,37.0
C02947,2024-03-10,L07,Paid Ads,M,28.0
C02948,2025-02-19,L07,Paid Ads,F,29.0
C02949,2024-10-11,L02,Email,F,50.0
C02950,2024-08-28,L06,Paid Ads,F,29.0
C02951,2024-08-20,L06,Email,M,37.0
C02952,2025-09-13,L08,Email,M,30.0
C02953,2025-03-20,L14,Organic,M,42.0
C02954,2024-08-19,L01,Paid Ads,M,42.0
C02955,2024-08-18,L02,Social,F,32.0
C02956,2023-02-17,L02,Organic,M,28.0
C02957,2025-08-27,L02,Social,M,28.0
C02958,2024-02-09,L04,Organic,F,18.0
C02959,2023-12-13,L10,Organic,F,33.0
C02960,2025-09-08,L04,Paid Ads,F,33.0
C02961,2025-02-16,L06,Social,F,25.0
C02962,2023-03-28,L03,Social,F,18.0
C02963,2023-04-18,L03,Referral,F,34.0
C02964,2023-02-06,L09,Organic,M,35.0
C02965,2024-11-26,L06,Paid Ads,M,36.0
C02966,2023-04-23,L03,Organic,M,23.0
C02967,2025-08-13,L11,Organic,M,36.0
C02968,2025-08-05,L05,Paid Ads,Other,30.0
C02969,2024-10-12,L02,Referral,F,40.0
C02970,2024-11-23,L04,Organic,M,23.0
C02971,2024-01-17,L06,Organic,M,42.0
C02972,2023-04-06,L03,Referral,M,46.0
C02973,2025-03-05,L09,Organic,M,33.0
C02974,2023-06-28,L05,Email,F,36.0
C02975,2023-05-13,L04,Paid Ads,M,39.0
C02976,2024-02-20,L09,Organic,F,23.0
C02977,2023-01-11,L04,Social,F,28.0
C02978,2024-06-03,L04,Referral,M,34.0
C02979,2025-02-12,L01,Social,M,50.0
C02980,2025-04-20,L03,Paid Ads,F,21.0
C02981,2024-11-10,L04,Paid Ads,F,47.0
C02982,2025-06-17,L02,Referral,M,30.0
C02983,2024-05-13,L05,Paid Ads,F,32.0
C02984,2025-06-10,L02,Paid Ads,M,43.0
C02985,2024-09-08,L02,Organic,F,50.0
C02986,2023-11-08,,Paid Ads,M,36.0
C02987,2025-08-08,L03,Organic,F,42.0
C02988,2023-12-21,L06,Social,M,24.0
C02989,2023-02-10,L07,Paid Ads,M,27.0
C02990,2023-11-21,L03,Email,F,20.0
C02991,2024-04-09,L01,Organic,M,27.0
C02992,2024-03-10,L04,Paid Ads,M,37.0
C02993,2024-09-26,L01,Paid Ads,F,34.0
C02994,2025-06-25,L05,Referral,M,48.0
C02995,2024-01-12,L07,Social,M,50.0
C02996,2024-09-08,L06,Paid Ads,M,
C02997,2024-03-21,L04,Paid Ads,M,26.0
C02998,2025-05-02,L12,Social,F,42.0
C02999,2023-08-13,L01,Organic,M,43.0
C03000,2023-06-17,L10,Referral,Other,36.0
C03001,2024-08-19,L08,Social,F,38.0
C03002,2025-01-03,L04,Organic,F,37.0
C03003,2025-04-01,L02,Referral,M,23.0
C03004,2024-11-08,L02,Social,M,21.0
C03005,2025-04-04,L11,Organic,F,32.0
C03006,2024-05-15,L02,Paid Ads,F,30.0
C03007,2023-02-26,L10,Paid Ads,M,34.0
C03008,2023-07-09,L05,Social,F,31.0
C03009,2023-03-13,L04,Paid Ads,M,
C03010,2024-02-07,L06,Paid Ads,M,18.0
C03011,2024-08-02,L02,Paid Ads,Other,39.0
C03012,2024-03-20,L04,Organic,F,26.0
C03013,2024-10-08,L11,Organic,M,30.0
C03014,2024-08-16,L02,Organic,M,27.0
C03015,2025-01-20,L11,Organic,M,24.0
C03016,2024-12-24,L14,Organic,F,24.0
C03017,2024-02-06,L01,Referral,M,41.0
C03018,2024-03-17,L05,Referral,M,30.0
C03019,2024-11-26,L02,Organic,M,38.0
C03020,2024-11-14,L06,Referral,F,39.0
C03021,2024-02-02,L14,Organic,F,35.0
C03022,2024-02-08,L10,Paid Ads,F,39.0
C03023,2025-01-23,L11,Email,F,32.0
C03024,2024-12-23,L02,Paid Ads,M,44.0
C03025,2023-07-09,L05,Organic,M,39.0
C03026,2024-06-06,L02,Paid Ads,M,
C03027,2025-07-09,L10,Referral,F,
C03028,2023-03-07,L02,Organic,F,34.0
C03029,2025-06-21,L02,Email,F,18.0
C03030,2023-09-24,L01,Paid Ads,F,45.0
C03031,2024-09-02,L02,Organic,M,26.0
C03032,2024-06-21,L02,Paid Ads,F,28.0
C03033,2023-01-22,L01,Referral,F,20.0
C03034,2025-07-18,L10,Paid Ads,M,32.0
C03035,2024-07-25,L08,Email,F,30.0
C03036,2025-08-02,L02,Email,F,48.0
C03037,2024-01-20,L08,Organic,M,40.0
C03038,2025-06-04,L04,Organic,F,27.0
C03039,2025-08-26,L08,Paid Ads,M,18.0
C03040,2024-10-14,L03,Referral,M,18.0
C03041,2023-10-03,L05,Referral,M,23.0
C03042,2025-01-21,L03,Organic,F,20.0
C03043,2024-10-21,L02,Email,F,35.0
C03044,2025-08-13,L05,Paid Ads,M,31.0
C03045,2024-06-09,L07,Social,F,32.0
C03046,2023-12-01,L07,Social,F,23.0
C03047,2023-08-26,L03,Organic,F,33.0
C03048,2025-01-06,L05,Organic,F,19.0
C03049,2025-09-24,L08,Organic,F,31.0
C03050,2023-02-17,L01,Email,Other,39.0
C03051,2025-03-20,L01,Paid Ads,F,29.0
C03052,2025-08-20,L03,Social,M,36.0
C03053,2023-05-25,L02,Paid Ads,F,18.0
C03054,2023-06-01,L03,Paid Ads,F,
C03055,2025-01-28,L01,Email,M,35.0
C03056,2024-12-02,L05,Paid Ads,M,41.0
C03057,2023-04-28,L06,Social,Other,30.0
C03058,2025-05-08,L08,Paid Ads,F,51.0
C03059,2024-09-24,L06,Organic,F,19.0
C03060,2025-07-03,L04,Organic,M,26.0
C03061,2025-06-13,L11,Organic,F,33.0
C03062,2025-05-16,L07,Social,,36.0
C03063,2024-09-27,L05,Paid Ads,F,27.0
C03064,2023-12-04,L02,Paid Ads,F,22.0
C03065,2024-09-02,L06,Organic,M,38.0
C03066,2023-06-19,L05,Referral,M,33.0
C03067,2024-12-02,L06,Social,M,29.0
C03068,2023-07-22,L08,Referral,F,36.0
C03069,2024-09-02,L11,Email,M,31.0
C03070,2023-04-28,L12,Organic,M,31.0
C03071,2024-01-15,L06,Organic,M,30.0
C03072,2023-11-27,L13,Paid Ads,M,25.0
C03073,2024-11-04,,Organic,M,24.0
C03074,2025-04-08,L01,Referral,F,27.0
C03075,2023-04-13,L06,Social,M,32.0
C03076,2025-06-01,L02,Organic,M,18.0
C03077,2025-06-03,L03,Email,M,41.0
C03078,2024-03-10,L03,Organic,M,32.0
C03079,2024-12-21,L04,Referral,F,22.0
C03080,2024-05-20,L01,Paid Ads,M,47.0
C03081,2023-08-03,L02,Referral,F,32.0
C03082,2024-09-02,L01,Organic,M,20.0
C03083,2023-05-19,L06,Email,F,46.0
C03084,2025-06-11,L10,Email,F,44.0
C03085,2025-08-23,L14,Paid Ads,M,24.0
C03086,2025-05-09,L04,Paid Ads,M,29.0
C03087,2024-10-11,,Referral,M,28.0
C03088,2024-10-07,,Referral,F,18.0
C03089,2025-09-08,L01,Paid Ads,F,35.0
C03090,2023-12-20,L13,Referral,F,40.0
C03091,2023-05-14,L07,Social,F,38.0
C03092,2024-10-19,L05,Referral,M,32.0
C03093,2024-02-03,L01,Organic,M,40.0
C03094,2024-02-15,L01,Email,F,22.0
C03095,2023-01-13,L05,Organic,M,48.0
C03096,2024-11-26,L04,Organic,F,25.0
C03097,2023-12-12,L09,Email,F,26.0
C03098,2023-10-03,L06,Organic,F,27.0
C03099,2023-03-20,L04,Organic,F,26.0
C03100,2024-04-05,L02,Paid Ads,M,30.0
C03101,2025-06-26,L04,Social,M,30.0
C03102,2024-03-11,L02,Organic,M,33.0
C03103,2025-01-22,L06,Paid Ads,M,25.0
C03104,2025-03-19,L06,Organic,M,
C03105,2024-02-14,L08,Paid Ads,M,22.0
C03106,2025-05-17,L04,Paid Ads,M,39.0
C03107,2025-01-06,L03,Organic,M,38.0
C03108,2024-10-03,L09,Email,M,32.0
C03109,2023-01-22,L07,Referral,F,26.0
C03110,2023-02-27,L07,Social,F,35.0
C03111,2025-09-25,L05,Email,M,24.0
C03112,2025-04-09,L10,Email,M,32.0
C03113,2025-08-11,L02,Social,M,31.0
C03114,2025-07-11,L04,Paid Ads,M,56.0
C03115,2023-02-20,L08,Social,M,21.0
C03116,2025-04-18,L02,Paid Ads,M,18.0
C03117,2024-07-23,L08,Organic,M,26.0
C03118,2025-04-27,L03,Paid Ads,F,18.0
C03119,2023-01-11,L01,Paid Ads,F,25.0
C03120,2024-01-19,L01,Paid Ads,F,20.0
C03121,2025-03-15,L09,Social,F,24.0
C03122,2025-04-27,L08,Paid Ads,M,22.0
C03123,2024-11-10,L03,Organic,F,41.0
C03124,2024-01-06,L01,Organic,M,32.0
C03125,2024-02-11,L02,Social,F,42.0
C03126,2025-09-18,L02,Paid Ads,M,32.0
C03127,2024-06-27,L07,Paid Ads,F,40.0
C03128,2024-07-24,L02,Social,M,29.0
C03129,2024-10-01,L02,Social,M,46.0
C03130,2024-05-15,L01,Paid Ads,M,36.0
C03131,2024-10-05,L06,Referral,M,25.0
C03132,2024-06-11,L07,Organic,M,38.0
C03133,2025-05-27,L06,Email,M,32.0
C03134,2025-07-28,L05,Paid Ads,M,30.0
C03135,2025-08-05,L13,Referral,M,33.0
C03136,2024-10-04,L04,Organic,F,39.0
C03137,2024-06-20,L09,Referral,M,18.0
C03138,2025-02-12,L06,Paid Ads,F,29.0
C03139,2025-05-13,L01,Paid Ads,F,38.0
C03140,2024-10-25,L08,Referral,F,34.0
C03141,2025-01-26,L05,Social,F,22.0
C03142,2025-03-26,L06,Paid Ads,F,18.0
C03143,2025-01-22,L02,Social,M,47.0
C03144,2025-03-28,L04,Organic,M,30.0
C03145,2023-10-21,L10,Paid Ads,M,46.0
C03146,2024-08-25,L02,Organic,F,39.0
C03147,2024-11-16,L01,Organic,M,25.0
C03148,2023-01-02,L02,Social,F,18.0
C03149,2025-06-23,L04,Organic,F,28.0
C03150,2024-11-27,L09,Email,F,32.0
C03151,2023-07-09,L06,Paid Ads,M,
C03152,2025-05-12,L11,Referral,M,22.0
C03153,2025-02-17,L04,Organic,F,34.0
C03154,2025-03-19,L03,Referral,F,34.0
C03155,2024-05-19,L02,Email,F,41.0
C03156,2025-06-12,L02,Paid Ads,F,29.0
C03157,2024-05-24,L07,Paid Ads,M,36.0
C03158,2024-10-23,L01,Social,M,35.0
C03159,2023-01-27,L02,Referral,M,40.0
C03160,2024-12-17,L10,Organic,Other,25.0
C03161,2025-02-03,L05,Referral,F,18.0
C03162,2024-10-24,L01,Referral,M,30.0
C03163,2024-08-03,L07,Social,M,30.0
C03164,2025-05-06,L05,Paid Ads,F,22.0
C03165,2025-01-08,L09,Paid Ads,M,18.0
C03166,2023-12-06,L06,Email,,27.0
C03167,2025-08-21,L01,Paid Ads,M,31.0
C03168,2025-02-13,,Paid Ads,M,33.0
C03169,2025-09-07,L02,Email,M,18.0
C03170,2025-09-01,L07,Organic,M,18.0
C03171,2025-07-07,L05,Paid Ads,M,42.0
C03172,2025-03-20,L07,Social,F,30.0
C03173,2024-11-23,L05,Referral,Other,32.0
C03174,2023-09-09,L03,Email,M,20.0
C03175,2024-10-03,L01,Referral,M,32.0
C03176,2025-03-16,L02,Paid Ads,M,29.0
C03177,2024-09-22,L04,Paid Ads,F,26.0
C03178,2025-06-02,L05,Organic,F,19.0
C03179,2023-06-23,L11,Email,M,24.0
C03180,2024-04-05,L02,Organic,M,
C03181,2024-09-08,L06,Paid Ads,M,29.0
C03182,2024-06-18,L02,Paid Ads,M,39.0
C03183,2023-06-02,L07,Organic,F,30.0
C03184,2023-08-09,L01,Organic,M,29.0
C03185,2025-05-04,L06,Referral,F,26.0
C03186,2024-08-07,L02,Organic,M,44.0
C03187,2023-03-22,L02,Email,M,35.0
C03188,2023-01-07,L05,Email,F,25.0
C03189,2024-07-02,L03,Organic,M,28.0
C03190,2023-09-07,L04,Social,M,42.0
C03191,2025-02-03,L03,Paid Ads,M,18.0
C03192,2025-04-18,L12,Organic,F,35.0
C03193,2023-11-28,L03,Paid Ads,M,37.0
C03194,2024-11-05,L05,Social,F,25.0
C03195,2023-08-21,L09,Referral,F,33.0
C03196,2024-01-11,L06,Organic,M,37.0
C03197,2025-07-03,L03,Referral,F,
C03198,2024-10-20,L05,Referral,M,40.0
C03199,2025-07-06,L01,Social,F,35.0
C03200,2023-11-15,L05,Paid Ads,F,31.0
C03201,2024-02-15,L04,Social,M,33.0
C03202,2024-07-17,L08,Referral,M,38.0
C03203,2024-08-04,L09,Organic,F,53.0
C03204,2025-09-08,L02,Social,F,37.0
C03205,2023-06-21,L01,Paid Ads,M,
C03206,2025-06-27,L03,Referral,M,34.0
C03207,2025-06-01,L05,Referral,F,49.0
C03208,2024-10-12,L03,Paid Ads,F,19.0
C03209,2024-03-25,L06,Organic,M,18.0
C03210,2024-09-09,L05,Referral,F,33.0
C03211,2024-01-13,L11,Social,Other,38.0
C03212,2025-04-26,L04,Social,M,18.0
C03213,2024-08-28,L01,Referral,F,32.0
C03214,2025-08-19,L03,Organic,F,30.0
C03215,2024-11-20,L06,Paid Ads,Other,39.0
C03216,2024-09-18,L02,Social,F,36.0
C03217,2025-02-08,L03,Paid Ads,M,18.0
C03218,2024-08-25,L03,Social,F,22.0
C03219,2025-07-01,L07,Paid Ads,M,25.0
C03220,2023-10-02,L11,Organic,M,39.0
C03221,2025-09-17,L03,Referral,M,35.0
C03222,2025-05-24,L02,Referral,F,26.0
C03223,2025-06-23,L04,Referral,M,33.0
C03224,2024-08-19,L03,Organic,,22.0
C03225,2025-05-11,L14,Social,F,50.0
C03226,2024-02-11,L04,Paid Ads,M,37.0
C03227,2025-03-12,L06,Social,M,39.0
C03228,2023-08-08,L11,Referral,F,44.0
C03229,2024-02-12,L06,Paid Ads,M,41.0
C03230,2024-07-03,L02,Referral,F,32.0
C03231,2024-02-09,L06,Paid Ads,F,30.0
C03232,2024-05-27,L04,Paid Ads,F,44.0
C03233,2025-05-20,,Referral,F,32.0
C03234,2023-12-04,L13,Organic,F,25.0
C03235,2025-03-09,L03,Email,F,50.0
C03236,2023-05-08,L04,Paid Ads,M,
C03237,2025-03-08,L02,Organic,M,
C03238,2025-04-20,L02,Social,F,41.0
C03239,2024-05-26,L06,Organic,M,25.0
C03240,2025-02-20,L07,Email,M,36.0
C03241,2025-07-14,L06,Paid Ads,M,48.0
C03242,2025-04-05,L03,Organic,Other,20.0
C03243,2024-05-05,L01,Organic,F,32.0
C03244,2024-08-23,L04,Organic,F,45.0
C03245,2025-04-19,L05,Organic,F,38.0
C03246,2024-01-15,L08,Organic,F,30.0
C03247,2025-04-17,L06,Paid Ads,M,54.0
C03248,2024-02-24,L10,Paid Ads,F,31.0
C03249,2025-04-23,L08,Paid Ads,M,36.0
C03250,2023-05-03,L03,Organic,M,47.0
C03251,2023-03-12,L06,Organic,M,41.0
C03252,2025-09-02,L07,Organic,M,44.0
C03253,2025-06-11,L12,Organic,M,24.0
C03254,2025-06-18,L04,Paid Ads,M,43.0
C03255,2025-08-06,L06,Organic,M,34.0
C03256,2024-06-05,L03,Paid Ads,F,25.0
C03257,2024-01-14,L07,Email,F,34.0
C03258,2023-07-15,L11,Organic,F,34.0
C03259,2024-08-20,L11,Organic,M,49.0
C03260,2023-11-01,L02,Referral,M,35.0
C03261,2025-08-07,L02,Paid Ads,F,25.0
C03262,2023-01-22,,Organic,F,23.0
C03263,2023-08-20,L06,Social,M,32.0
C03264,2023-12-26,L11,Referral,F,20.0
C03265,2023-10-23,L03,Email,F,26.0
C03266,2023-11-24,L09,Email,F,30.0
C03267,2024-12-15,L06,Referral,F,28.0
C03268,2024-02-27,L02,Referral,M,39.0
C03269,2024-11-12,L01,Paid Ads,F,
C03270,2025-07-26,L07,Social,F,18.0
C03271,2024-11-11,L02,Paid Ads,Other,18.0
C03272,2025-01-13,L08,Paid Ads,M,32.0
C03273,2024-04-20,L05,Organic,M,27.0
C03274,2023-09-12,L04,Referral,M,21.0
C03275,2024-02-05,L03,Paid Ads,F,50.0
C03276,2025-09-26,L14,Social,F,39.0
C03277,2024-11-13,,Organic,F,31.0
C03278,2023-12-26,L08,Social,F,34.0
C03279,2024-07-12,L08,Organic,F,30.0
C03280,2025-05-28,L05,Referral,,21.0
C03281,2025-01-17,L11,Paid Ads,F,41.0
C03282,2024-10-22,L05,Paid Ads,F,40.0
C03283,2025-07-22,L05,Paid Ads,M,18.0
C03284,2025-01-06,L03,Organic,F,34.0
C03285,2024-12-23,L03,Organic,M,35.0
C03286,2023-10-27,L07,Social,F,29.0
C03287,2023-06-19,L03,Organic,M,51.0
C03288,2025-09-27,,Social,M,50.0
C03289,2024-11-24,L12,Referral,M,29.0
C03290,2024-06-19,L04,Organic,M,30.0
C03291,2024-11-14,L01,Social,F,29.0
C03292,2023-04-25,L06,Social,F,26.0
C03293,2025-05-06,L01,Social,F,24.0
C03294,2023-11-16,L08,Social,F,37.0
C03295,2025-04-23,L05,Referral,M,50.0
C03296,2024-09-27,L04,Email,F,46.0
C03297,2023-12-08,L05,Organic,F,39.0
C03298,2023-02-03,L05,Organic,M,18.0
C03299,2025-05-10,L03,Referral,F,18.0
C03300,2023-09-25,L03,Organic,M,42.0
C03301,2023-03-15,L04,Referral,F,47.0
C03302,2025-03-02,L10,Paid Ads,M,37.0
C03303,2024-03-04,L02,Paid Ads,F,29.0
C03304,2024-05-10,L03,Social,M,44.0
C03305,2023-12-10,L02,Organic,M,39.0
C03306,2025-06-04,L04,Organic,Other,
C03307,2024-01-14,L02,Referral,,18.0
C03308,2023-10-14,L08,Social,M,35.0
C03309,2024-02-06,L01,Social,F,48.0
C03310,2023-10-07,L06,Organic,F,37.0
C03311,2024-02-19,L03,Social,M,41.0
C03312,2023-05-27,L04,Referral,M,32.0
C03313,2023-09-28,L02,Social,M,33.0
C03314,2024-06-16,L07,Organic,M,45.0
C03315,2025-06-02,L12,Paid Ads,F,26.0
C03316,2023-04-26,L02,Paid Ads,F,25.0
C03317,2023-10-27,L12,Paid Ads,F,28.0
C03318,2025-07-08,L03,Organic,M,32.0
C03319,2025-07-12,L05,Paid Ads,M,18.0
C03320,2025-01-01,L07,Referral,F,39.0
C03321,2023-11-23,L02,Paid Ads,M,31.0
C03322,2024-06-22,L04,Paid Ads,F,
C03323,2023-10-01,L01,Organic,F,18.0
C03324,2023-07-20,L07,Social,F,40.0
C03325,2024-04-12,L04,Referral,M,44.0
C03326,2024-10-16,L10,Paid Ads,F,36.0
C03327,2024-04-07,L03,Email,M,32.0
C03328,2024-11-23,L11,Referral,M,40.0
C03329,2024-01-12,L02,Organic,M,43.0
C03330,2024-03-24,L06,Referral,M,37.0
C03331,2025-04-05,L03,Email,F,37.0
C03332,2025-06-17,L02,Organic,F,47.0
C03333,2024-02-09,L01,Referral,F,39.0
C03334,2024-10-28,L06,Organic,M,25.0
C03335,2023-12-16,L02,Social,F,43.0
C03336,2023-03-21,L05,Referral,M,31.0
C03337,2025-03-03,L13,Email,M,32.0
C03338,2023-09-19,L03,Referral,M,33.0
C03339,2024-06-03,L01,Organic,F,41.0
C03340,2024-08-11,L02,Paid Ads,M,48.0
C03341,2023-10-07,L01,Email,F,32.0
C03342,2023-06-01,L04,Organic,M,48.0
C03343,2024-03-17,L07,Organic,M,33.0
C03344,2025-08-07,L03,Referral,F,45.0
C03345,2024-11-15,L02,Paid Ads,M,
C03346,2024-04-22,L06,Organic,M,28.0
C03347,2023-03-05,L03,Organic,M,49.0
C03348,2024-11-20,L05,Paid Ads,F,27.0
C03349,2023-05-09,L11,Referral,F,26.0
C03350,2024-10-10,L03,Paid Ads,F,21.0
C03351,2025-03-17,L05,Paid Ads,M,43.0
C03352,2024-06-18,L08,Social,F,46.0
C03353,2024-01-19,L07,Organic,Other,35.0
C03354,2023-03-06,L07,Referral,M,23.0
C03355,2023-02-17,L08,Paid Ads,F,32.0
C03356,2024-06-08,L05,Paid Ads,M,29.0
C03357,2025-07-08,L05,Paid Ads,F,23.0
C03358,2023-11-27,L07,Referral,F,28.0
C03359,2024-10-03,L07,Email,,37.0
C03360,2025-01-12,L06,Organic,M,27.0
C03361,2023-04-13,L03,Organic,M,35.0
C03362,2023-08-07,L09,Paid Ads,F,18.0
C03363,2024-02-22,L02,Paid Ads,F,47.0
C03364,2025-01-14,L02,Organic,F,28.0
C03365,2024-06-21,L03,Social,M,40.0
C03366,2025-02-11,L02,Social,F,34.0
C03367,2025-06-26,L06,Paid Ads,M,36.0
C03368,2025-03-21,L02,Paid Ads,M,22.0
C03369,2025-09-10,L06,Organic,F,25.0
C03370,2025-03-27,L05,Paid Ads,M,25.0
C03371,2025-06-25,L02,Referral,M,
C03372,2025-05-17,L02,Social,M,44.0
C03373,2025-02-01,L05,Paid Ads,M,36.0
C03374,2025-04-17,L07,Organic,M,24.0
C03375,2025-08-20,L04,Organic,M,33.0
C03376,2024-08-11,L02,Organic,F,31.0
C03377,2024-12-05,L03,Email,M,29.0
C03378,2024-09-16,L01,Social,F,32.0
C03379,2025-06-23,L01,Social,F,39.0
C03380,2024-06-09,L13,Social,M,26.0
C03381,2025-05-13,L01,Organic,F,29.0
C03382,2025-04-01,L01,Referral,F,41.0
C03383,2025-09-20,L10,Referral,F,36.0
C03384,2023-12-25,L06,Organic,M,44.0
C03385,2025-02-22,L04,Paid Ads,M,45.0
C03386,2025-03-13,L06,Referral,F,20.0
C03387,2025-08-02,L11,Social,M,35.0
C03388,2025-07-14,L01,Organic,M,27.0
C03389,2024-10-27,L02,Social,F,21.0
C03390,2024-10-03,L09,Email,M,25.0
C03391,2023-09-06,L08,Email,F,29.0
C03392,2025-09-24,L14,Organic,M,29.0
C03393,2023-12-16,L03,Organic,M,27.0
C03394,2025-02-05,L12,Referral,F,32.0
C03395,2025-04-01,L03,Paid Ads,M,54.0
C03396,2024-06-12,L07,Organic,F,18.0
C03397,2023-10-17,L10,Social,M,42.0
C03398,2023-10-24,L02,Organic,F,32.0
C03399,2025-06-25,L02,Paid Ads,M,28.0
C03400,2024-09-13,L05,Email,M,18.0
C03401,2023-05-12,L09,Paid Ads,F,39.0
C03402,2025-02-27,L01,Email,M,19.0
C03403,2023-12-22,,Paid Ads,F,39.0
C03404,2025-06-06,L03,Paid Ads,M,48.0
C03405,2024-02-20,L04,Organic,,20.0
C03406,2023-10-21,L03,Paid Ads,F,43.0
C03407,2023-05-07,L11,Paid Ads,F,32.0
C03408,2024-09-28,L02,Social,F,18.0
C03409,2024-07-09,L05,Email,M,21.0
C03410,2025-03-16,L02,Organic,M,34.0
C03411,2024-07-14,L11,Organic,F,36.0
C03412,2024-03-20,L08,Referral,F,18.0
C03413,2023-12-26,L02,Paid Ads,M,32.0
C03414,2023-12-12,L03,Organic,F,39.0
C03415,2025-08-11,L03,Organic,F,41.0
C03416,2023-09-22,L04,Organic,M,28.0
C03417,2025-09-27,L08,Paid Ads,F,
C03418,2024-02-26,L05,Organic,M,42.0
C03419,2023-05-22,L04,Social,F,40.0
C03420,2023-12-20,L07,Paid Ads,M,40.0
C03421,2023-04-22,L04,Paid Ads,F,33.0
C03422,2025-04-27,L01,Paid Ads,F,31.0
C03423,2024-09-01,L01,Organic,F,34.0
C03424,2024-03-17,L03,Social,Other,25.0
C03425,2024-12-01,L06,Referral,M,42.0
C03426,2024-12-17,L02,Social,F,18.0
C03427,2025-08-12,L05,Paid Ads,M,27.0
C03428,2025-09-09,L03,Paid Ads,F,32.0
C03429,2025-01-25,L07,Organic,F,36.0
C03430,2025-05-20,L01,Paid Ads,F,38.0
C03431,2025-04-16,L04,Referral,M,
C03432,2024-08-25,L01,Paid Ads,F,33.0
C03433,2025-02-03,L03,Organic,F,26.0
C03434,2023-05-19,L01,Organic,M,31.0
C03435,2025-03-05,L04,Organic,M,29.0
C03436,2025-09-07,L08,Paid Ads,F,37.0
C03437,2023-05-06,L01,Referral,M,22.0
C03438,2025-05-16,L07,Email,F,30.0
C03439,2025-08-18,L05,Organic,M,47.0
C03440,2023-11-22,L05,Organic,F,34.0
C03441,2024-09-13,L06,Organic,M,23.0
C03442,2025-08-27,L03,Organic,M,29.0
C03443,2025-08-11,L07,Referral,F,18.0
C03444,2023-07-05,L08,Organic,F,31.0
C03445,2024-03-02,L08,Email,F,47.0
C03446,2025-01-04,L03,Social,M,
C03447,2023-11-13,L06,Paid Ads,M,19.0
C03448,2024-02-12,L02,Email,M,
C03449,2023-02-24,L04,Referral,Other,40.0
C03450,2023-08-04,L01,Email,M,47.0
C03451,2024-10-08,L02,Organic,M,36.0
C03452,2024-12-28,L06,Email,M,20.0
C03453,2024-12-01,L10,Organic,F,32.0
C03454,2025-04-12,L01,Paid Ads,M,48.0
C03455,2024-06-06,L05,Email,F,29.0
C03456,2023-12-15,L06,Paid Ads,F,33.0
C03457,2023-01-28,L11,Organic,F,34.0
C03458,2023-10-07,,Organic,,18.0
C03459,2024-02-11,L01,Organic,M,41.0
C03460,2023-09-13,L02,Paid Ads,F,40.0
C03461,2023-02-23,L06,Paid Ads,F,18.0
C03462,2023-08-28,L02,Paid Ads,M,20.0
C03463,2024-12-03,L11,Social,M,23.0
C03464,2024-12-14,L11,Organic,F,39.0
C03465,2025-08-22,L12,Social,F,25.0
C03466,2025-04-01,L03,Paid Ads,F,36.0
C03467,2024-10-23,L07,Social,M,30.0
C03468,2023-08-07,L06,Social,F,33.0
C03469,2024-10-15,L01,Email,M,36.0
C03470,2023-04-28,L03,Organic,F,34.0
C03471,2024-06-18,L02,Paid Ads,M,32.0
C03472,2024-05-28,L03,Email,F,35.0
C03473,2024-06-17,L12,Referral,M,34.0
C03474,2024-01-06,L09,Organic,F,
C03475,2025-01-20,L03,Referral,F,28.0
C03476,2025-05-18,L05,Social,Other,49.0
C03477,2025-03-09,L02,Organic,M,
C03478,2024-12-03,L03,Referral,F,44.0
C03479,2024-10-19,L01,Social,M,
C03480,2023-02-17,L06,Paid Ads,F,39.0
C03481,2025-02-22,L06,Organic,M,48.0
C03482,2024-10-04,L09,Paid Ads,F,29.0
C03483,2023-12-16,L10,Referral,F,26.0
C03484,2024-02-23,L02,Paid Ads,F,28.0
C03485,2025-08-25,L07,Referral,F,32.0
C03486,2024-12-27,L02,Paid Ads,M,35.0
C03487,2024-08-06,L03,Social,F,32.0
C03488,2024-11-05,L05,Social,F,28.0
C03489,2024-05-17,L01,Social,M,50.0
C03490,2024-07-13,L02,Paid Ads,F,30.0
C03491,2024-01-07,L03,Organic,F,26.0
C03492,2024-06-03,L01,Social,M,39.0
C03493,2025-01-05,L11,Organic,F,40.0
C03494,2023-03-10,L03,Paid Ads,M,45.0
C03495,2025-04-21,L05,Organic,,49.0
C03496,2024-01-02,L14,Paid Ads,F,35.0
C03497,2025-01-03,L05,Referral,M,29.0
C03498,2024-12-08,L04,Paid Ads,F,18.0
C03499,2024-12-25,L11,Paid Ads,M,24.0
C03500,2024-11-28,L02,Organic,M,34.0
C03501,2025-08-13,L02,Paid Ads,M,21.0
C03502,2024-09-02,L05,Paid Ads,F,18.0
C03503,2025-02-01,L04,Social,M,33.0
C03504,2025-02-25,L08,Social,F,39.0
C03505,2023-11-13,L01,Email,M,30.0
C03506,2024-01-03,L06,Organic,F,40.0
C03507,2024-06-24,L07,Organic,M,38.0
C03508,2023-12-15,L13,Paid Ads,M,42.0
C03509,2024-04-10,L02,Referral,F,52.0
C03510,2024-05-13,L02,Referral,F,
C03511,2024-11-07,L11,Social,M,39.0
C03512,2023-11-27,L06,Paid Ads,M,28.0
C03513,2025-04-23,L01,Paid Ads,M,33.0
C03514,2024-06-06,L01,Email,F,
C03515,2025-02-21,L08,Organic,M,24.0
C03516,2023-05-06,L05,Social,F,45.0
C03517,2024-07-13,L05,Referral,M,30.0
C03518,2023-02-21,L10,Organic,F,34.0
C03519,2025-01-02,L02,Email,M,25.0
C03520,2024-03-21,L02,Social,M,20.0
C03521,2025-08-07,L06,Social,F,29.0
C03522,2024-02-20,L10,Organic,M,44.0
C03523,2024-10-14,L03,Organic,F,26.0
C03524,2023-12-01,L06,Referral,F,47.0
C03525,2024-11-22,L02,Organic,F,27.0
C03526,2024-07-08,L02,Organic,F,22.0
C03527,2024-04-27,L10,Paid Ads,F,34.0
C03528,2023-10-24,L01,Organic,M,38.0
C03529,2023-06-06,L01,Social,M,34.0
C03530,2023-07-17,L08,Paid Ads,F,33.0
C03531,2025-09-11,L03,Organic,Other,46.0
C03532,2024-05-17,L04,Paid Ads,M,33.0
C03533,2023-01-16,,Organic,F,28.0
C03534,2025-08-09,L02,Organic,F,22.0
C03535,2023-02-19,L06,Paid Ads,M,43.0
C03536,2024-06-08,L03,Paid Ads,F,28.0
C03537,2025-02-26,L01,Paid Ads,F,29.0
C03538,2025-07-27,L07,Referral,M,
C03539,2025-02-05,L03,Paid Ads,M,50.0
C03540,2024-07-21,L10,Referral,M,34.0
C03541,2025-09-27,L11,Paid Ads,M,31.0
C03542,2023-03-04,L09,Referral,F,32.0
C03543,2025-09-21,L03,Paid Ads,,28.0
C03544,2025-06-27,L02,Organic,M,29.0
C03545,2025-08-07,L10,Referral,F,29.0
C03546,2023-12-17,L04,Social,F,40.0
C03547,2023-08-23,L07,Organic,F,31.0
C03548,2024-12-10,L09,Referral,M,44.0
C03549,2024-09-07,L03,Social,M,31.0
C03550,2024-09-12,L01,Organic,M,29.0
C03551,2025-08-10,L06,Email,F,44.0
C03552,2024-11-21,L05,Paid Ads,M,32.0
C03553,2024-02-11,L03,Social,F,31.0
C03554,2024-05-11,L05,Social,M,32.0
C03555,2023-07-27,L08,Email,M,45.0
C03556,2023-10-17,L03,Referral,M,35.0
C03557,2023-08-27,L02,Referral,F,43.0
C03558,2025-05-20,L07,Organic,F,30.0
C03559,2025-02-25,L08,Organic,F,42.0
C03560,2024-09-06,L12,Social,M,34.0
C03561,2024-04-27,L02,Paid Ads,F,40.0
C03562,2025-01-27,L10,Social,M,41.0
C03563,2025-05-02,L08,Organic,F,24.0
C03564,2025-06-10,L07,Organic,M,33.0
C03565,2024-10-12,L03,Organic,F,41.0
C03566,2025-05-12,L01,Paid Ads,F,42.0
C03567,2024-09-22,L05,Organic,M,43.0
C03568,2024-08-20,L03,Paid Ads,F,33.0
C03569,2025-06-06,L03,Email,F,46.0
C03570,2024-04-18,L11,Social,M,26.0
C03571,2024-05-28,L02,Social,F,19.0
C03572,2024-01-13,L11,Organic,M,30.0
C03573,2024-09-26,L05,Paid Ads,M,
C03574,2024-10-19,L09,Referral,F,22.0
C03575,2024-12-26,L03,Organic,F,19.0
C03576,2024-06-26,L06,Paid Ads,F,18.0
C03577,2023-11-01,L05,Email,F,39.0
C03578,2025-06-23,L11,Organic,F,19.0
C03579,2024-03-06,L02,Email,M,37.0
C03580,2025-08-24,L02,Organic,F,29.0
C03581,2023-10-23,L12,Organic,M,25.0
C03582,2024-10-08,L01,Organic,M,23.0
C03583,2024-10-02,L06,Email,F,34.0
C03584,2025-05-12,L01,Referral,M,
C03585,2023-08-09,L01,Social,F,32.0
C03586,2025-07-16,L06,Paid Ads,F,36.0
C03587,2024-09-03,L05,Social,Other,38.0
C03588,2024-11-02,L05,Referral,F,40.0
C03589,2024-09-13,L04,Referral,,33.0
C03590,2023-03-22,L07,Social,M,23.0
C03591,2024-08-09,L14,Social,M,36.0
C03592,2023-12-10,L03,Referral,M,38.0
C03593,2024-03-05,L03,Organic,M,30.0
C03594,2024-12-08,L03,Social,M,29.0
C03595,2024-08-09,L08,Organic,M,54.0
C03596,2023-05-08,L03,Email,M,20.0
C03597,2023-04-10,L06,Paid Ads,M,36.0
C03598,2023-10-08,L04,Organic,M,41.0
C03599,2023-10-20,L06,Paid Ads,F,29.0
C03600,2024-11-10,L09,Paid Ads,F,30.0
C03601,2023-09-22,L05,Paid Ads,F,28.0
C03602,2025-06-17,L04,Social,F,32.0
C03603,2023-10-18,L03,Referral,F,40.0
C03604,2023-05-17,L05,Organic,F,30.0
C03605,2025-06-26,L02,Paid Ads,M,60.0
C03606,2024-01-08,L09,Social,F,28.0
C03607,2024-06-28,L03,Social,F,44.0
C03608,2025-08-06,L02,Paid Ads,M,37.0
C03609,2025-08-04,L02,Email,F,33.0
C03610,2025-02-24,L05,Organic,M,45.0
C03611,2023-04-26,L11,Referral,M,
C03612,2024-11-03,L03,Social,M,36.0
C03613,2025-09-17,L02,Paid Ads,F,26.0
C03614,2025-08-15,L04,Organic,F,28.0
C03615,2023-06-07,L13,Referral,M,28.0
C03616,2024-05-15,L09,Paid Ads,F,23.0
C03617,2024-02-20,L02,Organic,F,18.0
C03618,2023-07-17,L06,Organic,F,35.0
C03619,2025-01-15,L08,Social,M,31.0
C03620,2023-12-25,L08,Organic,M,29.0
C03621,2024-03-07,L04,Paid Ads,M,39.0
C03622,2023-05-18,L07,Email,M,36.0
C03623,2024-08-09,L05,Social,F,30.0
C03624,2023-08-28,L02,Paid Ads,M,59.0
C03625,2024-06-08,,Paid Ads,M,41.0
C03626,2023-08-25,L03,Organic,F,54.0
C03627,2025-08-18,L01,Paid Ads,M,28.0
C03628,2023-08-07,L04,Organic,F,34.0
C03629,2024-09-22,L09,Organic,M,21.0
C03630,2023-10-07,L09,Organic,F,29.0
C03631,2023-05-08,L01,Referral,F,27.0
C03632,2023-10-10,L01,Organic,M,59.0
C03633,2023-04-20,L06,Organic,M,26.0
C03634,2023-08-11,L05,Social,F,30.0
C03635,2024-08-16,L02,Organic,M,
C03636,2024-12-16,L08,Referral,M,37.0
C03637,2023-05-06,L02,Paid Ads,F,24.0
C03638,2024-06-07,L01,Paid Ads,M,40.0
C03639,2024-11-09,L07,Organic,M,18.0
C03640,2023-11-07,L06,Organic,M,31.0
C03641,2024-04-26,L04,Social,Other,18.0
C03642,2023-04-11,L07,Paid Ads,M,28.0
C03643,2023-11-12,L11,Organic,M,29.0
C03644,2024-07-19,L01,Paid Ads,M,27.0
C03645,2025-09-23,L06,Paid Ads,F,27.0
C03646,2025-09-20,L02,Organic,F,41.0
C03647,2025-09-16,L04,Paid Ads,Other,52.0
C03648,2024-06-28,L04,Paid Ads,M,35.0
C03649,2023-05-26,L03,Referral,F,24.0
C03650,2024-02-06,L02,Social,F,33.0
C03651,2023-11-05,L08,Paid Ads,F,29.0
C03652,2023-01-12,L03,Social,F,40.0
C03653,2023-06-24,L10,Paid Ads,F,35.0
C03654,2024-07-28,L03,Paid Ads,M,18.0
C03655,2024-03-20,L09,Referral,F,42.0
C03656,2023-09-20,L05,Referral,M,41.0
C03657,2025-02-07,L03,Organic,M,45.0
C03658,2024-03-17,L07,Email,Other,27.0
C03659,2025-06-06,L08,Email,M,35.0
C03660,2023-11-16,L04,Organic,F,21.0
C03661,2024-10-06,L04,Paid Ads,M,
C03662,2023-10-03,L05,Social,M,36.0
C03663,2024-08-28,L05,Email,F,26.0
C03664,2023-08-26,L04,Referral,M,35.0
C03665,2023-09-20,L08,Organic,M,34.0
C03666,2024-11-18,L04,Referral,M,28.0
C03667,2023-12-07,L04,Organic,F,45.0
C03668,2023-09-17,L06,Referral,F,30.0
C03669,2025-08-21,L14,Referral,M,33.0
C03670,2023-03-16,L02,Referral,F,19.0
C03671,2024-10-08,L02,Organic,F,37.0
C03672,2024-10-11,L02,Paid Ads,M,28.0
C03673,2023-12-24,L07,Referral,M,41.0
C03674,2024-07-08,L04,Paid Ads,F,20.0
C03675,2023-05-27,L03,Organic,F,36.0
C03676,2025-02-22,L02,Organic,M,18.0
C03677,2023-11-25,L10,Social,M,38.0
C03678,2023-10-15,L04,Paid Ads,M,30.0
C03679,2024-02-07,L06,Referral,M,36.0
C03680,2025-07-01,L01,Paid Ads,F,27.0
C03681,2025-04-15,L01,Social,M,
C03682,2025-08-12,L01,Paid Ads,M,28.0
C03683,2024-12-04,L03,Organic,M,34.0
C03684,2024-12-27,L04,Organic,M,37.0
C03685,2024-08-28,,Organic,F,35.0
C03686,2025-07-11,L03,Social,F,24.0
C03687,2024-09-19,L01,Referral,M,49.0
C03688,2024-03-12,L03,Social,F,35.0
C03689,2024-12-14,,Referral,M,26.0
C03690,2024-10-18,L01,Social,M,36.0
C03691,2023-07-12,L01,Email,F,34.0
C03692,2024-05-23,L07,Referral,M,30.0
C03693,2024-02-06,L11,Organic,M,29.0
C03694,2025-06-19,L06,Organic,M,41.0
C03695,2024-04-28,L01,Referral,F,48.0
C03696,2025-05-24,L14,Social,F,18.0
C03697,2024-06-02,L13,Paid Ads,F,43.0
C03698,2025-03-04,L04,Paid Ads,F,32.0
C03699,2023-07-18,L01,Referral,M,34.0
C03700,2025-08-26,L07,Paid Ads,F,44.0
C03701,2024-08-24,L12,Organic,F,18.0
C03702,2023-12-26,L08,Social,Other,39.0
C03703,2023-11-05,L06,Paid Ads,F,44.0
C03704,2023-12-15,L06,Organic,F,26.0
C03705,2024-04-21,L13,Paid Ads,M,19.0
C03706,2025-02-18,L01,Paid Ads,M,47.0
C03707,2025-08-22,L02,Paid Ads,F,18.0
C03708,2025-01-06,L09,Organic,Other,36.0
C03709,2024-10-13,L02,Referral,M,41.0
C03710,2024-07-13,L03,Referral,F,36.0
C03711,2025-05-27,L03,Organic,F,37.0
C03712,2025-06-06,L02,Paid Ads,M,30.0
C03713,2024-01-10,L01,Paid Ads,F,36.0
C03714,2025-08-01,L05,Paid Ads,M,26.0
C03715,2024-05-05,L04,Paid Ads,F,27.0
C03716,2025-04-28,L05,Paid Ads,F,32.0
C03717,2025-09-24,L03,Paid Ads,M,18.0
C03718,2025-02-08,L11,Social,Other,37.0
C03719,2023-09-20,L05,Paid Ads,F,18.0
C03720,2024-11-17,L12,Email,F,35.0
C03721,2023-07-26,L03,Paid Ads,M,36.0
C03722,2025-04-09,L01,Referral,M,25.0
C03723,2024-01-28,L08,Paid Ads,F,21.0
C03724,2025-01-11,L09,Social,F,28.0
C03725,2025-07-21,L01,Social,M,38.0
C03726,2023-09-12,L06,Paid Ads,F,35.0
C03727,2024-05-19,L06,Paid Ads,F,22.0
C03728,2024-12-10,L02,Email,,33.0
C03729,2024-06-24,L05,Email,F,34.0
C03730,2023-09-18,L02,Email,M,34.0
C03731,2023-02-09,L01,Organic,F,
C03732,2024-05-27,L10,Organic,M,33.0
C03733,2024-12-20,L04,Paid Ads,F,40.0
C03734,2024-10-13,L08,Social,F,37.0
C03735,2023-08-04,L07,Organic,M,36.0
C03736,2024-07-28,L14,Paid Ads,M,47.0
C03737,2024-04-22,L04,Referral,F,34.0
C03738,2023-12-19,L04,Organic,F,24.0
C03739,2025-02-24,L03,Social,M,24.0
C03740,2024-02-17,L06,Organic,M,34.0
C03741,2024-10-07,L04,Social,M,
C03742,2025-08-07,L07,Paid Ads,,29.0
C03743,2024-10-03,L03,Referral,F,36.0
C03744,2024-11-02,L02,Paid Ads,Other,43.0
C03745,2023-04-21,L09,Organic,F,18.0
C03746,2023-09-24,L09,Paid Ads,F,33.0
C03747,2023-06-05,L03,Social,M,31.0
C03748,2025-03-17,L07,Paid Ads,F,32.0
C03749,2025-05-04,L04,Organic,F,
C03750,2023-10-12,L08,Referral,F,32.0
C03751,2023-11-23,L03,Organic,M,45.0
C03752,2024-02-23,L05,Paid Ads,M,43.0
C03753,2024-11-27,L01,Paid Ads,M,51.0
C03754,2024-11-09,L02,Paid Ads,F,32.0
C03755,2025-01-27,L08,Organic,F,28.0
C03756,2025-07-22,L03,Organic,M,23.0
C03757,2024-01-10,L01,Organic,M,27.0
C03758,2024-12-10,L02,Paid Ads,M,38.0
C03759,2024-10-04,L04,Referral,F,40.0
C03760,2024-02-26,L07,Referral,F,38.0
C03761,2025-07-06,L03,Organic,F,26.0
C03762,2023-06-08,L07,Organic,M,26.0
C03763,2025-02-12,L09,Referral,M,50.0
C03764,2025-02-04,L03,Paid Ads,Other,25.0
C03765,2025-07-23,L08,Social,F,45.0
C03766,2024-09-20,L01,Organic,F,36.0
C03767,2024-02-05,L04,Organic,M,25.0
C03768,2025-05-05,L01,Paid Ads,F,21.0
C03769,2025-03-01,L01,Referral,M,26.0
C03770,2024-08-27,L01,Paid Ads,M,36.0
C03771,2025-03-13,L01,Organic,F,24.0
C03772,2023-12-19,L09,Organic,F,46.0
C03773,2024-11-05,L05,Referral,F,
C03774,2025-06-07,L12,Organic,M,38.0
C03775,2024-02-16,L05,Referral,F,38.0
C03776,2024-08-06,L06,Organic,F,47.0
C03777,2025-08-18,L02,Paid Ads,F,28.0
C03778,2025-04-26,L05,Organic,M,33.0
C03779,2025-07-09,L03,Email,M,19.0
C03780,2024-04-18,L11,Organic,M,33.0
C03781,2025-09-26,L11,Organic,M,42.0
C03782,2023-08-26,L02,Social,F,34.0
C03783,2024-09-01,L06,Organic,F,53.0
C03784,2024-08-04,L06,Organic,M,37.0
C03785,2025-04-28,L05,Organic,M,27.0
C03786,2025-07-26,L01,Referral,M,36.0
C03787,2025-02-10,L06,Paid Ads,F,19.0
C03788,2024-12-15,L08,Social,M,25.0
C03789,2024-06-17,L03,Social,F,21.0
C03790,2024-09-19,L05,Paid Ads,M,32.0
C03791,2024-09-22,L01,Organic,M,31.0
C03792,2023-02-11,L11,Social,M,
C03793,2024-08-25,L01,Social,M,31.0
C03794,2025-06-02,L02,Social,M,23.0
C03795,2025-02-01,L03,Organic,M,46.0
C03796,2025-04-27,L09,Referral,M,18.0
C03797,2024-05-05,L07,Referral,F,32.0
C03798,2024-09-28,L01,Email,F,34.0
C03799,2023-02-09,L02,Organic,M,32.0
C03800,2024-04-11,L07,Social,M,37.0
C03801,2024-08-01,L04,Referral,M,33.0
C03802,2023-12-27,L01,Social,F,36.0
C03803,2023-02-11,L12,Referral,F,27.0
C03804,2025-01-05,L02,Social,F,19.0
C03805,2024-06-14,L05,Paid Ads,M,32.0
C03806,2024-06-05,L02,Organic,F,23.0
C03807,2023-12-23,L07,Paid Ads,F,25.0
C03808,2024-10-03,L08,Social,F,42.0
C03809,2024-06-14,L04,Organic,M,46.0
C03810,2024-07-11,L06,Referral,F,42.0
C03811,2024-11-02,L11,Email,M,41.0
C03812,2023-01-02,L08,Social,F,33.0
C03813,2025-07-15,L04,Referral,F,41.0
C03814,2023-04-12,L04,Social,F,35.0
C03815,2024-07-04,L10,Organic,,50.0
C03816,2023-10-04,L01,Paid Ads,M,24.0
C03817,2024-09-23,L01,Paid Ads,M,38.0
C03818,2024-01-21,L02,Social,M,21.0
C03819,2025-06-18,L09,Organic,M,38.0
C03820,2024-05-24,L02,Organic,F,18.0
C03821,2024-12-02,L03,Referral,M,21.0
C03822,2023-12-20,L06,Paid Ads,F,20.0
C03823,2023-02-22,L02,Social,M,34.0
C03824,2024-05-06,L03,Paid Ads,M,
C03825,2024-10-16,L04,Social,F,54.0
C03826,2024-07-22,L02,Paid Ads,F,31.0
C03827,2025-09-17,L14,Social,F,39.0
C03828,2025-02-07,L02,Social,F,33.0
C03829,2025-09-19,L09,Organic,M,38.0
C03830,2024-01-22,L04,Paid Ads,,33.0
C03831,2025-04-01,L02,Social,F,42.0
C03832,2024-10-16,L01,Organic,M,23.0
C03833,2024-11-15,L05,Referral,M,18.0
C03834,2025-09-11,L03,Organic,F,36.0
C03835,2024-12-02,L02,Social,F,18.0
C03836,2025-07-03,L12,Organic,F,44.0
C03837,2025-02-22,L04,Referral,M,27.0
C03838,2023-07-24,L11,Paid Ads,F,23.0
C03839,2025-01-12,L02,Organic,F,56.0
C03840,2024-08-27,L02,Paid Ads,F,32.0
C03841,2025-07-26,L06,Social,M,30.0
C03842,2025-04-19,L03,Referral,M,39.0
C03843,2023-06-17,L02,Email,F,39.0
C03844,2023-07-28,L01,Social,M,42.0
C03845,2023-04-18,L01,Referral,M,20.0
C03846,2024-08-27,L07,Paid Ads,F,37.0
C03847,2023-05-28,L03,Email,F,29.0
C03848,2025-02-06,L13,Paid Ads,F,
C03849,2024-10-19,L02,Paid Ads,F,32.0
C03850,2025-05-21,L03,Social,M,18.0
C03851,2024-01-23,L03,Email,M,40.0
C03852,2024-09-10,L05,Paid Ads,M,29.0
C03853,2023-07-25,L10,Organic,F,28.0
C03854,2025-07-14,L09,Referral,M,31.0
C03855,2023-09-11,L01,Social,F,30.0
C03856,2023-06-05,L04,Paid Ads,F,42.0
C03857,2023-10-09,L09,Social,F,22.0
C03858,2025-04-28,L01,Paid Ads,M,
C03859,2023-06-21,L05,Paid Ads,M,30.0
C03860,2024-11-21,L02,Referral,M,22.0
C03861,2025-03-26,L04,Paid Ads,M,33.0
C03862,2025-03-08,L04,Social,F,25.0
C03863,2023-10-19,,Organic,F,19.0
C03864,2023-04-11,L10,Social,M,37.0
C03865,2024-07-24,L05,Paid Ads,M,46.0
C03866,2023-10-12,L11,Email,M,32.0
C03867,2025-01-24,L07,Social,F,31.0
C03868,2024-03-21,L03,Organic,Other,31.0
C03869,2024-07-22,L04,Email,F,27.0
C03870,2023-06-26,L03,Paid Ads,F,43.0
C03871,2024-10-23,L09,Paid Ads,F,33.0
C03872,2023-10-10,L02,Email,F,18.0
C03873,2025-01-15,L11,Email,M,43.0
C03874,2023-04-14,,Referral,M,41.0
C03875,2025-09-02,L06,Email,,37.0
C03876,2025-01-17,L05,Paid Ads,F,18.0
C03877,2023-10-13,L05,Organic,M,32.0
C03878,2023-01-12,L06,Organic,F,40.0
C03879,2024-03-04,L06,Paid Ads,F,35.0
C03880,2023-08-15,L02,Referral,F,34.0
C03881,2023-11-17,L05,Paid Ads,M,40.0
C03882,2025-06-03,L03,Paid Ads,Other,33.0
C03883,2024-11-18,L06,Organic,F,43.0
C03884,2023-09-05,L05,Paid Ads,M,33.0
C03885,2024-10-05,L02,Social,M,33.0
C03886,2023-12-12,L07,Organic,F,40.0
C03887,2025-09-11,L04,Referral,M,28.0
C03888,2023-02-26,L05,Social,M,22.0
C03889,2025-02-02,L06,Paid Ads,M,
C03890,2025-04-10,L06,Social,M,37.0
C03891,2023-04-21,L07,Email,F,
C03892,2023-09-07,L02,Organic,M,40.0
C03893,2024-04-28,L01,Referral,M,31.0
C03894,2025-06-21,L06,Organic,F,30.0
C03895,2024-10-27,L02,Paid Ads,M,27.0
C03896,2024-12-27,L01,Referral,M,34.0
C03897,2025-04-04,L02,Referral,M,18.0
C03898,2025-05-13,L03,Social,M,32.0
C03899,2024-08-21,L14,Referral,F,58.0
C03900,2024-09-01,L02,Social,F,18.0
C03901,2025-02-13,L03,Referral,F,33.0
C03902,2023-12-20,L11,Organic,M,35.0
C03903,2025-06-23,L12,Organic,M,37.0
C03904,2023-02-12,L02,Paid Ads,,23.0
C03905,2023-10-25,L10,Referral,F,37.0
C03906,2025-04-19,L02,Organic,M,27.0
C03907,2024-03-02,L08,Paid Ads,M,
C03908,2023-08-08,L01,Organic,M,41.0
C03909,2023-10-27,L04,Paid Ads,M,38.0
C03910,2024-09-01,L02,Paid Ads,F,23.0
C03911,2025-06-04,L07,Organic,F,27.0
C03912,2023-04-10,L01,Organic,F,27.0
C03913,2023-02-28,L04,Paid Ads,F,18.0
C03914,2024-07-20,L07,Paid Ads,F,39.0
C03915,2025-08-05,L01,Email,M,39.0
C03916,2023-12-12,L10,Organic,F,29.0
C03917,2025-08-27,L03,Paid Ads,F,32.0
C03918,2025-07-07,L02,Paid Ads,F,33.0
C03919,2024-01-17,L02,Referral,M,34.0
C03920,2025-05-13,L03,Paid Ads,M,20.0
C03921,2025-01-22,L02,Organic,F,36.0
C03922,2024-09-22,L05,Email,M,21.0
C03923,2024-06-24,L06,Email,Other,38.0
C03924,2025-05-04,L04,Paid Ads,M,22.0
C03925,2025-04-13,L04,Referral,M,20.0
C03926,2025-03-20,L08,Organic,M,32.0
C03927,2025-09-12,L03,Organic,Other,32.0
C03928,2024-08-19,L06,Organic,F,33.0
C03929,2025-04-18,L10,Social,M,
C03930,2025-06-11,L02,Organic,F,34.0
C03931,2023-10-03,L06,Organic,F,35.0
C03932,2023-03-28,L12,Organic,M,42.0
C03933,2024-05-24,L05,Organic,M,34.0
C03934,2025-06-26,L13,Paid Ads,M,27.0
C03935,2024-01-09,L03,Paid Ads,,20.0
C03936,2025-01-09,L05,Paid Ads,M,18.0
C03937,2023-01-10,L03,Paid Ads,M,35.0
C03938,2024-03-01,L01,Paid Ads,M,39.0
C03939,2024-11-05,L14,Social,F,24.0
C03940,2023-07-09,L02,Organic,F,34.0
C03941,2025-07-28,L13,Organic,F,30.0
C03942,2023-08-06,L06,Social,M,38.0
C03943,2025-07-15,L11,Referral,M,40.0
C03944,2023-11-16,L13,Paid Ads,M,18.0
C03945,2025-09-11,L05,Organic,F,41.0
C03946,2024-11-26,L14,Organic,M,34.0
C03947,2023-05-03,L08,Organic,M,27.0
C03948,2023-04-25,L05,Social,M,27.0
C03949,2023-05-21,L06,Referral,F,32.0
C03950,2024-11-09,L02,Organic,M,27.0
C03951,2025-05-22,L01,Organic,M,24.0
C03952,2024-05-13,L02,Organic,M,26.0
C03953,2024-07-28,L04,Organic,F,23.0
C03954,2024-11-02,L02,Paid Ads,F,44.0
C03955,2024-09-01,L05,Paid Ads,F,33.0
C03956,2025-01-16,L06,Social,M,52.0
C03957,2024-07-27,L06,Referral,M,35.0
C03958,2025-02-02,L10,Email,M,37.0
C03959,2025-09-22,L13,Social,M,22.0
C03960,2024-03-27,L10,Email,F,
C03961,2023-01-14,L06,Email,,33.0
C03962,2023-07-25,L02,Paid Ads,M,26.0
C03963,2024-10-22,L12,Organic,M,28.0
C03964,2024-03-06,L02,Organic,M,
C03965,2025-08-24,L02,Referral,M,36.0
C03966,2024-12-20,L03,Referral,M,20.0
C03967,2024-09-01,L05,Organic,M,35.0
C03968,2025-04-16,L06,Social,M,
C03969,2023-12-19,L01,Social,F,27.0
C03970,2025-05-23,L08,Referral,F,26.0
C03971,2023-01-22,L02,Paid Ads,M,36.0
C03972,2024-11-14,L03,Organic,F,18.0
C03973,2025-08-09,L03,Paid Ads,F,32.0
C03974,2025-04-06,L03,Organic,F,47.0
C03975,2025-06-03,L08,Referral,M,18.0
C03976,2024-05-18,L01,Paid Ads,F,39.0
C03977,2025-05-27,L02,Organic,M,37.0
C03978,2024-10-03,L01,Paid Ads,M,19.0
C03979,2024-11-20,L08,Referral,M,37.0
C03980,2023-04-17,L14,Paid Ads,F,41.0
C03981,2023-10-05,L06,Email,M,21.0
C03982,2024-10-06,L05,Organic,M,26.0
C03983,2023-04-08,L11,Email,F,32.0
C03984,2025-03-20,L02,Organic,M,41.0
C03985,2025-05-09,L01,Organic,F,27.0
C03986,2025-07-24,L05,Email,M,32.0
C03987,2023-06-11,L02,Social,M,26.0
C03988,2025-08-04,L04,Referral,M,32.0
C03989,2023-04-03,L04,Social,M,41.0
C03990,2024-07-12,L03,Paid Ads,F,33.0
C03991,2025-05-12,L04,Social,M,29.0
C03992,2023-04-21,L03,Organic,M,32.0
C03993,2023-02-14,L01,Social,F,25.0
C03994,2023-02-05,L10,Email,M,23.0
C03995,2024-09-06,,Social,M,43.0
C03996,2025-05-16,L01,Social,F,47.0
C03997,2023-07-10,L01,Referral,,18.0
C03998,2023-07-19,L01,Paid Ads,F,37.0
C03999,2024-10-26,L01,Paid Ads,F,40.0
C04000,2023-11-10,L01,Social,F,
C04001,2025-02-16,L02,Referral,M,28.0
C04002,2025-08-24,L09,Paid Ads,F,27.0
C04003,2025-03-06,,Social,F,49.0
C04004,2025-06-15,L08,Organic,M,47.0
C04005,2024-09-09,L06,Social,M,24.0
C04006,2025-05-18,L07,Social,M,
C04007,2023-10-21,L07,Organic,F,39.0
C04008,2023-04-04,L10,Organic,F,37.0
C04009,2024-12-06,L07,Referral,M,43.0
C04010,2023-03-01,L07,Organic,F,22.0
C04011,2025-07-01,L08,Email,F,39.0
C04012,2025-01-02,L05,Organic,Other,25.0
C04013,2025-08-20,L02,Organic,F,38.0
C04014,2024-02-26,L01,Organic,M,32.0
C04015,2024-08-12,L04,Social,M,49.0
C04016,2025-03-25,L01,Paid Ads,F,36.0
C04017,2023-11-21,L02,Social,M,29.0
C04018,2024-10-23,L01,Email,F,33.0
C04019,2024-12-21,L03,Referral,F,31.0
C04020,2025-09-06,L13,Organic,F,22.0
C04021,2025-03-15,L03,Organic,F,49.0
C04022,2023-07-15,L02,Social,M,46.0
C04023,2024-08-18,L04,Organic,M,30.0
C04024,2024-11-23,L03,Social,M,38.0
C04025,2023-08-04,,Social,F,50.0
C04026,2024-06-19,L06,Referral,,43.0
C04027,2024-01-24,L01,Referral,M,29.0
C04028,2023-07-04,L05,Email,F,31.0
C04029,2024-09-12,L01,Social,F,18.0
C04030,2023-09-26,L06,Referral,F,39.0
C04031,2024-11-01,L11,Paid Ads,F,43.0
C04032,2023-09-05,L11,Paid Ads,M,43.0
C04033,2025-02-23,,Paid Ads,F,38.0
C04034,2023-10-05,L07,Email,Other,35.0
C04035,2025-07-20,L08,Referral,M,23.0
C04036,2023-02-26,L09,Social,F,35.0
C04037,2024-09-14,L02,Organic,Other,26.0
C04038,2024-02-14,L04,Social,M,37.0
C04039,2023-11-13,L02,Paid Ads,F,25.0
C04040,2024-07-11,L01,Social,F,37.0
C04041,2025-05-11,L06,Organic,M,44.0
C04042,2025-07-16,L04,Social,M,35.0
C04043,2024-01-26,L02,Referral,M,35.0
C04044,2023-08-28,L09,Paid Ads,M,40.0
C04045,2025-02-25,L04,Paid Ads,M,48.0
C04046,2024-11-04,L14,Paid Ads,M,31.0
C04047,2023-10-09,L08,Paid Ads,M,
C04048,2025-03-22,L10,Organic,M,46.0
C04049,2024-09-16,L08,Paid Ads,F,38.0
C04050,2024-12-10,L01,Paid Ads,M,18.0
C04051,2024-04-09,L01,Paid Ads,F,26.0
C04052,2024-06-04,L11,Referral,M,39.0
C04053,2023-09-10,L02,Paid Ads,F,28.0
C04054,2025-03-12,L03,Organic,M,45.0
C04055,2023-08-12,L06,Social,F,49.0
C04056,2025-04-16,L02,Paid Ads,M,27.0
C04057,2025-04-08,L02,Referral,F,23.0
C04058,2025-03-06,L04,Email,M,29.0
C04059,2023-02-25,L03,Social,F,
C04060,2023-12-12,L06,Paid Ads,M,46.0
C04061,2024-07-08,L01,Paid Ads,M,23.0
C04062,2024-11-18,L04,Social,F,39.0
C04063,2025-07-16,L02,Social,,44.0
C04064,2024-04-17,L06,Organic,M,39.0
C04065,2025-06-07,L01,Referral,M,36.0
C04066,2023-09-21,L02,Social,M,31.0
C04067,2024-04-06,L08,Social,F,49.0
C04068,2023-03-24,L02,Organic,M,30.0
C04069,2025-03-12,L07,Paid Ads,M,41.0
C04070,2023-08-12,L03,Paid Ads,M,31.0
C04071,2023-12-11,L02,Organic,M,18.0
C04072,2025-04-12,L03,Referral,M,30.0
C04073,2024-09-19,L10,Paid Ads,M,31.0
C04074,2023-01-14,L04,Organic,M,31.0
C04075,2023-01-04,L02,Paid Ads,F,26.0
C04076,2024-09-16,L05,Social,M,38.0
C04077,2024-01-08,L03,Social,F,39.0
C04078,2023-09-04,L08,Social,M,29.0
C04079,2024-11-24,L14,Email,M,29.0
C04080,2023-11-09,L05,Email,F,23.0
C04081,2024-11-17,L04,Paid Ads,F,34.0
C04082,2024-04-05,,Organic,F,44.0
C04083,2023-10-10,L13,Social,M,44.0
C04084,2023-08-11,L04,Referral,F,27.0
C04085,2023-11-04,L02,Paid Ads,F,50.0
C04086,2023-02-28,L13,Email,F,29.0
C04087,2024-02-09,L12,Paid Ads,F,23.0
C04088,2025-07-17,L04,Email,F,20.0
C04089,2025-05-16,L03,Referral,F,22.0
C04090,2024-04-13,L06,Organic,M,35.0
C04091,2024-10-17,L09,Social,M,30.0
C04092,2024-10-16,L05,Social,M,26.0
C04093,2025-05-03,L03,Referral,F,24.0
C04094,2023-11-19,L03,Referral,F,22.0
C04095,2024-01-04,L03,Organic,F,24.0
C04096,2024-01-13,L01,Organic,M,41.0
C04097,2023-03-11,L08,Organic,F,48.0
C04098,2024-02-13,L01,Organic,F,49.0
C04099,2025-06-03,L04,Paid Ads,M,38.0
C04100,2025-07-20,L09,Paid Ads,F,28.0
C04101,2023-06-12,L04,Organic,M,26.0
C04102,2024-07-02,L03,Paid Ads,M,39.0
C04103,2024-04-01,L12,Organic,M,30.0
C04104,2024-08-16,L01,Organic,F,36.0
C04105,2024-10-19,L10,Email,F,49.0
C04106,2023-02-16,L01,Email,M,34.0
C04107,2025-05-21,L04,Social,F,53.0
C04108,2025-09-22,L06,Organic,F,22.0
C04109,2024-12-25,L03,Social,F,36.0
C04110,2024-12-28,L05,Organic,F,35.0
C04111,2024-09-25,L02,Paid Ads,F,23.0
C04112,2024-03-23,L05,Social,M,39.0
C04113,2023-08-13,L02,Paid Ads,M,46.0
C04114,2024-11-15,L08,Email,F,52.0
C04115,2023-03-18,L05,Referral,M,36.0
C04116,2025-05-05,L04,Paid Ads,Other,18.0
C04117,2024-06-19,L01,Organic,F,36.0
C04118,2024-05-17,L05,Social,M,39.0
C04119,2024-02-15,L05,Paid Ads,F,30.0
C04120,2025-09-24,L03,Organic,M,34.0
C04121,2023-09-20,L06,Organic,F,28.0
C04122,2023-08-27,L01,Email,,31.0
C04123,2023-09-28,L02,Organic,Other,41.0
C04124,2024-12-24,L07,Email,M,45.0
C04125,2025-09-09,L02,Referral,F,21.0
C04126,2023-11-06,L02,Paid Ads,M,27.0
C04127,2025-07-09,L06,Paid Ads,M,18.0
C04128,2023-12-20,L07,Social,M,49.0
C04129,2024-12-25,L01,Paid Ads,F,40.0
C04130,2023-03-25,L01,Organic,F,18.0
C04131,2024-08-20,L04,Organic,M,31.0
C04132,2024-12-20,L05,Social,F,29.0
C04133,2024-10-27,L04,Referral,F,25.0
C04134,2023-11-20,L06,Paid Ads,F,41.0
C04135,2025-05-04,L08,Organic,F,41.0
C04136,2025-09-15,L12,Paid Ads,M,34.0
C04137,2024-07-11,L03,Social,F,26.0
C04138,2024-12-18,,Organic,F,26.0
C04139,2025-04-18,L02,Email,F,32.0
C04140,2023-11-09,L02,Social,F,28.0
C04141,2025-06-09,L04,Paid Ads,F,
C04142,2024-01-03,L10,Social,F,37.0
C04143,2025-04-09,L03,Referral,M,18.0
C04144,2023-06-24,L02,Referral,F,25.0
C04145,2024-01-19,L05,Organic,F,32.0
C04146,2024-09-27,L14,Email,M,46.0
C04147,2024-09-26,L02,Paid Ads,M,40.0
C04148,2025-06-24,L08,Social,M,32.0
C04149,2025-09-06,L09,Organic,Other,36.0
C04150,2023-06-10,L04,Paid Ads,F,31.0
C04151,2023-12-02,L06,Email,F,42.0
C04152,2024-03-03,L04,Paid Ads,F,36.0
C04153,2024-08-07,L02,Organic,F,44.0
C04154,2024-08-08,L04,Social,Other,20.0
C04155,2025-06-01,L01,Organic,M,25.0
C04156,2025-03-24,L07,Social,M,34.0
C04157,2023-02-15,L09,Email,Other,
C04158,2024-07-19,L03,Organic,,54.0
C04159,2024-11-19,L05,Referral,F,18.0
C04160,2024-07-28,L02,Email,,32.0
C04161,2023-07-05,L01,Email,F,31.0
C04162,2024-05-10,,Paid Ads,F,34.0
C04163,2024-05-09,L02,Referral,M,48.0
C04164,2023-10-16,L08,Referral,M,40.0
C04165,2025-03-15,L03,Organic,M,
C04166,2024-02-23,L08,Referral,F,46.0
C04167,2024-11-16,L03,Paid Ads,M,46.0
C04168,2024-09-07,L03,Paid Ads,F,34.0
C04169,2025-06-16,L07,Paid Ads,M,18.0
C04170,2023-07-27,L05,Social,F,31.0
C04171,2023-06-17,L02,Organic,F,36.0
C04172,2024-01-17,L09,Organic,F,41.0
C04173,2024-06-05,L03,Organic,M,18.0
C04174,2024-01-01,L01,Organic,Other,25.0
C04175,2025-03-06,L04,Email,F,42.0
C04176,2023-11-01,,Paid Ads,F,46.0
C04177,2023-05-13,L06,Organic,F,36.0
C04178,2024-05-25,L09,Email,M,42.0
C04179,2025-04-13,L05,Organic,M,36.0
C04180,2025-06-19,L02,Paid Ads,M,41.0
C04181,2025-02-24,L02,Social,F,33.0
C04182,2024-10-22,L01,Social,F,36.0
C04183,2025-02-19,L07,Organic,M,21.0
C04184,2025-01-22,L01,Referral,M,38.0
C04185,2023-11-08,L06,Referral,F,21.0
C04186,2024-10-12,L06,Referral,F,38.0
C04187,2025-03-12,L08,Organic,F,28.0
C04188,2024-02-23,L01,Social,F,35.0
C04189,2024-12-12,L02,Paid Ads,F,23.0
C04190,2024-08-27,L11,Social,M,27.0
C04191,2024-08-06,L05,Email,F,35.0
C04192,2023-05-05,L04,Social,F,39.0
C04193,2024-12-21,L07,Social,M,42.0
C04194,2025-06-22,L10,Organic,F,22.0
C04195,2023-08-20,L02,Organic,M,18.0
C04196,2024-04-09,L10,Paid Ads,M,23.0
C04197,2023-03-01,L01,Organic,F,22.0
C04198,2023-02-10,L13,Referral,M,46.0
C04199,2025-09-14,L02,Social,F,44.0
C04200,2024-08-12,L03,Paid Ads,F,23.0
C04201,2024-03-26,L01,Organic,F,47.0
C04202,2023-12-25,L08,Social,M,44.0
C04203,2025-09-22,L14,Referral,F,18.0
C04204,2023-12-01,L03,Paid Ads,M,23.0
C04205,2025-02-04,L03,Paid Ads,F,18.0
C04206,2024-01-13,L03,Organic,M,31.0
C04207,2023-04-18,L02,Social,F,32.0
C04208,2025-01-20,L08,Organic,F,32.0
C04209,2023-01-09,L01,Paid Ads,M,18.0
C04210,2025-01-04,L13,Organic,F,19.0
C04211,2023-12-10,L11,Organic,F,34.0
C04212,2025-03-23,L01,Organic,,38.0
C04213,2025-03-28,L05,Organic,M,18.0
C04214,2025-02-27,L14,Social,M,20.0
C04215,2023-02-17,L09,Social,F,41.0
C04216,2025-02-03,L07,Organic,F,21.0
C04217,2025-09-28,L01,Organic,F,32.0
C04218,2023-11-05,L01,Social,F,20.0
C04219,2023-12-08,L08,Organic,F,39.0
C04220,2025-05-28,L03,Paid Ads,F,18.0
C04221,2023-09-15,L06,Organic,F,29.0
C04222,2024-12-06,L07,Referral,M,40.0
C04223,2025-03-15,L04,Email,F,37.0
C04224,2023-03-03,L02,Organic,F,28.0
C04225,2024-10-09,L03,Email,F,26.0
C04226,2024-10-27,L10,Social,F,30.0
C04227,2024-01-09,L03,Email,M,20.0
C04228,2025-06-25,L01,Social,F,31.0
C04229,2023-09-16,L12,Social,F,31.0
C04230,2024-04-19,L06,Referral,M,
C04231,2025-06-20,L05,Social,F,41.0
C04232,2023-10-16,L09,Organic,F,22.0
C04233,2025-05-01,L04,Social,M,18.0
C04234,2023-05-26,L14,Referral,M,27.0
C04235,2024-08-14,L09,Organic,M,33.0
C04236,2023-05-19,L03,Organic,M,31.0
C04237,2025-01-16,L03,Organic,M,31.0
C04238,2025-04-19,L03,Paid Ads,F,22.0
C04239,2025-06-10,L06,Organic,M,23.0
C04240,2025-09-24,L06,Organic,F,28.0
C04241,2025-01-07,L05,Organic,M,27.0
C04242,2025-03-19,L13,Referral,M,42.0
C04243,2024-09-17,L04,Organic,F,34.0
C04244,2025-07-15,L08,Organic,M,27.0
C04245,2024-12-01,L06,Paid Ads,M,42.0
C04246,2025-07-11,L05,Paid Ads,F,36.0
C04247,2023-11-02,L01,Organic,M,20.0
C04248,2024-08-15,L06,Email,M,18.0
C04249,2025-02-20,L06,Paid Ads,F,20.0
C04250,2023-10-15,L01,Organic,M,37.0
C04251,2023-10-22,L08,Paid Ads,F,40.0
C04252,2025-09-11,L04,Social,F,18.0
C04253,2024-06-09,L03,Paid Ads,M,38.0
C04254,2023-10-13,L09,Organic,M,38.0
C04255,2024-02-07,L03,Paid Ads,M,45.0
C04256,2024-05-23,L06,Paid Ads,M,41.0
C04257,2024-11-23,L06,Paid Ads,M,44.0
C04258,2025-08-12,L01,Email,F,36.0
C04259,2025-09-23,L04,Email,M,36.0
C04260,2024-12-01,L02,Paid Ads,M,29.0
C04261,2025-01-05,L02,Organic,F,39.0
C04262,2024-02-08,L06,Paid Ads,F,20.0
C04263,2025-06-11,L01,Email,M,31.0
C04264,2023-11-07,L13,Email,Other,37.0
C04265,2023-06-15,,Organic,Other,45.0
C04266,2025-09-23,L03,Organic,M,28.0
C04267,2025-06-13,L11,Organic,M,41.0
C04268,2024-01-13,L04,Social,F,30.0
C04269,2025-01-02,L06,Paid Ads,M,41.0
C04270,2024-07-08,L07,Paid Ads,M,25.0
C04271,2024-02-23,L10,Paid Ads,M,39.0
C04272,2024-01-23,L02,Organic,Other,31.0
C04273,2023-08-03,L01,Social,F,21.0
C04274,2024-10-01,L14,Paid Ads,Other,31.0
C04275,2024-07-24,L01,Organic,M,44.0
C04276,2024-09-05,L07,Referral,F,23.0
C04277,2023-11-17,L06,Referral,F,19.0
C04278,2025-08-24,L05,Referral,M,36.0
C04279,2024-12-23,L08,Social,,18.0
C04280,2025-07-16,L14,Organic,F,46.0
C04281,2023-06-11,L01,Organic,M,46.0
C04282,2024-11-22,L06,Organic,F,41.0
C04283,2025-06-20,L07,Referral,F,32.0
C04284,2024-02-24,L03,Email,M,47.0
C04285,2023-10-15,L10,Paid Ads,F,44.0
C04286,2023-12-27,L04,Social,M,27.0
C04287,2023-12-22,L02,Social,F,45.0
C04288,2024-07-02,L09,Email,M,24.0
C04289,2024-02-09,L12,Paid Ads,F,30.0
C04290,2023-12-23,L01,Organic,M,18.0
C04291,2024-12-04,L07,Social,M,33.0
C04292,2023-03-20,L02,Social,M,29.0
C04293,2024-03-10,L01,Referral,M,28.0
C04294,2025-01-06,L02,Social,M,31.0
C04295,2023-09-16,L09,Paid Ads,F,27.0
C04296,2023-11-27,L02,Referral,M,32.0
C04297,2023-10-26,L02,Organic,,44.0
C04298,2023-01-12,L07,Paid Ads,M,22.0
C04299,2024-07-01,L04,Organic,F,40.0
C04300,2023-03-25,L02,Organic,M,34.0
C04301,2023-12-26,L02,Organic,F,35.0
C04302,2025-09-17,L08,Referral,M,32.0
C04303,2025-07-18,L06,Social,M,26.0
C04304,2023-11-15,L08,Paid Ads,F,36.0
C04305,2024-02-01,L01,Paid Ads,M,37.0
C04306,2024-07-05,L04,Organic,F,25.0
C04307,2025-05-05,L08,Paid Ads,M,20.0
C04308,2025-04-26,L03,Organic,,33.0
C04309,2023-07-02,L02,Paid Ads,F,39.0
C04310,2023-07-16,L03,Email,F,41.0
C04311,2024-06-11,L03,Paid Ads,M,43.0
C04312,2025-06-01,L02,Referral,M,35.0
C04313,2025-06-26,L12,Referral,F,30.0
C04314,2023-06-01,L04,Organic,F,32.0
C04315,2024-10-24,L06,Paid Ads,F,21.0
C04316,2023-08-22,L01,Organic,M,
C04317,2025-01-23,L06,Paid Ads,F,32.0
C04318,2025-07-05,L05,Social,M,30.0
C04319,2024-07-25,L11,Paid Ads,M,33.0
C04320,2023-05-17,L04,Paid Ads,M,20.0
C04321,2024-11-12,L08,Organic,Other,22.0
C04322,2024-05-20,L03,Paid Ads,M,
C04323,2025-05-10,L05,Email,M,24.0
C04324,2024-03-08,L11,Paid Ads,M,26.0
C04325,2025-06-09,L06,Social,M,33.0
C04326,2023-12-16,L07,Organic,M,24.0
C04327,2023-08-17,L10,Organic,F,42.0
C04328,2024-02-07,L11,Paid Ads,Other,21.0
C04329,2023-02-07,L02,Email,F,32.0
C04330,2024-01-27,L02,Organic,M,25.0
C04331,2024-12-15,L05,Social,F,33.0
C04332,2023-08-25,L14,Organic,M,28.0
C04333,2023-06-10,L04,Referral,M,32.0
C04334,2023-07-09,L03,Referral,M,43.0
C04335,2023-05-08,L05,Referral,M,26.0
C04336,2025-06-15,L01,Organic,F,26.0
C04337,2025-08-22,L02,Organic,F,29.0
C04338,2023-03-15,L02,Social,F,45.0
C04339,2025-03-09,L01,Paid Ads,M,31.0
C04340,2025-02-27,L07,Organic,F,43.0
C04341,2025-09-17,L03,Paid Ads,F,30.0
C04342,2024-03-12,L02,Organic,F,43.0
C04343,2024-01-01,L05,Paid Ads,M,36.0
C04344,2024-07-16,L03,Paid Ads,M,37.0
C04345,2025-06-18,L03,Organic,F,19.0
C04346,2025-02-27,L03,Paid Ads,Other,18.0
C04347,2024-07-07,L01,Referral,F,42.0
C04348,2023-11-05,L07,Email,F,42.0
C04349,2025-02-28,L01,Referral,F,54.0
C04350,2025-06-16,L02,Paid Ads,M,19.0
C04351,2024-05-01,L02,Social,F,36.0
C04352,2025-01-03,L03,Organic,F,23.0
C04353,2024-05-14,L02,Referral,M,25.0
C04354,2024-08-18,L03,Organic,M,27.0
C04355,2024-09-07,L02,Organic,M,
C04356,2025-04-11,L01,Referral,M,26.0
C04357,2025-09-21,L10,Organic,M,32.0
C04358,2024-07-28,L03,Referral,F,39.0
C04359,2024-03-14,L01,Referral,M,42.0
C04360,2024-04-12,L05,Organic,F,38.0
C04361,2023-07-11,L01,Paid Ads,F,36.0
C04362,2024-01-04,L08,Referral,Other,31.0
C04363,2023-05-02,L01,Referral,F,27.0
C04364,2024-06-24,L04,Social,F,37.0
C04365,2023-09-02,,Paid Ads,F,23.0
C04366,2024-03-23,L02,Social,M,33.0
C04367,2025-04-07,L02,Paid Ads,Other,22.0
C04368,2023-12-20,L06,Organic,F,32.0
C04369,2024-11-27,L13,Referral,F,23.0
C04370,2025-07-21,L03,Organic,M,28.0
C04371,2024-10-21,L06,Organic,M,26.0
C04372,2023-10-08,L02,Organic,F,25.0
C04373,2024-03-17,L06,Social,F,31.0
C04374,2024-11-18,L02,Email,M,18.0
C04375,2024-09-12,L06,Email,F,18.0
C04376,2023-08-02,L01,Paid Ads,M,39.0
C04377,2024-07-26,L05,Paid Ads,F,33.0
C04378,2024-10-06,L02,Social,M,25.0
C04379,2023-12-28,L06,Paid Ads,M,41.0
C04380,2024-11-27,L07,Paid Ads,M,26.0
C04381,2023-04-01,L09,Organic,M,27.0
C04382,2024-03-21,L14,Paid Ads,F,25.0
C04383,2025-04-18,L04,Referral,F,49.0
C04384,2023-12-07,L06,Paid Ads,M,34.0
C04385,2024-11-23,L01,Organic,M,34.0
C04386,2024-05-04,L11,Social,M,36.0
C04387,2024-02-07,L06,Referral,F,18.0
C04388,2025-07-27,L04,Organic,M,27.0
C04389,2024-03-21,L04,Paid Ads,F,36.0
C04390,2023-11-04,L08,Email,F,32.0
C04391,2025-07-05,L09,Referral,F,52.0
C04392,2025-03-08,L08,Referral,M,27.0
C04393,2025-01-02,L05,Referral,M,40.0
C04394,2023-03-06,L03,Email,M,39.0
C04395,2023-07-17,L12,Paid Ads,M,33.0
C04396,2024-12-01,L06,Organic,F,35.0
C04397,2023-10-09,L05,Paid Ads,F,29.0
C04398,2023-11-09,L06,Social,F,18.0
C04399,2025-04-28,L06,Organic,F,35.0
C04400,2024-01-28,L07,Organic,F,
C04401,2023-04-24,L05,Organic,F,37.0
C04402,2023-03-10,L10,Referral,M,33.0
C04403,2024-06-15,L09,Referral,M,41.0
C04404,2024-11-15,L04,Paid Ads,M,24.0
C04405,2025-06-25,L02,Organic,F,45.0
C04406,2023-06-21,L05,Social,M,23.0
C04407,2023-10-26,L06,Organic,F,31.0
C04408,2024-09-16,L05,Social,F,38.0
C04409,2024-04-26,L10,Organic,M,27.0
C04410,2024-08-21,L01,Email,F,39.0
C04411,2025-08-21,L03,Paid Ads,M,29.0
C04412,2024-10-19,L10,Referral,M,33.0
C04413,2024-06-10,L11,Organic,F,30.0
C04414,2025-09-18,L04,Organic,M,
C04415,2023-04-10,L02,Referral,F,52.0
C04416,2025-08-19,L04,Paid Ads,Other,24.0
C04417,2024-08-08,L04,Social,M,18.0
C04418,2024-08-23,L05,Paid Ads,F,25.0
C04419,2025-08-16,L03,Paid Ads,F,33.0
C04420,2024-09-20,L03,Social,F,29.0
C04421,2024-06-07,L06,Paid Ads,M,41.0
C04422,2023-12-23,L06,Social,F,
C04423,2024-12-23,L06,Paid Ads,M,29.0
C04424,2024-10-05,L03,Paid Ads,F,18.0
C04425,2023-11-10,L03,Social,Other,20.0
C04426,2025-02-19,L03,Organic,F,32.0
C04427,2024-12-25,L12,Organic,M,18.0
C04428,2024-05-21,L04,Organic,M,29.0
C04429,2023-01-14,L06,Paid Ads,F,45.0
C04430,2024-07-09,L05,Referral,F,35.0
C04431,2023-01-26,L10,Organic,M,32.0
C04432,2023-05-25,L03,Organic,M,23.0
C04433,2024-06-26,L04,Paid Ads,M,34.0
C04434,2023-05-09,L09,Organic,F,30.0
C04435,2023-12-13,L02,Organic,M,34.0
C04436,2024-12-07,L06,Organic,M,39.0
C04437,2024-02-27,L04,Social,M,40.0
C04438,2025-09-25,L14,Referral,F,33.0
C04439,2025-07-05,L07,Organic,F,37.0
C04440,2024-11-07,L01,Organic,Other,27.0
C04441,2025-09-16,L09,Organic,M,42.0
C04442,2025-06-12,L07,Paid Ads,M,24.0
C04443,2024-02-13,L05,Paid Ads,,30.0
C04444,2025-03-11,L02,Email,F,43.0
C04445,2023-08-19,L02,Social,M,28.0
C04446,2025-01-26,L06,Paid Ads,M,20.0
C04447,2024-08-26,L04,Organic,M,28.0
C04448,2023-01-13,L09,Referral,M,45.0
C04449,2023-12-24,L02,Email,M,18.0
C04450,2025-08-20,L06,Organic,F,33.0
C04451,2024-02-06,L02,Social,M,
C04452,2023-10-23,L06,Organic,M,30.0
C04453,2023-10-10,L01,Referral,F,29.0
C04454,2024-08-18,L03,Organic,Other,41.0
C04455,2025-05-21,L02,Referral,F,32.0
C04456,2025-03-27,L06,Organic,F,41.0
C04457,2024-06-27,L03,Paid Ads,,44.0
C04458,2023-10-23,L08,Referral,M,32.0
C04459,2023-03-15,L01,Referral,M,29.0
C04460,2024-07-12,L05,Referral,M,35.0
C04461,2025-05-13,L06,Organic,M,37.0
C04462,2025-02-27,L01,Referral,F,22.0
C04463,2024-05-06,L01,Organic,M,
C04464,2024-11-15,L03,Referral,M,30.0
C04465,2024-06-20,L06,Organic,M,28.0
C04466,2024-10-01,L12,Paid Ads,M,26.0
C04467,2024-09-18,L01,Paid Ads,F,26.0
C04468,2025-01-08,L07,Email,F,43.0
C04469,2024-09-08,L07,Referral,M,29.0
C04470,2025-08-18,L06,Organic,M,42.0
C04471,2024-06-01,L05,Referral,F,33.0
C04472,2023-01-05,L13,Organic,F,22.0
C04473,2023-11-13,L05,Organic,F,34.0
C04474,2024-08-17,L09,Paid Ads,M,21.0
C04475,2024-10-04,L02,Social,F,37.0
C04476,2024-10-11,L08,Email,,30.0
C04477,2025-02-09,L14,Email,M,40.0
C04478,2023-12-15,L11,Organic,F,45.0
C04479,2024-12-09,L03,Organic,,18.0
C04480,2025-02-01,L09,Social,M,28.0
C04481,2024-05-15,L01,Organic,F,21.0
C04482,2024-05-24,L06,Referral,F,51.0
C04483,2023-09-17,L03,Email,F,28.0
C04484,2024-05-11,L06,Organic,M,20.0
C04485,2025-04-14,L04,Paid Ads,M,52.0
C04486,2025-07-04,L01,Social,M,25.0
C04487,2024-11-07,L02,Referral,Other,18.0
C04488,2024-01-13,L01,Email,M,22.0
C04489,2025-01-17,L04,Referral,F,33.0
C04490,2025-03-14,,Paid Ads,F,32.0
C04491,2024-03-27,L07,Social,M,24.0
C04492,2025-05-18,L08,Social,M,28.0
C04493,2023-05-01,L08,Email,M,32.0
C04494,2023-01-15,L03,Paid Ads,M,44.0
C04495,2023-07-17,L05,Paid Ads,F,35.0
C04496,2023-08-02,,Paid Ads,F,27.0
C04497,2025-06-11,L01,Organic,M,30.0
C04498,2024-06-25,L06,Email,M,39.0
C04499,2023-12-10,L07,Email,M,47.0
C04500,2024-06-13,L06,Paid Ads,F,22.0
C04501,2024-05-07,L07,Email,M,42.0
C04502,2024-01-03,L01,Paid Ads,F,29.0
C04503,2023-08-09,L08,Social,F,18.0
C04504,2024-12-22,L02,Referral,M,18.0
C04505,2023-08-28,L10,Referral,M,44.0
C04506,2025-04-19,L02,Referral,M,
C04507,2023-10-24,L04,Referral,,27.0
C04508,2025-02-19,L04,Social,F,30.0
C04509,2025-04-19,L03,Paid Ads,M,18.0
C04510,2023-07-12,L03,Social,M,39.0
C04511,2023-05-02,L02,Organic,M,32.0
C04512,2025-08-12,L05,Organic,F,18.0
C04513,2024-07-25,L11,Referral,M,
C04514,2024-12-16,L03,Social,F,
C04515,2023-02-22,L05,Email,F,37.0
C04516,2023-12-02,L09,Organic,M,22.0
C04517,2024-09-06,L04,Organic,F,35.0
C04518,2025-07-09,L09,Paid Ads,M,26.0
C04519,2023-12-11,L04,Social,M,18.0
C04520,2025-04-28,L04,Email,F,41.0
C04521,2024-12-13,L02,Social,F,41.0
C04522,2023-07-19,L01,Paid Ads,M,27.0
C04523,2024-01-19,L06,Social,M,34.0
C04524,2023-11-12,L09,Organic,M,36.0
C04525,2024-06-28,L02,Email,F,36.0
C04526,2024-12-07,L11,Paid Ads,M,48.0
C04527,2024-06-01,L03,Paid Ads,M,36.0
C04528,2023-11-21,L04,Referral,F,29.0
C04529,2025-01-19,L10,Social,F,36.0
C04530,2024-11-08,L10,Organic,M,28.0
C04531,2024-09-25,L05,Organic,,22.0
C04532,2024-10-05,L03,Social,F,43.0
C04533,2023-11-08,L02,Email,Other,37.0
C04534,2025-01-05,L03,Referral,F,18.0
C04535,2024-05-06,,Organic,M,26.0
C04536,2024-04-21,L03,Referral,M,39.0
C04537,2023-08-20,L07,Organic,M,18.0
C04538,2024-11-18,L02,Paid Ads,F,25.0
C04539,2024-11-25,L04,Organic,F,56.0
C04540,2024-03-02,L03,Paid Ads,M,29.0
C04541,2025-06-18,L05,Paid Ads,M,42.0
C04542,2025-05-04,L05,Organic,F,46.0
C04543,2023-06-27,L14,Paid Ads,F,24.0
C04544,2025-01-18,L10,Referral,M,34.0
C04545,2024-05-22,,Organic,F,51.0
C04546,2025-09-16,L02,Organic,M,36.0
C04547,2023-11-11,L11,Paid Ads,M,
C04548,2024-01-20,L10,Social,F,26.0
C04549,2024-06-24,L10,Social,,48.0
C04550,2023-12-05,L04,Paid Ads,M,32.0
C04551,2025-01-25,L02,Referral,M,29.0
C04552,2024-08-21,L07,Social,M,38.0
C04553,2023-11-03,L03,Referral,F,31.0
C04554,2024-09-27,L03,Paid Ads,M,31.0
C04555,2025-07-06,L03,Organic,F,36.0
C04556,2025-04-17,L05,Organic,M,18.0
C04557,2024-08-04,L03,Paid Ads,M,25.0
C04558,2024-01-06,L07,Paid Ads,F,39.0
C04559,2023-09-19,L06,Email,M,41.0
C04560,2025-06-20,L05,Organic,M,35.0
C04561,2025-02-20,L01,Paid Ads,F,34.0
C04562,2024-10-10,L11,Email,M,36.0
C04563,2025-06-23,L04,Referral,F,41.0
C04564,2023-07-02,L04,Organic,F,19.0
C04565,2025-01-24,L04,Email,F,27.0
C04566,2023-11-09,L03,Paid Ads,M,31.0
C04567,2023-07-18,L06,Organic,M,34.0
C04568,2024-07-26,L01,Paid Ads,M,18.0
C04569,2024-05-08,L10,Organic,M,21.0
C04570,2025-08-12,L01,Social,M,32.0
C04571,2024-02-24,L14,Organic,F,41.0
C04572,2025-05-25,L06,Social,F,28.0
C04573,2025-03-07,L01,Organic,M,26.0
C04574,2024-12-15,L05,Email,F,37.0
C04575,2025-07-10,L03,Organic,M,29.0
C04576,2024-05-15,L12,Email,F,40.0
C04577,2024-05-11,L08,Organic,M,30.0
C04578,2023-09-01,L05,Social,F,22.0
C04579,2023-12-26,L04,Social,M,45.0
C04580,2025-06-18,L14,Referral,M,43.0
C04581,2024-08-13,L06,Organic,F,23.0
C04582,2024-03-04,L05,Referral,F,36.0
C04583,2023-11-02,L04,Referral,M,29.0
C04584,2024-08-14,L03,Paid Ads,F,38.0
C04585,2025-02-19,L07,Referral,F,24.0
C04586,2024-01-08,L05,Email,M,40.0
C04587,2025-03-21,L09,Email,F,43.0
C04588,2024-12-11,L05,Paid Ads,F,23.0
C04589,2025-04-01,L05,Organic,F,33.0
C04590,2023-12-16,L04,Organic,F,43.0
C04591,2024-12-06,L08,Social,M,23.0
C04592,2023-08-01,L04,Email,F,26.0
C04593,2024-04-04,L09,Paid Ads,F,38.0
C04594,2025-02-08,L03,Organic,M,31.0
C04595,2024-12-15,L07,Paid Ads,M,18.0
C04596,2023-10-28,L10,Paid Ads,F,29.0
C04597,2025-06-07,L08,Email,M,48.0
C04598,2023-03-02,,Referral,M,51.0
C04599,2024-11-06,L07,Organic,,26.0
C04600,2025-09-09,L02,Paid Ads,F,24.0
C04601,2024-09-06,,Organic,M,28.0
C04602,2025-04-09,L08,Referral,F,48.0
C04603,2024-11-28,L08,Referral,F,40.0
C04604,2025-04-11,L01,Organic,M,45.0
C04605,2024-12-18,L12,Paid Ads,,41.0
C04606,2025-01-20,L04,Email,F,20.0
C04607,2023-11-04,L11,Social,F,23.0
C04608,2025-03-07,L08,Paid Ads,M,26.0
C04609,2023-11-12,L10,Paid Ads,M,27.0
C04610,2025-09-13,L09,Email,F,26.0
C04611,2023-11-01,L13,Social,F,27.0
C04612,2023-11-19,L06,Email,Other,38.0
C04613,2025-06-09,L02,Organic,M,33.0
C04614,2023-11-10,L03,Organic,M,43.0
C04615,2024-04-17,L07,Organic,F,34.0
C04616,2025-02-27,L02,Social,F,26.0
C04617,2023-09-25,L11,Referral,F,34.0
C04618,2023-09-28,L02,Organic,M,18.0
C04619,2024-08-12,L10,Email,M,18.0
C04620,2023-11-04,L04,Email,F,38.0
C04621,2023-11-07,L09,Organic,M,
C04622,2023-01-10,L12,Referral,M,33.0
C04623,2024-04-09,L04,Referral,M,28.0
C04624,2024-02-06,L07,Organic,F,20.0
C04625,2023-02-05,L02,Referral,F,43.0
C04626,2024-11-06,L08,Organic,M,36.0
C04627,2024-12-19,L09,Email,F,35.0
C04628,2023-04-14,L03,Social,F,32.0
C04629,2024-02-02,L01,Email,F,28.0
C04630,2025-06-16,L04,Social,M,22.0
C04631,2024-11-24,L02,Organic,F,34.0
C04632,2024-05-12,L08,Paid Ads,M,27.0
C04633,2024-07-09,L02,Referral,M,28.0
C04634,2023-10-08,L12,Paid Ads,M,47.0
C04635,2025-05-11,L13,Referral,M,32.0
C04636,2025-07-08,L11,Paid Ads,M,18.0
C04637,2025-07-26,L06,Organic,M,27.0
C04638,2023-11-28,L03,Paid Ads,M,23.0
C04639,2024-02-10,L08,Referral,M,31.0
C04640,2023-09-26,L07,Paid Ads,M,19.0
C04641,2024-02-24,L13,Referral,F,36.0
C04642,2024-03-03,L03,Paid Ads,M,29.0
C04643,2024-12-14,L01,Social,M,28.0
C04644,2023-10-19,L14,Referral,M,33.0
C04645,2025-07-12,L09,Paid Ads,,31.0
C04646,2023-06-13,L02,Paid Ads,F,31.0
C04647,2023-01-14,L07,Paid Ads,M,30.0
C04648,2025-06-20,,Organic,M,32.0
C04649,2025-02-09,L05,Referral,F,35.0
C04650,2024-03-17,L03,Organic,M,34.0
C04651,2024-11-07,L03,Social,M,42.0
C04652,2023-11-25,L02,Social,F,27.0
C04653,2023-09-03,L03,Paid Ads,M,34.0
C04654,2024-07-02,L04,Social,,54.0
C04655,2024-03-02,L02,Referral,M,32.0
C04656,2024-11-10,L04,Organic,F,32.0
C04657,2023-11-17,L05,Social,F,21.0
C04658,2024-12-28,L07,Email,Other,26.0
C04659,2025-03-13,L06,Organic,F,31.0
C04660,2023-09-06,L02,Organic,M,37.0
C04661,2023-03-11,,Referral,M,38.0
C04662,2024-06-04,L09,Paid Ads,F,35.0
C04663,2025-04-14,L10,Referral,M,39.0
C04664,2024-12-21,L13,Referral,F,
C04665,2025-01-01,L12,Social,,36.0
C04666,2024-05-22,L06,Organic,M,32.0
C04667,2023-11-07,L10,Paid Ads,M,33.0
C04668,2024-09-19,L04,Social,F,29.0
C04669,2023-10-23,L08,Paid Ads,M,23.0
C04670,2025-02-22,L12,Paid Ads,M,21.0
C04671,2023-10-19,L08,Organic,M,
C04672,2024-01-20,L04,Organic,M,36.0
C04673,2024-09-06,L03,Paid Ads,F,31.0
C04674,2024-08-04,L03,Paid Ads,F,32.0
C04675,2024-11-11,L03,Referral,F,26.0
C04676,2024-06-18,L09,Referral,F,37.0
C04677,2025-07-18,L07,Social,M,33.0
C04678,2025-05-22,L02,Social,F,29.0
C04679,2025-06-09,L07,Organic,F,40.0
C04680,2024-12-25,L03,Organic,F,38.0
C04681,2024-12-13,L05,Social,F,18.0
C04682,2024-11-07,L03,Paid Ads,M,32.0
C04683,2024-06-21,L05,Paid Ads,M,23.0
C04684,2024-02-04,L07,Organic,F,33.0
C04685,2024-11-12,L07,Referral,,18.0
C04686,2023-02-22,L07,Organic,F,34.0
C04687,2023-01-22,L03,Organic,M,38.0
C04688,2025-06-08,L07,Paid Ads,F,31.0
C04689,2023-03-05,L02,Social,M,22.0
C04690,2024-09-01,L04,Organic,M,50.0
C04691,2024-11-03,L05,Social,F,42.0
C04692,2023-10-24,L07,Paid Ads,F,27.0
C04693,2025-07-22,L11,Paid Ads,F,30.0
C04694,2023-10-15,L03,Paid Ads,F,18.0
C04695,2025-07-16,L09,Organic,F,36.0
C04696,2025-03-10,L03,Paid Ads,M,20.0
C04697,2023-11-06,L05,Social,F,38.0
C04698,2023-08-01,L09,Organic,F,41.0
C04699,2024-02-19,L07,Email,M,31.0
C04700,2024-05-01,L09,Organic,M,22.0
C04701,2023-11-03,L08,Paid Ads,F,43.0
C04702,2025-09-23,L03,Referral,M,32.0
C04703,2023-11-17,L14,Social,F,33.0
C04704,2025-05-14,L11,Organic,M,24.0
C04705,2023-09-07,L04,Organic,M,34.0
C04706,2025-09-05,L01,Referral,M,30.0
C04707,2023-11-14,L03,Organic,F,20.0
C04708,2024-06-11,L09,Referral,F,44.0
C04709,2024-10-15,L12,Social,M,48.0
C04710,2023-07-05,L09,Organic,F,41.0
C04711,2025-05-07,L04,Social,M,40.0
C04712,2023-12-04,L01,Organic,F,48.0
C04713,2024-10-12,L05,Social,M,23.0
C04714,2024-10-08,L03,Email,F,22.0
C04715,2024-11-07,L01,Referral,M,28.0
C04716,2023-04-16,L01,Email,M,35.0
C04717,2023-09-14,L02,Social,F,29.0
C04718,2023-09-06,L02,Organic,F,23.0
C04719,2024-01-20,L07,Organic,M,32.0
C04720,2023-08-10,L03,Organic,F,31.0
C04721,2025-08-10,L04,Paid Ads,F,
C04722,2024-09-14,L06,Referral,F,32.0
C04723,2024-12-04,L12,Paid Ads,F,18.0
C04724,2024-03-12,L08,Referral,M,35.0
C04725,2023-12-17,L06,Paid Ads,,46.0
C04726,2024-08-04,L07,Organic,M,32.0
C04727,2024-01-16,L07,Organic,M,41.0
C04728,2024-03-02,L07,Email,M,27.0
C04729,2024-07-17,L04,Paid Ads,F,37.0
C04730,2024-09-01,L05,Paid Ads,M,25.0
C04731,2025-09-05,L04,Organic,M,30.0
C04732,2023-11-10,L04,Email,F,30.0
C04733,2024-08-18,L03,Organic,F,36.0
C04734,2023-08-21,L03,Referral,F,25.0
C04735,2024-03-14,L04,Organic,F,19.0
C04736,2025-02-04,L05,Organic,F,36.0
C04737,2023-09-11,L05,Referral,F,36.0
C04738,2024-11-23,L01,Referral,M,33.0
C04739,2024-06-03,L03,Referral,M,40.0
C04740,2023-03-21,L03,Organic,F,30.0
C04741,2025-08-11,L07,Email,M,35.0
C04742,2024-05-01,L03,Paid Ads,F,29.0
C04743,2025-04-20,L01,Email,F,30.0
C04744,2024-06-01,L01,Organic,F,35.0
C04745,2025-08-11,L05,Paid Ads,F,52.0
C04746,2024-01-06,,Paid Ads,M,39.0
C04747,2024-05-17,L04,Social,F,37.0
C04748,2025-03-02,L05,Social,M,39.0
C04749,2024-03-03,L11,Paid Ads,M,
C04750,2024-04-15,L06,Organic,F,35.0
C04751,2025-09-28,L01,Organic,M,40.0
C04752,2024-10-02,L03,Organic,M,33.0
C04753,2025-01-13,L08,Social,M,32.0
C04754,2024-12-23,L02,Organic,F,24.0
C04755,2025-05-09,L11,Organic,M,28.0
C04756,2025-06-14,L05,Paid Ads,F,24.0
C04757,2024-10-24,L01,Organic,F,41.0
C04758,2024-01-21,L02,Email,M,46.0
C04759,2023-02-09,L11,Paid Ads,F,49.0
C04760,2024-11-22,L14,Email,F,24.0
C04761,2025-05-19,L09,Referral,F,26.0
C04762,2024-07-15,L03,Paid Ads,M,25.0
C04763,2023-09-13,L08,Paid Ads,F,
C04764,2024-01-26,L02,Referral,F,23.0
C04765,2024-09-25,L03,Referral,M,27.0
C04766,2025-05-28,L07,Organic,F,40.0
C04767,2023-09-19,L13,Email,F,26.0
C04768,2024-11-11,L04,Paid Ads,M,41.0
C04769,2025-03-04,L04,Paid Ads,M,44.0
C04770,2025-08-04,L02,Paid Ads,M,
C04771,2023-07-27,L04,Referral,F,43.0
C04772,2025-08-11,L01,Paid Ads,F,20.0
C04773,2024-11-04,L09,Paid Ads,M,27.0
C04774,2025-03-07,L01,Organic,F,34.0
C04775,2023-03-01,L06,Paid Ads,M,34.0
C04776,2024-09-15,L03,Organic,M,45.0
C04777,2024-11-17,L04,Social,M,23.0
C04778,2024-02-11,L03,Paid Ads,F,27.0
C04779,2024-06-21,L04,Email,M,31.0
C04780,2024-10-14,L05,Referral,F,27.0
C04781,2024-10-27,L06,Social,M,23.0
C04782,2023-03-22,L11,Email,F,28.0
C04783,2024-06-03,L03,Organic,M,30.0
C04784,2023-11-08,L05,Paid Ads,F,45.0
C04785,2025-07-22,L10,Organic,F,23.0
C04786,2025-09-16,L03,Organic,F,39.0
C04787,2024-01-22,L10,Paid Ads,F,43.0
C04788,2023-09-10,L12,Referral,M,27.0
C04789,2023-11-02,L09,Social,M,34.0
C04790,2024-08-22,L05,Organic,M,37.0
C04791,2025-06-22,L07,Social,F,36.0
C04792,2024-08-18,L04,Organic,F,33.0
C04793,2023-04-12,L06,Organic,F,26.0
C04794,2023-03-01,L13,Organic,F,38.0
C04795,2023-11-21,L02,Referral,M,29.0
C04796,2025-05-19,L08,Paid Ads,,32.0
C04797,2024-11-19,L05,Organic,F,34.0
C04798,2024-10-05,,Organic,F,40.0
C04799,2024-02-21,L06,Paid Ads,F,49.0
C04800,2025-08-21,L08,Social,F,25.0
C04801,2024-02-25,L05,Organic,F,32.0
C04802,2025-05-16,L09,Social,F,19.0
C04803,2025-07-21,L03,Referral,F,45.0
C04804,2024-08-12,L11,Paid Ads,F,32.0
C04805,2025-07-20,L06,Organic,M,29.0
C04806,2023-12-20,L08,Email,Other,32.0
C04807,2024-12-22,L03,Paid Ads,F,33.0
C04808,2023-05-24,L04,Paid Ads,F,25.0
C04809,2024-07-01,L11,Social,F,43.0
C04810,2023-11-22,L01,Social,M,38.0
C04811,2023-04-23,L04,Social,M,39.0
C04812,2023-01-16,L08,Social,M,26.0
C04813,2024-02-15,L07,Organic,M,25.0
C04814,2024-11-21,L09,Social,M,31.0
C04815,2024-07-13,L07,Paid Ads,F,39.0
C04816,2024-01-12,L12,Social,F,37.0
C04817,2025-09-23,L05,Paid Ads,F,25.0
C04818,2025-08-23,L06,Organic,M,
C04819,2023-07-06,L09,Paid Ads,F,23.0
C04820,2024-06-24,L07,Social,M,26.0
C04821,2024-12-10,L01,Paid Ads,M,33.0
C04822,2025-02-04,L03,Social,M,21.0
C04823,2024-04-25,L05,Organic,M,23.0
C04824,2025-03-07,L07,Organic,M,46.0
C04825,2023-07-06,L05,Paid Ads,M,44.0
C04826,2024-03-08,L08,Paid Ads,M,53.0
C04827,2025-02-14,L09,Referral,F,36.0
C04828,2024-12-05,L03,Email,M,38.0
C04829,2025-05-05,L06,Referral,M,31.0
C04830,2023-03-11,L05,Paid Ads,M,29.0
C04831,2023-09-07,L02,Paid Ads,M,40.0
C04832,2023-03-06,L04,Email,F,44.0
C04833,2023-10-26,L05,Referral,M,39.0
C04834,2023-01-17,L08,Social,F,24.0
C04835,2024-08-01,L04,Paid Ads,M,36.0
C04836,2024-09-03,L01,Social,M,25.0
C04837,2024-12-23,L04,Organic,M,29.0
C04838,2024-04-08,L09,Social,F,47.0
C04839,2023-01-05,L05,Social,M,21.0
C04840,2025-01-19,L03,Email,F,52.0
C04841,2023-04-24,L11,Organic,F,37.0
C04842,2025-06-12,L02,Social,F,28.0
C04843,2023-02-21,L03,Organic,M,33.0
C04844,2024-09-12,L04,Paid Ads,F,26.0
C04845,2025-07-04,L07,Referral,F,27.0
C04846,2024-10-23,L09,Paid Ads,M,33.0
C04847,2024-11-26,L01,Paid Ads,F,29.0
C04848,2025-01-28,L08,Referral,M,24.0
C04849,2023-07-03,L07,Referral,M,30.0
C04850,2025-01-16,L10,Referral,F,20.0
C04851,2025-06-18,L10,Paid Ads,M,21.0
C04852,2025-09-03,L08,Referral,F,20.0
C04853,2024-06-27,L02,Paid Ads,M,47.0
C04854,2024-03-03,L03,Organic,F,36.0
C04855,2025-03-08,L11,Paid Ads,M,37.0
C04856,2024-10-28,L06,Social,M,32.0
C04857,2023-12-16,L05,Organic,M,37.0
C04858,2023-09-20,L11,Organic,F,43.0
C04859,2023-09-14,L10,Email,M,36.0
C04860,2024-07-22,L07,Social,F,47.0
C04861,2023-09-03,L10,Referral,M,32.0
C04862,2023-02-19,L01,Social,F,37.0
C04863,2023-03-02,L08,Email,F,38.0
C04864,2025-08-06,L13,Paid Ads,M,24.0
C04865,2023-04-15,L01,Organic,M,32.0
C04866,2023-04-13,L02,Referral,M,18.0
C04867,2024-07-05,L08,Email,M,31.0
C04868,2023-11-23,L05,Referral,F,29.0
C04869,2025-09-09,L01,Organic,M,29.0
C04870,2025-07-25,L03,Email,F,28.0
C04871,2024-05-01,L03,Social,M,
C04872,2024-07-07,L03,Paid Ads,F,24.0
C04873,2024-04-09,,Email,F,49.0
C04874,2023-03-17,L06,Social,M,37.0
C04875,2024-01-12,L07,Social,M,25.0
C04876,2023-07-05,L01,Email,M,38.0
C04877,2023-06-16,,Organic,M,41.0
C04878,2024-10-27,L03,Social,F,35.0
C04879,2023-06-04,L09,Paid Ads,F,23.0
C04880,2023-06-08,L12,Social,F,52.0
C04881,2024-08-14,L04,Social,M,38.0
C04882,2024-06-21,L13,Social,F,21.0
C04883,2023-08-04,L01,Social,Other,34.0
C04884,2023-01-07,L03,Social,F,30.0
C04885,2023-10-07,L08,Organic,F,32.0
C04886,2023-11-18,L03,Paid Ads,M,21.0
C04887,2025-04-03,L11,Organic,F,32.0
C04888,2025-07-19,L02,Social,F,25.0
C04889,2024-05-12,L08,Referral,M,29.0
C04890,2024-05-10,L02,Referral,M,35.0
C04891,2025-02-25,L02,Organic,F,28.0
C04892,2024-12-23,L04,Referral,F,29.0
C04893,2023-10-23,L12,Paid Ads,F,39.0
C04894,2023-06-25,L05,Email,M,24.0
C04895,2024-06-07,,Social,F,26.0
C04896,2024-10-24,L01,Paid Ads,M,21.0
C04897,2023-08-05,L01,Social,M,25.0
C04898,2024-01-10,L01,Organic,M,33.0
C04899,2024-02-16,L09,Organic,M,38.0
C04900,2023-12-21,L02,Referral,M,25.0
C04901,2024-07-17,L03,Social,M,37.0
C04902,2024-12-16,L06,Organic,F,33.0
C04903,2024-09-11,L05,Organic,F,20.0
C04904,2023-10-17,,Paid Ads,M,34.0
C04905,2023-06-14,L01,Organic,F,43.0
C04906,2025-05-14,L04,Paid Ads,F,18.0
C04907,2024-08-17,,Paid Ads,F,50.0
C04908,2023-04-17,L02,Email,F,27.0
C04909,2023-12-10,L07,Paid Ads,F,18.0
C04910,2025-04-04,L01,Organic,M,33.0
C04911,2025-03-09,L11,Organic,M,39.0
C04912,2025-06-12,L12,Organic,F,29.0
C04913,2024-11-05,L01,Social,M,35.0
C04914,2024-06-05,L04,Paid Ads,F,51.0
C04915,2024-06-27,L04,Organic,Other,34.0
C04916,2023-10-08,L09,Email,M,59.0
C04917,2024-12-21,L05,Social,M,43.0
C04918,2024-11-04,L06,Organic,M,32.0
C04919,2023-08-28,L02,Organic,M,35.0
C04920,2025-07-06,L01,Social,F,29.0
C04921,2024-04-12,L07,Referral,F,34.0
C04922,2023-03-22,L06,Email,Other,37.0
C04923,2024-02-06,L09,Organic,M,28.0
C04924,2025-06-16,L09,Social,M,20.0
C04925,2025-07-22,L06,Organic,M,44.0
C04926,2024-08-01,L05,Paid Ads,F,41.0
C04927,2025-08-01,L11,Social,M,19.0
C04928,2025-06-23,L08,Referral,F,34.0
C04929,2025-05-08,L10,Organic,F,41.0
C04930,2025-06-26,L14,Organic,,40.0
C04931,2024-04-26,L04,Social,M,26.0
C04932,2025-03-25,L07,Organic,M,41.0
C04933,2024-10-28,L07,Paid Ads,M,32.0
C04934,2025-02-24,L02,Organic,F,35.0
C04935,2023-09-11,L06,Organic,M,24.0
C04936,2025-02-28,L04,Social,F,18.0
C04937,2025-08-10,L04,Organic,M,25.0
C04938,2024-01-17,L02,Paid Ads,F,37.0
C04939,2025-09-01,L07,Referral,M,30.0
C04940,2024-04-27,L07,Organic,M,38.0
C04941,2023-10-17,L05,Referral,F,42.0
C04942,2023-06-27,L02,Paid Ads,F,29.0
C04943,2025-04-10,L05,Social,F,28.0
C04944,2024-10-09,L01,Social,F,18.0
C04945,2024-02-15,L03,Social,M,18.0
C04946,2024-11-25,L03,Paid Ads,F,20.0
C04947,2024-03-16,L10,Social,F,37.0
C04948,2024-07-23,L04,Referral,F,29.0
C04949,2025-06-07,L06,Paid Ads,F,
C04950,2024-12-22,L10,Organic,F,26.0
C04951,2025-03-21,L04,Organic,M,25.0
C04952,2024-11-26,L10,Organic,M,40.0
C04953,2025-09-02,L02,Organic,M,33.0
C04954,2023-11-11,L03,Email,F,41.0
C04955,2023-12-03,L01,Email,F,18.0
C04956,2023-05-12,L05,Organic,F,
C04957,2024-10-22,L12,Email,M,28.0
C04958,2024-11-18,L06,Referral,F,29.0
C04959,2025-02-22,L06,Paid Ads,F,44.0
C04960,2024-03-21,L03,Email,M,28.0
C04961,2023-01-28,L11,Referral,F,36.0
C04962,2024-12-25,L04,Referral,M,23.0
C04963,2025-09-17,L03,Organic,M,32.0
C04964,2024-01-25,L14,Organic,M,18.0
C04965,2023-10-02,L04,Email,,31.0
C04966,2024-01-21,L03,Organic,M,35.0
C04967,2024-06-15,L01,Organic,F,42.0
C04968,2023-12-27,L02,Organic,F,25.0
C04969,2024-03-15,L08,Paid Ads,F,27.0
C04970,2024-12-06,L04,Paid Ads,F,26.0
C04971,2024-03-21,L12,Email,F,30.0
C04972,2024-05-27,L01,Paid Ads,M,23.0
C04973,2023-03-01,L06,Social,M,
C04974,2025-07-02,L07,Referral,F,23.0
C04975,2024-05-19,L06,Paid Ads,F,32.0
C04976,2024-02-16,L05,Organic,F,31.0
C04977,2023-05-16,L05,Organic,Other,37.0
C04978,2024-12-03,L07,Social,F,40.0
C04979,2025-06-17,L09,Social,F,28.0
C04980,2023-03-16,L03,Paid Ads,,18.0
C04981,2023-08-24,L04,Email,M,36.0
C04982,2023-08-11,L06,Social,F,32.0
C04983,2024-11-10,L03,Organic,F,30.0
C04984,2025-07-03,L02,Referral,M,
C04985,2024-06-16,L13,Social,M,36.0
C04986,2024-03-19,L02,Social,M,33.0
C04987,2025-03-08,L02,Organic,M,33.0
C04988,2025-03-21,L06,Organic,M,40.0
C04989,2023-12-27,L01,Paid Ads,M,26.0
C04990,2023-09-05,L01,Organic,M,24.0
C04991,2024-03-17,L01,Organic,M,30.0
C04992,2025-04-20,L01,Referral,F,21.0
C04993,2025-01-01,L04,Paid Ads,M,32.0
C04994,2024-12-06,L09,Organic,M,33.0
C04995,2025-05-12,L03,Referral,M,31.0
C04996,2023-12-04,L04,Organic,M,29.0
C04997,2024-03-10,L06,Paid Ads,M,47.0
C04998,2023-03-05,L03,Social,M,40.0
C04999,2025-06-26,L04,Social,F,31.0
C05000,2024-11-17,L03,Organic,M,33.0
C05001,2024-01-10,L03,Social,M,44.0
C05002,2023-04-22,L03,Social,M,
C05003,2025-02-01,L01,Referral,F,23.0
C05004,2025-03-17,L10,Email,F,34.0
C05005,2024-12-20,L13,Organic,F,36.0
C05006,2023-10-23,L09,Organic,F,36.0
C05007,2025-07-07,L01,Social,F,39.0
C05008,2025-03-17,L07,Paid Ads,F,25.0
C05009,2024-12-22,L05,Paid Ads,F,19.0
C05010,2024-12-23,L01,Organic,M,27.0
C05011,2025-07-05,L11,Organic,F,
C05012,2025-08-28,L08,Organic,F,24.0
C05013,2024-11-08,L02,Organic,M,18.0
C05014,2024-06-11,L12,Email,F,33.0
C05015,2024-04-06,L01,Organic,M,27.0
C05016,2025-05-05,L04,Social,M,18.0
C05017,2024-12-08,L02,Organic,F,33.0
C05018,2023-05-04,L02,Paid Ads,M,29.0
C05019,2023-08-21,L13,Email,F,47.0
C05020,2025-07-17,L05,Organic,F,33.0
C05021,2025-07-11,L02,Organic,M,37.0
C05022,2025-08-16,L08,Social,F,32.0
C05023,2024-06-17,L10,Organic,F,27.0
C05024,2025-04-06,L11,Organic,M,28.0
C05025,2025-05-09,L11,Email,F,42.0
C05026,2024-02-25,L11,Paid Ads,F,39.0
C05027,2023-08-01,L06,Referral,M,19.0
C05028,2025-09-27,L03,Organic,F,21.0
C05029,2023-02-28,L11,Organic,M,21.0
C05030,2024-11-08,L01,Paid Ads,M,42.0
C05031,2024-12-09,L02,Referral,M,18.0
C05032,2025-01-06,,Organic,F,39.0
C05033,2023-12-16,L03,Social,F,36.0
C05034,2025-02-06,L06,Social,M,33.0
C05035,2023-11-23,L11,Paid Ads,M,28.0
C05036,2025-05-11,L04,Paid Ads,Other,43.0
C05037,2023-11-28,L05,Referral,M,33.0
C05038,2025-01-24,L04,Social,F,19.0
C05039,2025-04-12,L07,Organic,F,21.0
C05040,2023-10-17,L01,Social,M,18.0
C05041,2023-11-01,L01,Paid Ads,M,43.0
C05042,2025-04-02,L06,Email,M,45.0
C05043,2023-05-15,L05,Email,M,42.0
C05044,2023-10-14,L04,Organic,M,31.0
C05045,2024-07-12,L03,Paid Ads,M,19.0
C05046,2025-08-03,L01,Paid Ads,M,23.0
C05047,2024-10-24,L06,Paid Ads,M,23.0
C05048,2024-05-12,L04,Social,M,32.0
C05049,2025-09-14,L04,Organic,M,44.0
C05050,2024-07-12,L10,Referral,M,44.0
C05051,2024-06-14,L07,Email,M,28.0
C05052,2024-05-19,L02,Email,M,18.0
C05053,2024-02-22,L06,Organic,M,21.0
C05054,2024-02-16,L02,Email,M,43.0
C05055,2025-01-05,L02,Organic,M,34.0
C05056,2023-03-25,L07,Paid Ads,F,29.0
C05057,2025-01-08,L01,Organic,M,28.0
C05058,2023-10-01,L03,Referral,M,25.0
C05059,2024-04-02,L10,Organic,M,21.0
C05060,2023-08-22,L07,Organic,F,51.0
C05061,2024-10-11,L11,Paid Ads,M,47.0
C05062,2025-02-01,L10,Email,M,25.0
C05063,2024-03-23,L03,Referral,F,18.0
C05064,2023-09-09,L06,Referral,M,34.0
C05065,2023-11-28,L03,Referral,M,31.0
C05066,2025-05-25,L07,Paid Ads,M,38.0
C05067,2023-12-02,L03,Organic,F,
C05068,2025-04-20,L01,Organic,F,21.0
C05069,2024-02-17,L01,Paid Ads,,44.0
C05070,2023-10-05,L08,Email,M,29.0
C05071,2025-02-10,L01,Organic,F,37.0
C05072,2024-07-14,L06,Referral,M,30.0
C05073,2023-02-05,L09,Social,M,40.0
C05074,2025-08-21,L07,Email,F,18.0
C05075,2023-08-08,L04,Organic,M,39.0
C05076,2024-03-27,L02,Email,F,25.0
C05077,2024-04-23,L11,Referral,F,33.0
C05078,2024-08-18,L05,Paid Ads,M,43.0
C05079,2025-04-04,L04,Social,M,25.0
C05080,2023-01-01,L12,Organic,F,23.0
C05081,2025-08-05,L02,Social,M,29.0
C05082,2024-12-14,L04,Referral,M,28.0
C05083,2025-08-22,L01,Social,M,23.0
C05084,2025-05-05,L01,Social,F,33.0
C05085,2025-08-20,L04,Referral,F,33.0
C05086,2024-11-02,L07,Organic,M,36.0
C05087,2024-03-08,L03,Organic,M,25.0
C05088,2024-06-17,L07,Social,M,24.0
C05089,2024-12-24,,Referral,F,31.0
C05090,2024-06-22,L10,Social,M,30.0
C05091,2025-02-15,L01,Paid Ads,Other,30.0
C05092,2023-05-02,L08,Paid Ads,F,26.0
C05093,2025-05-09,L02,Social,F,35.0
C05094,2023-10-22,L07,Social,M,24.0
C05095,2025-08-03,L03,Paid Ads,M,31.0
C05096,2023-08-20,L07,Organic,F,29.0
C05097,2023-07-20,L02,Social,F,32.0
C05098,2025-05-22,L06,Social,M,43.0
C05099,2025-05-07,,Paid Ads,M,20.0
C05100,2025-03-07,L02,Paid Ads,F,18.0
C05101,2025-09-06,L06,Organic,F,27.0
C05102,2023-12-12,L03,Paid Ads,F,22.0
C05103,2025-05-15,L07,Organic,M,18.0
C05104,2024-03-04,L07,Organic,M,48.0
C05105,2024-10-16,L06,Social,M,37.0
C05106,2024-07-07,L07,Paid Ads,M,38.0
C05107,2023-01-16,L08,Social,M,29.0
C05108,2024-10-09,L11,Paid Ads,M,36.0
C05109,2025-03-27,L01,Organic,F,28.0
C05110,2023-09-09,L05,Paid Ads,F,39.0
C05111,2025-08-25,L07,Organic,F,34.0
C05112,2024-09-05,L02,Referral,F,32.0
C05113,2023-09-03,L02,Email,M,32.0
C05114,2024-12-06,L03,Social,M,45.0
C05115,2023-10-12,L05,Social,F,34.0
C05116,2023-04-26,L03,Social,M,23.0
C05117,2025-01-05,L06,Social,M,35.0
C05118,2023-06-22,L06,Paid Ads,M,36.0
C05119,2023-06-20,L06,Referral,F,31.0
C05120,2025-03-10,L02,Paid Ads,Other,32.0
C05121,2023-04-10,L08,Organic,M,22.0
C05122,2025-05-27,L06,Referral,M,33.0
C05123,2025-04-21,L02,Social,M,21.0
C05124,2023-08-07,,Organic,M,30.0
C05125,2024-09-26,L03,Email,F,26.0
C05126,2023-06-12,L11,Organic,M,41.0
C05127,2024-12-03,L03,Social,F,46.0
C05128,2023-04-23,L01,Email,M,22.0
C05129,2025-08-25,L02,Paid Ads,F,32.0
C05130,2023-10-13,L01,Email,F,29.0
C05131,2025-01-20,L04,Social,M,36.0
C05132,2023-07-07,L08,Social,M,33.0
C05133,2023-10-24,L04,Email,,
C05134,2024-07-11,L09,Referral,M,33.0
C05135,2024-10-08,L01,Paid Ads,M,30.0
C05136,2025-09-15,L04,Referral,M,46.0
C05137,2023-02-08,L08,Paid Ads,F,25.0
C05138,2023-01-18,L06,Paid Ads,M,34.0
C05139,2024-03-21,,Organic,M,37.0
C05140,2024-04-12,L03,Paid Ads,F,36.0
C05141,2025-07-22,L05,Social,F,29.0
C05142,2025-07-13,L06,Email,F,44.0
C05143,2025-06-28,L02,Email,M,18.0
C05144,2023-08-08,L08,Organic,M,22.0
C05145,2024-05-20,L03,Paid Ads,F,38.0
C05146,2025-03-15,L01,Paid Ads,,24.0
C05147,2024-02-27,L08,Organic,F,24.0
C05148,2024-12-07,L07,Referral,M,28.0
C05149,2023-11-06,L10,Paid Ads,F,25.0
C05150,2024-02-25,L10,Email,M,38.0
C05151,2025-06-26,L03,Organic,M,40.0
C05152,2023-12-21,L06,Social,M,33.0
C05153,2025-09-14,L14,Social,M,41.0
C05154,2024-02-12,L02,Social,Other,20.0
C05155,2023-02-19,L04,Organic,M,33.0
C05156,2023-12-21,L11,Organic,M,44.0
C05157,2023-09-08,L01,Email,M,41.0
C05158,2024-09-01,L11,Organic,M,45.0
C05159,2023-06-03,L04,Organic,F,27.0
C05160,2024-12-10,L10,Email,F,40.0
C05161,2025-06-20,L06,Social,M,28.0
C05162,2024-04-13,L06,Social,M,
C05163,2023-09-18,L08,Organic,M,44.0
C05164,2024-05-14,L01,Paid Ads,F,25.0
C05165,2025-04-08,L06,Social,M,18.0
C05166,2024-11-21,L11,Paid Ads,M,49.0
C05167,2023-06-21,L12,Organic,M,36.0
C05168,2024-10-27,L13,Organic,M,31.0
C05169,2024-07-24,L06,Referral,F,31.0
C05170,2024-02-11,L06,Organic,F,18.0
C05171,2023-06-20,L05,Social,M,
C05172,2025-09-10,L06,Organic,F,27.0
C05173,2023-09-25,L06,Organic,M,32.0
C05174,2023-10-18,L01,Email,F,32.0
C05175,2023-08-24,L01,Email,Other,18.0
C05176,2024-10-08,L06,Referral,F,36.0
C05177,2024-06-01,L03,Email,M,34.0
C05178,2023-12-04,L03,Organic,M,35.0
C05179,2024-06-15,L02,Paid Ads,M,30.0
C05180,2025-01-27,L08,Organic,M,32.0
C05181,2024-01-18,L12,Paid Ads,F,34.0
C05182,2025-07-23,L06,Social,F,34.0
C05183,2024-02-14,L12,Social,F,36.0
C05184,2023-10-27,,Organic,M,35.0
C05185,2025-08-27,L02,Paid Ads,M,49.0
C05186,2025-05-07,,Email,F,25.0
C05187,2024-03-25,L02,Referral,M,29.0
C05188,2025-05-01,L01,Organic,F,47.0
C05189,2024-09-17,L05,Paid Ads,F,31.0
C05190,2024-03-13,L03,Paid Ads,F,40.0
C05191,2025-05-09,L11,Paid Ads,M,33.0
C05192,2025-03-27,L06,Paid Ads,F,30.0
C05193,2024-01-19,L03,Paid Ads,M,41.0
C05194,2024-11-04,L14,Paid Ads,M,37.0
C05195,2024-04-04,L12,Paid Ads,M,18.0
C05196,2023-01-04,L08,Organic,F,34.0
C05197,2025-09-09,L08,Organic,M,23.0
C05198,2024-10-02,L13,Paid Ads,M,43.0
C05199,2024-11-08,L06,Social,M,48.0
C05200,2024-11-22,L10,Social,F,49.0
C05201,2024-10-25,L01,Organic,F,35.0
C05202,2024-01-23,,Paid Ads,F,28.0
C05203,2025-09-14,L05,Referral,F,35.0
C05204,2024-11-20,L01,Paid Ads,M,24.0
C05205,2025-01-27,L01,Referral,F,53.0
C05206,2024-07-02,L01,Email,M,43.0
C05207,2024-01-26,L03,Organic,F,35.0
C05208,2023-04-21,L01,Paid Ads,M,41.0
C05209,2024-03-11,L04,Paid Ads,M,28.0
C05210,2023-09-13,L08,Paid Ads,F,22.0
C05211,2024-12-13,L06,Organic,,
C05212,2025-06-05,L06,Referral,M,33.0
C05213,2024-01-07,L01,Organic,M,30.0
C05214,2024-03-09,L09,Social,M,37.0
C05215,2025-01-01,L02,Referral,M,32.0
C05216,2023-08-15,L03,Paid Ads,M,36.0
C05217,2025-08-14,L05,Email,Other,39.0
C05218,2024-04-10,L11,Social,F,19.0
C05219,2023-06-05,L14,Paid Ads,F,40.0
C05220,2023-09-28,L08,Email,F,28.0
C05221,2025-08-19,L07,Social,M,37.0
C05222,2023-12-14,L05,Organic,F,41.0
C05223,2024-12-21,L06,Referral,F,41.0
C05224,2023-08-11,L02,Referral,,33.0
C05225,2023-10-07,L03,Referral,F,34.0
C05226,2025-06-19,L14,Email,F,40.0
C05227,2023-08-22,L13,Paid Ads,F,
C05228,2023-02-19,L03,Organic,F,23.0
C05229,2024-08-16,L02,Paid Ads,F,29.0
C05230,2025-06-01,L02,Social,F,20.0
C05231,2024-02-18,L04,Paid Ads,F,30.0
C05232,2023-07-18,L02,Organic,M,29.0
C05233,2025-09-12,L06,Paid Ads,F,33.0
C05234,2025-01-07,L01,Referral,M,31.0
C05235,2025-06-28,L01,Organic,M,42.0
C05236,2025-03-11,L03,Paid Ads,M,37.0
C05237,2025-01-08,L08,Organic,M,31.0
C05238,2024-04-20,L03,Paid Ads,M,29.0
C05239,2024-02-14,L04,Organic,F,32.0
C05240,2025-02-16,L06,Organic,F,32.0
C05241,2025-02-19,L08,Referral,F,55.0
C05242,2025-08-11,L03,Organic,M,19.0
C05243,2024-10-05,L07,Organic,M,24.0
C05244,2024-01-05,L03,Referral,F,22.0
C05245,2024-08-27,L06,Organic,F,34.0
C05246,2024-11-15,L04,Organic,M,34.0
C05247,2024-06-12,L11,Paid Ads,M,27.0
C05248,2025-04-09,L14,Paid Ads,F,40.0
C05249,2024-11-21,L08,Paid Ads,,
C05250,2023-01-26,L11,Email,M,40.0
C05251,2024-10-22,L02,Paid Ads,M,43.0
C05252,2024-12-15,L06,Paid Ads,F,
C05253,2025-07-14,L02,Email,M,38.0
C05254,2024-05-25,L03,Paid Ads,F,20.0
C05255,2024-10-24,L05,Social,Other,34.0
C05256,2024-08-11,L07,Paid Ads,M,31.0
C05257,2024-09-28,L07,Referral,,32.0
C05258,2023-04-24,L10,Email,M,21.0
C05259,2025-07-24,L05,Organic,Other,41.0
C05260,2025-07-02,L11,Email,F,20.0
C05261,2024-10-04,L10,Paid Ads,F,39.0
C05262,2024-10-09,L09,Referral,M,19.0
C05263,2023-04-22,L02,Paid Ads,F,32.0
C05264,2024-11-03,L05,Organic,M,48.0
C05265,2024-06-03,L07,Organic,M,53.0
C05266,2025-02-01,L13,Email,F,18.0
C05267,2023-03-06,L01,Referral,F,26.0
C05268,2025-02-26,L03,Social,M,27.0
C05269,2024-01-21,L03,Organic,F,52.0
C05270,2024-12-21,L03,Organic,F,31.0
C05271,2024-12-09,L08,Paid Ads,F,42.0
C05272,2023-11-18,L01,Organic,F,35.0
C05273,2024-06-22,L03,Paid Ads,M,21.0
C05274,2025-05-15,L07,Email,Other,18.0
C05275,2024-11-24,L04,Social,M,26.0
C05276,2023-04-16,L02,Paid Ads,M,53.0
C05277,2024-06-10,L06,Paid Ads,F,34.0
C05278,2024-02-18,L05,Referral,Other,41.0
C05279,2024-12-27,L14,Referral,M,19.0
C05280,2024-11-24,L07,Referral,M,29.0
C05281,2023-01-14,L14,Paid Ads,F,39.0
C05282,2024-11-17,L02,Organic,F,22.0
C05283,2025-02-28,L08,Organic,F,31.0
C05284,2025-03-21,L05,Email,,24.0
C05285,2023-04-15,L07,Social,F,39.0
C05286,2024-01-08,L04,Email,M,36.0
C05287,2024-06-26,L02,Paid Ads,F,38.0
C05288,2023-09-28,L01,Paid Ads,F,40.0
C05289,2024-06-02,L09,Paid Ads,M,30.0
C05290,2023-04-01,L08,Email,M,41.0
C05291,2023-06-04,L02,Organic,F,27.0
C05292,2025-01-11,L06,Referral,F,38.0
C05293,2023-12-05,L07,Organic,M,18.0
C05294,2025-02-25,L05,Organic,Other,25.0
C05295,2023-03-26,L03,Organic,M,53.0
C05296,2024-10-06,L10,Paid Ads,F,37.0
C05297,2024-05-24,L06,Social,M,38.0
C05298,2025-04-04,L07,Email,M,
C05299,2025-04-23,L06,Referral,F,22.0
C05300,2024-04-11,L07,Paid Ads,F,30.0
C05301,2024-11-02,L02,Social,M,31.0
C05302,2023-11-12,L11,Organic,M,49.0
C05303,2024-11-24,L03,Social,F,41.0
C05304,2023-05-27,L09,Social,M,33.0
C05305,2024-06-04,L10,Paid Ads,M,33.0
C05306,2023-10-24,L06,Organic,F,39.0
C05307,2025-07-09,L06,Organic,F,20.0
C05308,2024-07-13,L01,Paid Ads,F,18.0
C05309,2024-11-04,L04,Email,Other,39.0
C05310,2024-04-28,L06,Referral,F,33.0
C05311,2024-01-23,L01,Paid Ads,M,20.0
C05312,2023-10-18,L01,Paid Ads,M,18.0
C05313,2025-07-21,L14,Social,M,40.0
C05314,2025-04-25,L03,Paid Ads,Other,27.0
C05315,2023-07-05,L03,Organic,M,36.0
C05316,2025-03-07,L02,Referral,M,30.0
C05317,2024-06-02,L06,Paid Ads,F,32.0
C05318,2023-01-14,L04,Paid Ads,F,27.0
C05319,2024-09-14,L08,Paid Ads,F,31.0
C05320,2023-07-01,L05,Organic,M,37.0
C05321,2023-10-19,L01,Email,F,30.0
C05322,2025-01-01,L04,Social,F,29.0
C05323,2023-12-23,L01,Email,F,37.0
C05324,2025-07-20,L09,Email,M,38.0
C05325,2024-12-23,L01,Paid Ads,F,22.0
C05326,2025-05-04,L02,Paid Ads,F,32.0
C05327,2024-11-25,L04,Referral,M,27.0
C05328,2025-06-16,L02,Organic,M,32.0
C05329,2024-04-25,L05,Email,M,45.0
C05330,2024-10-20,L04,Organic,M,35.0
C05331,2024-09-19,L12,Paid Ads,M,51.0
C05332,2025-07-01,L01,Referral,F,34.0
C05333,2023-09-20,L05,Email,F,31.0
C05334,2024-10-13,L07,Referral,M,32.0
C05335,2025-03-24,L01,Referral,F,33.0
C05336,2024-04-20,L06,Paid Ads,M,35.0
C05337,2025-06-03,L09,Referral,M,23.0
C05338,2024-04-25,L08,Social,F,30.0
C05339,2023-09-02,L11,Paid Ads,M,25.0
C05340,2024-11-09,L07,Social,F,41.0
C05341,2024-06-07,L04,Organic,F,18.0
C05342,2023-01-28,L11,Paid Ads,F,33.0
C05343,2023-04-05,L02,Email,M,18.0
C05344,2023-10-24,L05,Paid Ads,,36.0
C05345,2025-03-07,L08,Referral,F,28.0
C05346,2025-07-19,L10,Paid Ads,M,18.0
C05347,2024-10-03,L11,Email,,40.0
C05348,2023-06-11,L01,Organic,F,18.0
C05349,2024-09-18,L07,Organic,M,
C05350,2025-06-20,L02,Social,M,38.0
C05351,2025-03-25,L08,Referral,M,44.0
C05352,2024-01-23,L07,Paid Ads,M,18.0
C05353,2023-07-15,L02,Paid Ads,F,27.0
C05354,2025-07-09,L09,Paid Ads,M,42.0
C05355,2025-06-08,L04,Email,F,42.0
C05356,2023-03-28,L05,Referral,M,44.0
C05357,2025-05-18,L13,Email,F,55.0
C05358,2023-06-26,L06,Email,F,27.0
C05359,2023-04-13,L05,Paid Ads,M,35.0
C05360,2025-03-14,L01,Referral,F,29.0
C05361,2024-10-24,L02,Referral,M,18.0
C05362,2024-05-21,L01,Social,Other,31.0
C05363,2025-07-06,L03,Referral,F,18.0
C05364,2025-05-15,L03,Organic,M,
C05365,2023-04-06,L05,Email,Other,19.0
C05366,2024-11-22,L07,Referral,M,36.0
C05367,2025-03-01,L02,Social,F,25.0
C05368,2024-10-24,L06,Paid Ads,M,18.0
C05369,2025-09-27,L11,Paid Ads,M,40.0
C05370,2025-01-01,L02,Referral,M,27.0
C05371,2023-06-18,,Social,M,28.0
C05372,2023-10-03,L01,Organic,F,23.0
C05373,2025-05-11,L05,Paid Ads,M,42.0
C05374,2025-09-10,L07,Social,F,34.0
C05375,2023-06-15,L01,Email,M,26.0
C05376,2023-06-26,L03,Organic,M,18.0
C05377,2025-03-13,L10,Organic,Other,55.0
C05378,2023-04-12,L02,Paid Ads,F,50.0
C05379,2023-04-03,L07,Organic,F,
C05380,2025-07-25,L06,Organic,F,26.0
C05381,2025-04-09,L02,Paid Ads,F,
C05382,2025-06-13,L07,Referral,F,36.0
C05383,2024-12-03,L05,Paid Ads,M,24.0
C05384,2024-02-09,L01,Paid Ads,F,23.0
C05385,2025-07-16,L12,Email,M,45.0
C05386,2024-01-26,L04,Paid Ads,F,32.0
C05387,2023-12-10,L07,Social,F,22.0
C05388,2025-07-16,L02,Organic,M,41.0
C05389,2025-01-25,L02,Social,F,27.0
C05390,2025-07-11,L07,Social,M,18.0
C05391,2023-08-09,L06,Organic,M,22.0
C05392,2025-08-02,L03,Referral,M,27.0
C05393,2024-11-26,L07,Referral,M,34.0
C05394,2024-12-04,L05,Paid Ads,M,34.0
C05395,2025-07-07,L03,Social,Other,43.0
C05396,2024-04-04,L08,Paid Ads,F,30.0
C05397,2025-02-20,L06,Paid Ads,M,28.0
C05398,2024-12-11,L05,Email,M,43.0
C05399,2025-04-20,L08,Organic,F,41.0
C05400,2025-07-18,L05,Organic,M,30.0
C05401,2025-01-01,L11,Organic,M,35.0
C05402,2023-04-09,L08,Email,F,28.0
C05403,2023-10-01,L03,Organic,F,22.0
C05404,2025-08-02,L04,Organic,M,52.0
C05405,2025-09-14,L12,Referral,F,27.0
C05406,2025-09-08,L10,Social,F,35.0
C05407,2023-03-03,L02,Paid Ads,M,18.0
C05408,2024-04-12,L03,Email,M,39.0
C05409,2025-03-13,L03,Organic,M,
C05410,2025-03-28,L10,Referral,F,47.0
C05411,2023-05-19,L11,Referral,F,48.0
C05412,2024-11-12,L08,Paid Ads,M,37.0
C05413,2023-08-14,L03,Social,F,33.0
C05414,2024-08-03,L10,Paid Ads,M,30.0
C05415,2023-11-11,L01,Organic,M,32.0
C05416,2023-03-17,L04,Organic,F,36.0
C05417,2023-05-01,L03,Organic,M,33.0
C05418,2025-07-26,L05,Social,M,41.0
C05419,2025-03-15,L05,Organic,M,24.0
C05420,2025-08-23,L02,Email,M,46.0
C05421,2024-07-08,L02,Organic,F,28.0
C05422,2024-05-24,L08,Email,M,25.0
C05423,2024-03-11,L01,Social,M,
C05424,2024-11-26,L04,Organic,M,36.0
C05425,2024-03-15,L02,Organic,F,18.0
C05426,2025-03-18,L03,Social,M,28.0
C05427,2025-04-06,L03,Organic,M,18.0
C05428,2025-06-28,L07,Organic,F,26.0
C05429,2023-11-06,L04,Social,F,26.0
C05430,2024-09-01,L03,Email,F,35.0
C05431,2023-11-13,L09,Social,F,25.0
C05432,2023-03-24,L01,Social,F,27.0
C05433,2025-02-26,L08,Paid Ads,M,44.0
C05434,2024-10-24,L02,Social,F,51.0
C05435,2025-02-16,,Paid Ads,F,24.0
C05436,2023-05-26,L01,Social,F,41.0
C05437,2025-09-14,L05,Referral,F,
C05438,2025-09-14,L06,Paid Ads,F,18.0
C05439,2024-07-06,L05,Email,F,25.0
C05440,2025-06-23,L08,Paid Ads,M,18.0
C05441,2023-11-09,L01,Referral,M,35.0
C05442,2025-03-06,L04,Paid Ads,M,22.0
C05443,2025-06-11,L09,Organic,F,33.0
C05444,2025-05-17,L10,Paid Ads,F,55.0
C05445,2025-05-08,L05,Email,,46.0
C05446,2024-07-11,L05,Paid Ads,F,25.0
C05447,2025-05-10,L08,Referral,M,23.0
C05448,2025-01-17,L08,Paid Ads,M,44.0
C05449,2023-07-20,L10,Social,M,23.0
C05450,2023-06-19,L09,Social,F,41.0
C05451,2025-03-04,L04,Organic,F,57.0
C05452,2024-12-10,L06,Paid Ads,M,38.0
C05453,2024-09-19,L04,Referral,F,43.0
C05454,2025-07-07,L01,Organic,F,42.0
C05455,2024-12-02,L09,Paid Ads,F,27.0
C05456,2024-05-10,L06,Paid Ads,Other,35.0
C05457,2024-05-20,L01,Organic,M,23.0
C05458,2024-11-19,L06,Email,F,44.0
C05459,2025-03-04,L03,Email,F,22.0
C05460,2024-10-19,L01,Social,M,38.0
C05461,2024-09-06,L06,Organic,F,42.0
C05462,2025-02-21,L07,Email,F,28.0
C05463,2025-02-16,L05,Referral,F,26.0
C05464,2025-05-04,L01,Email,F,30.0
C05465,2023-04-10,L05,Organic,,24.0
C05466,2025-03-23,L01,Organic,M,33.0
C05467,2024-09-13,L11,Referral,M,24.0
C05468,2023-05-20,L03,Email,M,24.0
C05469,2025-01-21,L10,Organic,F,37.0
C05470,2025-02-01,L01,Paid Ads,F,38.0
C05471,2024-09-27,L01,Referral,M,29.0
C05472,2025-04-10,L04,Email,F,18.0
C05473,2024-01-23,L08,Social,F,43.0
C05474,2023-10-14,L12,Email,F,28.0
C05475,2024-03-17,L05,Referral,F,51.0
C05476,2024-05-11,L03,Social,M,31.0
C05477,2025-01-24,L01,Paid Ads,F,33.0
C05478,2025-05-04,L05,Organic,M,28.0
C05479,2025-02-26,L03,Referral,F,34.0
C05480,2023-09-06,L11,Referral,M,63.0
C05481,2024-04-25,L04,Paid Ads,M,29.0
C05482,2023-09-01,L08,Organic,F,43.0
C05483,2025-01-01,L09,Social,M,33.0
C05484,2023-12-03,L01,Social,M,43.0
C05485,2024-09-16,L04,Paid Ads,F,18.0
C05486,2025-04-08,L10,Email,M,50.0
C05487,2025-01-17,L04,Paid Ads,M,35.0
C05488,2024-01-23,L05,Organic,M,30.0
C05489,2024-03-01,L10,Organic,F,40.0
C05490,2024-12-15,L02,Paid Ads,F,33.0
C05491,2024-10-21,L10,Organic,F,22.0
C05492,2023-06-12,L04,Referral,F,18.0
C05493,2025-06-26,L05,Social,F,48.0
C05494,2024-09-19,L03,Paid Ads,M,30.0
C05495,2024-07-01,L05,Social,F,26.0
C05496,2023-10-16,L01,Email,F,27.0
C05497,2024-04-11,L01,Paid Ads,,
C05498,2024-03-04,L04,Organic,F,28.0
C05499,2023-12-27,L03,Organic,M,38.0
C05500,2024-10-07,L06,Referral,M,29.0
C05501,2024-07-03,L01,Paid Ads,F,21.0
C05502,2025-07-07,L02,Referral,F,40.0
C05503,2025-08-24,L02,Referral,F,42.0
C05504,2023-11-17,L04,Referral,Other,26.0
C05505,2023-06-23,L02,Organic,F,32.0
C05506,2025-04-13,L02,Organic,F,33.0
C05507,2025-09-04,L06,Paid Ads,F,36.0
C05508,2025-06-11,L07,Social,F,50.0
C05509,2023-02-06,L07,Referral,F,29.0
C05510,2023-12-16,L03,Referral,M,29.0
C05511,2023-03-08,L09,Referral,F,30.0
C05512,2025-05-28,L06,Paid Ads,F,24.0
C05513,2024-11-11,L06,Organic,F,18.0
C05514,2024-09-09,L02,Organic,F,33.0
C05515,2024-10-28,L02,Organic,M,37.0
C05516,2023-12-15,L04,Organic,M,32.0
C05517,2024-11-05,L02,Paid Ads,M,31.0
C05518,2023-02-14,L07,Social,M,24.0
C05519,2024-12-08,L03,Organic,M,34.0
C05520,2025-02-21,L02,Organic,M,
C05521,2025-01-17,L02,Organic,M,36.0
C05522,2024-03-21,L01,Organic,M,35.0
C05523,2025-05-27,L04,Organic,M,
C05524,2025-02-21,L01,Organic,M,44.0
C05525,2023-07-10,L05,Organic,F,37.0
C05526,2023-10-06,L03,Email,M,36.0
C05527,2024-12-15,L05,Paid Ads,F,18.0
C05528,2024-01-13,L11,Organic,M,41.0
C05529,2023-07-09,L10,Paid Ads,M,29.0
C05530,2023-08-23,L05,Organic,M,33.0
C05531,2023-09-26,L04,Paid Ads,M,21.0
C05532,2024-08-11,L07,Paid Ads,M,51.0
C05533,2024-11-20,L11,Social,M,18.0
C05534,2023-09-28,L04,Email,F,45.0
C05535,2025-02-01,L01,Referral,F,36.0
C05536,2024-01-11,L08,Organic,F,18.0
C05537,2024-02-21,L01,Paid Ads,F,50.0
C05538,2023-11-14,L08,Paid Ads,F,37.0
C05539,2025-04-23,L01,Social,M,18.0
C05540,2025-08-14,L01,Organic,M,
C05541,2024-08-02,L08,Referral,F,37.0
C05542,2023-03-13,L07,Paid Ads,M,47.0
C05543,2023-12-12,L05,Paid Ads,F,28.0
C05544,2023-08-24,L09,Paid Ads,M,18.0
C05545,2025-05-05,L09,Paid Ads,F,45.0
C05546,2023-05-05,L04,Referral,M,36.0
C05547,2025-09-04,L14,Referral,F,18.0
C05548,2024-11-16,L03,Organic,F,35.0
C05549,2024-09-28,,Organic,F,36.0
C05550,2025-06-18,L09,Social,M,29.0
C05551,2023-02-23,L04,Paid Ads,M,25.0
C05552,2025-04-24,L10,Referral,M,27.0
C05553,2023-07-17,L01,Paid Ads,M,29.0
C05554,2025-05-18,L01,Referral,F,35.0
C05555,2024-09-07,L01,Referral,M,39.0
C05556,2023-04-27,L06,Organic,M,18.0
C05557,2025-05-23,L09,Paid Ads,F,
C05558,2023-02-25,L04,Paid Ads,M,36.0
C05559,2023-08-28,L01,Organic,F,34.0
C05560,2025-04-10,L03,Social,F,28.0
C05561,2024-07-05,L03,Organic,F,45.0
C05562,2025-06-25,L06,Organic,M,44.0
C05563,2024-12-14,L06,Social,M,29.0
C05564,2024-12-27,L01,Social,F,31.0
C05565,2024-01-20,L04,Organic,M,39.0
C05566,2023-07-08,L06,Referral,M,44.0
C05567,2025-09-10,L02,Organic,M,25.0
C05568,2023-06-18,L04,Social,Other,23.0
C05569,2024-09-12,L06,Paid Ads,M,34.0
C05570,2023-12-08,L04,Social,F,22.0
C05571,2023-12-06,L01,Paid Ads,M,18.0
C05572,2024-11-19,L02,Paid Ads,F,25.0
C05573,2025-04-01,L08,Social,F,36.0
C05574,2025-04-03,L02,Organic,F,46.0
C05575,2025-06-02,L08,Organic,M,26.0
C05576,2024-01-21,L04,Paid Ads,Other,31.0
C05577,2024-07-01,L04,Referral,F,33.0
C05578,2023-01-12,L08,Organic,M,26.0
C05579,2025-03-04,L03,Paid Ads,F,25.0
C05580,2024-01-17,L02,Paid Ads,M,35.0
C05581,2024-10-01,L01,Referral,F,21.0
C05582,2023-09-01,L06,Email,M,25.0
C05583,2025-05-12,L04,Paid Ads,M,30.0
C05584,2025-05-20,L08,Paid Ads,F,35.0
C05585,2025-06-04,L04,Paid Ads,M,18.0
C05586,2023-03-14,L04,Organic,Other,31.0
C05587,2025-09-23,L03,Social,F,
C05588,2023-12-18,L02,Social,M,
C05589,2024-02-22,L09,Social,M,39.0
C05590,2023-12-09,L01,Email,F,31.0
C05591,2023-12-27,L10,Paid Ads,F,47.0
C05592,2024-10-05,L01,Referral,,31.0
C05593,2023-11-17,L05,Organic,M,41.0
C05594,2024-05-13,L01,Email,M,39.0
C05595,2024-12-01,L08,Referral,M,
C05596,2025-05-27,L02,Organic,M,20.0
C05597,2025-01-20,L05,Social,F,31.0
C05598,2024-11-07,L11,Referral,F,27.0
C05599,2023-08-02,L06,Email,F,27.0
C05600,2025-05-19,L02,Social,F,33.0
C05601,2023-03-16,L08,Social,M,19.0
C05602,2023-12-02,L04,Paid Ads,M,24.0
C05603,2023-04-28,L01,Paid Ads,F,23.0
C05604,2024-12-21,L04,Social,M,30.0
C05605,2024-04-13,L08,Organic,F,25.0
C05606,2024-12-07,L04,Organic,M,26.0
C05607,2024-03-08,L08,Email,M,33.0
C05608,2024-07-13,L07,Email,F,28.0
C05609,2024-07-02,L04,Email,M,
C05610,2023-03-11,L03,Organic,F,22.0
C05611,2024-06-07,,Organic,F,25.0
C05612,2024-12-04,L03,Email,M,50.0
C05613,2024-10-04,L02,Organic,M,
C05614,2023-05-10,L03,Paid Ads,,18.0
C05615,2024-12-11,L10,Paid Ads,M,35.0
C05616,2024-02-10,L03,Social,M,26.0
C05617,2023-01-20,L02,Paid Ads,M,34.0
C05618,2023-08-15,L02,Organic,F,31.0
C05619,2024-08-06,L01,Paid Ads,F,37.0
C05620,2024-02-28,,Organic,M,31.0
C05621,2025-01-21,L05,Social,M,30.0
C05622,2023-11-14,L07,Referral,F,42.0
C05623,2025-04-02,L08,Referral,F,18.0
C05624,2024-01-26,L03,Paid Ads,F,20.0
C05625,2024-11-21,L08,Organic,,25.0
C05626,2025-04-13,L12,Organic,F,18.0
C05627,2024-04-05,L07,Email,M,28.0
C05628,2023-03-04,L07,Paid Ads,M,
C05629,2024-09-09,L04,Paid Ads,Other,41.0
C05630,2025-09-07,,Paid Ads,M,31.0
C05631,2025-09-06,L01,Email,,30.0
C05632,2023-11-12,L07,Social,M,29.0
C05633,2025-03-02,L03,Organic,M,23.0
C05634,2024-03-10,L05,Referral,M,40.0
C05635,2023-09-25,L10,Paid Ads,M,43.0
C05636,2024-12-25,L06,Social,M,21.0
C05637,2024-08-01,L01,Email,F,47.0
C05638,2024-10-20,L07,Social,F,
C05639,2025-05-28,L11,Social,F,25.0
C05640,2024-03-17,L06,Paid Ads,F,36.0
C05641,2024-12-11,L09,Paid Ads,M,37.0
C05642,2024-04-14,L09,Referral,F,31.0
C05643,2023-03-06,L09,Social,F,29.0
C05644,2024-04-12,L03,Organic,M,43.0
C05645,2025-08-27,L04,Paid Ads,M,26.0
C05646,2024-08-18,L09,Organic,M,31.0
C05647,2023-06-13,L11,Organic,F,47.0
C05648,2025-01-04,L02,Social,F,20.0
C05649,2025-09-26,L02,Organic,M,
C05650,2025-07-05,L03,Social,M,41.0
C05651,2024-10-21,L08,Paid Ads,F,37.0
C05652,2024-04-09,L10,Referral,M,40.0
C05653,2024-11-08,L05,Email,M,
C05654,2025-05-05,L01,Social,M,35.0
C05655,2025-06-11,L03,Social,F,29.0
C05656,2025-05-19,L09,Organic,M,52.0
C05657,2024-07-12,L03,Paid Ads,M,39.0
C05658,2023-07-01,L01,Social,F,32.0
C05659,2024-10-08,L03,Social,F,35.0
C05660,2023-08-05,L08,Social,F,32.0
C05661,2023-04-12,L04,Social,F,38.0
C05662,2024-08-26,L02,Organic,F,24.0
C05663,2024-12-27,L03,Organic,F,44.0
C05664,2025-06-28,L12,Email,M,20.0
C05665,2025-04-04,L04,Paid Ads,M,34.0
C05666,2025-06-14,L04,Social,M,25.0
C05667,2025-03-02,L02,Referral,M,32.0
C05668,2025-02-14,L03,Email,F,41.0
C05669,2023-01-17,L08,Social,F,18.0
C05670,2024-12-22,L08,Organic,,30.0
C05671,2023-07-10,L04,Social,M,19.0
C05672,2023-04-02,L10,Paid Ads,F,29.0
C05673,2023-08-13,L03,Paid Ads,M,
C05674,2025-05-12,L09,Social,M,33.0
C05675,2025-03-18,L01,Paid Ads,M,28.0
C05676,2025-08-03,L03,Organic,M,39.0
C05677,2025-09-18,L09,Referral,F,43.0
C05678,2025-07-12,L10,Email,M,32.0
C05679,2023-07-21,L08,Organic,M,40.0
C05680,2025-06-28,L06,Referral,,44.0
C05681,2025-05-07,L08,Paid Ads,M,24.0
C05682,2025-06-22,L07,Paid Ads,M,45.0
C05683,2023-08-04,L02,Social,M,32.0
C05684,2023-07-28,L04,Paid Ads,F,23.0
C05685,2025-08-14,L06,Social,M,35.0
C05686,2023-09-21,L05,Social,M,31.0
C05687,2024-04-22,L10,Email,M,19.0
C05688,2024-07-18,L04,Social,M,22.0
C05689,2023-07-11,L02,Organic,M,47.0
C05690,2023-02-22,L02,Social,Other,35.0
C05691,2025-09-14,L09,Referral,F,45.0
C05692,2025-06-19,L01,Organic,F,28.0
C05693,2025-07-18,L10,Referral,M,25.0
C05694,2024-01-13,L01,Social,F,18.0
C05695,2023-11-04,L03,Organic,F,41.0
C05696,2024-06-09,L08,Paid Ads,M,36.0
C05697,2024-07-27,L04,Paid Ads,M,28.0
C05698,2023-01-15,L09,Paid Ads,F,25.0
C05699,2025-04-18,,Social,F,42.0
C05700,2025-09-08,L05,Organic,F,30.0
C05701,2024-09-20,L05,Social,M,31.0
C05702,2024-05-14,L10,Social,F,27.0
C05703,2024-05-07,L01,Paid Ads,F,28.0
C05704,2023-06-05,L03,Paid Ads,M,37.0
C05705,2023-12-12,L06,Organic,Other,19.0
C05706,2024-08-16,L13,Organic,F,33.0
C05707,2024-06-08,L09,Paid Ads,M,41.0
C05708,2024-10-07,L09,Organic,,31.0
C05709,2025-06-08,L05,Social,F,41.0
C05710,2023-11-09,L05,Referral,M,44.0
C05711,2023-02-21,L09,Organic,F,40.0
C05712,2023-03-14,L10,Paid Ads,F,27.0
C05713,2023-07-14,L08,Social,F,32.0
C05714,2024-10-05,L08,Organic,F,35.0
C05715,2025-04-16,L10,Referral,M,28.0
C05716,2025-07-27,L01,Organic,M,27.0
C05717,2024-12-21,L03,Email,M,27.0
C05718,2024-05-13,L13,Paid Ads,M,55.0
C05719,2023-08-09,L05,Paid Ads,F,30.0
C05720,2024-05-10,L02,Paid Ads,M,42.0
C05721,2024-03-01,L05,Paid Ads,M,24.0
C05722,2025-06-01,L06,Social,F,47.0
C05723,2024-08-22,L09,Organic,M,29.0
C05724,2023-11-24,L08,Organic,M,32.0
C05725,2024-01-28,L01,Organic,M,18.0
C05726,2023-08-18,L04,Referral,F,42.0
C05727,2025-07-27,L01,Social,F,44.0
C05728,2023-03-12,L10,Organic,Other,21.0
C05729,2023-01-08,L02,Social,M,
C05730,2023-10-07,L06,Social,M,20.0
C05731,2025-05-07,L05,Organic,M,38.0
C05732,2024-09-21,L06,Organic,F,
C05733,2024-12-01,L05,Paid Ads,M,44.0
C05734,2024-03-27,L07,Organic,M,34.0
C05735,2023-04-22,L06,Social,M,40.0
C05736,2025-06-11,L01,Paid Ads,F,43.0
C05737,2023-10-20,,Paid Ads,F,29.0
C05738,2023-02-04,L05,Social,F,32.0
C05739,2024-10-13,L03,Organic,F,22.0
C05740,2023-05-04,,Social,F,29.0
C05741,2023-06-04,L03,Referral,F,49.0
C05742,2025-04-01,L09,Paid Ads,M,39.0
C05743,2024-08-23,L02,Paid Ads,M,23.0
C05744,2023-11-21,L08,Organic,F,47.0
C05745,2024-03-26,L02,Email,F,36.0
C05746,2025-02-28,L05,Paid Ads,M,39.0
C05747,2023-04-28,L03,Social,M,36.0
C05748,2023-07-28,L06,Email,M,36.0
C05749,2024-11-01,,Paid Ads,Other,18.0
C05750,2024-11-22,L08,Social,F,42.0
C05751,2025-09-21,L05,Paid Ads,M,18.0
C05752,2024-04-05,L12,Organic,M,41.0
C05753,2023-04-04,L07,Email,M,33.0
C05754,2024-10-28,L06,Paid Ads,M,40.0
C05755,2024-12-25,L09,Social,M,33.0
C05756,2023-08-10,L02,Referral,F,41.0
C05757,2024-10-03,L06,Organic,F,32.0
C05758,2023-10-10,L03,Paid Ads,F,35.0
C05759,2025-05-01,L07,Organic,M,36.0
C05760,2025-05-20,L01,Organic,,49.0
C05761,2024-06-11,L04,Referral,F,37.0
C05762,2025-09-02,L06,Organic,F,20.0
C05763,2025-09-28,L04,Email,M,27.0
C05764,2023-07-24,L02,Paid Ads,F,37.0
C05765,2024-04-26,L04,Paid Ads,M,43.0
C05766,2024-11-28,L09,Organic,F,26.0
C05767,2023-05-01,L02,Organic,M,52.0
C05768,2024-04-22,L03,Referral,M,34.0
C05769,2023-12-23,L14,Paid Ads,F,36.0
C05770,2025-08-22,L11,Referral,M,21.0
C05771,2024-05-08,L01,Paid Ads,,42.0
C05772,2025-03-11,L05,Organic,F,28.0
C05773,2024-05-27,L01,Paid Ads,F,
C05774,2023-07-02,L11,Paid Ads,M,29.0
C05775,2025-06-18,L04,Organic,M,44.0
C05776,2023-01-23,L04,Social,M,36.0
C05777,2023-04-23,L03,Organic,F,24.0
C05778,2024-04-17,L05,Organic,M,27.0
C05779,2025-01-22,L02,Paid Ads,M,45.0
C05780,2024-03-26,L08,Paid Ads,F,30.0
C05781,2023-04-22,L04,Email,F,37.0
C05782,2024-02-04,L05,Social,F,
C05783,2023-11-07,L09,Social,M,18.0
C05784,2023-01-09,L02,Paid Ads,,43.0
C05785,2024-09-10,L02,Paid Ads,M,24.0
C05786,2023-07-11,L04,Organic,F,29.0
C05787,2024-01-07,L08,Social,M,46.0
C05788,2024-12-20,L01,Paid Ads,F,45.0
C05789,2025-02-04,L08,Paid Ads,M,36.0
C05790,2023-12-23,L05,Referral,M,39.0
C05791,2024-02-19,L05,Social,M,41.0
C05792,2023-12-27,L05,Paid Ads,Other,45.0
C05793,2025-08-01,L01,Organic,F,
C05794,2023-10-09,L02,Email,F,33.0
C05795,2023-10-26,L08,Organic,F,25.0
C05796,2024-07-14,L04,Email,M,30.0
C05797,2023-10-16,,Paid Ads,M,33.0
C05798,2023-08-01,L12,Email,F,32.0
C05799,2023-06-22,L01,Email,M,23.0
C05800,2024-12-08,L04,Paid Ads,F,36.0
C05801,2024-11-27,L03,Social,M,18.0
C05802,2024-12-11,L01,Organic,F,33.0
C05803,2025-04-06,L12,Organic,Other,33.0
C05804,2024-02-17,L12,Paid Ads,M,33.0
C05805,2025-07-14,L03,Referral,Other,40.0
C05806,2025-02-14,L12,Organic,M,38.0
C05807,2025-04-27,L01,Paid Ads,F,52.0
C05808,2025-02-11,L14,Email,M,27.0
C05809,2024-03-12,L09,Social,M,35.0
C05810,2024-01-18,L02,Organic,F,34.0
C05811,2024-06-05,L06,Paid Ads,M,34.0
C05812,2023-06-24,L08,Organic,M,21.0
C05813,2024-07-07,L03,Organic,M,21.0
C05814,2023-03-07,L03,Email,F,32.0
C05815,2023-01-01,L06,Email,,18.0
C05816,2025-08-10,L02,Organic,F,29.0
C05817,2025-01-17,L01,Organic,F,
C05818,2024-10-20,L02,Paid Ads,F,29.0
C05819,2024-03-26,L07,Paid Ads,F,42.0
C05820,2024-10-22,L03,Organic,M,22.0
C05821,2025-07-09,L05,Organic,F,40.0
C05822,2024-12-24,L02,Paid Ads,F,27.0
C05823,2024-11-06,L02,Organic,F,28.0
C05824,2024-07-06,L06,Social,M,36.0
C05825,2024-03-11,L01,Social,M,
C05826,2025-01-16,L06,Paid Ads,,24.0
C05827,2025-09-06,L04,Paid Ads,M,29.0
C05828,2024-06-26,L06,Social,F,18.0
C05829,2024-05-08,L03,Organic,M,35.0
C05830,2024-06-11,L09,Social,F,18.0
C05831,2024-06-17,L01,Organic,F,40.0
C05832,2025-09-13,L10,Email,F,38.0
C05833,2025-02-12,L03,Organic,F,46.0
C05834,2024-04-28,L01,Social,F,52.0
C05835,2024-04-13,L05,Organic,M,40.0
C05836,2024-06-04,L02,Social,F,26.0
C05837,2023-03-21,L04,Referral,F,52.0
C05838,2024-09-20,L08,Organic,M,21.0
C05839,2025-05-07,L08,Social,M,18.0
C05840,2024-12-24,L06,Organic,M,49.0
C05841,2023-10-11,,Paid Ads,F,37.0
C05842,2025-02-05,L04,Paid Ads,M,18.0
C05843,2025-02-05,L01,Social,M,20.0
C05844,2023-12-21,L09,Social,M,37.0
C05845,2024-11-07,L02,Paid Ads,F,24.0
C05846,2024-11-14,L02,Social,F,25.0
C05847,2025-05-21,L01,Email,F,50.0
C05848,2023-08-24,L03,Referral,M,51.0
C05849,2023-10-14,L03,Paid Ads,M,33.0
C05850,2024-08-26,L03,Paid Ads,F,31.0
C05851,2023-03-09,L05,Organic,,40.0
C05852,2024-06-25,L07,Paid Ads,M,27.0
C05853,2025-04-08,L11,Organic,M,18.0
C05854,2023-08-02,L01,Social,M,18.0
C05855,2024-07-21,L02,Referral,M,31.0
C05856,2025-09-22,L05,Referral,F,40.0
C05857,2024-09-26,L01,Organic,M,32.0
C05858,2024-08-26,L03,Organic,M,39.0
C05859,2024-10-03,L06,Social,F,40.0
C05860,2023-10-18,L08,Paid Ads,F,44.0
C05861,2023-08-20,L02,Email,M,34.0
C05862,2025-01-17,L06,Paid Ads,F,34.0
C05863,2024-05-01,L06,Organic,F,32.0
C05864,2024-01-02,L09,Referral,F,30.0
C05865,2023-02-19,L03,Referral,,18.0
C05866,2025-06-24,L07,Organic,F,43.0
C05867,2023-02-06,L07,Referral,F,29.0
C05868,2025-03-02,L02,Organic,F,28.0
C05869,2024-04-12,L06,Organic,F,27.0
C05870,2024-11-09,L06,Organic,M,20.0
C05871,2023-12-28,L03,Referral,M,31.0
C05872,2023-08-26,L04,Social,F,37.0
C05873,2024-09-16,L04,Organic,,26.0
C05874,2025-01-27,L08,Social,M,41.0
C05875,2023-10-07,L01,Social,M,29.0
C05876,2024-06-28,L05,Paid Ads,M,18.0
C05877,2024-07-13,L02,Organic,F,44.0
C05878,2023-11-14,L06,Organic,M,34.0
C05879,2024-10-02,L06,Organic,M,40.0
C05880,2023-08-05,L05,Email,M,40.0
C05881,2024-09-06,L05,Social,F,23.0
C05882,2023-06-14,,Organic,F,27.0
C05883,2024-08-06,L03,Paid Ads,F,41.0
C05884,2024-02-03,L07,Organic,F,49.0
C05885,2024-07-17,L02,Organic,F,33.0
C05886,2024-06-25,L08,Paid Ads,F,26.0
C05887,2025-07-02,L06,Organic,F,47.0
C05888,2024-08-16,L10,Organic,F,26.0
C05889,2025-05-27,L02,Paid Ads,Other,35.0
C05890,2023-11-12,L05,Paid Ads,M,28.0
C05891,2024-03-06,L01,Paid Ads,F,34.0
C05892,2023-05-03,L11,Paid Ads,M,23.0
C05893,2024-06-27,L06,Paid Ads,F,29.0
C05894,2025-01-12,L06,Paid Ads,F,26.0
C05895,2025-05-03,L07,Paid Ads,M,38.0
C05896,2024-10-25,L03,Email,F,33.0
C05897,2024-12-23,L06,Organic,M,
C05898,2023-09-20,L08,Referral,F,25.0
C05899,2023-03-03,L01,Organic,M,30.0
C05900,2025-04-03,L12,Paid Ads,F,38.0
C05901,2023-09-07,L10,Paid Ads,F,40.0
C05902,2023-05-05,L12,Social,M,19.0
C05903,2025-08-15,L08,Email,F,35.0
C05904,2025-09-11,L03,Paid Ads,F,25.0
C05905,2024-11-22,L05,Organic,F,40.0
C05906,2024-04-03,L01,Social,M,49.0
C05907,2025-05-21,L07,Organic,M,18.0
C05908,2023-10-27,L02,Paid Ads,M,26.0
C05909,2024-06-04,L10,Social,M,34.0
C05910,2024-03-19,L02,Paid Ads,Other,32.0
C05911,2025-07-15,L02,Paid Ads,F,40.0
C05912,2025-07-03,L01,Organic,,33.0
C05913,2024-12-09,L07,Organic,F,27.0
C05914,2023-06-23,L02,Email,F,23.0
C05915,2024-08-25,L02,Organic,M,21.0
C05916,2023-11-11,L02,Paid Ads,M,25.0
C05917,2025-07-03,L03,Paid Ads,M,27.0
C05918,2023-08-07,L11,Paid Ads,F,35.0
C05919,2023-04-24,L04,Organic,M,31.0
C05920,2025-02-16,L02,Organic,F,26.0
C05921,2024-07-13,,Paid Ads,M,23.0
C05922,2025-05-01,L01,Paid Ads,F,26.0
C05923,2023-05-22,L03,Social,F,27.0
C05924,2025-04-14,L01,Paid Ads,F,25.0
C05925,2023-03-16,L01,Email,M,38.0
C05926,2023-02-24,L01,Organic,F,44.0
C05927,2024-07-16,L03,Paid Ads,F,21.0
C05928,2023-11-26,L07,Email,F,42.0
C05929,2024-11-16,L01,Social,M,38.0
C05930,2023-02-10,L06,Paid Ads,F,34.0
C05931,2023-03-26,L06,Paid Ads,M,46.0
C05932,2025-02-18,L10,Social,F,30.0
C05933,2023-10-22,L02,Organic,F,36.0
C05934,2024-12-07,L08,Organic,,33.0
C05935,2025-03-19,L10,Paid Ads,F,32.0
C05936,2023-04-16,L13,Social,M,36.0
C05937,2025-03-03,L08,Paid Ads,F,32.0
C05938,2023-12-08,L01,Paid Ads,M,36.0
C05939,2024-05-26,L12,Email,F,26.0
C05940,2023-05-16,L08,Organic,F,26.0
C05941,2025-05-22,L02,Social,F,26.0
C05942,2024-10-05,L02,Organic,M,29.0
C05943,2024-08-07,L11,Social,F,41.0
C05944,2025-09-27,L02,Paid Ads,M,28.0
C05945,2024-03-12,L08,Organic,M,38.0
C05946,2025-07-25,L04,Paid Ads,F,34.0
C05947,2025-02-23,L07,Social,F,28.0
C05948,2025-08-10,L01,Paid Ads,F,44.0
C05949,2025-07-27,L07,Organic,F,39.0
C05950,2025-09-22,L05,Organic,F,32.0
C05951,2023-07-04,L10,Referral,M,31.0
C05952,2025-04-03,L02,Referral,M,33.0
C05953,2025-04-04,L01,Paid Ads,M,18.0
C05954,2024-12-21,L02,Organic,F,25.0
C05955,2023-12-05,L01,Referral,F,36.0
C05956,2025-09-08,L13,Paid Ads,M,18.0
C05957,2023-10-13,L01,Organic,F,25.0
C05958,2024-08-04,L02,Paid Ads,M,28.0
C05959,2024-09-10,L08,Paid Ads,,58.0
C05960,2023-09-19,L02,Email,F,38.0
C05961,2025-02-28,L02,Referral,F,42.0
C05962,2023-05-14,L06,Organic,M,25.0
C05963,2025-01-21,L04,Social,M,
C05964,2025-06-15,L09,Organic,F,18.0
C05965,2024-03-14,L06,Email,F,29.0
C05966,2025-02-15,L03,Paid Ads,F,37.0
C05967,2023-08-27,L06,Email,M,19.0
C05968,2025-06-02,L10,Social,F,36.0
C05969,2025-08-15,L03,Social,M,36.0
C05970,2023-08-02,L07,Organic,M,27.0
C05971,2025-01-25,L04,Social,Other,24.0
C05972,2024-09-17,L05,Social,F,
C05973,2024-09-02,L07,Paid Ads,M,29.0
C05974,2025-02-18,L01,Paid Ads,M,29.0
C05975,2024-08-13,L04,Referral,,37.0
C05976,2024-11-02,L01,Email,F,27.0
C05977,2023-11-28,L07,Social,M,46.0
C05978,2024-04-11,L06,Paid Ads,M,46.0
C05979,2025-06-01,L03,Referral,M,34.0
C05980,2023-06-18,L01,Organic,M,29.0
C05981,2024-11-11,L11,Paid Ads,Other,27.0
C05982,2023-10-19,L03,Social,M,35.0
C05983,2025-06-05,L03,Referral,F,36.0
C05984,2024-10-24,L01,Social,M,30.0
C05985,2024-05-12,L05,Paid Ads,M,28.0
C05986,2023-12-12,L03,Paid Ads,M,35.0
C05987,2024-06-23,L09,Social,F,33.0
C05988,2025-08-16,L06,Organic,M,27.0
C05989,2024-09-01,L01,Email,M,33.0
C05990,2024-07-17,L05,Email,M,27.0
C05991,2025-03-19,L02,Social,M,25.0
C05992,2024-04-09,L01,Social,F,32.0
C05993,2024-06-06,L06,Paid Ads,M,27.0
C05994,2024-03-02,L02,Paid Ads,M,25.0
C05995,2023-08-24,L10,Social,M,41.0
C05996,2025-02-01,L05,Organic,F,28.0
C05997,2025-06-17,L02,Social,M,49.0
C05998,2025-07-24,L13,Organic,M,38.0
C05999,2025-06-10,L05,Social,M,25.0
C06000,2024-07-06,L02,Paid Ads,M,42.0
