order_id,product_id,quantity,unit_price,discount_pct
O000001,P020,3,1760,0.05
O000001,P012,1,1160,0.0
O000002,P051,2,700,0.0
O000002,P045,2,630,0.05
O000003,P020,1,1760,0.0
O000004,P051,1,700,0.0
O000004,P003,2,8480,0.0
O000005,P028,1,430,0.0
O000006,P002,1,4330,0.2
O000007,P008,1,5930,0.0
O000007,P002,1,4330,0.0
O000007,P020,1,1760,0.2
O000008,P082,1,580,0.0
O000008,P074,1,890,0.0
O000008,P096,2,260,0.3
O000009,P042,1,5470,0.0
O000009,P033,1,2190,0.0
O000010,P034,2,490,0.05
O000011,P020,2,1760,0.1
O000012,P020,1,1760,0.1
O000013,P047,3,1740,0.0
O000014,P092,1,1210,0.0
O000015,P010,2,6950,0.0
O000015,P052,1,260,0.3
O000016,P080,1,660,0.1
O000017,P079,2,630,0.0
O000018,P050,2,570,0.0
O000019,P063,2,500,0.1
O000020,P079,2,630,0.0
O000020,P049,2,870,0.0
O000021,P061,1,660,0.05
O000022,P015,1,600,0.1
O000022,P095,1,1840,0.0
O000023,P002,1,4330,0.2
O000024,P008,1,5930,0.0
O000025,P002,1,4330,0.0
O000026,P032,1,1590,0.0
O000026,P015,1,600,0.1
O000027,P054,1,480,0.05
O000027,P068,2,260,0.2
O000028,P078,1,3260,0.0
O000028,P079,1,630,0.0
O000029,P057,1,360,0.0
O000030,P085,2,1400,0.0
O000031,P079,1,630,0.2
O000032,P039,1,1980,0.1
O000032,P041,1,4560,0.05
O000033,P053,1,310,0.0
O000033,P052,2,260,0.2
O000034,P016,1,650,0.0
O000034,P047,1,1740,0.0
O000035,P020,1,1760,0.0
O000035,P085,1,1400,0.1
O000036,P096,2,260,0.0
O000036,P073,1,3790,0.0
O000037,P075,1,2130,0.1
O000038,P079,1,630,0.1
O000039,P070,3,800,0.0
O000040,P047,1,1740,0.0
O000041,P080,1,660,0.2
O000042,P096,2,260,0.0
O000043,P049,1,870,0.0
O000044,P007,3,1390,0.1
O000044,P080,2,660,0.1
O000045,P033,1,2190,0.2
O000046,P020,3,1760,0.0
O000047,P020,1,1760,0.0
O000047,P023,1,2180,0.05
O000048,P033,1,2190,0.3
O000049,P008,2,5930,0.3
O000050,P033,1,2190,0.0
O000051,P007,2,1390,0.2
O000052,P045,2,630,0.3
O000052,P014,3,1960,0.0
O000053,P002,1,4330,0.0
O000054,P013,1,4850,0.2
O000055,P012,1,1160,0.1
O000055,P052,1,260,0.0
O000055,P078,1,3260,0.0
O000056,P074,1,890,0.1
O000057,P080,1,660,0.1
O000057,P050,1,570,0.3
O000058,P074,1,890,0.0
O000058,P047,3,1740,0.0
O000059,P045,1,630,0.0
O000060,P053,1,310,0.0
O000061,P047,2,1740,0.2
O000062,P012,1,1160,0.2
O000063,P051,3,700,0.0
O000064,P047,1,1740,0.0
O000065,P077,1,4260,0.1
O000066,P011,1,1280,0.2
O000067,P007,1,1390,0.0
O000067,P094,2,1100,0.0
O000068,P079,1,630,0.05
O000069,P094,1,1100,0.05
O000070,P008,1,5930,0.1
O000070,P048,1,600,0.1
O000070,P039,2,1980,0.0
O000071,P012,1,1160,0.3
O000072,P052,1,260,0.0
O000072,P096,1,260,0.0
O000073,P096,2,260,0.3
O000074,P057,1,360,0.2
O000074,P071,2,450,0.0
O000074,P088,1,2510,0.05
O000075,P081,2,2850,0.0
O000075,P027,1,1330,0.0
O000076,P043,1,1220,0.05
O000077,P002,2,4330,0.05
O000078,P056,1,1440,0.0
O000078,P052,1,260,0.2
O000079,P002,1,4330,0.05
O000079,P020,1,1760,0.0
O000080,P012,1,1160,0.0
O000081,P057,2,360,0.2
O000082,P079,1,630,0.0
O000083,P010,3,6950,0.0
O000083,P096,1,260,0.0
O000084,P007,2,1390,0.2
O000085,P079,1,630,0.3
O000086,P008,1,5930,0.2
O000086,P054,2,480,0.0
O000087,P002,1,4330,0.0
O000088,P033,1,2190,0.2
O000089,P052,1,260,0.0
O000089,P043,1,1220,0.0
O000090,P052,1,260,0.1
O000090,P022,1,1690,0.0
O000091,P074,1,890,0.0
O000092,P047,1,1740,0.0
O000092,P055,2,210,0.0
O000093,P038,3,940,0.05
O000093,P040,1,430,0.0
O000094,P006,1,5860,0.0
O000095,P002,2,4330,0.0
O000096,P008,1,5930,0.1
O000097,P059,1,240,0.05
O000097,P052,1,260,0.0
O000098,P009,1,5010,0.3
O000099,P082,2,580,0.3
O000100,P022,1,1690,0.3
O000101,P053,1,310,0.05
O000101,P096,1,260,0.0
O000102,P079,1,630,0.05
O000103,P052,1,260,0.0
O000103,P033,3,2190,0.3
O000104,P032,2,1590,0.05
O000104,P022,1,1690,0.0
O000105,P047,1,1740,0.1
O000105,P050,2,570,0.05
O000106,P079,1,630,0.0
O000106,P075,1,2130,0.05
O000106,P084,1,540,0.05
O000107,P085,2,1400,0.05
O000107,P047,3,1740,0.0
O000108,P007,1,1390,0.0
O000109,P096,1,260,0.3
O000110,P082,1,580,0.1
O000111,P042,1,5470,0.0
O000112,P047,3,1740,0.1
O000113,P012,3,1160,0.0
O000113,P035,1,390,0.1
O000114,P017,1,1030,0.0
O000114,P040,1,430,0.0
O000115,P052,1,260,0.3
O000116,P084,2,540,0.0
O000117,P023,1,2180,0.2
O000117,P051,3,700,0.05
O000118,P024,1,540,0.1
O000119,P020,2,1760,0.2
O000119,P045,1,630,0.0
O000120,P096,1,260,0.0
O000121,P079,1,630,0.0
O000121,P040,1,430,0.1
O000122,P041,1,4560,0.0
O000123,P001,2,5210,0.0
O000123,P071,1,450,0.0
O000123,P008,1,5930,0.0
O000124,P051,1,700,0.0
O000125,P070,1,800,0.0
O000126,P051,2,700,0.0
O000127,P047,1,1740,0.05
O000128,P090,2,2690,0.0
O000128,P002,1,4330,0.05
O000129,P052,1,260,0.0
O000130,P043,1,1220,0.2
O000130,P079,1,630,0.05
O000130,P015,2,600,0.05
O000130,P069,3,250,0.0
O000131,P020,1,1760,
O000132,P003,1,8480,0.1
O000132,P043,1,1220,0.1
O000133,P085,1,1400,0.0
O000134,P006,1,5860,0.05
O000135,P007,1,1390,0.0
O000135,P053,1,310,0.1
O000136,P028,1,430,0.0
O000136,P051,2,700,0.0
O000136,P088,2,2510,0.0
O000137,P002,1,4330,0.0
O000137,P079,1,630,0.0
O000138,P020,1,1760,0.05
O000139,P092,1,1210,0.1
O000139,P063,1,500,0.1
O000140,P047,1,1740,0.05
O000141,P024,1,540,0.0
O000142,P020,2,1760,0.0
O000142,P096,1,260,0.0
O000142,P081,1,2850,0.05
O000143,P062,2,400,0.0
O000143,P088,2,2510,0.0
O000143,P009,1,5010,0.2
O000143,P055,1,210,0.2
O000144,P047,1,1740,0.0
O000145,P052,2,260,0.05
O000145,P076,1,2640,0.0
O000146,P047,1,1740,0.0
O000146,P041,1,4560,0.0
O000146,P080,1,660,0.0
O000146,P036,1,490,0.05
O000147,P096,1,260,0.1
O000147,P053,1,310,0.1
O000148,P080,1,660,0.0
O000149,P020,3,1760,0.05
O000150,P084,1,540,0.05
O000150,P026,1,2100,0.0
O000151,P052,2,260,0.2
O000152,P096,1,260,0.0
O000152,P007,1,1390,0.0
O000153,P051,1,700,0.05
O000154,P012,1,1160,0.0
O000155,P016,1,650,0.0
O000156,P033,1,2190,0.3
O000157,P043,1,1220,0.0
O000157,P079,3,630,0.0
O000157,P047,1,1740,0.0
O000158,P088,1,2510,0.05
O000158,P052,1,260,0.0
O000159,P091,1,2490,0.0
O000159,P052,1,260,0.1
O000160,P033,1,2190,0.1
O000161,P014,1,1960,0.1
O000162,P031,2,700,0.0
O000162,P079,1,630,0.0
O000163,P002,1,4330,0.1
O000164,P033,1,2190,0.0
O000164,P052,1,260,0.2
O000164,P003,2,8480,0.2
O000165,P096,3,260,0.05
O000166,P052,1,260,0.0
O000167,P018,3,790,0.1
O000167,P050,1,570,0.0
O000167,P075,3,2130,0.0
O000167,P022,1,1690,0.3
O000168,P054,1,480,0.0
O000168,P097,1,1960,0.0
O000169,P033,3,2190,0.2
O000170,P071,3,450,0.1
O000170,P098,1,930,0.3
O000171,P085,3,1400,0.0
O000171,P006,1,5860,0.1
O000171,P096,1,260,0.0
O000172,P047,1,1740,0.1
O000172,P054,1,480,0.3
O000173,P080,3,660,0.0
O000174,P092,1,1210,0.0
O000174,P079,1,630,0.0
O000175,P020,1,1760,0.1
O000175,P080,1,660,0.0
O000176,P051,2,700,0.0
O000177,P096,1,260,0.1
O000178,P054,1,480,0.1
O000178,P024,2,540,0.05
O000179,P020,1,1760,0.0
O000180,P052,1,260,
O000180,P028,1,430,0.3
O000181,P033,1,2190,0.05
O000182,P052,2,260,0.0
O000183,P081,2,2850,0.3
O000184,P051,1,700,0.2
O000184,P033,1,2190,
O000185,P033,1,2190,0.0
O000186,P001,1,5210,0.0
O000187,P072,1,3800,0.0
O000188,P023,1,2180,0.0
O000189,P053,3,310,0.0
O000189,P079,2,630,0.0
O000190,P020,1,1760,0.2
O000191,P076,1,2640,0.0
O000192,P042,2,5470,0.0
O000193,P002,1,4330,0.0
O000194,P003,2,8480,0.0
O000195,P094,1,1100,0.2
O000196,P003,1,8480,0.1
O000197,P052,2,260,0.0
O000198,P020,1,1760,0.0
O000199,P008,1,5930,0.0
O000200,P010,1,6950,0.0
O000200,P020,1,1760,0.05
O000201,P044,1,260,0.05
O000202,P052,2,260,0.0
O000202,P033,1,2190,0.3
O000203,P031,1,700,0.05
O000204,P096,1,260,0.05
O000205,P012,1,1160,0.3
O000206,P078,1,3260,0.1
O000206,P003,1,8480,0.0
O000207,P051,1,700,0.2
O000208,P040,1,430,0.0
O000209,P093,1,350,0.0
O000210,P051,1,700,0.2
O000211,P008,2,5930,0.0
O000211,P061,1,660,
O000211,P094,1,1100,0.0
O000212,P020,2,1760,0.0
O000213,P024,1,540,0.0
O000214,P006,1,5860,0.0
O000214,P092,1,1210,0.0
O000215,P007,1,1390,0.2
O000215,P052,1,260,0.1
O000216,P092,1,1210,0.0
O000217,P010,1,6950,0.0
O000218,P012,2,1160,0.1
O000219,P015,1,600,0.3
O000219,P007,2,1390,0.0
O000220,P028,2,430,0.1
O000221,P078,1,3260,0.0
O000221,P054,1,480,0.2
O000222,P063,3,500,0.0
O000222,P007,1,1390,0.0
O000223,P008,1,5930,0.2
O000223,P096,3,260,0.0
O000224,P080,1,660,0.0
O000225,P018,1,790,0.2
O000226,P034,1,490,0.1
O000226,P033,2,2190,0.0
O000227,P048,2,600,0.1
O000227,P050,1,570,0.0
O000227,P080,1,660,0.0
O000228,P006,1,5860,0.2
O000228,P054,1,480,0.0
O000229,P011,2,1280,0.0
O000230,P033,1,2190,0.1
O000231,P094,1,1100,0.3
O000231,P096,1,260,0.0
O000231,P084,2,540,0.0
O000231,P052,1,260,0.1
O000232,P082,1,580,0.1
O000233,P022,2,1690,0.0
O000234,P008,1,5930,0.2
O000234,P078,1,3260,0.1
O000234,P051,2,700,0.0
O000235,P008,1,5930,0.0
O000236,P033,1,2190,0.05
O000236,P051,1,700,0.0
O000237,P012,1,1160,0.0
O000237,P079,1,630,0.1
O000237,P096,1,260,0.1
O000238,P051,1,700,0.2
O000239,P047,1,1740,0.2
O000239,P074,1,890,0.2
O000240,P096,1,260,0.0
O000241,P051,1,700,0.0
O000242,P033,1,2190,0.0
O000242,P052,1,260,0.3
O000242,P080,3,660,0.0
O000243,P012,1,1160,0.3
O000243,P003,1,8480,0.0
O000243,P071,1,450,0.0
O000244,P096,2,260,0.1
O000244,P023,3,2180,0.1
O000244,P059,1,240,0.0
O000244,P051,1,700,0.0
O000245,P039,1,1980,0.2
O000246,P079,1,630,0.0
O000246,P051,1,700,0.1
O000246,P002,1,4330,0.0
O000247,P096,3,260,0.3
O000247,P033,2,2190,0.0
O000247,P051,1,700,0.0
O000247,P046,1,860,0.0
O000248,P096,1,260,0.0
O000248,P043,1,1220,0.1
O000249,P096,1,260,0.3
O000250,P036,1,490,0.3
O000251,P045,1,630,0.0
O000251,P028,1,430,0.0
O000252,P052,1,260,0.0
O000253,P072,1,3800,0.0
O000254,P023,2,2180,0.0
O000254,P043,2,1220,0.3
O000255,P084,3,540,0.1
O000256,P047,1,1740,0.0
O000257,P012,1,1160,0.1
O000258,P012,1,1160,0.0
O000259,P045,1,630,0.0
O000260,P037,1,470,0.0
O000261,P020,1,1760,0.1
O000261,P012,1,1160,0.0
O000262,P045,1,630,0.05
O000263,P051,1,700,0.0
O000264,P006,3,5860,0.0
O000265,P006,1,5860,0.05
O000265,P040,1,430,0.3
O000266,P080,1,660,0.1
O000266,P012,1,1160,0.2
O000267,P048,1,600,0.0
O000267,P038,2,940,0.0
O000268,P089,3,530,0.2
O000269,P045,3,630,0.0
O000269,P020,1,1760,0.0
O000270,P002,1,4330,0.1
O000271,P031,3,700,0.1
O000271,P096,1,260,0.1
O000272,P052,1,260,0.0
O000273,P008,1,5930,0.2
O000274,P006,1,5860,0.1
O000274,P052,2,260,0.05
O000275,P009,2,5010,0.05
O000276,P020,1,1760,0.0
O000276,P096,1,260,0.05
O000276,P093,1,350,0.0
O000277,P075,1,2130,0.3
O000278,P079,1,630,0.0
O000279,P041,1,4560,0.1
O000280,P096,1,260,0.1
O000280,P079,1,630,0.2
O000280,P001,1,5210,0.0
O000280,P073,1,3790,0.0
O000281,P047,3,1740,0.0
O000281,P086,1,1840,0.0
O000282,P055,1,210,0.0
O000283,P003,1,8480,0.0
O000284,P079,2,630,0.0
O000285,P007,1,1390,0.0
O000286,P007,2,1390,0.3
O000286,P043,1,1220,0.0
O000287,P096,1,260,0.0
O000287,P059,2,240,0.0
O000288,P008,3,5930,0.2
O000288,P096,1,260,0.0
O000289,P075,2,2130,0.0
O000290,P085,3,1400,0.0
O000291,P082,1,580,0.0
O000291,P079,1,630,0.1
O000292,P054,1,480,0.0
O000293,P008,1,5930,0.2
O000294,P002,1,4330,0.0
O000294,P010,1,6950,0.0
O000294,P022,1,1690,0.0
O000295,P051,1,700,0.0
O000295,P043,2,1220,0.0
O000295,P002,1,4330,0.0
O000296,P009,1,5010,0.0
O000296,P054,1,480,0.0
O000296,P020,1,1760,0.2
O000297,P076,1,2640,0.1
O000297,P053,1,310,0.1
O000298,P007,1,1390,0.0
O000299,P088,1,2510,0.3
O000300,P051,1,700,0.0
O000301,P047,1,1740,0.0
O000302,P018,1,790,0.1
O000303,P096,1,260,
O000304,P033,1,2190,0.0
O000304,P047,2,1740,0.1
O000305,P006,2,5860,0.2
O000305,P007,1,1390,0.1
O000306,P007,1,1390,0.0
O000306,P090,3,2690,0.0
O000307,P033,1,2190,0.0
O000308,P033,1,2190,0.0
O000308,P076,1,2640,0.0
O000308,P022,1,1690,0.1
O000309,P052,3,260,0.1
O000310,P028,1,430,0.0
O000311,P059,1,240,0.0
O000311,P029,2,570,0.0
O000312,P008,1,5930,0.3
O000312,P006,1,5860,0.2
O000313,P096,1,260,0.05
O000313,P054,1,480,0.1
O000313,P039,3,1980,0.0
O000314,P033,3,2190,0.0
O000315,P003,1,8480,0.3
O000315,P080,1,660,0.1
O000316,P002,1,4330,0.0
O000316,P020,1,1760,0.3
O000316,P092,1,1210,0.2
O000317,P030,1,600,0.05
O000318,P096,2,260,0.3
O000319,P052,3,260,0.0
O000319,P079,1,630,0.0
O000320,P075,2,2130,0.0
O000321,P010,1,6950,0.0
O000322,P039,1,1980,0.05
O000323,P069,1,250,0.0
O000324,P085,2,1400,0.0
O000325,P081,1,2850,0.1
O000326,P080,1,660,0.1
O000327,P071,2,450,0.05
O000327,P052,2,260,0.0
O000327,P033,1,2190,0.0
O000327,P054,1,480,0.0
O000328,P096,1,260,0.1
O000328,P085,1,1400,0.05
O000329,P048,1,600,0.3
O000329,P086,1,1840,0.0
O000330,P008,1,5930,0.05
O000330,P022,1,1690,0.05
O000331,P053,1,310,0.05
O000332,P018,1,790,0.0
O000333,P079,1,630,0.1
O000334,P035,1,390,0.3
O000335,P086,2,1840,0.0
O000335,P047,1,1740,0.0
O000336,P044,1,260,0.0
O000337,P004,1,1090,0.0
O000338,P096,1,260,0.05
O000339,P084,1,540,0.05
O000340,P054,2,480,0.1
O000341,P031,1,700,0.05
O000341,P019,1,2290,0.0
O000342,P047,1,1740,0.05
O000342,P082,1,580,0.1
O000343,P054,1,480,0.0
O000344,P080,2,660,0.2
O000344,P020,1,1760,0.0
O000345,P028,1,430,0.0
O000345,P002,3,4330,0.0
O000346,P077,1,4260,0.0
O000347,P038,1,940,0.05
O000347,P063,1,500,0.0
O000348,P079,3,630,0.2
O000348,P082,1,580,0.2
O000348,P080,1,660,0.05
O000349,P011,1,1280,0.2
O000350,P014,1,1960,0.05
O000351,P012,1,1160,0.05
O000351,P077,1,4260,0.3
O000351,P007,1,1390,0.1
O000352,P004,1,1090,0.0
O000353,P003,2,8480,0.0
O000353,P055,2,210,0.3
O000354,P047,1,1740,0.0
O000355,P088,1,2510,0.1
O000356,P001,1,5210,0.0
O000357,P096,1,260,0.3
O000358,P047,1,1740,0.0
O000358,P001,1,5210,0.0
O000359,P020,1,1760,0.1
O000360,P096,1,260,0.0
O000360,P031,1,700,0.0
O000361,P002,1,4330,0.0
O000361,P079,2,630,0.1
O000362,P082,1,580,0.1
O000362,P009,1,5010,0.0
O000362,P012,1,1160,0.0
O000363,P088,1,2510,0.05
O000363,P052,1,260,0.0
O000364,P036,1,490,0.0
O000364,P088,1,2510,0.0
O000365,P096,1,260,0.0
O000366,P033,1,2190,0.05
O000367,P020,1,1760,0.0
O000368,P080,1,660,0.0
O000368,P023,1,2180,0.2
O000369,P021,2,620,0.1
O000370,P080,1,660,0.0
O000370,P001,1,5210,0.2
O000371,P033,1,2190,0.3
O000372,P020,1,1760,0.3
O000373,P020,1,1760,0.0
O000374,P004,1,1090,0.05
O000375,P003,1,8480,0.2
O000375,P072,1,3800,0.0
O000375,P002,1,4330,0.05
O000376,P079,1,630,0.0
O000377,P030,1,600,0.0
O000377,P096,1,260,0.2
O000378,P082,1,580,0.0
O000379,P080,1,660,0.0
O000379,P070,1,800,0.3
O000380,P088,2,2510,0.0
O000380,P047,2,1740,0.05
O000380,P055,1,210,0.1
O000381,P028,1,430,0.2
O000382,P052,1,260,0.0
O000383,P002,1,4330,0.1
O000383,P018,1,790,0.05
O000383,P088,2,2510,0.0
O000383,P011,1,1280,0.0
O000384,P047,3,1740,0.0
O000385,P005,1,1960,0.05
O000385,P052,2,260,0.0
O000385,P069,1,250,0.0
O000386,P079,1,630,0.0
O000387,P007,1,1390,0.0
O000387,P096,3,260,0.0
O000388,P089,1,530,0.1
O000389,P079,2,630,0.1
O000389,P048,3,600,0.0
O000390,P045,1,630,0.05
O000391,P096,2,260,0.0
O000391,P027,1,1330,0.0
O000392,P033,1,2190,0.05
O000393,P050,1,570,0.0
O000393,P033,1,2190,0.0
O000393,P047,1,1740,0.0
O000393,P008,1,5930,0.05
O000394,P020,1,1760,0.3
O000395,P020,1,1760,0.2
O000396,P054,1,480,0.0
O000396,P033,1,2190,0.05
O000397,P096,1,260,0.0
O000397,P008,1,5930,0.0
O000398,P030,2,600,0.0
O000398,P002,1,4330,0.3
O000398,P079,1,630,0.0
O000399,P079,1,630,0.0
O000400,P022,1,1690,0.0
O000401,P070,1,800,0.2
O000402,P052,1,260,0.2
O000403,P043,1,1220,0.3
O000403,P053,1,310,0.05
O000404,P080,1,660,0.0
O000405,P079,1,630,0.0
O000406,P020,1,1760,0.0
O000406,P084,1,540,0.2
O000407,P002,1,4330,0.0
O000408,P096,1,260,0.0
O000409,P012,1,1160,0.2
O000409,P079,1,630,0.0
O000410,P088,1,2510,0.05
O000411,P078,1,3260,0.0
O000411,P023,1,2180,0.3
O000412,P031,1,700,0.3
O000412,P088,1,2510,0.1
O000413,P042,1,5470,0.0
O000414,P079,1,630,0.3
O000415,P008,1,5930,0.05
O000416,P074,1,890,0.05
O000417,P017,3,1030,0.05
O000417,P081,1,2850,0.0
O000418,P052,1,260,
O000419,P003,2,8480,0.0
O000420,P088,2,2510,0.0
O000421,P055,1,210,0.2
O000422,P053,1,310,0.0
O000423,P079,3,630,0.0
O000424,P012,1,1160,0.0
O000424,P005,1,1960,0.0
O000425,P011,1,1280,0.1
O000425,P088,1,2510,0.0
O000425,P096,2,260,0.0
O000426,P052,1,260,0.2
O000426,P033,2,2190,0.3
O000427,P080,1,660,0.1
O000428,P037,1,470,0.0
O000428,P020,1,1760,0.0
O000428,P007,1,1390,0.1
O000429,P013,3,4850,0.0
O000429,P047,1,1740,0.1
O000430,P030,1,600,0.1
O000431,P052,1,260,0.05
O000432,P051,1,700,0.0
O000432,P052,2,260,0.0
O000433,P043,2,1220,0.05
O000434,P082,1,580,0.2
O000435,P054,2,480,0.1
O000435,P096,1,260,0.0
O000435,P079,1,630,0.0
O000435,P065,1,180,0.0
O000436,P089,1,530,0.3
O000437,P003,1,8480,0.0
O000437,P088,1,2510,0.2
O000438,P080,1,660,0.2
O000439,P096,1,260,0.0
O000440,P084,1,540,0.1
O000441,P096,1,260,0.2
O000442,P047,1,1740,0.0
O000442,P043,1,1220,0.0
O000443,P069,1,250,0.3
O000444,P069,1,250,0.0
O000445,P092,1,1210,0.2
O000445,P007,1,1390,0.05
O000446,P055,1,210,0.05
O000446,P096,1,260,0.0
O000447,P020,3,1760,0.0
O000447,P077,2,4260,0.0
O000448,P013,3,4850,0.0
O000449,P012,1,1160,0.0
O000450,P079,1,630,0.0
O000450,P048,1,600,0.1
O000451,P008,2,5930,0.1
O000452,P015,1,600,0.05
O000453,P006,2,5860,0.0
O000453,P074,3,890,0.1
O000453,P096,1,260,0.0
O000454,P088,1,2510,0.05
O000455,P079,2,630,0.0
O000456,P051,2,700,0.0
O000457,P053,1,310,0.0
O000458,P053,1,310,0.1
O000458,P051,1,700,0.2
O000458,P015,3,600,0.05
O000458,P075,1,2130,0.0
O000459,P080,1,660,0.0
O000459,P039,3,1980,0.05
O000460,P047,1,1740,0.2
O000461,P023,2,2180,0.0
O000462,P024,1,540,0.05
O000463,P092,1,1210,0.1
O000463,P008,2,5930,0.0
O000463,P052,1,260,0.0
O000464,P052,1,260,0.0
O000465,P092,1,1210,0.3
O000465,P020,1,1760,0.0
O000466,P033,1,2190,0.05
O000466,P020,1,1760,0.05
O000466,P045,1,630,0.0
O000467,P079,1,630,0.2
O000468,P079,1,630,0.0
O000468,P008,1,5930,0.0
O000469,P079,1,630,0.2
O000469,P081,2,2850,0.05
O000469,P012,1,1160,0.0
O000470,P055,1,210,0.0
O000471,P079,1,630,0.0
O000472,P084,3,540,0.1
O000473,P047,3,1740,0.0
O000474,P015,2,600,0.3
O000475,P033,3,2190,0.1
O000475,P053,1,310,0.0
O000476,P034,1,490,0.0
O000476,P061,1,660,0.2
O000477,P033,1,2190,0.2
O000478,P024,2,540,0.0
O000478,P079,3,630,0.2
O000479,P022,1,1690,0.0
O000479,P033,2,2190,0.3
O000480,P005,1,1960,0.0
O000481,P009,1,5010,0.0
O000482,P025,1,1700,0.0
O000482,P079,1,630,0.0
O000482,P051,2,700,0.0
O000483,P047,1,1740,0.0
O000484,P043,1,1220,0.0
O000485,P033,2,2190,0.0
O000485,P051,1,700,0.0
O000486,P020,1,1760,0.2
O000487,P055,1,210,0.0
O000488,P052,1,260,0.3
O000488,P008,1,5930,0.0
O000489,P028,1,430,0.0
O000489,P004,1,1090,0.3
O000489,P008,1,5930,0.0
O000490,P047,2,1740,0.0
O000491,P023,1,2180,0.1
O000491,P044,1,260,0.0
O000491,P030,1,600,0.0
O000492,P050,2,570,0.0
O000492,P051,1,700,0.0
O000493,P076,1,2640,0.1
O000494,P003,1,8480,0.1
O000494,P096,1,260,0.05
O000495,P079,1,630,0.1
O000495,P012,1,1160,0.05
O000496,P096,2,260,0.3
O000497,P039,2,1980,0.0
O000498,P002,1,4330,0.2
O000499,P080,1,660,0.0
O000499,P003,1,8480,0.3
O000499,P012,1,1160,0.05
O000500,P046,1,860,0.0
O000500,P052,1,260,0.1
O000501,P047,3,1740,0.0
O000501,P031,2,700,0.0
O000502,P079,1,630,0.3
O000502,P092,2,1210,0.0
O000503,P007,2,1390,0.0
O000504,P002,3,4330,0.0
O000505,P054,2,480,0.0
O000505,P079,1,630,0.05
O000506,P055,1,210,0.0
O000506,P096,1,260,0.0
O000507,P044,2,260,0.2
O000507,P066,2,160,0.1
O000507,P012,2,1160,0.05
O000508,P007,1,1390,0.3
O000509,P041,1,4560,0.0
O000510,P092,1,1210,0.0
O000510,P037,1,470,0.05
O000511,P006,1,5860,0.2
O000511,P020,1,1760,0.3
O000511,P096,2,260,0.1
O000512,P052,1,260,0.3
O000512,P043,1,1220,0.05
O000513,P008,1,5930,0.0
O000513,P052,1,260,0.0
O000513,P028,1,430,0.2
O000514,P055,3,210,0.0
O000515,P072,1,3800,0.1
O000516,P080,2,660,0.2
O000516,P008,1,5930,0.2
O000516,P096,1,260,0.2
O000517,P029,1,570,0.0
O000517,P022,1,1690,0.1
O000518,P076,2,2640,0.0
O000518,P096,1,260,0.0
O000519,P082,1,580,0.3
O000520,P046,1,860,0.0
O000521,P088,1,2510,0.1
O000522,P020,1,1760,0.0
O000522,P082,2,580,0.0
O000523,P055,1,210,0.0
O000524,P054,2,480,0.05
O000525,P040,1,430,0.2
O000525,P052,1,260,0.05
O000526,P015,1,600,0.05
O000527,P080,1,660,0.3
O000527,P022,1,1690,0.0
O000528,P008,2,5930,0.0
O000529,P079,1,630,0.0
O000529,P033,1,2190,0.0
O000529,P096,1,260,0.0
O000530,P008,3,5930,0.1
O000531,P096,1,260,0.1
O000532,P010,1,6950,0.1
O000532,P092,3,1210,0.2
O000532,P008,1,5930,0.0
O000533,P033,1,2190,0.0
O000534,P020,1,1760,0.0
O000534,P079,1,630,0.05
O000535,P052,1,260,0.05
O000535,P012,1,1160,0.2
O000535,P006,2,5860,0.1
O000536,P020,1,1760,0.0
O000537,P056,2,1440,0.0
O000538,P051,1,700,0.1
O000539,P052,1,260,0.1
O000539,P092,1,1210,0.2
O000540,P011,2,1280,0.0
O000541,P037,1,470,0.0
O000542,P062,1,400,0.1
O000542,P079,1,630,0.1
O000542,P051,2,700,0.0
O000543,P050,1,570,0.0
O000544,P071,3,450,0.0
O000544,P051,2,700,0.0
O000545,P088,1,2510,0.0
O000545,P020,1,1760,0.0
O000546,P063,1,500,0.05
O000547,P030,1,600,0.05
O000547,P055,1,210,0.0
O000548,P020,3,1760,0.05
O000548,P070,3,800,0.0
O000549,P024,1,540,0.1
O000550,P047,1,1740,0.05
O000550,P064,1,550,0.1
O000551,P052,1,260,0.3
O000551,P053,1,310,0.0
O000551,P032,1,1590,0.0
O000552,P052,1,260,0.0
O000552,P022,1,1690,0.3
O000553,P079,2,630,0.0
O000554,P001,3,5210,0.2
O000554,P020,1,1760,0.0
O000555,P052,1,260,0.05
O000556,P008,1,5930,0.0
O000556,P059,2,240,0.0
O000556,P007,1,1390,0.0
O000557,P012,1,1160,0.2
O000557,P084,1,540,0.0
O000558,P047,1,1740,0.05
O000558,P033,1,2190,0.2
O000559,P003,1,8480,0.1
O000560,P028,1,430,0.0
O000561,P031,1,700,0.0
O000561,P052,1,260,0.0
O000562,P007,2,1390,0.1
O000563,P096,1,260,0.1
O000564,P041,1,4560,0.1
O000565,P052,1,260,0.05
O000565,P051,1,700,0.0
O000566,P043,2,1220,
O000566,P096,1,260,0.1
O000567,P078,1,3260,0.0
O000568,P033,2,2190,0.05
O000569,P072,3,3800,0.0
O000569,P051,1,700,0.1
O000570,P039,3,1980,0.05
O000571,P006,3,5860,0.0
O000571,P033,2,2190,0.05
O000572,P051,1,700,0.1
O000573,P094,1,1100,0.0
O000573,P020,1,1760,0.0
O000574,P081,1,2850,0.1
O000574,P051,2,700,0.05
O000574,P079,2,630,0.0
O000575,P007,1,1390,0.1
O000575,P049,2,870,0.0
O000576,P096,1,260,0.1
O000577,P002,1,4330,0.1
O000577,P079,1,630,0.1
O000578,P051,1,700,0.1
O000578,P052,1,260,0.1
O000578,P096,1,260,0.3
O000579,P096,1,260,0.0
O000579,P079,1,630,0.0
O000579,P082,1,580,0.0
O000580,P087,2,1570,0.0
O000580,P088,3,2510,0.05
O000581,P082,1,580,0.3
O000581,P088,2,2510,0.2
O000582,P050,1,570,0.2
O000582,P008,1,5930,0.2
O000583,P096,2,260,0.0
O000584,P047,3,1740,0.0
O000584,P066,1,160,0.0
O000585,P006,1,5860,0.0
O000585,P047,2,1740,0.0
O000586,P054,2,480,0.0
O000587,P019,1,2290,0.0
O000588,P047,1,1740,0.3
O000588,P032,2,1590,0.3
O000589,P052,1,260,0.0
O000590,P079,1,630,0.05
O000590,P072,1,3800,0.1
O000590,P047,1,1740,0.2
O000591,P051,1,700,0.0
O000592,P050,1,570,0.0
O000592,P033,1,2190,0.1
O000593,P033,1,2190,0.2
O000594,P047,1,1740,0.05
O000594,P022,1,1690,0.0
O000595,P002,1,4330,0.0
O000596,P009,1,5010,0.0
O000597,P053,1,310,0.0
O000598,P078,1,3260,0.0
O000599,P033,1,2190,0.05
O000599,P065,3,180,0.1
O000600,P002,1,4330,0.05
O000600,P033,1,2190,0.1
O000600,P079,1,630,0.0
O000601,P045,2,630,
O000602,P012,1,1160,0.0
O000603,P076,1,2640,0.0
O000604,P081,2,2850,0.0
O000605,P037,1,470,0.2
O000606,P047,1,1740,0.0
O000606,P074,2,890,0.2
O000607,P052,1,260,0.2
O000608,P059,1,240,0.1
O000608,P052,2,260,0.1
O000608,P012,2,1160,0.0
O000608,P043,1,1220,0.0
O000609,P052,1,260,0.0
O000610,P080,1,660,0.2
O000610,P096,2,260,0.0
O000611,P020,1,1760,0.05
O000612,P007,1,1390,0.2
O000612,P096,1,260,0.3
O000613,P079,1,630,0.0
O000614,P096,2,260,0.3
O000614,P077,1,4260,0.3
O000615,P003,3,8480,0.0
O000616,P033,3,2190,0.0
O000617,P021,1,620,0.2
O000618,P046,2,860,0.0
O000619,P042,1,5470,0.0
O000619,P088,1,2510,0.0
O000620,P024,1,540,0.0
O000620,P020,1,1760,0.0
O000621,P030,2,600,0.3
O000622,P014,1,1960,0.0
O000622,P052,1,260,0.2
O000622,P051,2,700,0.0
O000622,P074,1,890,0.0
O000623,P038,1,940,0.05
O000624,P020,1,1760,0.0
O000624,P007,1,1390,0.1
O000624,P080,1,660,0.05
O000624,P071,1,450,0.0
O000625,P028,1,430,0.05
O000626,P083,1,710,0.0
O000626,P002,1,4330,0.2
O000627,P050,1,570,0.2
O000628,P052,1,260,0.1
O000628,P063,1,500,0.05
O000629,P082,1,580,0.0
O000630,P008,3,5930,0.3
O000631,P002,2,4330,0.3
O000631,P054,3,480,0.0
O000632,P033,1,2190,0.1
O000632,P054,1,480,0.1
O000633,P020,1,1760,0.0
O000634,P051,2,700,0.1
O000635,P002,1,4330,0.05
O000635,P008,1,5930,0.1
O000635,P010,1,6950,0.0
O000636,P069,1,250,0.0
O000637,P007,1,1390,0.05
O000638,P006,2,5860,0.2
O000638,P033,1,2190,0.2
O000639,P033,1,2190,0.0
O000640,P080,1,660,0.3
O000640,P008,1,5930,0.1
O000641,P067,2,290,0.0
O000641,P051,1,700,0.0
O000641,P087,2,1570,0.0
O000641,P077,1,4260,0.2
O000642,P043,1,1220,0.1
O000643,P003,1,8480,0.1
O000644,P045,1,630,0.2
O000645,P047,1,1740,0.3
O000645,P051,1,700,0.0
O000646,P042,1,5470,0.3
O000646,P016,1,650,0.0
O000646,P071,2,450,0.3
O000647,P025,1,1700,0.1
O000647,P031,1,700,0.0
O000647,P020,2,1760,0.05
O000648,P054,1,480,0.3
O000648,P040,1,430,0.0
O000649,P083,1,710,0.2
O000649,P082,3,580,0.0
O000649,P096,1,260,0.0
O000650,P070,1,800,0.0
O000650,P051,1,700,0.0
O000651,P020,3,1760,0.2
O000651,P096,1,260,0.0
O000652,P078,1,3260,0.2
O000653,P079,1,630,0.2
O000653,P063,1,500,0.0
O000653,P033,1,2190,0.3
O000654,P022,3,1690,0.2
O000655,P096,1,260,0.1
O000656,P044,1,260,0.0
O000657,P079,3,630,0.0
O000657,P098,2,930,0.0
O000657,P051,1,700,0.05
O000658,P096,1,260,0.0
O000659,P033,1,2190,0.05
O000660,P008,2,5930,0.2
O000661,P006,1,5860,0.1
O000662,P096,1,260,0.3
O000662,P020,1,1760,0.0
O000662,P080,3,660,0.0
O000663,P039,1,1980,0.0
O000663,P057,1,360,0.3
O000664,P001,2,5210,0.2
O000664,P006,1,5860,0.0
O000664,P073,1,3790,0.0
O000665,P069,1,250,0.1
O000666,P020,1,1760,0.0
O000667,P012,1,1160,0.0
O000667,P033,3,2190,0.0
O000668,P067,2,290,0.0
O000669,P051,2,700,0.0
O000669,P040,1,430,0.2
O000669,P033,1,2190,0.0
O000670,P077,1,4260,0.1
O000670,P088,1,2510,0.0
O000670,P055,1,210,0.1
O000671,P096,1,260,0.05
O000671,P051,3,700,0.1
O000671,P044,2,260,0.0
O000672,P049,1,870,0.3
O000673,P031,1,700,0.0
O000674,P096,1,260,0.0
O000674,P030,2,600,
O000675,P077,1,4260,0.3
O000675,P002,1,4330,0.0
O000676,P052,1,260,0.2
O000676,P008,2,5930,0.05
O000677,P022,1,1690,0.05
O000678,P055,1,210,0.2
O000679,P074,1,890,0.0
O000680,P070,1,800,0.0
O000681,P028,1,430,0.2
O000681,P086,1,1840,0.2
O000681,P076,1,2640,0.0
O000682,P022,1,1690,0.2
O000683,P088,1,2510,0.0
O000684,P069,1,250,0.3
O000685,P079,1,630,0.2
O000685,P032,2,1590,0.0
O000686,P028,1,430,0.05
O000687,P075,1,2130,0.0
O000687,P071,1,450,0.0
O000688,P020,1,1760,0.05
O000688,P043,3,1220,0.3
O000689,P096,1,260,0.1
O000690,P098,1,930,0.3
O000690,P036,1,490,0.2
O000691,P012,1,1160,0.2
O000692,P042,2,5470,0.0
O000693,P096,1,260,0.05
O000693,P008,3,5930,0.0
O000694,P088,1,2510,0.1
O000695,P088,1,2510,0.0
O000696,P073,3,3790,0.0
O000697,P022,2,1690,0.0
O000698,P079,1,630,0.0
O000698,P096,1,260,
O000698,P033,1,2190,0.3
O000699,P079,1,630,0.05
O000700,P082,1,580,0.1
O000700,P043,3,1220,0.0
O000701,P050,3,570,0.0
O000702,P002,1,4330,0.2
O000703,P033,1,2190,0.3
O000703,P079,1,630,0.0
O000704,P002,1,4330,0.0
O000704,P051,1,700,0.05
O000705,P045,1,630,0.0
O000705,P008,1,5930,0.2
O000706,P077,1,4260,0.0
O000707,P033,2,2190,0.2
O000707,P017,1,1030,0.2
O000708,P043,1,1220,0.2
O000709,P052,1,260,0.3
O000709,P069,1,250,0.3
O000710,P052,2,260,0.05
O000711,P052,1,260,0.05
O000712,P079,2,630,0.05
O000713,P012,2,1160,0.3
O000713,P059,1,240,0.05
O000714,P054,1,480,0.1
O000714,P096,1,260,0.0
O000715,P047,1,1740,0.05
O000715,P020,2,1760,0.0
O000715,P021,1,620,0.05
O000716,P079,2,630,0.0
O000716,P094,1,1100,0.0
O000716,P001,2,5210,0.0
O000717,P033,1,2190,0.0
O000718,P037,3,470,0.0
O000718,P007,1,1390,0.1
O000719,P007,3,1390,0.0
O000719,P046,2,860,0.0
O000719,P051,1,700,0.1
O000720,P085,1,1400,0.3
O000720,P096,2,260,0.0
O000721,P096,1,260,0.0
O000722,P093,1,350,0.0
O000723,P032,1,1590,0.0
O000723,P021,2,620,0.2
O000724,P047,1,1740,0.1
O000725,P073,1,3790,0.0
O000725,P042,1,5470,0.0
O000725,P004,1,1090,0.1
O000726,P002,1,4330,0.1
O000727,P009,3,5010,0.1
O000728,P054,3,480,0.0
O000729,P047,1,1740,0.0
O000729,P015,1,600,0.0
O000730,P012,3,1160,0.05
O000731,P007,1,1390,0.05
O000732,P047,1,1740,0.0
O000732,P006,2,5860,0.1
O000733,P077,1,4260,0.05
O000733,P047,1,1740,0.1
O000733,P079,1,630,0.05
O000734,P067,1,290,0.1
O000734,P041,1,4560,0.0
O000735,P079,1,630,0.3
O000736,P020,1,1760,0.0
O000737,P079,1,630,0.2
O000737,P032,3,1590,0.0
O000738,P007,1,1390,0.0
O000738,P096,2,260,0.05
O000738,P002,1,4330,0.1
O000738,P033,2,2190,0.0
O000739,P096,3,260,0.05
O000740,P044,1,260,0.2
O000740,P085,1,1400,0.0
O000741,P047,1,1740,0.05
O000741,P043,1,1220,0.0
O000741,P010,3,6950,0.0
O000742,P008,3,5930,0.0
O000742,P031,2,700,0.0
O000743,P057,1,360,0.2
O000744,P007,1,1390,0.0
O000745,P018,1,790,0.2
O000745,P081,2,2850,0.0
O000745,P083,1,710,0.0
O000745,P033,1,2190,0.0
O000746,P079,1,630,0.2
O000746,P063,1,500,0.0
O000746,P013,3,4850,0.0
O000746,P012,1,1160,0.1
O000747,P051,1,700,0.1
O000748,P054,1,480,0.05
O000749,P043,1,1220,0.1
O000750,P045,2,630,0.05
O000751,P040,1,430,0.2
O000751,P047,2,1740,0.0
O000752,P085,1,1400,0.2
O000752,P009,2,5010,0.0
O000753,P008,1,5930,0.05
O000753,P024,2,540,0.0
O000754,P088,1,2510,0.2
O000754,P029,1,570,
O000755,P051,3,700,0.05
O000755,P015,1,600,0.0
O000756,P080,1,660,0.2
O000757,P072,1,3800,0.0
O000757,P008,1,5930,0.3
O000758,P047,1,1740,0.0
O000759,P008,1,5930,0.0
O000759,P028,1,430,0.0
O000759,P012,1,1160,0.0
O000760,P020,1,1760,0.0
O000760,P072,1,3800,0.0
O000760,P079,1,630,0.0
O000761,P051,2,700,0.3
O000762,P096,3,260,0.3
O000763,P060,1,330,0.0
O000763,P071,1,450,0.0
O000764,P088,1,2510,0.2
O000764,P040,1,430,0.05
O000765,P001,1,5210,0.1
O000766,P055,1,210,0.05
O000767,P078,1,3260,0.0
O000767,P033,1,2190,0.3
O000768,P034,1,490,0.0
O000768,P092,1,1210,0.1
O000769,P020,1,1760,0.3
O000769,P042,1,5470,0.1
O000770,P096,1,260,0.0
O000770,P079,2,630,0.05
O000771,P083,3,710,0.0
O000772,P051,3,700,0.0
O000773,P096,1,260,0.0
O000774,P002,2,4330,0.0
O000774,P007,1,1390,0.1
O000775,P002,1,4330,0.3
O000775,P086,3,1840,0.0
O000776,P022,1,1690,0.2
O000777,P008,1,5930,0.0
O000778,P052,1,260,0.0
O000778,P069,1,250,0.0
O000779,P079,2,630,0.0
O000779,P052,1,260,0.1
O000779,P074,1,890,0.0
O000780,P020,1,1760,0.0
O000780,P052,1,260,0.0
O000781,P063,1,500,0.1
O000782,P076,1,2640,0.0
O000783,P051,2,700,0.3
O000783,P008,1,5930,0.1
O000784,P054,1,480,0.2
O000785,P045,1,630,0.0
O000785,P033,2,2190,0.0
O000786,P028,1,430,0.2
O000787,P001,1,5210,0.05
O000787,P033,1,2190,0.1
O000787,P057,2,360,0.0
O000787,P009,2,5010,0.0
O000788,P065,2,180,0.05
O000788,P022,1,1690,0.1
O000789,P033,3,2190,0.05
O000790,P011,1,1280,0.2
O000791,P010,1,6950,0.0
O000791,P033,1,2190,0.0
O000791,P032,1,1590,0.2
O000792,P053,1,310,0.0
O000793,P036,2,490,0.2
O000793,P007,3,1390,0.1
O000793,P026,1,2100,0.1
O000794,P076,1,2640,0.0
O000795,P054,1,480,0.2
O000796,P002,1,4330,0.0
O000797,P033,1,2190,0.0
O000797,P094,2,1100,0.0
O000797,P047,1,1740,0.0
O000798,P080,1,660,0.0
O000799,P008,1,5930,0.1
O000799,P009,1,5010,0.05
O000800,P096,1,260,0.2
O000801,P082,1,580,0.05
O000801,P007,1,1390,0.2
O000802,P009,1,5010,0.2
O000803,P047,1,1740,0.0
O000803,P033,1,2190,0.0
O000804,P096,1,260,0.0
O000805,P051,1,700,0.05
O000805,P047,2,1740,0.0
O000806,P052,1,260,0.1
O000807,P020,1,1760,0.1
O000808,P043,2,1220,0.2
O000809,P049,1,870,
O000810,P020,1,1760,0.0
O000811,P083,1,710,0.0
O000812,P052,1,260,0.1
O000812,P012,1,1160,0.0
O000813,P047,1,1740,0.05
O000813,P060,1,330,0.0
O000814,P031,1,700,0.1
O000814,P043,2,1220,0.05
O000815,P010,1,6950,0.0
O000815,P043,1,1220,0.2
O000816,P020,1,1760,0.0
O000817,P008,1,5930,0.1
O000818,P042,1,5470,0.05
O000818,P079,2,630,0.1
O000819,P008,1,5930,0.3
O000819,P080,1,660,0.2
O000819,P096,1,260,0.3
O000820,P096,1,260,0.0
O000821,P069,2,250,0.0
O000821,P008,2,5930,0.05
O000822,P083,2,710,0.0
O000823,P054,3,480,0.3
O000823,P088,2,2510,0.0
O000824,P020,2,1760,0.05
O000824,P081,3,2850,0.2
O000825,P031,1,700,0.1
O000826,P005,1,1960,0.0
O000827,P018,2,790,0.0
O000828,P018,1,790,0.0
O000828,P051,1,700,0.0
O000829,P061,2,660,0.0
O000829,P073,1,3790,0.0
O000830,P096,1,260,0.0
O000831,P022,1,1690,0.3
O000831,P011,1,1280,0.0
O000831,P053,1,310,0.05
O000832,P088,1,2510,0.1
O000833,P088,1,2510,0.0
O000834,P078,1,3260,0.1
O000835,P076,1,2640,0.0
O000836,P069,1,250,0.0
O000836,P096,3,260,0.05
O000837,P006,3,5860,0.1
O000838,P002,1,4330,0.0
O000838,P050,1,570,
O000838,P079,1,630,0.0
O000839,P052,1,260,0.0
O000839,P095,1,1840,0.2
O000840,P096,2,260,0.0
O000840,P012,1,1160,0.0
O000841,P051,2,700,0.0
O000842,P035,1,390,0.0
O000843,P002,1,4330,0.0
O000843,P047,2,1740,0.0
O000843,P096,1,260,0.1
O000844,P012,3,1160,0.0
O000844,P055,1,210,0.3
O000845,P088,2,2510,0.0
O000846,P096,1,260,0.1
O000846,P081,2,2850,0.1
O000846,P006,1,5860,0.1
O000847,P085,1,1400,0.2
O000847,P002,1,4330,0.0
O000847,P079,2,630,
O000847,P047,1,1740,0.2
O000848,P045,2,630,0.1
O000848,P033,1,2190,0.05
O000849,P054,1,480,0.1
O000850,P020,3,1760,0.0
O000851,P054,1,480,0.2
O000852,P033,1,2190,0.0
O000853,P022,1,1690,0.0
O000854,P096,1,260,0.05
O000855,P084,1,540,0.1
O000855,P033,1,2190,0.0
O000856,P050,1,570,0.2
O000856,P003,1,8480,0.2
O000857,P080,1,660,0.0
O000857,P045,1,630,0.2
O000857,P008,1,5930,0.1
O000858,P051,1,700,0.05
O000859,P082,1,580,0.1
O000860,P054,1,480,0.1
O000861,P020,1,1760,0.2
O000862,P079,1,630,0.3
O000863,P055,1,210,0.05
O000863,P051,2,700,0.2
O000864,P022,3,1690,0.05
O000865,P008,1,5930,0.1
O000866,P060,1,330,0.2
O000867,P045,1,630,0.05
O000867,P028,3,430,0.2
O000867,P079,3,630,0.2
O000868,P052,1,260,0.0
O000869,P054,2,480,0.0
O000869,P042,1,5470,0.0
O000869,P081,1,2850,0.0
O000870,P053,1,310,0.0
O000871,P021,1,620,0.1
O000872,P012,1,1160,0.0
O000873,P096,1,260,0.1
O000873,P025,1,1700,0.0
O000874,P020,1,1760,0.0
O000874,P091,1,2490,0.0
O000875,P007,1,1390,0.0
O000875,P047,1,1740,0.05
O000876,P095,2,1840,0.0
O000876,P006,1,5860,0.05
O000876,P078,1,3260,0.0
O000877,P033,1,2190,0.05
O000878,P008,2,5930,0.0
O000878,P083,1,710,0.3
O000879,P020,2,1760,0.0
O000879,P037,1,470,0.0
O000880,P019,1,2290,0.2
O000880,P005,1,1960,0.1
O000881,P096,1,260,0.0
O000882,P053,1,310,0.0
O000882,P084,1,540,
O000883,P033,1,2190,0.0
O000883,P047,1,1740,0.05
O000883,P007,2,1390,0.0
O000883,P003,1,8480,0.0
O000884,P010,1,6950,0.0
O000885,P012,2,1160,0.3
O000886,P082,1,580,0.0
O000887,P008,1,5930,0.1
O000887,P020,2,1760,0.0
O000888,P094,2,1100,0.0
O000889,P007,1,1390,0.05
O000890,P008,3,5930,0.1
O000890,P079,2,630,0.2
O000890,P054,1,480,0.1
O000891,P033,1,2190,0.0
O000891,P022,1,1690,0.0
O000892,P052,1,260,0.1
O000892,P020,3,1760,0.1
O000892,P088,1,2510,0.0
O000893,P020,1,1760,0.0
O000894,P033,1,2190,0.1
O000895,P033,1,2190,0.2
O000895,P008,1,5930,0.1
O000896,P010,3,6950,0.0
O000897,P080,1,660,0.0
O000898,P096,1,260,0.0
O000898,P079,1,630,0.1
O000898,P040,2,430,0.0
O000899,P052,1,260,0.05
O000900,P062,1,400,0.0
O000900,P074,1,890,0.05
O000901,P053,1,310,0.1
O000902,P012,1,1160,0.1
O000902,P053,1,310,0.1
O000903,P007,1,1390,0.05
O000903,P047,1,1740,0.0
O000904,P007,1,1390,0.0
O000905,P047,1,1740,0.05
O000905,P020,2,1760,0.3
O000906,P005,2,1960,0.0
O000907,P002,3,4330,0.0
O000908,P052,1,260,0.1
O000908,P042,3,5470,0.0
O000909,P006,1,5860,0.3
O000910,P096,1,260,0.0
O000911,P043,1,1220,0.0
O000911,P079,1,630,0.0
O000911,P054,1,480,0.05
O000912,P096,3,260,0.0
O000912,P080,1,660,0.0
O000913,P044,1,260,0.0
O000914,P043,1,1220,0.0
O000915,P079,1,630,0.0
O000915,P076,1,2640,0.1
O000915,P036,1,490,0.3
O000916,P052,1,260,0.05
O000916,P096,1,260,0.1
O000916,P061,2,660,0.0
O000917,P081,1,2850,0.3
O000917,P094,1,1100,0.0
O000917,P046,2,860,0.1
O000918,P060,1,330,0.2
O000919,P051,2,700,0.0
O000920,P096,1,260,0.05
O000920,P088,1,2510,0.0
O000921,P051,1,700,0.1
O000922,P052,1,260,0.2
O000922,P006,2,5860,0.05
O000923,P002,1,4330,0.0
O000924,P008,1,5930,0.0
O000925,P022,1,1690,0.3
O000925,P053,1,310,0.3
O000926,P018,3,790,0.0
O000926,P020,1,1760,0.1
O000927,P033,2,2190,0.0
O000928,P001,1,5210,0.0
O000929,P068,1,260,0.05
O000929,P076,1,2640,0.0
O000930,P007,2,1390,0.2
O000930,P033,3,2190,0.3
O000931,P028,2,430,0.3
O000931,P089,1,530,0.0
O000932,P079,1,630,0.2
O000933,P050,1,570,0.0
O000933,P052,1,260,0.1
O000933,P051,2,700,0.0
O000933,P017,2,1030,0.0
O000934,P096,2,260,0.0
O000934,P074,1,890,0.0
O000934,P015,1,600,0.0
O000935,P053,1,310,0.1
O000936,P078,1,3260,0.0
O000937,P071,3,450,0.0
O000938,P090,1,2690,0.0
O000938,P085,1,1400,0.1
O000939,P043,1,1220,0.0
O000939,P080,1,660,0.0
O000940,P004,2,1090,0.1
O000940,P012,2,1160,0.0
O000941,P054,3,480,0.05
O000942,P008,1,5930,0.1
O000942,P028,1,430,0.1
O000942,P080,1,660,0.0
O000942,P051,1,700,0.0
O000943,P043,1,1220,0.3
O000943,P051,2,700,0.2
O000944,P051,1,700,0.05
O000944,P072,1,3800,0.05
O000945,P049,2,870,0.0
O000946,P079,2,630,0.0
O000946,P011,3,1280,0.0
O000947,P053,1,310,0.2
O000948,P045,2,630,0.0
O000949,P079,1,630,0.0
O000950,P074,1,890,0.1
O000951,P008,1,5930,0.0
O000952,P007,1,1390,0.0
O000952,P050,2,570,0.0
O000953,P011,1,1280,0.2
O000954,P054,1,480,0.05
O000954,P007,2,1390,0.1
O000954,P033,1,2190,0.1
O000955,P054,1,480,0.05
O000955,P047,1,1740,0.0
O000956,P055,1,210,0.3
O000957,P096,2,260,0.0
O000957,P033,1,2190,0.3
O000957,P054,2,480,0.3
O000958,P084,1,540,0.0
O000958,P050,1,570,0.0
O000959,P079,1,630,0.2
O000960,P030,2,600,0.2
O000960,P069,1,250,0.2
O000961,P073,2,3790,0.0
O000962,P079,1,630,0.0
O000963,P085,1,1400,0.2
O000964,P096,1,260,0.0
O000964,P020,3,1760,0.2
O000965,P033,1,2190,0.0
O000966,P072,2,3800,0.05
O000967,P047,1,1740,0.1
O000968,P052,3,260,0.0
O000968,P047,1,1740,0.0
O000969,P074,1,890,0.0
O000970,P031,1,700,0.3
O000971,P033,1,2190,0.0
O000971,P007,1,1390,0.05
O000972,P079,1,630,0.0
O000973,P088,1,2510,0.0
O000974,P074,2,890,0.0
O000975,P012,1,1160,0.0
O000976,P017,1,1030,0.2
O000977,P080,2,660,0.1
O000977,P001,3,5210,0.0
O000978,P002,3,4330,0.3
O000979,P033,1,2190,0.0
O000980,P096,1,260,0.3
O000981,P065,1,180,0.0
O000982,P083,1,710,0.1
O000982,P079,3,630,0.0
O000983,P034,1,490,0.1
O000984,P052,1,260,0.3
O000984,P096,3,260,0.0
O000985,P074,1,890,0.0
O000985,P020,1,1760,0.0
O000986,P079,1,630,0.3
O000987,P079,1,630,0.3
O000987,P080,1,660,0.05
O000988,P028,1,430,0.05
O000989,P080,1,660,0.3
O000989,P020,1,1760,0.0
O000990,P043,1,1220,0.0
O000991,P096,1,260,0.0
O000991,P008,2,5930,0.2
O000992,P028,2,430,0.0
O000993,P033,1,2190,0.2
O000993,P028,1,430,0.2
O000994,P088,1,2510,0.0
O000995,P057,1,360,0.0
O000995,P033,1,2190,0.0
O000996,P084,1,540,0.3
O000997,P051,1,700,0.0
O000997,P006,1,5860,0.0
O000998,P080,1,660,0.0
O000999,P030,1,600,0.0
O000999,P033,1,2190,0.0
O001000,P026,1,2100,0.0
O001000,P033,1,2190,0.1
O001000,P085,1,1400,0.0
O001001,P028,1,430,0.0
O001001,P021,1,620,0.2
O001001,P068,3,260,0.1
O001002,P096,2,260,0.0
O001003,P079,3,630,0.0
O001004,P047,2,1740,0.1
O001005,P079,1,630,0.05
O001005,P096,2,260,0.0
O001006,P002,1,4330,0.1
O001006,P074,3,890,0.0
O001006,P047,1,1740,0.0
O001007,P031,1,700,0.0
O001008,P079,2,630,0.05
O001008,P022,1,1690,0.0
O001009,P096,1,260,0.1
O001010,P027,1,1330,0.0
O001011,P073,1,3790,0.2
O001012,P076,1,2640,0.05
O001013,P053,1,310,0.05
O001014,P028,2,430,0.0
O001014,P088,1,2510,0.05
O001015,P033,1,2190,0.3
O001015,P018,1,790,0.1
O001015,P005,2,1960,0.1
O001016,P055,2,210,0.05
O001017,P020,1,1760,0.0
O001017,P047,2,1740,0.0
O001018,P010,1,6950,0.2
O001019,P080,3,660,
O001019,P003,1,8480,0.2
O001019,P092,3,1210,0.1
O001019,P055,1,210,0.0
O001020,P001,1,5210,0.3
O001021,P033,2,2190,0.0
O001022,P081,1,2850,0.2
O001023,P033,1,2190,0.3
O001024,P079,2,630,0.0
O001024,P080,1,660,0.05
O001025,P080,1,660,0.1
O001026,P020,1,1760,0.05
O001027,P033,2,2190,0.2
O001027,P005,1,1960,0.3
O001028,P028,3,430,0.2
O001029,P045,1,630,0.05
O001030,P088,1,2510,0.05
O001031,P060,3,330,0.05
O001031,P010,1,6950,0.05
O001032,P060,2,330,0.3
O001033,P020,3,1760,0.0
O001034,P055,2,210,0.0
O001035,P079,1,630,0.0
O001036,P096,1,260,0.1
O001037,P054,1,480,0.2
O001038,P052,3,260,0.0
O001039,P047,1,1740,0.1
O001039,P079,1,630,0.0
O001040,P043,1,1220,0.0
O001041,P008,1,5930,0.1
O001042,P080,1,660,
O001043,P008,1,5930,0.0
O001044,P059,1,240,0.05
O001044,P074,1,890,0.05
O001045,P093,2,350,0.0
O001045,P007,1,1390,0.0
O001046,P052,1,260,0.05
O001047,P079,2,630,0.05
O001048,P088,1,2510,0.0
O001048,P081,1,2850,0.0
O001049,P052,2,260,0.1
O001050,P043,1,1220,0.1
O001050,P054,1,480,0.0
O001050,P020,3,1760,0.1
O001050,P094,1,1100,0.0
O001051,P096,1,260,0.0
O001052,P045,1,630,0.05
O001053,P028,1,430,0.1
O001054,P074,2,890,0.0
O001054,P080,2,660,0.2
O001055,P027,2,1330,0.2
O001056,P027,2,1330,0.0
O001056,P043,1,1220,0.0
O001056,P077,3,4260,0.0
O001057,P043,1,1220,0.2
O001057,P040,2,430,0.0
O001058,P008,1,5930,0.0
O001059,P006,1,5860,0.0
O001060,P047,2,1740,0.0
O001061,P007,3,1390,0.1
O001062,P042,1,5470,0.0
O001062,P007,1,1390,0.0
O001063,P008,1,5930,0.3
O001064,P020,1,1760,0.0
O001065,P085,1,1400,0.0
O001065,P065,1,180,0.0
O001066,P013,1,4850,0.0
O001066,P077,1,4260,0.0
O001067,P074,1,890,0.2
O001068,P028,1,430,0.0
O001069,P079,1,630,0.0
O001070,P096,2,260,0.2
O001070,P047,1,1740,0.0
O001071,P096,1,260,0.0
O001072,P076,3,2640,0.0
O001073,P071,3,450,0.05
O001074,P054,2,480,0.0
O001075,P054,1,480,0.0
O001075,P047,2,1740,0.0
O001076,P021,1,620,0.0
O001077,P022,2,1690,0.1
O001078,P057,1,360,0.2
O001079,P053,1,310,0.1
O001079,P008,1,5930,0.1
O001080,P082,1,580,0.2
O001081,P008,1,5930,0.05
O001082,P033,1,2190,0.05
O001083,P047,1,1740,0.0
O001084,P078,1,3260,0.1
O001084,P051,1,700,0.05
O001085,P075,1,2130,0.3
O001086,P033,1,2190,0.05
O001086,P018,2,790,0.3
O001086,P052,1,260,0.0
O001086,P037,1,470,0.0
O001087,P088,1,2510,0.1
O001088,P088,1,2510,0.0
O001088,P079,1,630,0.0
O001089,P051,1,700,0.05
O001089,P033,1,2190,0.1
O001090,P047,2,1740,0.0
O001090,P096,2,260,0.3
O001091,P020,1,1760,0.05
O001092,P079,1,630,0.1
O001092,P052,1,260,0.1
O001092,P075,3,2130,0.05
O001093,P007,1,1390,0.1
O001093,P002,1,4330,0.0
O001093,P092,2,1210,0.0
O001094,P007,1,1390,0.05
O001095,P079,1,630,0.0
O001096,P033,2,2190,0.0
O001097,P077,3,4260,0.1
O001098,P028,2,430,0.1
O001098,P090,1,2690,0.0
O001098,P071,3,450,0.0
O001098,P020,1,1760,0.2
O001099,P012,2,1160,0.2
O001099,P019,1,2290,0.0
O001100,P050,1,570,0.0
O001100,P074,1,890,0.0
O001101,P028,1,430,0.2
O001102,P082,1,580,0.05
O001103,P096,1,260,0.1
O001104,P049,1,870,0.0
O001105,P008,1,5930,0.0
O001105,P096,2,260,0.0
O001105,P001,2,5210,0.05
O001106,P081,1,2850,0.1
O001106,P085,3,1400,0.0
O001106,P096,2,260,0.0
O001107,P028,1,430,0.0
O001108,P033,1,2190,0.05
O001109,P028,1,430,0.2
O001110,P012,2,1160,0.0
O001111,P092,2,1210,0.0
O001112,P071,1,450,0.05
O001112,P096,1,260,0.3
O001113,P080,1,660,0.0
O001113,P096,1,260,0.0
O001114,P070,1,800,0.0
O001115,P081,1,2850,0.3
O001116,P079,1,630,0.05
O001116,P054,2,480,0.0
O001117,P008,2,5930,0.0
O001118,P079,1,630,0.1
O001118,P008,1,5930,0.0
O001119,P006,1,5860,0.2
O001119,P083,3,710,0.0
O001120,P071,1,450,0.0
O001120,P007,1,1390,0.0
O001120,P033,1,2190,0.3
O001120,P028,1,430,0.3
O001121,P052,1,260,0.0
O001121,P019,2,2290,0.0
O001121,P012,1,1160,0.0
O001122,P043,1,1220,0.1
O001123,P085,1,1400,0.2
O001124,P096,1,260,0.05
O001125,P010,1,6950,0.05
O001126,P044,1,260,0.05
O001126,P022,1,1690,0.0
O001127,P004,1,1090,0.0
O001127,P096,1,260,0.05
O001128,P028,1,430,0.1
O001128,P020,1,1760,
O001129,P072,1,3800,0.05
O001130,P052,1,260,0.0
O001131,P034,3,490,0.1
O001131,P021,1,620,0.3
O001132,P088,1,2510,0.0
O001133,P007,1,1390,0.05
O001134,P020,1,1760,0.0
O001135,P092,1,1210,0.0
O001136,P096,1,260,0.1
O001137,P020,2,1760,0.0
O001137,P041,1,4560,0.1
O001138,P004,1,1090,0.0
O001138,P045,1,630,0.0
O001139,P070,1,800,0.3
O001140,P079,2,630,0.0
O001140,P094,1,1100,0.0
O001141,P029,1,570,0.3
O001142,P073,2,3790,0.0
O001143,P057,1,360,0.05
O001144,P092,1,1210,0.0
O001144,P074,1,890,0.0
O001144,P052,2,260,0.0
O001145,P031,1,700,0.05
O001145,P029,1,570,0.1
O001145,P080,1,660,0.1
O001146,P080,1,660,0.1
O001146,P040,1,430,0.0
O001147,P079,2,630,0.1
O001148,P006,2,5860,0.1
O001148,P020,2,1760,0.0
O001149,P007,1,1390,0.0
O001149,P003,1,8480,0.0
O001150,P082,2,580,0.2
O001150,P053,1,310,0.05
O001150,P013,2,4850,0.2
O001151,P007,2,1390,0.0
O001152,P007,1,1390,0.2
O001152,P033,1,2190,0.1
O001153,P079,1,630,0.0
O001154,P020,1,1760,0.05
O001154,P028,1,430,0.05
O001155,P080,1,660,0.2
O001155,P096,3,260,0.1
O001156,P020,1,1760,0.0
O001156,P008,3,5930,0.3
O001156,P007,3,1390,0.3
O001156,P033,1,2190,0.1
O001156,P003,1,8480,0.0
O001157,P020,1,1760,0.0
O001158,P006,2,5860,0.0
O001159,P081,1,2850,0.0
O001159,P073,1,3790,0.1
O001160,P002,1,4330,0.0
O001161,P020,1,1760,0.0
O001162,P051,1,700,0.05
O001162,P053,1,310,0.0
O001163,P006,3,5860,0.0
O001163,P024,1,540,0.0
O001163,P053,1,310,0.1
O001163,P025,1,1700,0.1
O001164,P078,1,3260,0.1
O001165,P056,1,1440,0.0
O001165,P033,1,2190,0.0
O001165,P065,3,180,0.3
O001165,P079,2,630,0.0
O001166,P045,1,630,0.0
O001166,P033,1,2190,0.0
O001166,P082,3,580,0.1
O001167,P079,1,630,0.0
O001167,P096,2,260,0.0
O001168,P092,1,1210,0.2
O001169,P052,1,260,0.0
O001170,P020,1,1760,0.0
O001170,P088,1,2510,0.2
O001171,P082,1,580,0.3
O001172,P033,1,2190,0.0
O001172,P096,1,260,0.1
O001173,P033,1,2190,0.0
O001173,P088,2,2510,0.1
O001173,P051,1,700,0.0
O001174,P020,1,1760,0.05
O001175,P080,1,660,0.0
O001175,P092,1,1210,0.0
O001175,P043,1,1220,0.2
O001176,P020,3,1760,0.2
O001177,P007,2,1390,0.0
O001178,P057,1,360,0.0
O001179,P033,1,2190,0.05
O001179,P090,1,2690,0.3
O001180,P096,1,260,0.0
O001180,P022,1,1690,0.0
O001181,P096,2,260,0.05
O001182,P023,1,2180,0.2
O001183,P096,1,260,0.1
O001183,P088,1,2510,0.2
O001183,P054,1,480,0.05
O001184,P079,3,630,0.05
O001185,P052,2,260,0.0
O001186,P096,1,260,0.1
O001186,P063,1,500,0.0
O001187,P094,1,1100,0.1
O001187,P079,1,630,0.2
O001187,P007,1,1390,0.05
O001187,P052,1,260,0.0
O001187,P003,1,8480,0.1
O001188,P047,1,1740,0.0
O001189,P071,1,450,0.0
O001189,P040,1,430,0.0
O001189,P052,3,260,0.0
O001190,P047,1,1740,0.1
O001191,P085,1,1400,0.3
O001192,P067,2,290,0.0
O001192,P096,1,260,0.0
O001193,P082,1,580,
O001193,P031,1,700,0.05
O001194,P008,3,5930,0.0
O001195,P047,2,1740,0.0
O001195,P088,2,2510,0.0
O001195,P096,1,260,0.1
O001196,P035,1,390,0.1
O001197,P004,1,1090,0.0
O001198,P020,3,1760,0.0
O001198,P088,1,2510,0.3
O001198,P052,1,260,0.0
O001199,P081,3,2850,0.0
O001200,P079,1,630,0.3
O001201,P012,1,1160,0.3
O001201,P002,2,4330,0.0
O001202,P006,1,5860,0.0
O001203,P090,1,2690,0.0
O001203,P020,1,1760,0.3
O001203,P084,1,540,0.0
O001204,P002,1,4330,0.0
O001204,P033,1,2190,0.1
O001205,P085,1,1400,0.0
O001205,P052,3,260,0.1
O001206,P052,3,260,0.2
O001207,P054,1,480,0.0
O001208,P094,1,1100,0.1
O001209,P079,2,630,0.2
O001209,P022,1,1690,0.05
O001210,P079,1,630,0.05
O001210,P047,1,1740,0.0
O001210,P043,3,1220,0.3
O001210,P096,3,260,0.0
O001211,P045,1,630,0.0
O001211,P022,2,1690,0.0
O001212,P033,2,2190,0.0
O001212,P003,1,8480,0.2
O001213,P003,1,8480,0.05
O001214,P034,1,490,0.1
O001215,P050,1,570,0.2
O001216,P049,1,870,0.3
O001216,P020,1,1760,0.0
O001217,P041,1,4560,0.1
O001218,P018,1,790,0.2
O001218,P096,1,260,0.0
O001218,P075,2,2130,0.2
O001219,P089,1,530,0.3
O001220,P038,1,940,0.2
O001220,P003,1,8480,0.3
O001221,P047,1,1740,0.1
O001222,P052,1,260,0.1
O001223,P052,1,260,0.0
O001224,P008,1,5930,0.05
O001225,P074,1,890,0.05
O001226,P050,1,570,0.05
O001227,P076,1,2640,0.1
O001228,P074,2,890,0.0
O001229,P079,1,630,0.05
O001229,P002,1,4330,0.0
O001230,P096,2,260,0.0
O001231,P007,1,1390,0.0
O001232,P080,1,660,0.1
O001233,P052,1,260,0.05
O001234,P040,1,430,0.1
O001234,P007,3,1390,0.0
O001235,P020,1,1760,0.0
O001235,P052,2,260,0.3
O001236,P085,1,1400,0.0
O001237,P028,1,430,
O001238,P020,1,1760,0.0
O001238,P052,1,260,0.05
O001239,P002,1,4330,0.0
O001240,P096,1,260,0.0
O001240,P015,2,600,0.05
O001241,P040,2,430,0.0
O001241,P020,1,1760,0.0
O001241,P004,2,1090,0.0
O001242,P098,3,930,0.0
O001243,P096,1,260,0.1
O001244,P054,1,480,0.0
O001245,P047,1,1740,0.3
O001245,P079,2,630,0.0
O001246,P096,1,260,0.0
O001246,P007,1,1390,0.0
O001246,P055,1,210,0.0
O001247,P051,2,700,0.3
O001248,P081,3,2850,0.0
O001249,P015,1,600,0.0
O001250,P096,1,260,0.0
O001250,P033,1,2190,0.0
O001250,P018,2,790,0.0
O001251,P092,1,1210,0.0
O001252,P033,1,2190,0.2
O001253,P002,1,4330,0.0
O001254,P075,1,2130,0.1
O001255,P096,1,260,0.1
O001255,P008,3,5930,0.0
O001255,P051,1,700,0.1
O001256,P070,1,800,0.0
O001256,P012,1,1160,0.0
O001257,P028,1,430,0.1
O001258,P052,1,260,0.3
O001258,P007,1,1390,0.0
O001259,P074,1,890,0.1
O001259,P096,1,260,0.0
O001260,P048,1,600,0.0
O001261,P051,1,700,0.1
O001262,P074,1,890,0.2
O001263,P075,1,2130,0.0
O001264,P052,1,260,0.0
O001264,P069,2,250,
O001264,P028,1,430,0.05
O001265,P090,1,2690,0.0
O001265,P096,1,260,0.0
O001266,P052,2,260,0.0
O001266,P034,1,490,0.05
O001266,P096,2,260,0.05
O001267,P052,1,260,0.0
O001268,P080,1,660,0.0
O001269,P020,1,1760,0.0
O001269,P096,3,260,0.1
O001270,P017,1,1030,0.0
O001270,P096,1,260,0.0
O001271,P096,1,260,0.0
O001271,P042,1,5470,0.0
O001272,P012,1,1160,0.05
O001273,P030,1,600,0.0
O001274,P020,1,1760,0.0
O001275,P052,1,260,0.2
O001275,P080,1,660,0.0
O001276,P050,1,570,0.0
O001276,P069,1,250,0.3
O001277,P018,1,790,0.05
O001278,P079,1,630,0.3
O001279,P033,1,2190,0.1
O001279,P011,1,1280,0.0
O001280,P012,2,1160,0.0
O001281,P020,1,1760,0.05
O001282,P053,1,310,0.0
O001282,P052,1,260,0.05
O001283,P086,1,1840,0.0
O001284,P006,1,5860,0.2
O001284,P015,2,600,0.2
O001285,P077,1,4260,0.0
O001286,P054,1,480,0.0
O001286,P020,1,1760,0.0
O001287,P020,1,1760,0.0
O001288,P003,1,8480,0.0
O001288,P043,1,1220,0.2
O001289,P033,1,2190,0.2
O001290,P020,1,1760,0.0
O001291,P007,1,1390,0.0
O001292,P044,1,260,0.0
O001293,P080,2,660,0.3
O001294,P058,1,420,0.1
O001295,P052,1,260,0.05
O001296,P051,1,700,0.0
O001296,P034,1,490,0.0
O001297,P010,1,6950,0.0
O001298,P052,1,260,0.0
O001298,P036,1,490,0.1
O001298,P046,1,860,0.1
O001298,P010,1,6950,0.2
O001299,P008,1,5930,0.0
O001300,P008,1,5930,0.05
O001301,P006,1,5860,0.0
O001302,P002,3,4330,0.0
O001303,P059,2,240,0.2
O001304,P075,1,2130,0.0
O001305,P095,1,1840,0.0
O001305,P061,1,660,0.05
O001306,P067,1,290,0.0
O001307,P033,1,2190,0.05
O001307,P001,1,5210,0.0
O001307,P088,1,2510,0.0
O001307,P073,1,3790,0.0
O001308,P096,1,260,0.0
O001309,P069,1,250,0.0
O001310,P060,1,330,0.0
O001310,P088,1,2510,0.05
O001311,P007,2,1390,0.1
O001312,P096,1,260,0.3
O001313,P096,1,260,0.1
O001313,P075,1,2130,0.1
O001314,P045,1,630,0.0
O001314,P004,3,1090,0.0
O001314,P055,1,210,0.05
O001314,P012,1,1160,0.2
O001315,P020,1,1760,0.0
O001316,P079,1,630,0.05
O001316,P020,2,1760,0.0
O001316,P054,2,480,0.3
O001316,P008,1,5930,0.0
O001317,P007,1,1390,0.0
O001317,P010,2,6950,0.0
O001318,P047,1,1740,0.0
O001318,P088,1,2510,0.0
O001319,P020,1,1760,0.05
O001320,P092,1,1210,0.0
O001320,P020,1,1760,0.0
O001321,P007,3,1390,0.2
O001321,P002,1,4330,0.1
O001322,P002,1,4330,0.1
O001323,P033,3,2190,0.0
O001323,P096,3,260,0.0
O001323,P015,1,600,0.1
O001324,P031,1,700,0.0
O001324,P076,2,2640,0.0
O001325,P052,1,260,0.0
O001326,P059,1,240,0.2
O001326,P002,1,4330,0.0
O001327,P008,1,5930,0.1
O001328,P008,1,5930,0.0
O001329,P079,1,630,0.3
O001329,P052,1,260,0.0
O001330,P096,1,260,0.2
O001330,P052,1,260,0.1
O001331,P003,1,8480,0.0
O001331,P051,1,700,0.05
O001332,P053,2,310,0.0
O001332,P084,1,540,0.1
O001333,P020,1,1760,0.05
O001334,P049,1,870,0.3
O001334,P080,1,660,0.1
O001335,P082,3,580,0.0
O001335,P051,2,700,0.05
O001336,P057,1,360,0.05
O001336,P050,2,570,0.05
O001337,P047,1,1740,0.0
O001338,P016,1,650,0.2
O001339,P008,1,5930,0.3
O001339,P046,1,860,0.2
O001340,P027,2,1330,0.0
O001340,P052,3,260,0.1
O001341,P012,2,1160,0.1
O001342,P096,1,260,0.3
O001342,P045,2,630,0.2
O001343,P012,3,1160,0.0
O001344,P006,3,5860,0.0
O001344,P012,1,1160,
O001345,P051,3,700,0.1
O001346,P043,1,1220,0.05
O001346,P033,3,2190,0.0
O001347,P001,1,5210,0.0
O001347,P092,3,1210,0.0
O001348,P020,1,1760,0.05
O001349,P010,3,6950,0.1
O001349,P047,1,1740,0.0
O001349,P079,1,630,0.0
O001350,P014,1,1960,0.0
O001351,P051,1,700,0.0
O001351,P075,1,2130,0.0
O001352,P001,3,5210,0.0
O001352,P018,1,790,0.1
O001353,P028,1,430,0.2
O001353,P042,1,5470,0.0
O001354,P030,1,600,0.1
O001354,P020,1,1760,0.0
O001354,P017,1,1030,0.05
O001355,P028,1,430,0.0
O001355,P047,1,1740,0.0
O001355,P033,1,2190,0.0
O001356,P033,1,2190,0.1
O001357,P096,1,260,0.3
O001358,P077,2,4260,0.0
O001359,P035,1,390,0.0
O001359,P023,1,2180,0.3
O001360,P019,1,2290,0.0
O001360,P015,1,600,0.1
O001361,P029,1,570,0.1
O001361,P004,1,1090,0.0
O001362,P047,1,1740,0.0
O001362,P082,3,580,0.3
O001362,P076,3,2640,0.05
O001362,P040,2,430,0.0
O001362,P071,1,450,0.0
O001363,P072,3,3800,0.0
O001364,P079,2,630,0.2
O001365,P096,1,260,0.3
O001366,P079,1,630,0.0
O001367,P031,1,700,0.1
O001368,P056,2,1440,0.2
O001369,P010,1,6950,0.05
O001369,P070,1,800,0.2
O001370,P052,2,260,0.1
O001370,P092,1,1210,0.1
O001371,P071,1,450,0.1
O001371,P010,1,6950,0.0
O001372,P021,1,620,0.3
O001372,P016,3,650,0.0
O001373,P080,1,660,0.0
O001373,P033,1,2190,0.0
O001373,P074,1,890,0.2
O001374,P002,3,4330,0.1
O001375,P020,3,1760,0.1
O001376,P047,1,1740,0.0
O001377,P076,1,2640,0.2
O001378,P076,2,2640,0.2
O001379,P053,1,310,0.2
O001379,P071,1,450,0.2
O001380,P053,2,310,0.0
O001381,P002,1,4330,0.0
O001382,P010,1,6950,0.1
O001382,P020,2,1760,0.0
O001383,P011,1,1280,0.0
O001384,P056,1,1440,0.0
O001384,P066,1,160,0.0
O001385,P047,1,1740,0.0
O001385,P080,1,660,0.3
O001386,P039,1,1980,0.0
O001387,P011,3,1280,0.0
O001387,P026,3,2100,0.0
O001388,P080,1,660,0.1
O001389,P074,3,890,0.0
O001390,P022,1,1690,0.0
O001391,P007,1,1390,0.0
O001392,P042,1,5470,0.05
O001392,P071,2,450,0.1
O001392,P019,1,2290,0.05
O001393,P008,1,5930,0.0
O001393,P087,2,1570,0.3
O001394,P096,3,260,0.0
O001395,P008,1,5930,0.05
O001396,P010,1,6950,0.1
O001397,P013,3,4850,0.3
O001398,P034,1,490,0.2
O001398,P052,2,260,0.1
O001399,P010,1,6950,0.0
O001399,P020,1,1760,0.3
O001400,P088,1,2510,0.0
O001400,P092,1,1210,0.2
O001401,P038,1,940,0.3
O001401,P043,1,1220,0.2
O001401,P002,1,4330,0.0
O001402,P007,1,1390,0.0
O001403,P052,2,260,0.0
O001404,P043,1,1220,0.1
O001404,P050,1,570,0.05
O001405,P033,1,2190,0.0
O001406,P054,1,480,0.0
O001406,P084,1,540,0.0
O001406,P003,1,8480,0.0
O001406,P094,1,1100,0.0
O001407,P016,1,650,0.1
O001407,P054,1,480,0.0
O001408,P043,1,1220,0.3
O001408,P045,1,630,0.0
O001408,P014,1,1960,0.3
O001409,P081,3,2850,0.0
O001410,P078,1,3260,0.2
O001411,P051,1,700,0.0
O001411,P041,1,4560,0.2
O001412,P052,2,260,0.0
O001413,P096,1,260,0.0
O001413,P079,1,630,0.05
O001414,P078,2,3260,0.0
O001415,P079,1,630,0.0
O001416,P079,1,630,0.05
O001416,P053,1,310,0.0
O001416,P052,1,260,0.05
O001417,P054,1,480,0.0
O001417,P079,1,630,0.0
O001418,P080,1,660,0.0
O001419,P015,1,600,0.0
O001420,P052,1,260,0.0
O001420,P094,2,1100,0.0
O001421,P028,1,430,0.0
O001422,P008,1,5930,0.0
O001422,P028,1,430,0.05
O001423,P092,1,1210,0.3
O001423,P096,2,260,0.0
O001424,P080,1,660,0.2
O001425,P047,1,1740,0.0
O001425,P096,1,260,0.1
O001426,P045,2,630,0.1
O001426,P096,1,260,0.1
O001427,P049,1,870,0.0
O001428,P053,1,310,0.0
O001429,P053,1,310,0.0
O001430,P007,3,1390,0.0
O001430,P020,1,1760,0.05
O001431,P002,1,4330,0.05
O001431,P008,1,5930,0.0
O001432,P081,2,2850,0.1
O001433,P079,1,630,0.0
O001433,P073,2,3790,0.0
O001434,P047,2,1740,0.2
O001434,P077,1,4260,0.0
O001435,P052,1,260,0.0
O001436,P079,1,630,0.0
O001436,P051,2,700,0.0
O001437,P017,1,1030,0.2
O001438,P069,1,250,0.0
O001439,P088,1,2510,0.2
O001440,P029,1,570,0.0
O001441,P096,1,260,0.1
O001442,P031,1,700,0.0
O001443,P047,1,1740,0.0
O001443,P017,3,1030,0.1
O001444,P096,3,260,0.0
O001444,P051,1,700,0.0
O001444,P037,1,470,0.3
O001445,P047,1,1740,0.0
O001445,P051,1,700,0.0
O001445,P007,3,1390,0.0
O001446,P008,1,5930,0.1
O001446,P080,1,660,0.0
O001447,P042,1,5470,0.0
O001448,P008,1,5930,0.0
O001448,P054,1,480,0.0
O001449,P070,1,800,0.05
O001449,P004,1,1090,0.2
O001450,P051,1,700,0.1
O001451,P007,1,1390,0.0
O001451,P034,1,490,0.1
O001452,P033,1,2190,0.0
O001453,P006,2,5860,0.3
O001454,P079,1,630,0.1
O001455,P033,2,2190,0.0
O001456,P079,1,630,0.3
O001456,P088,1,2510,0.1
O001457,P096,1,260,0.0
O001458,P005,1,1960,0.0
O001459,P008,1,5930,0.3
O001460,P092,2,1210,0.05
O001461,P096,1,260,0.1
O001461,P002,1,4330,0.0
O001462,P097,1,1960,0.0
O001463,P002,1,4330,0.1
O001463,P011,1,1280,0.0
O001464,P072,1,3800,0.0
O001465,P020,2,1760,0.0
O001466,P080,1,660,0.1
O001466,P012,1,1160,0.0
O001466,P055,1,210,0.0
O001467,P088,1,2510,0.0
O001467,P071,2,450,0.0
O001468,P096,1,260,0.1
O001468,P075,3,2130,0.0
O001469,P037,1,470,0.0
O001469,P052,1,260,0.0
O001470,P002,1,4330,0.0
O001471,P007,2,1390,0.0
O001472,P054,1,480,0.3
O001473,P088,1,2510,0.1
O001473,P005,1,1960,0.05
O001474,P002,1,4330,0.1
O001474,P022,1,1690,0.0
O001475,P053,1,310,0.0
O001475,P047,1,1740,0.1
O001476,P007,1,1390,0.05
O001477,P091,1,2490,0.0
O001478,P011,1,1280,0.0
O001479,P096,1,260,0.05
O001480,P082,1,580,0.0
O001480,P094,1,1100,0.0
O001481,P081,1,2850,0.05
O001482,P009,1,5010,0.2
O001482,P028,1,430,0.0
O001483,P018,1,790,0.1
O001484,P097,1,1960,0.0
O001484,P096,1,260,0.1
O001485,P045,2,630,0.0
O001486,P033,1,2190,0.2
O001486,P008,2,5930,0.1
O001487,P051,1,700,0.0
O001488,P024,1,540,0.2
O001488,P074,2,890,0.2
O001489,P047,2,1740,0.1
O001490,P082,1,580,0.0
O001490,P020,2,1760,0.1
O001491,P079,2,630,0.0
O001492,P002,1,4330,0.1
O001492,P047,1,1740,0.0
O001493,P001,1,5210,0.0
O001494,P008,2,5930,0.3
O001494,P075,1,2130,0.0
O001495,P033,1,2190,0.0
O001496,P096,1,260,0.0
O001496,P059,1,240,0.2
O001497,P047,1,1740,0.0
O001498,P080,1,660,0.05
O001499,P069,2,250,0.0
O001499,P088,1,2510,0.05
O001500,P017,2,1030,0.0
O001501,P021,1,620,0.2
O001501,P033,1,2190,0.0
O001501,P047,1,1740,0.2
O001502,P079,1,630,0.0
O001502,P020,1,1760,0.0
O001503,P020,1,1760,0.0
O001504,P079,1,630,0.2
O001505,P014,1,1960,0.0
O001505,P096,1,260,0.0
O001506,P002,1,4330,0.2
O001507,P088,2,2510,0.05
O001508,P008,1,5930,0.0
O001508,P007,2,1390,0.0
O001508,P031,1,700,0.3
O001509,P010,3,6950,0.0
O001509,P033,1,2190,0.2
O001509,P043,1,1220,0.0
O001510,P033,1,2190,0.3
O001510,P069,1,250,0.0
O001511,P008,3,5930,0.0
O001512,P010,2,6950,0.1
O001512,P047,2,1740,0.1
O001513,P096,1,260,0.2
O001513,P069,3,250,0.0
O001514,P079,2,630,0.1
O001515,P033,1,2190,0.2
O001515,P053,1,310,0.0
O001516,P053,2,310,0.1
O001517,P002,1,4330,0.0
O001518,P043,1,1220,0.2
O001519,P042,1,5470,0.0
O001519,P007,1,1390,0.3
O001520,P033,1,2190,0.0
O001520,P086,1,1840,0.1
O001520,P002,1,4330,0.0
O001521,P054,3,480,0.1
O001522,P075,1,2130,0.3
O001523,P009,1,5010,0.3
O001523,P085,1,1400,0.1
O001524,P036,1,490,0.0
O001524,P003,1,8480,0.05
O001525,P021,1,620,0.0
O001526,P074,1,890,0.0
O001526,P054,1,480,0.1
O001526,P007,1,1390,0.05
O001527,P058,3,420,0.0
O001528,P007,1,1390,0.2
O001529,P081,1,2850,0.05
O001529,P039,1,1980,0.0
O001530,P012,1,1160,0.0
O001531,P076,1,2640,0.2
O001532,P076,1,2640,0.0
O001533,P082,1,580,0.0
O001534,P075,3,2130,0.1
O001534,P055,1,210,0.0
O001535,P007,3,1390,0.0
O001536,P066,1,160,0.2
O001537,P086,1,1840,0.0
O001538,P047,1,1740,0.0
O001538,P020,1,1760,0.0
O001539,P047,1,1740,0.2
O001540,P008,1,5930,0.0
O001540,P020,1,1760,0.0
O001540,P033,1,2190,0.0
O001540,P017,2,1030,0.0
O001541,P080,1,660,0.0
O001542,P002,1,4330,0.0
O001543,P033,1,2190,0.3
O001543,P092,1,1210,0.0
O001544,P008,1,5930,0.0
O001545,P066,1,160,0.0
O001546,P055,1,210,0.3
O001546,P074,2,890,0.1
O001547,P008,2,5930,0.0
O001548,P028,1,430,0.1
O001549,P036,1,490,0.0
O001550,P094,1,1100,0.05
O001550,P015,1,600,0.0
O001550,P079,2,630,0.1
O001551,P001,1,5210,0.0
O001552,P096,1,260,0.0
O001552,P055,1,210,0.0
O001553,P008,1,5930,0.2
O001553,P096,1,260,0.0
O001554,P051,1,700,0.0
O001555,P048,1,600,0.0
O001555,P058,1,420,0.05
O001556,P006,1,5860,0.0
O001557,P079,1,630,0.05
O001557,P047,1,1740,0.05
O001558,P033,1,2190,0.0
O001559,P033,1,2190,0.1
O001559,P052,1,260,0.05
O001560,P053,1,310,0.05
O001561,P051,2,700,0.1
O001561,P082,1,580,0.0
O001562,P002,2,4330,0.05
O001563,P013,1,4850,0.0
O001564,P008,1,5930,0.05
O001564,P052,1,260,0.1
O001565,P079,1,630,0.0
O001566,P039,1,1980,0.0
O001566,P018,2,790,0.0
O001567,P081,1,2850,0.0
O001567,P034,1,490,0.0
O001568,P051,1,700,0.05
O001569,P033,1,2190,0.0
O001569,P007,3,1390,0.05
O001570,P054,1,480,0.05
O001570,P028,1,430,
O001571,P006,3,5860,0.2
O001572,P052,1,260,0.0
O001572,P033,1,2190,0.2
O001573,P020,1,1760,0.2
O001574,P002,1,4330,0.05
O001574,P088,2,2510,0.1
O001575,P079,1,630,0.0
O001576,P080,3,660,0.0
O001576,P096,1,260,0.2
O001577,P050,1,570,0.0
O001578,P079,3,630,0.0
O001578,P001,1,5210,0.0
O001579,P053,1,310,0.2
O001580,P096,1,260,0.0
O001580,P055,1,210,0.0
O001580,P008,1,5930,0.3
O001581,P096,1,260,0.0
O001581,P012,1,1160,0.2
O001581,P005,2,1960,0.2
O001582,P052,1,260,0.05
O001582,P097,2,1960,0.2
O001583,P025,1,1700,0.0
O001584,P002,1,4330,0.0
O001584,P028,3,430,0.05
O001584,P022,1,1690,0.0
O001585,P017,1,1030,0.0
O001585,P076,1,2640,0.0
O001586,P050,1,570,0.05
O001587,P020,1,1760,0.05
O001587,P054,1,480,0.1
O001588,P072,2,3800,0.05
O001588,P051,2,700,0.05
O001588,P052,1,260,0.0
O001589,P067,1,290,0.0
O001589,P051,1,700,0.0
O001590,P039,1,1980,0.0
O001590,P088,1,2510,0.3
O001591,P085,1,1400,0.05
O001592,P008,1,5930,0.0
O001592,P009,1,5010,0.05
O001593,P075,1,2130,0.0
O001593,P033,1,2190,0.05
O001594,P080,1,660,0.05
O001595,P097,3,1960,0.0
O001595,P081,2,2850,0.0
O001595,P044,1,260,0.0
O001596,P052,1,260,0.0
O001597,P092,1,1210,0.0
O001598,P032,1,1590,0.1
O001599,P053,1,310,0.0
O001599,P015,1,600,0.0
O001599,P054,1,480,0.1
O001600,P004,1,1090,0.0
O001601,P096,1,260,0.05
O001601,P007,1,1390,0.0
O001601,P008,1,5930,0.0
O001602,P071,1,450,0.05
O001602,P034,1,490,0.0
O001603,P002,1,4330,0.05
O001603,P052,1,260,0.05
O001604,P033,1,2190,0.0
O001605,P008,2,5930,0.1
O001606,P080,2,660,0.2
O001607,P052,1,260,0.1
O001607,P012,1,1160,0.2
O001607,P051,1,700,0.05
O001608,P010,1,6950,0.2
O001608,P008,1,5930,0.2
O001608,P073,1,3790,0.3
O001609,P093,3,350,0.3
O001610,P080,2,660,0.05
O001611,P022,1,1690,0.0
O001611,P017,1,1030,0.0
O001612,P001,1,5210,0.1
O001612,P067,1,290,0.0
O001613,P050,2,570,0.05
O001614,P092,3,1210,0.0
O001614,P054,1,480,0.05
O001615,P012,1,1160,0.0
O001615,P010,2,6950,0.3
O001616,P050,2,570,0.0
O001617,P076,2,2640,0.0
O001617,P052,1,260,0.0
O001618,P002,2,4330,0.2
O001619,P020,1,1760,0.1
O001619,P052,1,260,0.3
O001620,P070,3,800,0.05
O001621,P075,1,2130,
O001621,P020,3,1760,0.0
O001622,P085,1,1400,0.05
O001623,P079,1,630,0.2
O001624,P008,1,5930,0.05
O001625,P048,1,600,0.05
O001626,P012,2,1160,0.0
O001627,P015,1,600,0.05
O001628,P030,1,600,0.1
O001628,P047,3,1740,0.0
O001629,P008,1,5930,0.05
O001629,P052,1,260,0.0
O001630,P051,1,700,0.0
O001630,P054,1,480,0.3
O001631,P043,1,1220,0.05
O001632,P095,3,1840,0.0
O001633,P006,1,5860,0.05
O001634,P094,1,1100,0.1
O001634,P028,1,430,0.05
O001635,P033,3,2190,0.0
O001636,P047,1,1740,0.0
O001637,P004,1,1090,0.3
O001638,P084,3,540,0.0
O001639,P033,3,2190,0.05
O001640,P007,1,1390,0.1
O001641,P020,1,1760,0.3
O001642,P052,1,260,0.05
O001643,P022,1,1690,0.3
O001644,P071,1,450,0.0
O001645,P098,1,930,0.0
O001645,P028,1,430,0.0
O001646,P031,1,700,0.1
O001646,P008,1,5930,0.1
O001647,P047,1,1740,0.0
O001647,P052,1,260,0.05
O001648,P069,1,250,0.0
O001649,P028,1,430,0.1
O001649,P007,1,1390,0.05
O001650,P052,2,260,0.1
O001651,P047,1,1740,0.2
O001652,P033,2,2190,0.0
O001652,P069,1,250,0.3
O001652,P052,1,260,0.0
O001652,P096,1,260,0.1
O001653,P080,1,660,0.0
O001653,P097,1,1960,0.0
O001653,P052,1,260,0.0
O001654,P092,1,1210,0.2
O001654,P047,2,1740,0.1
O001654,P085,1,1400,0.2
O001655,P096,1,260,0.2
O001655,P088,1,2510,0.1
O001655,P051,2,700,0.2
O001656,P079,1,630,0.1
O001656,P007,1,1390,0.05
O001657,P076,3,2640,0.0
O001658,P033,1,2190,0.0
O001658,P079,2,630,0.0
O001659,P017,1,1030,0.0
O001660,P076,1,2640,0.0
O001660,P002,1,4330,0.0
O001661,P033,1,2190,0.0
O001662,P070,1,800,0.1
O001663,P047,1,1740,0.0
O001663,P007,2,1390,0.2
O001664,P080,2,660,0.0
O001665,P020,1,1760,0.2
O001665,P054,1,480,0.2
O001666,P043,1,1220,0.1
O001667,P053,1,310,0.05
O001668,P079,1,630,0.05
O001669,P010,3,6950,0.0
O001670,P054,1,480,0.2
O001671,P006,2,5860,0.1
O001672,P043,1,1220,0.0
O001673,P080,1,660,0.3
O001674,P085,1,1400,0.0
O001675,P067,1,290,0.0
O001675,P080,1,660,0.0
O001676,P053,1,310,0.0
O001676,P057,3,360,0.0
O001676,P071,2,450,0.0
O001677,P072,1,3800,0.05
O001678,P054,1,480,0.0
O001679,P076,1,2640,0.0
O001679,P033,1,2190,0.0
O001680,P096,1,260,0.05
O001680,P012,1,1160,0.05
O001681,P047,2,1740,0.0
O001682,P071,1,450,0.3
O001682,P006,1,5860,0.3
O001683,P022,1,1690,0.2
O001684,P053,1,310,0.0
O001685,P030,1,600,0.0
O001685,P047,1,1740,0.0
O001686,P036,1,490,0.05
O001686,P055,2,210,0.0
O001687,P007,1,1390,0.0
O001687,P080,1,660,0.3
O001687,P088,1,2510,0.1
O001688,P033,2,2190,0.0
O001689,P057,1,360,0.05
O001690,P093,1,350,0.2
O001691,P028,3,430,0.0
O001691,P083,1,710,0.2
O001691,P088,1,2510,0.1
O001692,P052,1,260,0.0
O001692,P079,2,630,0.1
O001692,P053,2,310,0.0
O001693,P057,1,360,0.0
O001694,P088,1,2510,0.3
O001695,P081,1,2850,0.0
O001696,P053,2,310,0.0
O001697,P008,1,5930,0.05
O001698,P043,1,1220,0.0
O001698,P073,2,3790,0.0
O001699,P023,1,2180,0.1
O001699,P017,3,1030,0.05
O001699,P082,1,580,0.3
O001700,P078,1,3260,0.0
O001700,P045,1,630,0.0
O001700,P022,1,1690,0.0
O001701,P021,1,620,0.05
O001701,P079,1,630,0.0
O001701,P054,1,480,0.0
O001701,P033,2,2190,0.0
O001702,P055,2,210,0.0
O001702,P002,1,4330,0.05
O001703,P002,1,4330,0.0
O001704,P007,1,1390,0.05
O001704,P031,1,700,0.1
O001705,P092,1,1210,0.0
O001706,P075,1,2130,0.0
O001706,P047,3,1740,0.2
O001707,P094,1,1100,0.1
O001707,P030,2,600,0.05
O001708,P010,2,6950,0.05
O001709,P020,1,1760,0.3
O001710,P006,1,5860,0.0
O001711,P051,1,700,0.0
O001712,P055,2,210,0.0
O001713,P071,1,450,0.05
O001713,P079,1,630,0.0
O001714,P051,1,700,0.0
O001714,P008,1,5930,0.0
O001715,P007,2,1390,0.05
O001716,P052,1,260,0.0
O001717,P080,1,660,0.0
O001718,P079,1,630,0.0
O001719,P040,1,430,0.1
O001719,P047,1,1740,0.0
O001719,P096,2,260,0.3
O001720,P007,1,1390,0.0
O001721,P033,1,2190,0.0
O001722,P018,3,790,0.0
O001723,P007,1,1390,0.1
O001724,P030,1,600,0.2
O001724,P080,2,660,0.0
O001725,P049,1,870,0.0
O001725,P072,1,3800,0.0
O001726,P085,2,1400,0.1
O001727,P074,1,890,0.0
O001727,P033,1,2190,0.0
O001728,P053,1,310,0.0
O001729,P017,1,1030,0.0
O001729,P034,2,490,0.0
O001730,P022,1,1690,0.05
O001730,P002,2,4330,0.0
O001730,P026,1,2100,0.0
O001731,P020,1,1760,0.3
O001731,P090,1,2690,0.1
O001732,P044,2,260,0.1
O001732,P002,2,4330,0.1
O001733,P036,1,490,0.3
O001734,P023,1,2180,0.3
O001735,P096,2,260,0.2
O001736,P020,1,1760,0.1
O001737,P020,1,1760,0.0
O001737,P008,1,5930,0.0
O001738,P096,1,260,0.0
O001738,P092,1,1210,0.3
O001738,P084,1,540,0.0
O001739,P052,1,260,0.0
O001740,P008,1,5930,0.1
O001740,P079,1,630,0.0
O001741,P080,1,660,0.05
O001742,P047,1,1740,0.1
O001742,P021,1,620,0.0
O001743,P096,1,260,0.05
O001744,P075,1,2130,0.0
O001745,P008,1,5930,0.0
O001746,P001,1,5210,0.1
O001746,P030,1,600,0.0
O001747,P054,1,480,0.0
O001747,P049,1,870,0.3
O001748,P053,1,310,0.1
O001748,P052,2,260,0.3
O001749,P034,2,490,0.0
O001750,P034,1,490,0.1
O001750,P021,1,620,0.05
O001751,P007,1,1390,0.0
O001752,P003,1,8480,0.0
O001753,P079,1,630,0.1
O001754,P034,1,490,0.1
O001754,P043,1,1220,0.05
O001755,P054,1,480,0.0
O001756,P080,1,660,0.0
O001756,P048,1,600,0.1
O001757,P096,2,260,0.05
O001758,P002,1,4330,0.1
O001759,P053,3,310,0.2
O001759,P008,3,5930,0.1
O001759,P002,3,4330,0.05
O001760,P004,1,1090,0.1
O001761,P084,2,540,0.0
O001762,P022,1,1690,0.0
O001763,P007,1,1390,0.0
O001763,P055,1,210,0.05
O001764,P006,1,5860,0.0
O001764,P069,2,250,0.0
O001765,P020,2,1760,0.2
O001766,P046,1,860,0.0
O001767,P043,2,1220,0.0
O001768,P096,1,260,0.05
O001769,P020,2,1760,0.0
O001769,P062,1,400,0.0
O001770,P004,1,1090,0.2
O001771,P012,1,1160,0.3
O001772,P047,1,1740,0.0
O001773,P020,1,1760,0.1
O001773,P079,1,630,0.0
O001774,P090,1,2690,0.0
O001774,P033,1,2190,0.05
O001775,P020,1,1760,0.0
O001775,P081,1,2850,0.0
O001776,P047,1,1740,0.0
O001776,P079,1,630,0.0
O001777,P054,1,480,0.0
O001777,P075,1,2130,0.0
O001778,P020,1,1760,0.0
O001779,P061,1,660,0.0
O001780,P075,1,2130,0.0
O001781,P079,1,630,0.0
O001781,P064,1,550,0.0
O001782,P054,1,480,0.2
O001783,P080,1,660,0.05
O001784,P088,1,2510,0.1
O001784,P029,1,570,0.1
O001785,P007,1,1390,0.05
O001785,P043,2,1220,
O001786,P026,1,2100,0.05
O001787,P055,1,210,0.0
O001787,P079,1,630,0.0
O001788,P088,1,2510,0.0
O001788,P061,2,660,0.3
O001789,P019,1,2290,0.05
O001790,P076,1,2640,0.2
O001790,P096,1,260,0.2
O001790,P082,1,580,0.0
O001790,P052,3,260,0.05
O001791,P050,2,570,0.0
O001791,P055,1,210,0.05
O001792,P043,1,1220,0.05
O001792,P013,2,4850,0.2
O001792,P074,1,890,0.0
O001792,P078,1,3260,0.3
O001793,P051,1,700,0.1
O001794,P024,1,540,0.05
O001794,P076,2,2640,0.1
O001795,P027,1,1330,0.0
O001795,P052,1,260,0.1
O001796,P008,2,5930,0.0
O001796,P054,2,480,0.3
O001797,P028,2,430,0.1
O001797,P008,1,5930,0.0
O001798,P054,2,480,0.1
O001798,P088,1,2510,0.0
O001799,P032,1,1590,0.0
O001799,P012,2,1160,0.2
O001800,P013,1,4850,0.0
O001800,P052,1,260,0.05
O001800,P079,1,630,0.0
O001801,P085,1,1400,0.3
O001801,P096,2,260,0.0
O001802,P047,3,1740,0.0
O001802,P014,1,1960,0.05
O001803,P055,1,210,0.0
O001804,P045,1,630,0.0
O001805,P020,2,1760,0.0
O001806,P033,1,2190,0.1
O001806,P096,1,260,0.0
O001806,P051,2,700,0.2
O001806,P079,2,630,0.0
O001807,P046,1,860,0.0
O001808,P033,1,2190,0.0
O001808,P079,1,630,0.2
O001808,P050,1,570,0.0
O001808,P036,3,490,0.05
O001809,P017,3,1030,0.1
O001809,P094,1,1100,0.0
O001810,P073,1,3790,0.0
O001810,P080,1,660,0.3
O001811,P012,1,1160,0.0
O001812,P031,1,700,0.0
O001812,P042,1,5470,0.0
O001813,P092,1,1210,0.0
O001814,P053,2,310,0.1
O001814,P008,1,5930,0.0
O001815,P082,1,580,0.0
O001816,P082,1,580,0.3
O001816,P079,1,630,0.1
O001817,P033,1,2190,0.0
O001818,P092,1,1210,0.0
O001819,P096,1,260,0.0
O001819,P074,3,890,0.3
O001820,P020,1,1760,0.0
O001821,P046,1,860,0.0
O001822,P092,1,1210,0.0
O001822,P026,1,2100,0.0
O001823,P080,1,660,0.0
O001823,P062,1,400,0.0
O001824,P096,1,260,0.0
O001825,P033,3,2190,0.0
O001826,P048,1,600,0.0
O001827,P052,1,260,0.05
O001828,P020,1,1760,0.0
O001828,P052,1,260,0.3
O001829,P021,1,620,0.0
O001829,P080,2,660,0.0
O001830,P080,1,660,0.0
O001831,P055,2,210,0.0
O001832,P070,1,800,0.0
O001833,P017,1,1030,0.0
O001833,P008,2,5930,0.2
O001834,P006,3,5860,0.0
O001835,P007,2,1390,0.0
O001835,P024,3,540,0.2
O001835,P052,1,260,0.2
O001836,P051,1,700,0.05
O001837,P008,1,5930,0.0
O001837,P013,1,4850,0.2
O001838,P012,1,1160,0.3
O001839,P012,2,1160,0.3
O001840,P093,1,350,0.0
O001841,P094,2,1100,0.0
O001841,P044,1,260,0.2
O001842,P055,2,210,0.1
O001843,P022,1,1690,0.3
O001843,P003,1,8480,0.0
O001844,P033,1,2190,0.2
O001844,P006,2,5860,0.05
O001845,P047,2,1740,0.05
O001845,P002,2,4330,0.2
O001846,P008,1,5930,0.0
O001847,P003,1,8480,0.0
O001848,P045,1,630,0.0
O001848,P047,2,1740,0.1
O001848,P083,1,710,0.0
O001849,P053,1,310,0.0
O001849,P096,1,260,0.0
O001850,P020,1,1760,0.0
O001851,P079,1,630,0.0
O001852,P020,1,1760,0.2
O001853,P020,1,1760,0.2
O001854,P033,1,2190,0.0
O001854,P029,1,570,0.0
O001855,P022,1,1690,0.1
O001856,P051,2,700,0.0
O001857,P011,1,1280,0.05
O001858,P054,1,480,0.05
O001859,P098,1,930,0.0
O001860,P022,1,1690,0.0
O001860,P013,1,4850,0.0
O001860,P088,1,2510,0.0
O001861,P006,2,5860,0.0
O001862,P057,1,360,0.0
O001863,P076,2,2640,0.2
O001864,P096,1,260,0.2
O001865,P064,1,550,0.1
O001865,P012,1,1160,0.0
O001866,P082,1,580,0.0
O001867,P043,3,1220,0.0
O001868,P034,1,490,0.3
O001868,P063,3,500,0.0
O001869,P051,3,700,0.1
O001869,P052,3,260,0.3
O001869,P034,1,490,0.0
O001870,P092,1,1210,0.3
O001871,P052,1,260,0.0
O001871,P090,1,2690,0.05
O001871,P079,3,630,0.05
O001871,P070,1,800,0.0
O001872,P086,1,1840,0.3
O001873,P052,1,260,0.1
O001874,P054,1,480,0.2
O001875,P096,1,260,0.05
O001875,P049,2,870,0.3
O001876,P008,1,5930,0.0
O001877,P079,1,630,0.3
O001878,P094,1,1100,0.0
O001879,P048,1,600,0.1
O001879,P010,1,6950,0.0
O001880,P052,2,260,0.0
O001880,P054,1,480,0.0
O001880,P082,2,580,0.0
O001881,P029,1,570,0.05
O001882,P028,2,430,0.1
O001882,P053,1,310,0.0
O001883,P035,1,390,0.0
O001883,P020,1,1760,0.0
O001884,P011,1,1280,0.0
O001885,P068,1,260,0.2
O001885,P030,3,600,0.05
O001886,P053,1,310,0.2
O001886,P082,1,580,0.05
O001887,P079,1,630,0.3
O001888,P096,1,260,0.2
O001888,P080,1,660,0.0
O001889,P045,1,630,
O001890,P020,1,1760,0.2
O001890,P012,1,1160,0.0
O001891,P043,1,1220,0.0
O001891,P096,1,260,0.0
O001891,P020,2,1760,0.2
O001891,P008,1,5930,0.0
O001892,P039,1,1980,0.0
O001892,P008,1,5930,0.0
O001893,P043,1,1220,0.0
O001893,P083,1,710,0.05
O001894,P052,1,260,0.1
O001894,P093,2,350,0.0
O001895,P002,2,4330,0.1
O001896,P027,-1,1330,0.0
O001896,P033,1,2190,0.2
O001896,P070,1,800,0.1
O001897,P020,1,1760,0.0
O001898,P053,1,310,0.0
O001899,P052,1,260,0.0
O001899,P047,2,1740,0.0
O001900,P008,1,5930,0.0
O001901,P092,1,1210,0.0
O001902,P034,1,490,0.0
O001903,P088,1,2510,0.1
O001904,P079,1,630,0.2
O001904,P068,1,260,0.1
O001904,P031,1,700,0.1
O001905,P008,1,5930,0.0
O001906,P066,1,160,0.0
O001906,P072,1,3800,0.3
O001906,P001,1,5210,0.0
O001907,P003,1,8480,0.1
O001908,P020,1,1760,0.2
O001908,P009,1,5010,0.2
O001909,P080,3,660,0.2
O001910,P096,1,260,0.05
O001911,P092,1,1210,0.05
O001911,P077,1,4260,0.0
O001912,P082,1,580,0.0
O001913,P007,1,1390,0.0
O001913,P033,1,2190,0.0
O001914,P025,1,1700,0.0
O001915,P050,1,570,0.0
O001915,P020,1,1760,0.05
O001915,P001,2,5210,0.0
O001916,P096,1,260,0.0
O001917,P096,2,260,0.1
O001918,P079,1,630,0.0
O001918,P080,1,660,0.1
O001919,P043,1,1220,0.0
O001919,P042,1,5470,0.05
O001920,P055,1,210,0.05
O001921,P081,2,2850,0.05
O001921,P009,1,5010,0.1
O001921,P002,1,4330,0.1
O001922,P047,1,1740,0.3
O001923,P088,2,2510,0.05
O001924,P047,1,1740,0.0
O001925,P020,2,1760,0.0
O001926,P040,2,430,0.1
O001927,P043,1,1220,0.0
O001927,P001,1,5210,0.05
O001927,P006,3,5860,0.05
O001928,P020,1,1760,0.2
O001928,P002,1,4330,0.05
O001929,P002,1,4330,0.05
O001930,P077,1,4260,0.1
O001931,P094,1,1100,0.2
O001931,P020,1,1760,0.2
O001931,P054,1,480,0.0
O001932,P008,1,5930,0.1
O001933,P096,1,260,0.0
O001934,P059,1,240,0.1
O001934,P020,1,1760,0.0
O001934,P077,1,4260,0.05
O001935,P066,1,160,0.0
O001935,P043,1,1220,0.0
O001936,P098,1,930,0.05
O001937,P011,2,1280,0.0
O001938,P052,1,260,0.1
O001939,P077,1,4260,0.3
O001940,P088,1,2510,0.05
O001940,P052,1,260,0.0
O001941,P011,1,1280,0.0
O001942,P054,1,480,0.0
O001942,P005,1,1960,0.0
O001943,P082,1,580,0.1
O001943,P012,1,1160,0.0
O001943,P052,1,260,0.0
O001943,P050,2,570,0.0
O001944,P039,1,1980,0.2
O001944,P020,1,1760,0.2
O001945,P007,3,1390,0.0
O001945,P080,1,660,0.1
O001946,P031,2,700,0.3
O001946,P047,3,1740,0.0
O001947,P098,2,930,0.2
O001947,P096,1,260,0.0
O001947,P010,1,6950,0.0
O001948,P054,1,480,0.0
O001949,P096,1,260,0.0
O001950,P096,1,260,0.0
O001950,P070,1,800,0.1
O001951,P054,1,480,0.0
O001951,P002,1,4330,0.0
O001952,P092,1,1210,0.0
O001953,P032,1,1590,0.0
O001954,P096,1,260,0.2
O001954,P020,2,1760,0.0
O001955,P050,2,570,0.0
O001955,P010,2,6950,0.0
O001956,P066,2,160,0.3
O001956,P071,1,450,0.3
O001957,P047,3,1740,0.05
O001957,P089,1,530,0.1
O001957,P050,1,570,0.2
O001958,P008,1,5930,0.2
O001958,P049,1,870,0.05
O001959,P079,1,630,0.0
O001959,P072,1,3800,0.0
O001960,P090,2,2690,0.1
O001960,P051,1,700,0.0
O001961,P052,1,260,0.1
O001962,P042,1,5470,0.1
O001962,P052,2,260,0.0
O001963,P052,1,260,0.3
O001963,P042,1,5470,0.2
O001964,P091,1,2490,0.3
O001964,P011,2,1280,0.05
O001965,P075,1,2130,0.0
O001965,P055,2,210,0.05
O001966,P079,1,630,0.1
O001967,P079,1,630,0.1
O001968,P047,1,1740,0.0
O001969,P088,1,2510,0.05
O001970,P054,3,480,0.0
O001970,P096,1,260,0.0
O001970,P010,1,6950,0.1
O001971,P078,2,3260,0.0
O001971,P020,1,1760,0.0
O001972,P074,2,890,0.0
O001973,P020,1,1760,0.1
O001974,P031,1,700,0.1
O001974,P054,2,480,0.1
O001974,P003,1,8480,0.0
O001975,P030,1,600,0.2
O001975,P079,1,630,0.0
O001976,P052,2,260,0.0
O001977,P051,1,700,0.0
O001978,P008,2,5930,0.0
O001979,P052,2,260,0.0
O001980,P052,3,260,0.1
O001981,P094,1,1100,0.0
O001981,P051,1,700,0.0
O001982,P052,1,260,0.0
O001983,P020,1,1760,0.05
O001983,P060,1,330,0.05
O001983,P038,1,940,0.2
O001984,P002,1,4330,0.1
O001985,P055,1,210,0.1
O001985,P047,1,1740,0.0
O001986,P028,2,430,0.1
O001987,P017,1,1030,0.05
O001988,P052,1,260,0.0
O001989,P079,1,630,0.3
O001989,P073,3,3790,0.0
O001990,P078,1,3260,0.1
O001990,P028,1,430,0.2
O001991,P033,1,2190,0.1
O001991,P028,1,430,0.0
O001992,P024,3,540,0.0
O001992,P081,1,2850,0.05
O001993,P052,1,260,0.2
O001994,P047,1,1740,0.0
O001994,P014,1,1960,0.0
O001995,P009,1,5010,0.05
O001996,P047,1,1740,0.0
O001996,P096,1,260,0.05
O001996,P055,1,210,0.0
O001997,P082,1,580,0.0
O001997,P055,3,210,0.0
O001998,P052,1,260,0.2
O001999,P012,1,1160,0.1
O001999,P054,2,480,0.05
O002000,P019,3,2290,0.0
O002001,P052,1,260,0.05
O002002,P080,1,660,0.0
O002002,P017,1,1030,0.0
O002003,P063,2,500,0.05
O002004,P088,1,2510,0.2
O002004,P031,1,700,0.1
O002004,P081,1,2850,0.0
O002005,P095,1,1840,0.0
O002005,P084,1,540,0.0
O002006,P008,1,5930,0.2
O002006,P088,2,2510,0.0
O002007,P030,1,600,0.2
O002008,P042,1,5470,0.0
O002009,P086,1,1840,0.0
O002010,P040,1,430,0.1
O002010,P008,1,5930,0.0
O002011,P052,3,260,0.1
O002011,P007,1,1390,0.2
O002011,P031,1,700,0.0
O002012,P054,1,480,0.0
O002013,P048,1,600,0.05
O002014,P092,1,1210,0.05
O002015,P042,2,5470,0.05
O002015,P008,1,5930,0.05
O002015,P052,1,260,0.0
O002015,P096,1,260,0.3
O002016,P082,1,580,0.1
O002017,P031,1,700,0.2
O002017,P053,1,310,0.0
O002018,P077,1,4260,0.1
O002018,P096,1,260,0.0
O002019,P071,1,450,0.0
O002020,P088,1,2510,0.05
O002021,P052,2,260,0.1
O002022,P003,1,8480,0.1
O002022,P092,3,1210,0.2
O002023,P026,1,2100,0.1
O002024,P025,1,1700,0.0
O002024,P056,1,1440,0.1
O002024,P045,1,630,0.05
O002025,P094,3,1100,0.0
O002026,P002,2,4330,0.0
O002026,P079,1,630,0.05
O002026,P007,1,1390,0.1
O002027,P044,3,260,0.0
O002027,P082,1,580,0.1
O002027,P020,1,1760,0.05
O002028,P098,1,930,
O002029,P057,1,360,0.0
O002029,P039,1,1980,0.3
O002030,P047,1,1740,0.1
O002030,P052,1,260,0.0
O002031,P008,1,5930,
O002032,P002,1,4330,0.0
O002032,P079,1,630,0.1
O002033,P047,1,1740,0.05
O002034,P007,1,1390,0.3
O002035,P060,1,330,0.05
O002036,P092,1,1210,0.05
O002036,P020,1,1760,0.05
O002037,P052,1,260,0.0
O002038,P052,2,260,0.05
O002038,P022,1,1690,0.0
O002039,P049,1,870,0.05
O002040,P020,1,1760,0.2
O002041,P003,1,8480,0.0
O002042,P052,1,260,0.05
O002042,P055,1,210,0.0
O002043,P008,2,5930,0.0
O002043,P066,2,160,0.0
O002043,P047,1,1740,0.0
O002044,P020,1,1760,0.0
O002044,P096,1,260,0.0
O002045,P020,1,1760,0.2
O002045,P006,1,5860,0.0
O002046,P022,1,1690,0.0
O002046,P079,1,630,0.0
O002047,P037,2,470,0.0
O002047,P046,1,860,0.0
O002047,P007,1,1390,0.0
O002048,P022,1,1690,0.05
O002048,P088,2,2510,0.0
O002048,P033,2,2190,0.05
O002049,P096,3,260,0.3
O002050,P046,1,860,0.2
O002051,P074,2,890,0.0
O002052,P079,1,630,0.0
O002053,P072,1,3800,0.2
O002053,P022,1,1690,0.2
O002053,P074,1,890,0.0
O002054,P020,3,1760,0.2
O002055,P078,3,3260,0.3
O002056,P010,1,6950,0.1
O002056,P038,1,940,0.05
O002056,P052,3,260,0.3
O002057,P046,1,860,0.2
O002057,P064,2,550,0.0
O002057,P007,1,1390,0.0
O002058,P040,2,430,
O002059,P043,1,1220,0.05
O002060,P012,1,1160,0.0
O002061,P074,1,890,0.0
O002061,P055,1,210,0.0
O002061,P083,2,710,0.2
O002062,P079,1,630,0.1
O002062,P085,2,1400,0.1
O002063,P079,1,630,0.1
O002064,P047,1,1740,0.0
O002065,P057,2,360,0.1
O002065,P024,1,540,0.2
O002066,P052,1,260,0.0
O002067,P094,1,1100,0.0
O002068,P051,1,700,0.2
O002068,P012,1,1160,0.0
O002069,P002,1,4330,0.0
O002070,P051,1,700,0.0
O002070,P031,1,700,0.0
O002071,P067,1,290,0.0
O002071,P074,2,890,0.1
O002072,P016,2,650,0.2
O002073,P008,1,5930,0.0
O002074,P020,2,1760,0.1
O002075,P051,1,700,0.0
O002076,P045,1,630,0.1
O002076,P008,1,5930,0.1
O002077,P077,1,4260,0.1
O002077,P052,1,260,0.05
O002078,P022,3,1690,0.2
O002078,P002,1,4330,0.0
O002078,P020,1,1760,0.05
O002078,P051,2,700,0.05
O002078,P063,3,500,0.0
O002079,P005,1,1960,0.0
O002079,P058,1,420,0.0
O002080,P028,1,430,0.2
O002080,P044,1,260,0.3
O002080,P074,2,890,
O002081,P052,1,260,0.0
O002081,P017,2,1030,0.2
O002081,P047,1,1740,0.05
O002081,P008,3,5930,0.0
O002082,P048,1,600,0.2
O002082,P096,3,260,0.1
O002083,P055,1,210,0.0
O002083,P092,1,1210,0.3
O002084,P020,1,1760,0.1
O002085,P071,1,450,0.05
O002085,P002,2,4330,0.0
O002086,P051,1,700,0.0
O002087,P043,3,1220,0.1
O002088,P055,1,210,0.0
O002089,P006,1,5860,0.2
O002089,P016,1,650,0.1
O002090,P096,2,260,0.2
O002091,P088,2,2510,0.05
O002092,P007,1,1390,0.3
O002092,P069,2,250,0.0
O002093,P079,1,630,0.0
O002093,P010,1,6950,0.0
O002093,P094,1,1100,0.3
O002094,P079,1,630,0.1
O002095,P010,3,6950,0.0
O002095,P047,1,1740,0.0
O002096,P022,3,1690,0.0
O002096,P010,1,6950,0.0
O002097,P052,1,260,0.0
O002098,P080,2,660,0.0
O002098,P054,3,480,0.2
O002099,P007,1,1390,0.0
O002099,P055,1,210,0.0
O002099,P033,1,2190,0.0
O002100,P081,3,2850,0.05
O002100,P037,1,470,0.0
O002101,P008,2,5930,0.0
O002101,P096,1,260,0.0
O002101,P072,3,3800,0.3
O002102,P052,1,260,0.3
O002103,P033,1,2190,0.0
O002103,P085,1,1400,0.3
O002103,P053,2,310,0.0
O002104,P060,1,330,0.05
O002105,P060,1,330,0.0
O002106,P081,1,2850,0.3
O002107,P042,1,5470,0.0
O002108,P096,1,260,0.0
O002109,P084,1,540,0.0
O002109,P024,1,540,0.3
O002110,P096,3,260,0.0
O002110,P028,2,430,0.1
O002111,P025,3,1700,0.0
O002112,P051,1,700,0.3
O002112,P009,3,5010,0.05
O002113,P020,1,1760,0.0
O002113,P051,2,700,0.05
O002113,P072,1,3800,0.1
O002114,P085,3,1400,0.05
O002114,P027,1,1330,0.05
O002115,P079,2,630,0.05
O002115,P033,1,2190,0.05
O002115,P020,1,1760,0.05
O002116,P052,1,260,0.3
O002117,P043,1,1220,0.0
O002117,P008,1,5930,0.0
O002118,P062,3,400,0.0
O002119,P020,2,1760,0.0
O002120,P045,2,630,0.0
O002120,P012,1,1160,0.0
O002121,P096,1,260,0.3
O002122,P007,1,1390,0.0
O002123,P033,1,2190,0.3
O002123,P047,1,1740,0.1
O002124,P096,1,260,0.3
O002125,P092,1,1210,0.0
O002126,P011,2,1280,0.0
O002127,P052,1,260,0.1
O002128,P085,1,1400,0.05
O002129,P012,1,1160,0.1
O002129,P007,1,1390,0.0
O002130,P002,1,4330,0.1
O002130,P080,1,660,0.0
O002131,P074,1,890,0.0
O002132,P057,1,360,0.2
O002132,P029,1,570,0.2
O002133,P001,1,5210,0.1
O002134,P052,1,260,0.0
O002134,P054,2,480,0.3
O002135,P086,1,1840,0.0
O002136,P033,1,2190,0.3
O002137,P088,3,2510,0.0
O002138,P010,3,6950,0.0
O002138,P002,1,4330,0.1
O002139,P047,2,1740,0.2
O002139,P096,1,260,0.3
O002140,P002,1,4330,0.0
O002141,P001,3,5210,0.0
O002141,P098,1,930,0.3
O002142,P002,1,4330,0.2
O002143,P029,1,570,0.1
O002144,P059,1,240,0.05
O002144,P051,2,700,0.0
O002145,P096,3,260,0.0
O002146,P085,2,1400,0.0
O002147,P078,2,3260,0.05
O002148,P088,1,2510,0.2
O002149,P042,1,5470,0.0
O002149,P096,1,260,0.05
O002150,P047,1,1740,0.05
O002150,P066,1,160,0.05
O002151,P004,2,1090,0.05
O002152,P033,1,2190,0.0
O002153,P050,3,570,0.1
O002153,P033,1,2190,0.2
O002154,P006,2,5860,0.0
O002154,P057,1,360,0.0
O002155,P082,1,580,0.0
O002156,P002,2,4330,0.0
O002157,P079,1,630,0.05
O002157,P052,1,260,0.1
O002157,P008,1,5930,0.3
O002158,P098,1,930,0.0
O002159,P047,1,1740,0.1
O002159,P096,1,260,0.0
O002160,P041,1,4560,0.0
O002160,P008,1,5930,0.0
O002161,P037,1,470,0.05
O002161,P017,1,1030,0.1
O002162,P092,1,1210,0.3
O002163,P007,2,1390,0.0
O002164,P091,1,2490,0.0
O002165,P069,1,250,0.0
O002166,P029,2,570,0.0
O002167,P037,1,470,0.0
O002168,P051,1,700,0.0
O002168,P047,1,1740,0.05
O002169,P033,1,2190,0.2
O002169,P045,3,630,0.0
O002170,P077,1,4260,0.0
O002170,P051,1,700,0.0
O002170,P075,3,2130,0.0
O002171,P088,1,2510,0.0
O002172,P023,1,2180,0.2
O002172,P052,1,260,0.0
O002173,P028,1,430,0.0
O002174,P052,1,260,0.2
O002174,P020,1,1760,0.0
O002175,P012,1,1160,0.1
O002176,P070,1,800,0.2
O002177,P050,1,570,0.2
O002178,P010,1,6950,0.1
O002178,P008,1,5930,0.1
O002178,P079,1,630,0.3
O002179,P076,2,2640,0.3
O002179,P028,3,430,0.1
O002180,P008,1,5930,0.0
O002181,P071,1,450,0.0
O002182,P096,1,260,0.0
O002182,P051,1,700,0.1
O002183,P008,1,5930,0.0
O002184,P055,3,210,0.0
O002184,P043,1,1220,0.0
O002185,P010,1,6950,0.0
O002185,P002,1,4330,0.05
O002186,P083,1,710,0.0
O002187,P014,1,1960,0.3
O002187,P012,1,1160,0.0
O002188,P088,1,2510,0.2
O002188,P077,1,4260,0.05
O002188,P030,1,600,0.0
O002189,P012,1,1160,0.0
O002190,P020,1,1760,0.0
O002191,P006,1,5860,0.0
O002191,P075,1,2130,0.1
O002192,P007,1,1390,0.3
O002193,P052,1,260,0.2
O002193,P054,1,480,0.0
O002193,P002,1,4330,0.1
O002194,P079,1,630,0.2
O002195,P070,1,800,0.0
O002195,P096,1,260,0.2
O002196,P079,1,630,0.0
O002197,P002,1,4330,0.05
O002198,P079,1,630,0.05
O002199,P013,1,4850,0.0
O002200,P080,2,660,0.3
O002200,P084,1,540,
O002201,P052,1,260,0.0
O002201,P070,3,800,0.0
O002202,P015,1,600,0.3
O002203,P079,1,630,0.0
O002203,P007,1,1390,0.05
O002204,P047,1,1740,0.1
O002205,P008,1,5930,0.2
O002206,P033,1,2190,0.0
O002207,P020,2,1760,0.0
O002208,P033,1,2190,0.0
O002209,P033,1,2190,0.1
O002210,P050,1,570,0.05
O002210,P079,1,630,0.0
O002211,P007,1,1390,0.0
O002211,P051,1,700,0.0
O002211,P096,1,260,0.05
O002211,P092,2,1210,0.0
O002212,P038,2,940,0.05
O002212,P052,2,260,0.0
O002212,P004,1,1090,0.05
O002213,P059,1,240,0.3
O002214,P052,1,260,0.0
O002214,P002,1,4330,0.3
O002215,P033,1,2190,0.0
O002215,P008,1,5930,0.0
O002215,P089,3,530,0.1
O002216,P020,1,1760,0.0
O002216,P052,2,260,0.1
O002217,P079,1,630,0.0
O002218,P088,1,2510,0.0
O002218,P081,1,2850,0.0
O002218,P016,1,650,0.0
O002219,P015,1,600,0.0
O002220,P096,1,260,0.0
O002221,P020,1,1760,0.05
O002221,P021,1,620,0.3
O002222,P047,1,1740,
O002223,P052,1,260,0.1
O002224,P030,2,600,0.05
O002225,P020,2,1760,0.1
O002225,P079,2,630,0.05
O002225,P008,2,5930,0.3
O002226,P088,1,2510,0.0
O002226,P047,1,1740,
O002227,P073,3,3790,0.0
O002227,P020,1,1760,0.0
O002228,P057,1,360,0.0
O002229,P052,1,260,0.0
O002229,P005,3,1960,0.05
O002230,P077,1,4260,0.0
O002231,P086,2,1840,0.0
O002232,P047,1,1740,0.0
O002233,P029,1,570,0.0
O002234,P057,3,360,0.3
O002235,P052,1,260,0.2
O002235,P077,2,4260,0.2
O002236,P096,3,260,0.0
O002237,P064,3,550,0.0
O002238,P053,2,310,0.05
O002238,P022,1,1690,0.0
O002239,P047,3,1740,0.1
O002239,P045,2,630,0.3
O002239,P052,1,260,0.0
O002240,P055,1,210,0.2
O002240,P080,1,660,0.0
O002241,P033,1,2190,0.05
O002241,P055,1,210,0.0
O002242,P096,3,260,0.0
O002243,P047,3,1740,0.1
O002243,P074,1,890,0.0
O002244,P008,1,5930,0.3
O002244,P077,1,4260,0.0
O002244,P076,1,2640,0.0
O002244,P088,1,2510,0.0
O002245,P007,1,1390,0.2
O002245,P008,1,5930,0.0
O002246,P030,2,600,0.0
O002246,P081,1,2850,0.2
O002247,P096,1,260,0.0
O002248,P012,3,1160,0.05
O002249,P052,1,260,0.2
O002249,P007,1,1390,0.3
O002250,P049,1,870,0.0
O002250,P008,2,5930,0.0
O002250,P096,1,260,0.0
O002251,P036,1,490,0.1
O002252,P074,1,890,0.0
O002253,P028,1,430,0.3
O002254,P096,1,260,0.2
O002255,P003,1,8480,0.0
O002256,P020,1,1760,0.3
O002257,P007,1,1390,0.0
O002257,P071,2,450,0.1
O002257,P061,2,660,0.2
O002258,P033,2,2190,0.0
O002259,P022,1,1690,0.05
O002260,P051,3,700,0.0
O002260,P002,1,4330,0.0
O002260,P020,2,1760,0.0
O002261,P080,1,660,0.0
O002261,P042,1,5470,0.0
O002262,P090,1,2690,0.1
O002263,P060,1,330,0.2
O002264,P088,1,2510,0.2
O002265,P022,1,1690,0.05
O002265,P096,1,260,0.0
O002266,P041,3,4560,0.0
O002266,P092,2,1210,0.0
O002266,P096,1,260,0.0
O002267,P020,1,1760,0.0
O002268,P049,1,870,0.0
O002269,P072,1,3800,0.0
O002269,P007,1,1390,0.0
O002270,P052,1,260,0.1
O002271,P012,1,1160,0.0
O002272,P088,1,2510,0.0
O002272,P096,1,260,0.2
O002272,P074,2,890,0.2
O002273,P079,1,630,0.05
O002274,P020,2,1760,0.05
O002274,P045,1,630,0.1
O002275,P020,1,1760,0.0
O002275,P094,1,1100,0.0
O002276,P079,2,630,0.2
O002276,P046,1,860,0.0
O002276,P003,1,8480,0.2
O002276,P050,1,570,0.1
O002277,P096,1,260,0.1
O002278,P080,1,660,0.0
O002279,P092,1,1210,0.05
O002280,P008,2,5930,0.3
O002281,P086,1,1840,0.3
O002281,P013,1,4850,0.0
O002281,P078,2,3260,0.3
O002282,P033,2,2190,0.0
O002283,P052,1,260,0.05
O002284,P074,1,890,0.2
O002284,P088,1,2510,0.3
O002284,P076,1,2640,0.0
O002285,P059,1,240,0.05
O002286,P002,1,4330,0.05
O002286,P052,1,260,0.0
O002287,P036,1,490,0.2
O002287,P033,2,2190,0.0
O002288,P016,1,650,0.0
O002289,P001,1,5210,0.0
O002290,P080,1,660,0.1
O002290,P050,1,570,0.3
O002291,P049,1,870,0.2
O002291,P073,3,3790,0.0
O002292,P027,1,1330,0.2
O002292,P055,1,210,0.0
O002293,P004,1,1090,0.1
O002293,P033,1,2190,0.0
O002294,P012,1,1160,0.05
O002294,P096,1,260,0.05
O002294,P072,1,3800,0.0
O002295,P086,1,1840,0.1
O002296,P047,1,1740,0.2
O002297,P029,1,570,0.0
O002298,P096,1,260,0.2
O002298,P079,3,630,0.0
O002299,P047,1,1740,0.0
O002299,P007,3,1390,0.05
O002300,P078,1,3260,0.0
O002301,P080,1,660,0.05
O002302,P079,2,630,0.2
O002302,P060,2,330,0.0
O002303,P046,2,860,0.0
O002303,P026,2,2100,0.0
O002303,P028,1,430,0.05
O002304,P008,1,5930,0.0
O002305,P020,1,1760,0.0
O002306,P053,1,310,0.05
O002306,P028,1,430,0.0
O002307,P022,1,1690,0.0
O002308,P052,1,260,0.0
O002309,P085,1,1400,0.0
O002309,P013,1,4850,0.05
O002310,P020,1,1760,0.0
O002311,P076,1,2640,0.1
O002311,P083,1,710,0.0
O002312,P052,1,260,0.0
O002312,P066,3,160,0.1
O002312,P090,1,2690,0.0
O002313,P047,1,1740,0.05
O002313,P020,1,1760,0.1
O002313,P096,1,260,0.3
O002314,P033,2,2190,0.0
O002314,P013,2,4850,0.3
O002315,P080,1,660,
O002315,P020,1,1760,0.0
O002316,P052,1,260,0.0
O002316,P054,1,480,0.0
O002317,P096,2,260,0.1
O002318,P030,1,600,0.3
O002319,P054,1,480,0.3
O002320,P054,1,480,0.3
O002320,P037,1,470,0.0
O002321,P041,1,4560,0.0
O002322,P074,1,890,0.0
O002322,P050,1,570,0.2
O002323,P006,2,5860,0.3
O002324,P055,1,210,0.0
O002325,P052,1,260,0.2
O002326,P063,3,500,0.1
O002327,P015,1,600,0.0
O002328,P030,1,600,0.2
O002329,P053,2,310,0.0
O002330,P080,1,660,0.2
O002330,P045,1,630,0.2
O002331,P096,1,260,0.0
O002331,P003,1,8480,0.05
O002332,P080,2,660,0.1
O002333,P020,1,1760,
O002333,P026,1,2100,0.2
O002334,P053,1,310,0.3
O002335,P020,1,1760,0.0
O002336,P007,1,1390,0.05
O002337,P002,3,4330,0.1
O002338,P006,1,5860,0.0
O002339,P024,1,540,0.3
O002340,P020,1,1760,0.0
O002341,P055,1,210,0.0
O002341,P051,1,700,0.0
O002342,P047,3,1740,0.0
O002343,P077,1,4260,0.0
O002343,P033,1,2190,0.1
O002344,P096,1,260,0.0
O002345,P081,1,2850,0.1
O002345,P096,2,260,0.0
O002346,P051,1,700,0.0
O002346,P077,2,4260,0.0
O002347,P008,1,5930,0.05
O002348,P020,1,1760,0.1
O002349,P050,1,570,0.3
O002350,P079,1,630,0.0
O002351,P052,2,260,0.0
O002352,P055,2,210,0.0
O002353,P082,1,580,0.0
O002353,P033,1,2190,0.05
O002354,P022,1,1690,0.1
O002354,P073,1,3790,0.05
O002355,P053,1,310,0.0
O002355,P088,1,2510,0.1
O002356,P036,1,490,0.0
O002356,P096,2,260,0.0
O002356,P052,1,260,0.1
O002357,P039,1,1980,0.3
O002358,P079,3,630,0.0
O002358,P008,1,5930,0.0
O002358,P047,1,1740,0.2
O002359,P033,1,2190,0.05
O002359,P020,1,1760,0.2
O002360,P008,1,5930,0.2
O002361,P051,1,700,0.0
O002361,P054,1,480,0.0
O002361,P083,1,710,0.2
O002362,P040,2,430,0.0
O002363,P028,1,430,0.0
O002364,P022,1,1690,0.05
O002364,P094,1,1100,0.0
O002365,P028,1,430,0.1
O002365,P023,1,2180,0.0
O002365,P092,1,1210,0.2
O002366,P031,1,700,0.05
O002367,P029,1,570,0.1
O002368,P088,1,2510,0.0
O002369,P033,1,2190,0.0
O002370,P045,1,630,0.0
O002370,P042,1,5470,0.0
O002371,P053,2,310,0.2
O002372,P020,2,1760,0.0
O002373,P008,1,5930,0.3
O002373,P007,1,1390,0.0
O002374,P079,1,630,0.2
O002374,P020,1,1760,0.0
O002374,P016,1,650,0.05
O002375,P096,1,260,0.2
O002376,P050,1,570,0.0
O002376,P054,3,480,0.2
O002377,P074,1,890,0.3
O002377,P008,1,5930,0.0
O002377,P079,1,630,0.2
O002378,P081,1,2850,0.1
O002379,P043,2,1220,0.0
O002379,P079,1,630,0.1
O002380,P054,3,480,0.0
O002380,P056,1,1440,0.0
O002381,P077,1,4260,0.0
O002382,P033,1,2190,0.1
O002382,P084,2,540,0.0
O002383,P033,1,2190,0.05
O002383,P055,1,210,0.3
O002384,P002,1,4330,0.0
O002384,P078,1,3260,0.1
O002385,P039,1,1980,0.0
O002386,P073,3,3790,0.0
O002386,P040,2,430,0.0
O002386,P016,1,650,0.0
O002386,P079,3,630,0.3
O002387,P088,1,2510,0.0
O002388,P045,2,630,0.0
O002388,P007,1,1390,0.0
O002389,P098,1,930,0.05
O002390,P071,1,450,0.1
O002390,P053,1,310,0.0
O002391,P079,1,630,0.05
O002391,P047,1,1740,0.0
O002392,P024,1,540,0.3
O002392,P003,1,8480,0.05
O002392,P006,1,5860,0.3
O002392,P007,1,1390,0.0
O002393,P098,3,930,0.05
O002393,P047,2,1740,0.05
O002394,P022,1,1690,0.0
O002395,P020,1,1760,0.0
O002396,P012,1,1160,0.05
O002397,P043,2,1220,0.0
O002397,P020,1,1760,
O002397,P073,1,3790,0.0
O002398,P079,2,630,0.0
O002399,P030,1,600,0.0
O002400,P031,1,700,0.0
O002401,P079,2,630,0.2
O002402,P033,1,2190,0.05
O002402,P011,1,1280,0.05
O002403,P008,1,5930,0.0
O002404,P017,2,1030,0.0
O002405,P079,2,630,0.0
O002405,P008,2,5930,0.05
O002405,P012,1,1160,0.0
O002405,P022,1,1690,0.05
O002406,P051,2,700,0.0
O002407,P055,2,210,0.2
O002407,P002,1,4330,0.0
O002408,P084,3,540,0.3
O002409,P008,1,5930,0.0
O002410,P007,1,1390,0.05
O002411,P005,1,1960,0.05
O002411,P033,1,2190,0.0
O002412,P001,1,5210,0.3
O002413,P039,1,1980,0.0
O002413,P096,1,260,0.0
O002414,P052,2,260,0.0
O002414,P096,1,260,0.0
O002415,P002,1,4330,0.05
O002416,P047,1,1740,0.0
O002416,P092,1,1210,0.0
O002416,P022,3,1690,0.05
O002417,P052,1,260,0.1
O002417,P011,2,1280,0.0
O002418,P010,2,6950,0.3
O002419,P013,3,4850,0.05
O002420,P033,1,2190,0.0
O002421,P096,1,260,0.2
O002422,P043,2,1220,0.2
O002422,P018,2,790,0.05
O002423,P053,1,310,0.3
O002424,P024,1,540,0.0
O002425,P040,1,430,0.1
O002425,P052,1,260,0.3
O002426,P011,1,1280,0.05
O002427,P076,1,2640,0.0
O002428,P010,1,6950,0.3
O002428,P060,3,330,0.0
O002429,P096,1,260,0.2
O002430,P096,2,260,0.0
O002431,P020,2,1760,0.3
O002431,P033,2,2190,0.0
O002432,P071,1,450,0.2
O002433,P005,1,1960,0.1
O002433,P020,2,1760,0.1
O002434,P076,2,2640,0.05
O002435,P077,3,4260,0.0
O002435,P096,2,260,0.2
O002436,P088,1,2510,0.1
O002437,P033,2,2190,0.0
O002438,P007,1,1390,0.0
O002438,P033,1,2190,0.05
O002438,P096,1,260,0.2
O002439,P019,1,2290,0.0
O002439,P096,1,260,0.0
O002439,P012,1,1160,0.1
O002440,P006,1,5860,0.0
O002441,P028,1,430,0.0
O002441,P015,2,600,0.0
O002442,P043,1,1220,0.0
O002442,P096,1,260,0.0
O002443,P008,3,5930,0.3
O002443,P052,1,260,0.2
O002444,P020,2,1760,0.3
O002445,P073,2,3790,0.3
O002445,P007,1,1390,0.3
O002446,P048,1,600,0.05
O002447,P003,1,8480,0.1
O002447,P075,1,2130,0.0
O002448,P033,-1,2190,0.0
O002449,P047,1,1740,0.0
O002450,P052,1,260,0.1
O002451,P050,1,570,0.0
O002452,P028,1,430,0.0
O002453,P020,1,1760,0.05
O002453,P037,2,470,0.0
O002454,P032,1,1590,0.3
O002455,P061,1,660,0.0
O002455,P076,1,2640,0.1
O002456,P047,1,1740,0.1
O002456,P051,1,700,0.0
O002457,P022,3,1690,0.2
O002457,P060,1,330,0.0
O002458,P052,2,260,0.0
O002459,P024,1,540,0.0
O002459,P086,1,1840,0.0
O002460,P080,2,660,0.0
O002460,P002,1,4330,0.0
O002461,P096,2,260,0.0
O002461,P055,1,210,0.1
O002462,P033,2,2190,0.0
O002463,P096,1,260,0.1
O002464,P054,1,480,0.0
O002464,P007,1,1390,0.0
O002465,P079,2,630,0.0
O002466,P053,1,310,0.0
O002466,P002,1,4330,0.1
O002467,P047,1,1740,0.0
O002468,P096,1,260,0.0
O002468,P020,1,1760,0.0
O002469,P028,1,430,0.1
O002470,P012,3,1160,0.0
O002470,P027,1,1330,0.3
O002470,P053,1,310,0.05
O002471,P047,1,1740,0.0
O002471,P003,1,8480,0.05
O002472,P080,1,660,0.0
O002473,P008,1,5930,0.0
O002473,P033,2,2190,0.0
O002474,P047,1,1740,0.1
O002474,P004,2,1090,0.1
O002475,P007,1,1390,0.05
O002476,P020,1,1760,0.0
O002476,P003,1,8480,0.0
O002477,P052,3,260,0.0
O002478,P080,1,660,0.2
O002479,P032,1,1590,0.3
O002479,P010,2,6950,0.1
O002479,P060,2,330,0.2
O002480,P047,1,1740,0.05
O002481,P012,1,1160,0.1
O002481,P088,1,2510,0.0
O002482,P031,2,700,0.0
O002483,P094,1,1100,0.05
O002484,P052,1,260,0.2
O002484,P003,1,8480,0.0
O002485,P080,1,660,0.0
O002486,P045,1,630,0.3
O002487,P043,1,1220,0.2
O002487,P012,2,1160,0.2
O002487,P033,1,2190,0.3
O002487,P028,1,430,0.0
O002488,P096,1,260,0.05
O002489,P016,1,650,0.1
O002490,P012,1,1160,0.0
O002491,P008,1,5930,0.0
O002492,P032,1,1590,0.0
O002493,P006,1,5860,0.05
O002493,P080,1,660,0.0
O002494,P074,1,890,0.0
O002494,P079,1,630,0.05
O002495,P002,1,4330,0.0
O002496,P012,1,1160,0.05
O002497,P023,3,2180,0.0
O002497,P079,1,630,0.2
O002498,P020,2,1760,0.0
O002498,P012,1,1160,0.05
O002499,P047,1,1740,0.0
O002499,P008,1,5930,0.3
O002500,P055,1,210,0.0
O002500,P051,1,700,0.2
O002500,P039,2,1980,0.1
O002501,P079,1,630,0.0
O002502,P047,1,1740,0.0
O002502,P079,1,630,0.05
O002503,P047,1,1740,0.1
O002503,P027,2,1330,0.05
O002504,P007,2,1390,0.0
O002504,P023,1,2180,0.3
O002505,P096,1,260,0.0
O002505,P007,2,1390,0.0
O002506,P002,1,4330,0.0
O002507,P003,1,8480,0.0
O002507,P028,1,430,0.1
O002508,P033,2,2190,0.05
O002509,P050,2,570,0.0
O002510,P080,1,660,0.2
O002511,P020,1,1760,0.0
O002511,P051,3,700,0.05
O002511,P007,1,1390,0.1
O002512,P046,3,860,0.1
O002512,P008,1,5930,0.1
O002513,P088,1,2510,0.3
O002514,P003,1,8480,0.0
O002515,P025,1,1700,0.05
O002516,P095,1,1840,0.0
O002516,P047,1,1740,0.05
O002517,P063,1,500,0.0
O002517,P092,2,1210,0.0
O002517,P008,3,5930,0.1
O002518,P070,1,800,0.3
O002519,P075,1,2130,0.3
O002520,P088,1,2510,0.05
O002520,P078,1,3260,0.3
O002521,P052,2,260,0.0
O002521,P043,2,1220,0.1
O002522,P057,3,360,0.0
O002523,P074,1,890,0.0
O002523,P037,1,470,0.0
O002524,P002,1,4330,0.05
O002525,P052,1,260,0.0
O002525,P074,2,890,0.05
O002525,P064,2,550,0.0
O002526,P076,3,2640,0.0
O002526,P040,1,430,0.05
O002526,P012,1,1160,0.1
O002526,P047,1,1740,0.05
O002527,P076,1,2640,0.0
O002528,P008,1,5930,0.3
O002529,P070,1,800,0.3
O002529,P052,1,260,0.1
O002530,P072,1,3800,0.0
O002531,P068,2,260,0.0
O002531,P003,3,8480,0.1
O002532,P080,1,660,0.1
O002532,P033,2,2190,0.3
O002532,P082,2,580,0.05
O002532,P047,1,1740,0.1
O002533,P003,1,8480,0.0
O002534,P096,1,260,0.3
O002535,P043,3,1220,0.0
O002535,P052,2,260,0.0
O002536,P071,1,450,0.0
O002536,P033,1,2190,0.05
O002537,P007,3,1390,0.0
O002538,P051,1,700,0.1
O002538,P082,2,580,0.05
O002539,P033,1,2190,0.05
O002540,P051,1,700,0.0
O002540,P086,1,1840,0.0
O002541,P055,1,210,0.05
O002542,P079,1,630,0.05
O002543,P021,1,620,0.2
O002544,P076,2,2640,0.0
O002544,P011,1,1280,0.1
O002545,P008,1,5930,0.05
O002545,P047,1,1740,0.0
O002545,P051,1,700,0.0
O002546,P079,1,630,0.0
O002547,P055,1,210,0.0
O002548,P039,1,1980,0.3
O002549,P054,3,480,0.2
O002549,P080,2,660,0.05
O002550,P084,1,540,0.0
O002551,P069,1,250,0.3
O002552,P012,1,1160,0.3
O002553,P033,1,2190,0.3
O002553,P088,1,2510,0.3
O002553,P047,2,1740,0.0
O002554,P096,2,260,0.3
O002554,P051,1,700,0.1
O002555,P003,1,8480,0.3
O002556,P054,3,480,0.0
O002556,P008,1,5930,0.0
O002557,P033,1,2190,0.0
O002557,P047,2,1740,0.0
O002558,P071,2,450,0.3
O002559,P051,1,700,0.0
O002559,P079,1,630,0.0
O002560,P045,1,630,0.0
O002560,P096,1,260,0.0
O002561,P006,1,5860,0.0
O002562,P008,1,5930,0.0
O002563,P047,2,1740,0.05
O002564,P030,2,600,0.0
O002565,P054,2,480,0.0
O002566,P030,3,600,0.0
O002566,P008,1,5930,0.3
O002567,P061,2,660,0.0
O002567,P074,1,890,0.1
O002568,P052,1,260,0.1
O002568,P054,1,480,0.0
O002568,P006,1,5860,0.3
O002569,P080,2,660,0.0
O002569,P020,1,1760,0.05
O002570,P052,1,260,0.05
O002570,P053,3,310,0.0
O002571,P052,1,260,0.2
O002571,P022,1,1690,0.0
O002572,P088,2,2510,0.0
O002573,P049,1,870,0.1
O002573,P052,1,260,0.0
O002574,P003,1,8480,0.1
O002575,P011,1,1280,0.0
O002576,P061,2,660,0.1
O002577,P080,2,660,0.3
O002577,P063,1,500,0.0
O002578,P065,2,180,0.3
O002579,P005,1,1960,
O002579,P047,3,1740,0.2
O002579,P052,1,260,0.0
O002580,P065,1,180,0.0
O002580,P080,1,660,0.05
O002581,P087,1,1570,0.0
O002581,P033,2,2190,0.0
O002582,P001,1,5210,0.0
O002583,P027,3,1330,0.2
O002584,P002,1,4330,0.3
O002585,P033,1,2190,0.1
O002586,P079,1,630,0.0
O002586,P052,1,260,0.1
O002587,P012,1,1160,0.0
O002588,P056,1,1440,0.2
O002588,P050,1,570,0.1
O002588,P051,1,700,0.0
O002589,P098,2,930,0.0
O002589,P022,1,1690,0.0
O002589,P072,2,3800,0.0
O002590,P042,2,5470,0.0
O002591,P001,1,5210,0.1
O002591,P090,3,2690,0.3
O002592,P033,1,2190,0.0
O002593,P007,1,1390,0.0
O002594,P052,1,260,0.3
O002595,P033,1,2190,0.2
O002596,P053,2,310,0.2
O002596,P080,1,660,0.0
O002597,P020,1,1760,0.1
O002598,P052,2,260,0.0
O002599,P071,1,450,0.05
O002599,P033,1,2190,0.0
O002600,P080,1,660,0.0
O002601,P079,1,630,0.05
O002602,P070,1,800,0.2
O002603,P007,1,1390,0.0
O002604,P088,2,2510,0.2
O002605,P051,2,700,0.2
O002605,P043,1,1220,0.05
O002606,P059,1,240,0.05
O002606,P042,2,5470,0.2
O002607,P052,1,260,0.2
O002607,P030,1,600,0.1
O002608,P002,1,4330,0.0
O002609,P081,1,2850,0.0
O002610,P033,3,2190,0.05
O002611,P011,2,1280,0.3
O002611,P029,1,570,0.0
O002612,P040,1,430,0.1
O002612,P020,1,1760,0.0
O002613,P047,1,1740,0.05
O002614,P096,1,260,0.0
O002615,P012,2,1160,0.0
O002615,P075,1,2130,0.2
O002616,P077,2,4260,0.1
O002617,P047,1,1740,0.0
O002617,P051,3,700,0.0
O002618,P020,1,1760,0.1
O002619,P096,2,260,0.0
O002619,P038,3,940,0.0
O002620,P008,1,5930,0.1
O002621,P052,2,260,0.0
O002621,P020,1,1760,0.0
O002622,P030,1,600,0.0
O002623,P080,1,660,0.1
O002623,P074,3,890,0.1
O002624,P051,1,700,0.2
O002625,P074,1,890,0.3
O002625,P002,3,4330,0.05
O002626,P056,1,1440,0.0
O002627,P080,1,660,0.3
O002628,P080,1,660,0.1
O002628,P054,1,480,0.0
O002629,P080,1,660,0.0
O002630,P002,2,4330,0.1
O002631,P019,2,2290,0.3
O002632,P007,1,1390,0.0
O002632,P079,1,630,0.05
O002633,P007,1,1390,0.0
O002633,P015,1,600,0.0
O002634,P008,1,5930,0.0
O002635,P051,1,700,0.0
O002635,P038,1,940,0.1
O002635,P054,2,480,0.1
O002636,P092,2,1210,0.0
O002636,P047,1,1740,0.2
O002636,P008,1,5930,0.05
O002637,P033,1,2190,0.05
O002638,P079,1,630,0.05
O002638,P096,1,260,0.0
O002639,P051,1,700,0.3
O002639,P080,1,660,0.0
O002640,P051,1,700,0.05
O002640,P080,2,660,0.2
O002641,P079,2,630,0.3
O002642,P007,1,1390,0.2
O002642,P003,1,8480,0.0
O002643,P079,1,630,0.0
O002644,P073,3,3790,0.0
O002644,P094,1,1100,0.05
O002645,P079,1,630,0.1
O002646,P015,1,600,0.0
O002646,P076,1,2640,0.1
O002647,P096,1,260,0.0
O002648,P057,2,360,0.0
O002649,P033,1,2190,0.2
O002649,P011,1,1280,0.0
O002649,P098,1,930,0.2
O002650,P030,1,600,0.0
O002650,P039,1,1980,0.05
O002651,P051,1,700,0.3
O002652,P096,3,260,0.3
O002652,P051,1,700,0.05
O002653,P043,1,1220,
O002654,P049,2,870,0.05
O002655,P047,1,1740,0.0
O002656,P025,1,1700,0.0
O002657,P008,1,5930,0.2
O002658,P072,2,3800,0.1
O002659,P008,3,5930,0.05
O002659,P042,1,5470,0.0
O002660,P051,1,700,0.3
O002661,P020,3,1760,0.0
O002661,P047,1,1740,0.0
O002661,P028,1,430,0.0
O002662,P082,1,580,0.0
O002662,P001,1,5210,0.0
O002663,P079,1,630,0.05
O002664,P088,1,2510,0.0
O002665,P007,1,1390,0.0
O002665,P079,1,630,0.0
O002665,P010,2,6950,0.2
O002666,P031,2,700,0.2
O002666,P022,1,1690,0.0
O002667,P098,1,930,0.0
O002668,P043,1,1220,0.0
O002669,P028,1,430,0.0
O002669,P008,1,5930,0.0
O002670,P033,2,2190,0.1
O002670,P052,1,260,0.3
O002670,P008,1,5930,0.0
O002671,P002,1,4330,0.1
O002672,P022,1,1690,0.05
O002672,P098,1,930,0.0
O002673,P011,2,1280,0.0
O002673,P020,1,1760,0.0
O002674,P028,1,430,0.0
O002674,P020,1,1760,0.0
O002675,P060,1,330,0.0
O002676,P008,1,5930,0.05
O002677,P070,2,800,0.1
O002678,P052,1,260,0.0
O002678,P051,3,700,0.2
O002679,P060,1,330,0.05
O002679,P081,1,2850,0.0
O002679,P028,2,430,0.0
O002680,P060,1,330,0.0
O002680,P047,1,1740,0.0
O002681,P096,1,260,0.1
O002681,P002,1,4330,0.0
O002682,P020,1,1760,0.0
O002682,P003,1,8480,0.0
O002683,P079,1,630,0.0
O002683,P041,3,4560,0.3
O002683,P047,1,1740,0.0
O002684,P055,1,210,0.0
O002685,P088,2,2510,0.2
O002686,P082,1,580,0.0
O002687,P088,1,2510,0.1
O002688,P047,1,1740,0.0
O002689,P080,2,660,0.0
O002690,P082,3,580,0.0
O002691,P055,1,210,0.2
O002692,P054,1,480,0.05
O002692,P088,1,2510,0.0
O002693,P079,1,630,0.0
O002693,P081,1,2850,0.0
O002694,P053,1,310,0.2
O002695,P020,1,1760,0.0
O002696,P048,1,600,0.0
O002697,P094,1,1100,0.1
O002697,P052,1,260,0.0
O002698,P066,1,160,0.0
O002699,P088,2,2510,0.0
O002700,P020,1,1760,0.05
O002701,P047,1,1740,0.0
O002702,P012,1,1160,0.0
O002703,P088,1,2510,0.3
O002703,P033,2,2190,0.0
O002703,P047,1,1740,0.05
O002704,P030,1,600,0.1
O002705,P007,3,1390,0.05
O002706,P088,3,2510,0.0
O002706,P075,2,2130,0.1
O002707,P020,1,1760,0.0
O002708,P030,1,600,0.05
O002709,P096,2,260,0.0
O002710,P069,2,250,0.1
O002711,P012,1,1160,0.0
O002712,P010,1,6950,0.0
O002713,P007,1,1390,0.0
O002713,P092,1,1210,0.0
O002713,P052,1,260,0.1
O002714,P088,1,2510,
O002714,P033,1,2190,0.0
O002715,P090,1,2690,0.1
O002715,P034,1,490,0.05
O002715,P047,1,1740,0.2
O002716,P047,2,1740,0.0
O002716,P063,2,500,0.2
O002716,P009,1,5010,0.0
O002717,P007,1,1390,0.05
O002718,P047,1,1740,0.0
O002719,P076,3,2640,0.0
O002720,P096,1,260,0.0
O002721,P042,1,5470,0.0
O002722,P054,3,480,0.0
O002723,P096,2,260,0.0
O002723,P079,1,630,0.0
O002724,P007,1,1390,0.1
O002725,P079,2,630,0.2
O002726,P019,2,2290,0.0
O002726,P080,1,660,0.0
O002727,P002,3,4330,0.1
O002727,P047,1,1740,0.3
O002728,P010,1,6950,0.0
O002728,P066,1,160,0.0
O002728,P009,1,5010,0.0
O002729,P047,2,1740,0.0
O002729,P052,1,260,0.0
O002730,P028,1,430,0.2
O002731,P076,1,2640,0.2
O002732,P012,1,1160,0.05
O002732,P054,1,480,0.0
O002732,P020,1,1760,0.0
O002733,P084,1,540,0.2
O002734,P052,1,260,0.0
O002735,P018,2,790,0.05
O002735,P080,2,660,0.05
O002736,P033,2,2190,0.2
O002736,P074,1,890,0.1
O002737,P020,1,1760,0.0
O002738,P001,2,5210,0.0
O002738,P052,1,260,0.1
O002739,P022,1,1690,0.0
O002740,P055,1,210,0.05
O002741,P086,2,1840,0.0
O002741,P006,1,5860,0.05
O002742,P052,1,260,0.1
O002743,P074,1,890,0.05
O002744,P030,1,600,0.2
O002745,P022,2,1690,0.1
O002745,P098,1,930,0.0
O002745,P053,2,310,0.0
O002746,P008,1,5930,0.05
O002746,P043,1,1220,0.1
O002747,P039,1,1980,0.0
O002748,P074,2,890,0.0
O002749,P096,1,260,0.0
O002749,P020,1,1760,0.0
O002750,P047,1,1740,0.0
O002751,P020,1,1760,0.05
O002751,P079,1,630,0.2
O002752,P047,1,1740,0.1
O002752,P006,1,5860,0.1
O002753,P096,1,260,0.0
O002754,P004,1,1090,0.2
O002754,P024,1,540,0.1
O002755,P048,1,600,0.0
O002755,P054,2,480,0.0
O002756,P079,1,630,0.3
O002756,P006,1,5860,0.3
O002757,P006,1,5860,0.0
O002758,P063,1,500,0.3
O002759,P075,1,2130,0.05
O002760,P007,1,1390,0.3
O002761,P012,1,1160,0.0
O002761,P080,3,660,
O002762,P047,1,1740,0.0
O002762,P022,1,1690,0.0
O002763,P083,1,710,0.05
O002764,P052,2,260,0.2
O002764,P004,2,1090,0.05
O002765,P033,1,2190,0.3
O002766,P042,1,5470,0.2
O002767,P051,1,700,0.05
O002768,P047,1,1740,0.0
O002769,P096,1,260,0.0
O002770,P006,2,5860,0.0
O002770,P013,1,4850,0.2
O002771,P054,1,480,0.0
O002771,P023,3,2180,0.05
O002772,P030,1,600,0.0
O002773,P081,1,2850,0.3
O002773,P084,1,540,0.0
O002774,P018,1,790,0.2
O002775,P052,1,260,0.0
O002775,P096,2,260,0.1
O002775,P079,1,630,0.2
O002776,P021,1,620,0.0
O002776,P096,3,260,0.05
O002777,P079,1,630,0.2
O002777,P096,1,260,0.0
O002778,P074,2,890,0.0
O002779,P070,1,800,0.2
O002780,P076,1,2640,0.3
O002780,P015,1,600,0.2
O002781,P028,1,430,0.1
O002782,P034,1,490,0.3
O002782,P001,3,5210,0.1
O002783,P051,1,700,0.0
O002784,P008,1,5930,0.0
O002785,P020,1,1760,0.05
O002785,P033,2,2190,0.05
O002786,P088,1,2510,0.0
O002787,P054,2,480,0.0
O002787,P018,1,790,0.3
O002788,P047,1,1740,0.1
O002789,P086,2,1840,0.0
O002789,P003,1,8480,0.0
O002790,P007,1,1390,0.0
O002791,P043,3,1220,0.0
O002792,P043,1,1220,0.0
O002792,P002,1,4330,0.05
O002793,P080,1,660,0.3
O002793,P004,1,1090,0.0
O002794,P020,1,1760,0.0
O002794,P096,1,260,0.0
O002795,P052,1,260,0.2
O002796,P046,1,860,0.0
O002797,P096,1,260,0.05
O002798,P096,2,260,0.0
O002798,P052,3,260,0.1
O002798,P020,1,1760,0.1
O002799,P096,2,260,0.0
O002799,P052,1,260,0.2
O002800,P040,1,430,0.0
O002801,P069,1,250,0.0
O002802,P047,1,1740,0.0
O002803,P072,1,3800,0.3
O002804,P072,1,3800,0.0
O002804,P085,1,1400,0.3
O002805,P047,1,1740,0.0
O002806,P008,1,5930,0.0
O002806,P096,1,260,0.0
O002807,P047,1,1740,0.0
O002807,P096,1,260,0.05
O002807,P033,1,2190,0.2
O002807,P031,2,700,0.0
O002808,P088,1,2510,0.0
O002809,P002,1,4330,0.0
O002810,P028,3,430,0.0
O002811,P008,1,5930,0.05
O002812,P047,1,1740,0.05
O002813,P053,1,310,0.1
O002813,P082,1,580,0.0
O002814,P036,2,490,0.0
O002815,P096,1,260,0.0
O002816,P047,2,1740,0.05
O002817,P079,1,630,0.0
O002817,P020,1,1760,0.05
O002818,P033,1,2190,0.0
O002818,P053,1,310,0.0
O002819,P020,1,1760,0.05
O002819,P098,1,930,0.05
O002819,P096,1,260,0.1
O002820,P096,1,260,0.05
O002821,P054,1,480,0.0
O002822,P079,1,630,0.05
O002822,P033,1,2190,0.1
O002823,P008,1,5930,0.0
O002824,P008,1,5930,0.0
O002825,P002,1,4330,0.1
O002825,P033,1,2190,0.05
O002826,P012,1,1160,0.0
O002826,P079,1,630,0.0
O002827,P096,1,260,0.2
O002828,P041,3,4560,0.1
O002828,P052,1,260,0.05
O002829,P072,1,3800,0.1
O002829,P002,3,4330,0.1
O002830,P052,2,260,0.0
O002830,P048,1,600,0.2
O002831,P043,1,1220,0.2
O002831,P055,1,210,0.0
O002832,P003,2,8480,0.0
O002832,P094,1,1100,0.1
O002833,P079,3,630,0.1
O002834,P029,1,570,0.2
O002834,P044,3,260,0.05
O002835,P077,1,4260,0.2
O002835,P020,1,1760,0.0
O002835,P045,1,630,0.0
O002836,P020,1,1760,0.0
O002836,P073,2,3790,0.0
O002836,P009,1,5010,0.3
O002837,P012,1,1160,0.0
O002837,P077,1,4260,0.0
O002837,P045,1,630,0.0
O002838,P012,1,1160,0.0
O002838,P002,1,4330,0.0
O002839,P008,1,5930,0.0
O002839,P096,1,260,0.05
O002840,P074,2,890,0.3
O002841,P096,1,260,0.0
O002842,P040,1,430,0.0
O002843,P051,1,700,0.0
O002843,P033,1,2190,0.3
O002844,P047,3,1740,0.0
O002845,P079,1,630,0.3
O002845,P047,1,1740,0.2
O002846,P003,1,8480,0.0
O002846,P096,1,260,0.2
O002847,P052,1,260,0.0
O002848,P030,1,600,0.0
O002849,P020,1,1760,0.05
O002850,P079,2,630,0.0
O002850,P028,1,430,0.05
O002850,P096,1,260,0.2
O002851,P022,1,1690,0.0
O002852,P064,1,550,0.0
O002853,P054,1,480,0.05
O002854,P052,1,260,0.0
O002854,P082,1,580,0.05
O002855,P052,1,260,0.1
O002856,P096,1,260,0.0
O002857,P079,1,630,0.0
O002857,P092,3,1210,0.0
O002857,P031,1,700,0.05
O002858,P080,3,660,0.0
O002859,P057,1,360,0.0
O002859,P012,1,1160,0.0
O002859,P092,1,1210,0.0
O002859,P033,1,2190,0.0
O002860,P051,1,700,0.0
O002860,P050,1,570,0.0
O002861,P079,1,630,0.2
O002861,P029,2,570,0.0
O002862,P002,1,4330,0.0
O002863,P008,3,5930,0.0
O002863,P051,1,700,0.0
O002864,P032,1,1590,0.0
O002865,P046,2,860,0.1
O002865,P043,1,1220,0.2
O002866,P051,1,700,0.0
O002867,P050,1,570,0.0
O002867,P020,1,1760,0.0
O002868,P010,1,6950,0.0
O002869,P013,1,4850,0.0
O002869,P063,1,500,0.2
O002869,P080,1,660,0.0
O002869,P052,1,260,0.0
O002870,P004,1,1090,0.0
O002871,P094,1,1100,0.0
O002872,P004,1,1090,0.1
O002873,P033,2,2190,0.0
O002873,P047,1,1740,0.05
O002874,P079,2,630,0.0
O002875,P020,1,1760,0.0
O002875,P002,1,4330,0.0
O002876,P052,1,260,0.1
O002876,P029,1,570,0.05
O002877,P022,1,1690,0.05
O002878,P008,3,5930,0.05
O002879,P096,1,260,0.0
O002879,P094,1,1100,0.0
O002880,P032,1,1590,0.05
O002880,P029,2,570,0.05
O002881,P087,1,1570,0.0
O002881,P050,1,570,0.0
O002881,P016,1,650,0.0
O002882,P052,1,260,0.05
O002883,P063,1,500,0.0
O002884,P046,1,860,0.05
O002885,P063,1,500,0.05
O002885,P072,1,3800,0.0
O002885,P045,1,630,0.0
O002886,P065,1,180,0.0
O002887,P002,3,4330,0.0
O002888,P054,1,480,0.1
O002888,P082,1,580,0.0
O002889,P033,2,2190,0.0
O002890,P053,2,310,0.1
O002890,P043,2,1220,0.0
O002890,P008,2,5930,0.0
O002891,P056,1,1440,0.1
O002891,P028,1,430,0.0
O002892,P088,1,2510,0.1
O002892,P005,1,1960,0.0
O002893,P033,2,2190,0.0
O002893,P017,1,1030,0.0
O002894,P078,2,3260,0.1
O002895,P051,1,700,0.1
O002896,P074,2,890,0.05
O002897,P071,1,450,0.0
O002897,P055,1,210,0.0
O002897,P096,2,260,0.0
O002898,P047,2,1740,0.3
O002898,P079,1,630,0.3
O002898,P094,1,1100,
O002898,P050,1,570,0.05
O002899,P008,3,5930,0.0
O002900,P073,1,3790,0.3
O002901,P052,1,260,0.1
O002902,P052,1,260,0.0
O002902,P077,1,4260,0.05
O002903,P096,1,260,0.2
O002904,P045,2,630,0.3
O002904,P003,1,8480,0.0
O002905,P059,1,240,0.2
O002905,P050,1,570,0.0
O002906,P096,1,260,0.0
O002907,P055,1,210,0.0
O002907,P054,1,480,0.05
O002907,P020,1,1760,0.1
O002908,P052,1,260,0.0
O002909,P010,1,6950,0.0
O002910,P020,1,1760,0.2
O002911,P039,2,1980,0.0
O002911,P050,1,570,0.0
O002911,P011,1,1280,0.0
O002912,P043,1,1220,0.0
O002912,P045,2,630,0.05
O002912,P002,1,4330,0.1
O002912,P049,1,870,0.0
O002913,P017,1,1030,0.3
O002914,P028,1,430,0.0
O002915,P052,1,260,0.0
O002915,P022,2,1690,0.2
O002916,P037,2,470,0.0
O002917,P022,3,1690,0.0
O002918,P056,1,1440,0.05
O002918,P033,2,2190,0.2
O002919,P020,1,1760,0.3
O002920,P050,1,570,0.1
O002920,P020,1,1760,0.0
O002920,P043,2,1220,0.0
O002921,P011,2,1280,0.0
O002922,P008,1,5930,0.0
O002923,P052,1,260,0.0
O002924,P064,2,550,0.1
O002925,P096,1,260,0.05
O002926,P079,1,630,0.3
O002927,P049,1,870,0.0
O002927,P020,1,1760,0.0
O002928,P020,1,1760,0.1
O002929,P096,1,260,0.05
O002929,P085,3,1400,0.0
O002929,P002,2,4330,0.2
O002930,P028,1,430,0.0
O002931,P096,2,260,0.0
O002932,P008,2,5930,0.0
O002933,P052,3,260,0.05
O002934,P018,1,790,0.3
O002935,P037,1,470,0.0
O002936,P075,1,2130,0.0
O002937,P036,1,490,0.1
O002938,P011,2,1280,0.0
O002939,P002,2,4330,0.0
O002940,P024,1,540,0.0
O002941,P006,1,5860,0.2
O002941,P012,1,1160,0.0
O002941,P051,1,700,0.2
O002942,P079,1,630,0.0
O002943,P011,3,1280,0.0
O002944,P026,1,2100,0.0
O002944,P028,2,430,0.1
O002945,P047,3,1740,0.1
O002946,P047,1,1740,0.0
O002946,P020,1,1760,0.0
O002947,P096,1,260,0.1
O002948,P044,1,260,0.0
O002949,P042,3,5470,0.05
O002949,P045,1,630,0.2
O002949,P096,1,260,0.0
O002949,P052,3,260,
O002950,P084,1,540,0.0
O002951,P033,1,2190,0.0
O002952,P052,1,260,0.0
O002953,P020,1,1760,0.1
O002953,P008,1,5930,0.05
O002954,P059,2,240,0.05
O002955,P007,1,1390,0.0
O002955,P045,1,630,0.0
O002956,P079,1,630,0.2
O002956,P047,2,1740,0.05
O002957,P012,2,1160,0.1
O002958,P072,1,3800,0.0
O002959,P062,1,400,0.0
O002959,P014,1,1960,0.05
O002959,P032,1,1590,0.05
O002960,P044,1,260,0.1
O002961,P079,3,630,0.0
O002962,P028,2,430,0.0
O002963,P079,1,630,0.05
O002964,P088,1,2510,0.0
O002964,P054,1,480,0.0
O002965,P052,1,260,0.3
O002966,P076,2,2640,0.0
O002967,P077,1,4260,0.0
O002967,P052,3,260,0.0
O002968,P033,1,2190,0.0
O002969,P055,1,210,0.0
O002970,P031,2,700,0.0
O002971,P085,1,1400,0.0
O002971,P003,1,8480,0.05
O002972,P083,1,710,0.0
O002972,P092,1,1210,0.1
O002972,P020,1,1760,0.1
O002973,P096,1,260,0.0
O002973,P080,1,660,0.2
O002974,P096,1,260,0.05
O002974,P079,1,630,0.2
O002975,P079,1,630,0.1
O002975,P053,3,310,0.0
O002976,P055,1,210,0.1
O002977,P045,3,630,0.0
O002978,P052,1,260,0.1
O002979,P033,2,2190,0.2
O002980,P081,2,2850,0.0
O002980,P028,1,430,0.1
O002981,P096,1,260,0.05
O002981,P008,2,5930,0.0
O002982,P017,1,1030,0.05
O002983,P022,1,1690,0.0
O002983,P079,1,630,0.0
O002984,P049,1,870,0.0
O002984,P033,1,2190,0.05
O002985,P064,1,550,0.0
O002986,P008,1,5930,0.3
O002986,P069,1,250,0.0
O002986,P022,1,1690,0.2
O002987,P065,1,180,0.0
O002988,P040,1,430,0.0
O002989,P096,1,260,0.0
O002989,P051,1,700,0.3
O002989,P038,1,940,0.2
O002990,P092,1,1210,0.2
O002990,P008,1,5930,0.05
O002991,P015,3,600,0.05
O002992,P078,1,3260,0.1
O002993,P023,1,2180,0.0
O002994,P096,1,260,0.05
O002995,P033,3,2190,0.3
O002996,P094,2,1100,0.2
O002996,P045,1,630,0.0
O002996,P042,1,5470,0.0
O002997,P020,2,1760,0.0
O002997,P053,1,310,0.05
O002998,P024,1,540,0.3
O002999,P009,1,5010,0.0
O003000,P079,1,630,0.0
O003000,P033,1,2190,0.0
O003001,P022,1,1690,0.05
O003001,P096,1,260,0.3
O003002,P053,1,310,0.3
O003003,P040,1,430,0.0
O003003,P052,1,260,0.0
O003004,P075,1,2130,0.2
O003005,P080,1,660,0.05
O003005,P070,2,800,0.0
O003006,P007,1,1390,0.0
O003007,P008,1,5930,0.1
O003008,P020,2,1760,0.05
O003009,P047,1,1740,0.0
O003009,P052,1,260,0.0
O003010,P055,2,210,0.05
O003010,P094,1,1100,0.05
O003011,P028,1,430,0.3
O003012,P002,1,4330,0.3
O003012,P096,2,260,0.2
O003012,P020,1,1760,0.0
O003013,P088,1,2510,0.3
O003014,P096,1,260,0.05
O003014,P092,2,1210,0.0
O003014,P038,1,940,0.05
O003015,P053,1,310,0.0
O003015,P059,1,240,0.05
O003016,P051,1,700,0.0
O003017,P052,1,260,0.2
O003018,P082,2,580,0.1
O003018,P033,1,2190,0.2
O003019,P047,3,1740,0.2
O003020,P055,1,210,
O003021,P015,1,600,0.05
O003021,P002,2,4330,0.0
O003022,P051,1,700,0.0
O003023,P007,2,1390,0.05
O003024,P075,2,2130,0.0
O003025,P076,1,2640,0.05
O003026,P047,1,1740,0.3
O003027,P051,1,700,0.05
O003027,P020,1,1760,0.0
O003028,P051,1,700,0.0
O003029,P028,1,430,0.3
O003029,P020,1,1760,0.0
O003030,P031,1,700,0.2
O003030,P079,1,630,0.1
O003031,P028,1,430,0.05
O003032,P063,1,500,0.05
O003033,P018,1,790,0.3
O003034,P084,1,540,0.0
O003034,P096,1,260,0.1
O003034,P083,1,710,0.0
O003035,P033,1,2190,0.05
O003036,P003,1,8480,0.3
O003037,P058,1,420,0.0
O003038,P082,1,580,0.2
O003038,P047,1,1740,0.0
O003039,P060,1,330,0.3
O003039,P096,1,260,0.0
O003040,P033,2,2190,0.0
O003041,P064,1,550,0.2
O003042,P028,2,430,0.0
O003042,P076,1,2640,0.1
O003042,P012,1,1160,0.2
O003042,P032,1,1590,0.0
O003042,P037,1,470,0.0
O003043,P033,1,2190,0.0
O003043,P012,2,1160,0.0
O003043,P092,1,1210,0.2
O003044,P028,1,430,0.3
O003045,P012,1,1160,0.05
O003045,P065,3,180,0.0
O003046,P069,1,250,0.0
O003047,P042,1,5470,0.3
O003048,P081,2,2850,0.0
O003048,P032,1,1590,0.0
O003048,P017,1,1030,0.05
O003049,P037,1,470,0.2
O003050,P088,1,2510,0.0
O003051,P008,1,5930,0.0
O003052,P010,1,6950,0.0
O003052,P008,2,5930,0.0
O003053,P079,1,630,0.2
O003054,P092,1,1210,0.0
O003055,P028,1,430,0.0
O003056,P043,3,1220,0.0
O003056,P048,1,600,0.0
O003056,P012,3,1160,0.2
O003057,P055,1,210,0.0
O003057,P096,1,260,0.0
O003058,P022,1,1690,0.0
O003058,P097,1,1960,0.0
O003059,P002,1,4330,0.0
O003059,P081,3,2850,0.0
O003059,P031,1,700,0.2
O003060,P067,2,290,0.0
O003061,P024,3,540,0.1
O003061,P075,1,2130,0.0
O003061,P052,1,260,0.1
O003062,P012,2,1160,0.0
O003063,P082,2,580,0.1
O003063,P096,2,260,0.2
O003064,P088,1,2510,0.3
O003065,P098,1,930,0.3
O003065,P087,1,1570,0.2
O003066,P096,1,260,0.05
O003066,P043,1,1220,0.3
O003067,P051,1,700,0.0
O003068,P040,1,430,0.1
O003069,P052,1,260,0.1
O003069,P026,1,2100,0.0
O003070,P084,1,540,0.3
O003071,P052,2,260,0.05
O003071,P020,1,1760,0.0
O003072,P053,2,310,0.0
O003073,P001,1,5210,0.1
O003074,P028,1,430,0.05
O003075,P019,3,2290,0.0
O003075,P005,3,1960,0.0
O003075,P084,1,540,0.2
O003076,P040,2,430,0.0
O003076,P051,1,700,0.0
O003077,P028,1,430,0.1
O003077,P056,1,1440,0.0
O003077,P072,1,3800,0.2
O003078,P047,1,1740,0.05
O003079,P007,1,1390,0.1
O003079,P047,1,1740,0.1
O003079,P008,2,5930,0.0
O003080,P012,2,1160,0.0
O003081,P016,1,650,0.0
O003082,P020,1,1760,0.05
O003083,P077,1,4260,0.1
O003084,P052,1,260,0.1
O003085,P008,2,5930,0.0
O003085,P051,1,700,0.05
O003086,P022,1,1690,0.05
O003087,P031,1,700,0.0
O003087,P033,3,2190,0.0
O003088,P008,1,5930,0.0
O003088,P079,1,630,0.1
O003089,P029,2,570,0.2
O003089,P080,1,660,0.2
O003090,P003,1,8480,0.0
O003091,P074,1,890,0.0
O003092,P031,1,700,0.05
O003092,P002,2,4330,0.0
O003092,P034,1,490,0.05
O003093,P043,1,1220,0.05
O003093,P026,1,2100,0.0
O003093,P092,1,1210,0.0
O003094,P079,1,630,0.0
O003094,P096,1,260,0.3
O003094,P052,1,260,0.05
O003095,P076,1,2640,0.2
O003096,P072,1,3800,0.0
O003097,P080,3,660,0.05
O003098,P062,1,400,0.0
O003098,P096,1,260,0.0
O003099,P001,3,5210,0.05
O003100,P052,1,260,0.3
O003101,P080,1,660,0.05
O003102,P079,1,630,0.3
O003103,P027,1,1330,0.0
O003104,P074,1,890,0.0
O003104,P033,2,2190,0.0
O003105,P012,1,1160,0.2
O003106,P054,1,480,0.0
O003107,P088,1,2510,0.0
O003108,P043,2,1220,0.0
O003108,P007,2,1390,0.0
O003109,P064,1,550,0.2
O003110,P020,1,1760,0.0
O003111,P020,2,1760,0.05
O003112,P054,3,480,0.0
O003113,P002,1,4330,0.3
O003114,P086,1,1840,0.0
O003114,P080,3,660,0.0
O003114,P052,1,260,0.1
O003115,P080,1,660,0.0
O003116,P002,1,4330,0.05
O003117,P076,1,2640,0.05
O003118,P002,1,4330,0.05
O003118,P055,1,210,0.3
O003119,P037,1,470,0.0
O003119,P033,2,2190,0.0
O003120,P007,1,1390,0.0
O003120,P096,1,260,0.1
O003121,P096,1,260,0.1
O003122,P015,3,600,0.0
O003122,P008,1,5930,0.1
O003123,P008,1,5930,0.0
O003123,P028,3,430,0.1
O003123,P006,1,5860,0.0
O003124,P055,1,210,0.0
O003125,P051,1,700,0.0
O003126,P063,1,500,0.1
O003127,P033,1,2190,0.1
O003127,P055,2,210,0.0
O003128,P020,1,1760,0.0
O003129,P043,3,1220,0.0
O003129,P055,1,210,0.05
O003130,P096,2,260,0.1
O003130,P020,1,1760,0.1
O003130,P002,1,4330,0.3
O003131,P033,1,2190,0.05
O003132,P081,1,2850,0.05
O003133,P007,1,1390,0.05
O003133,P088,2,2510,0.3
O003134,P045,1,630,0.0
O003134,P052,2,260,0.0
O003135,P008,3,5930,0.05
O003136,P096,1,260,0.0
O003136,P042,1,5470,0.0
O003137,P008,1,5930,0.0
O003138,P054,1,480,0.3
O003138,P052,1,260,0.0
O003139,P096,1,260,0.1
O003139,P040,1,430,0.05
O003140,P052,1,260,0.05
O003140,P054,1,480,0.1
O003141,P028,1,430,0.0
O003141,P008,1,5930,0.1
O003142,P052,1,260,0.0
O003143,P080,1,660,0.0
O003144,P090,1,2690,0.1
O003145,P007,1,1390,0.1
O003145,P079,1,630,0.1
O003146,P088,1,2510,0.1
O003146,P033,1,2190,0.3
O003147,P056,2,1440,0.0
O003148,P055,1,210,0.05
O003149,P048,1,600,0.3
O003149,P071,1,450,0.0
O003150,P079,1,630,0.2
O003151,P074,1,890,0.0
O003151,P008,1,5930,0.2
O003152,P009,2,5010,0.0
O003153,P003,1,8480,0.2
O003153,P038,1,940,0.0
O003153,P020,1,1760,0.0
O003154,P050,1,570,0.3
O003154,P079,1,630,0.0
O003155,P076,2,2640,0.3
O003156,P008,2,5930,0.3
O003157,P079,2,630,0.0
O003158,P092,1,1210,0.0
O003158,P020,2,1760,0.0
O003159,P052,2,260,0.0
O003160,P090,3,2690,0.0
O003161,P056,2,1440,0.0
O003161,P006,1,5860,0.0
O003162,P020,2,1760,0.1
O003162,P078,1,3260,0.05
O003163,P052,2,260,0.0
O003163,P034,1,490,0.3
O003164,P026,1,2100,
O003165,P096,3,260,0.0
O003166,P096,1,260,0.0
O003167,P021,1,620,0.0
O003167,P079,1,630,0.0
O003168,P079,2,630,0.0
O003169,P019,1,2290,0.1
O003169,P083,1,710,0.0
O003170,P021,1,620,0.05
O003171,P030,3,600,0.0
O003171,P033,3,2190,0.05
O003172,P016,2,650,0.0
O003173,P055,1,210,0.05
O003174,P003,3,8480,0.2
O003174,P078,1,3260,0.0
O003175,P004,3,1090,0.0
O003175,P052,1,260,0.2
O003176,P096,1,260,0.0
O003177,P002,1,4330,0.2
O003177,P080,1,660,0.0
O003177,P012,1,1160,0.0
O003178,P033,1,2190,0.3
O003178,P044,2,260,0.0
O003178,P020,1,1760,0.0
O003179,P008,2,5930,0.1
O003180,P086,1,1840,0.05
O003180,P043,1,1220,0.3
O003181,P007,1,1390,0.1
O003181,P039,1,1980,0.0
O003182,P007,1,1390,0.05
O003182,P003,1,8480,0.0
O003182,P062,3,400,0.0
O003183,P072,3,3800,0.05
O003184,P077,1,4260,0.3
O003184,P080,1,660,0.0
O003185,P096,1,260,0.3
O003186,P028,1,430,0.2
O003186,P008,3,5930,0.0
O003187,P057,1,360,0.05
O003188,P033,2,2190,0.1
O003189,P088,3,2510,0.2
O003190,P083,1,710,0.05
O003190,P033,1,2190,0.0
O003190,P008,1,5930,0.05
O003191,P029,1,570,0.0
O003192,P085,1,1400,0.0
O003193,P040,3,430,0.2
O003193,P092,1,1210,0.2
O003194,P020,1,1760,0.0
O003194,P039,1,1980,0.2
O003195,P020,1,1760,0.0
O003195,P012,2,1160,0.0
O003196,P008,2,5930,0.1
O003196,P079,1,630,0.1
O003197,P080,1,660,0.05
O003197,P010,1,6950,0.1
O003198,P096,2,260,0.05
O003198,P049,1,870,
O003199,P008,1,5930,0.05
O003199,P052,2,260,0.0
O003199,P058,1,420,0.05
O003200,P080,1,660,0.0
O003201,P033,2,2190,0.0
O003202,P060,1,330,0.05
O003203,P018,1,790,0.0
O003203,P007,1,1390,0.1
O003203,P033,2,2190,0.05
O003204,P001,1,5210,0.05
O003205,P001,1,5210,0.05
O003205,P076,1,2640,0.05
O003205,P050,1,570,0.3
O003206,P088,2,2510,0.1
O003207,P033,3,2190,0.1
O003208,P084,1,540,0.0
O003209,P008,1,5930,0.05
O003210,P020,1,1760,0.1
O003211,P001,3,5210,0.0
O003212,P022,1,1690,0.1
O003213,P023,1,2180,
O003213,P020,1,1760,0.2
O003213,P096,1,260,0.0
O003213,P040,2,430,0.1
O003214,P092,1,1210,0.05
O003215,P040,1,430,0.0
O003216,P003,2,8480,0.05
O003217,P096,1,260,0.1
O003218,P032,1,1590,0.0
O003218,P020,1,1760,0.0
O003219,P019,2,2290,0.0
O003220,P033,1,2190,0.0
O003220,P045,1,630,0.3
O003221,P002,1,4330,0.3
O003222,P079,1,630,0.0
O003222,P028,1,430,0.2
O003223,P007,1,1390,0.0
O003224,P033,1,2190,0.3
O003225,P051,1,700,0.0
O003226,P052,3,260,0.3
O003227,P056,2,1440,0.0
O003228,P033,1,2190,0.0
O003229,P008,2,5930,0.05
O003230,P020,1,1760,0.0
O003231,P052,2,260,0.1
O003232,P049,1,870,0.0
O003233,P080,1,660,0.0
O003234,P039,1,1980,0.05
O003235,P080,1,660,0.3
O003235,P012,1,1160,0.0
O003235,P050,1,570,0.3
O003235,P052,1,260,0.05
O003235,P054,1,480,0.2
O003236,P096,3,260,0.2
O003237,P045,1,630,0.2
O003237,P043,1,1220,0.0
O003237,P074,2,890,0.05
O003238,P003,1,8480,0.3
O003239,P079,2,630,0.0
O003239,P010,1,6950,0.05
O003240,P007,3,1390,0.0
O003240,P076,1,2640,0.0
O003241,P096,1,260,0.0
O003241,P008,1,5930,0.0
O003242,P006,1,5860,0.1
O003242,P037,2,470,0.05
O003243,P057,3,360,0.0
O003243,P092,1,1210,0.05
O003244,P051,1,700,0.05
O003244,P079,1,630,0.2
O003244,P043,2,1220,0.0
O003245,P080,1,660,0.2
O003246,P019,1,2290,0.0
O003247,P085,2,1400,0.0
O003248,P074,3,890,0.2
O003249,P050,3,570,0.2
O003249,P079,1,630,0.2
O003250,P025,1,1700,0.0
O003251,P094,3,1100,0.2
O003252,P047,1,1740,0.1
O003252,P028,1,430,0.05
O003252,P051,1,700,
O003253,P011,1,1280,0.0
O003254,P041,1,4560,0.0
O003255,P052,2,260,0.05
O003255,P002,1,4330,0.1
O003256,P096,2,260,0.0
O003256,P067,1,290,0.2
O003256,P077,1,4260,0.3
O003257,P080,1,660,0.2
O003257,P057,1,360,0.0
O003257,P052,3,260,0.3
O003258,P086,3,1840,0.2
O003258,P090,3,2690,0.1
O003259,P073,2,3790,0.05
O003260,P022,3,1690,0.2
O003261,P053,1,310,0.3
O003262,P077,1,4260,0.2
O003263,P078,1,3260,0.0
O003264,P036,1,490,0.1
O003264,P052,1,260,0.0
O003265,P053,1,310,0.05
O003266,P004,1,1090,0.0
O003267,P077,1,4260,0.0
O003268,P033,1,2190,0.0
O003269,P020,1,1760,0.05
O003269,P008,1,5930,0.0
O003270,P051,1,700,0.05
O003271,P017,1,1030,0.0
O003271,P033,1,2190,0.05
O003272,P007,1,1390,0.0
O003273,P033,1,2190,0.0
O003273,P031,3,700,0.1
O003274,P094,2,1100,0.0
O003275,P047,1,1740,0.1
O003276,P033,1,2190,0.1
O003277,P081,2,2850,0.0
O003278,P092,1,1210,0.0
O003279,P052,1,260,0.05
O003280,P008,1,5930,0.1
O003280,P014,1,1960,0.3
O003280,P022,1,1690,0.1
O003281,P006,1,5860,0.2
O003282,P092,1,1210,0.0
O003283,P017,1,1030,0.05
O003283,P007,2,1390,0.0
O003283,P055,1,210,0.3
O003284,P008,2,5930,0.0
O003285,P045,3,630,0.0
O003285,P079,1,630,0.0
O003286,P077,1,4260,0.3
O003286,P006,2,5860,0.1
O003286,P033,1,2190,0.0
O003287,P084,1,540,0.3
O003287,P047,1,1740,0.0
O003287,P008,1,5930,0.0
O003288,P096,1,260,0.0
O003288,P020,1,1760,0.0
O003289,P047,2,1740,0.2
O003289,P096,1,260,0.0
O003289,P097,1,1960,0.1
O003290,P008,2,5930,0.05
O003291,P080,2,660,0.1
O003292,P033,2,2190,0.0
O003292,P079,1,630,0.1
O003293,P096,1,260,0.0
O003293,P003,1,8480,0.1
O003293,P055,3,210,0.1
O003293,P002,2,4330,0.0
O003294,P008,3,5930,0.0
O003295,P020,1,1760,0.0
O003295,P052,1,260,0.0
O003296,P022,1,1690,0.0
O003297,P003,1,8480,0.1
O003298,P052,1,260,0.1
O003299,P006,1,5860,0.0
O003300,P087,3,1570,0.0
O003300,P098,1,930,0.1
O003301,P068,3,260,0.0
O003301,P095,2,1840,0.0
O003302,P022,1,1690,0.0
O003303,P076,1,2640,0.0
O003304,P047,1,1740,0.3
O003305,P051,1,700,0.1
O003306,P020,2,1760,0.0
O003306,P052,1,260,0.3
O003306,P008,1,5930,0.1
O003307,P080,1,660,0.0
O003307,P007,2,1390,0.0
O003308,P033,2,2190,0.0
O003308,P052,1,260,0.1
O003309,P005,2,1960,0.3
O003310,P020,1,1760,0.1
O003310,P079,2,630,0.0
O003311,P020,2,1760,0.0
O003312,P047,1,1740,0.1
O003313,P055,1,210,0.0
O003314,P074,1,890,0.2
O003315,P067,1,290,0.0
O003316,P020,1,1760,0.1
O003317,P052,1,260,0.0
O003318,P007,1,1390,0.05
O003318,P040,1,430,0.0
O003319,P024,1,540,0.05
O003320,P022,1,1690,0.0
O003321,P052,2,260,0.1
O003322,P047,1,1740,0.0
O003323,P047,1,1740,0.0
O003323,P020,3,1760,0.05
O003324,P002,2,4330,0.0
O003324,P072,1,3800,0.05
O003325,P001,1,5210,0.05
O003326,P004,1,1090,0.0
O003327,P055,1,210,0.3
O003327,P052,2,260,0.05
O003327,P096,1,260,0.2
O003328,P074,1,890,0.0
O003329,P047,1,1740,0.0
O003329,P080,2,660,0.2
O003330,P047,2,1740,
O003330,P088,1,2510,0.0
O003331,P062,1,400,0.0
O003332,P033,1,2190,0.0
O003332,P055,1,210,0.0
O003333,P098,1,930,0.0
O003333,P045,1,630,0.0
O003334,P008,2,5930,0.1
O003335,P051,1,700,0.0
O003336,P010,2,6950,0.0
O003336,P012,2,1160,0.0
O003337,P075,1,2130,0.0
O003338,P077,1,4260,0.0
O003338,P024,1,540,0.0
O003339,P051,1,700,0.2
O003340,P088,1,2510,0.05
O003340,P022,1,1690,0.2
O003340,P031,2,700,0.05
O003341,P024,1,540,0.05
O003342,P048,1,600,0.0
O003343,P080,1,660,0.0
O003344,P096,1,260,0.1
O003345,P070,1,800,0.0
O003346,P011,1,1280,0.0
O003346,P001,3,5210,0.05
O003347,P044,1,260,0.0
O003348,P013,1,4850,0.0
O003349,P096,1,260,0.3
O003350,P007,1,1390,0.0
O003351,P020,1,1760,0.2
O003352,P043,2,1220,0.1
O003352,P037,1,470,0.0
O003353,P020,1,1760,0.0
O003354,P020,1,1760,0.0
O003355,P018,1,790,0.0
O003355,P033,1,2190,0.0
O003355,P007,1,1390,0.0
O003355,P081,1,2850,0.2
O003355,P047,1,1740,0.3
O003356,P082,1,580,0.0
O003357,P055,3,210,0.0
O003358,P033,3,2190,0.2
O003358,P052,1,260,0.05
O003359,P054,1,480,0.0
O003360,P046,3,860,0.0
O003360,P022,1,1690,0.0
O003361,P072,1,3800,0.0
O003362,P020,1,1760,0.1
O003362,P052,1,260,0.05
O003363,P071,1,450,0.0
O003363,P088,2,2510,0.0
O003363,P015,1,600,0.05
O003364,P020,1,1760,0.0
O003364,P050,3,570,0.0
O003365,P086,2,1840,0.0
O003365,P007,1,1390,0.0
O003366,P033,1,2190,0.0
O003367,P096,1,260,0.2
O003367,P045,1,630,0.2
O003367,P029,1,570,0.05
O003368,P063,1,500,0.1
O003368,P081,1,2850,0.1
O003368,P020,1,1760,0.0
O003369,P020,1,1760,0.3
O003370,P072,2,3800,0.3
O003371,P008,1,5930,0.0
O003372,P092,1,1210,0.05
O003373,P033,1,2190,0.0
O003373,P045,2,630,0.0
O003374,P043,2,1220,0.0
O003375,P047,1,1740,0.0
O003376,P012,1,1160,
O003377,P047,1,1740,0.0
O003378,P033,1,2190,0.0
O003379,P088,1,2510,0.0
O003380,P079,1,630,0.1
O003381,P080,1,660,0.2
O003382,P017,1,1030,0.0
O003383,P096,2,260,0.0
O003384,P096,1,260,0.1
O003385,P081,1,2850,0.1
O003386,P079,1,630,0.1
O003387,P008,1,5930,0.0
O003388,P081,1,2850,0.3
O003389,P076,1,2640,0.2
O003390,P031,1,700,0.0
O003390,P033,2,2190,0.0
O003390,P020,1,1760,0.2
O003391,P081,1,2850,0.3
O003392,P001,1,5210,0.05
O003393,P028,1,430,0.1
O003394,P096,1,260,0.0
O003395,P079,1,630,0.0
O003395,P055,1,210,0.1
O003396,P027,1,1330,0.0
O003396,P085,1,1400,0.0
O003397,P043,1,1220,0.0
O003397,P052,1,260,0.0
O003398,P096,1,260,0.0
O003399,P051,1,700,0.0
O003399,P010,1,6950,0.0
O003399,P006,1,5860,0.0
O003400,P063,2,500,0.05
O003400,P033,1,2190,0.0
O003401,P043,1,1220,0.05
O003401,P047,1,1740,0.0
O003402,P096,1,260,0.0
O003403,P096,1,260,0.1
O003403,P012,1,1160,0.1
O003404,P074,1,890,0.0
O003405,P029,1,570,0.0
O003405,P012,2,1160,0.0
O003405,P018,1,790,0.05
O003406,P096,3,260,0.0
O003406,P079,2,630,0.1
O003407,P022,1,1690,0.05
O003407,P078,1,3260,0.0
O003407,P033,1,2190,0.3
O003408,P054,1,480,0.0
O003408,P079,1,630,0.0
O003409,P096,1,260,0.0
O003409,P051,2,700,0.2
O003409,P008,1,5930,0.05
O003409,P086,3,1840,0.0
O003409,P017,1,1030,0.0
O003410,P003,1,8480,0.0
O003411,P008,1,5930,0.3
O003412,P096,1,260,0.3
O003412,P033,1,2190,0.1
O003412,P047,1,1740,0.05
O003413,P033,1,2190,0.0
O003414,P033,1,2190,0.05
O003415,P018,2,790,0.0
O003416,P096,1,260,0.0
O003417,P047,3,1740,0.0
O003417,P032,1,1590,0.3
O003418,P081,1,2850,0.0
O003418,P047,1,1740,0.0
O003419,P008,1,5930,0.2
O003420,P085,1,1400,0.0
O003420,P007,1,1390,0.2
O003421,P056,2,1440,0.3
O003421,P020,1,1760,0.0
O003422,P002,2,4330,0.0
O003423,P007,1,1390,0.0
O003423,P071,2,450,0.0
O003423,P033,1,2190,0.0
O003423,P062,1,400,0.0
O003424,P002,1,4330,0.0
O003425,P079,1,630,0.0
O003426,P055,1,210,0.1
O003427,P007,1,1390,0.05
O003427,P033,1,2190,0.2
O003428,P096,2,260,0.0
O003428,P037,1,470,0.1
O003428,P022,3,1690,0.1
O003429,P096,1,260,0.0
O003430,P012,1,1160,0.1
O003430,P002,1,4330,0.0
O003431,P080,2,660,0.05
O003431,P034,1,490,0.0
O003432,P054,1,480,0.0
O003433,P096,1,260,0.1
O003433,P003,1,8480,0.1
O003434,P071,2,450,0.05
O003434,P008,1,5930,0.2
O003435,P008,1,5930,0.0
O003436,P033,2,2190,0.1
O003437,P080,1,660,0.0
O003438,P044,1,260,0.0
O003439,P055,3,210,0.0
O003440,P066,1,160,0.2
O003441,P052,1,260,0.0
O003441,P096,1,260,0.0
O003442,P081,1,2850,0.0
O003442,P002,1,4330,0.0
O003443,P045,1,630,0.0
O003443,P049,1,870,0.0
O003444,P053,1,310,0.2
O003445,P080,1,660,0.05
O003446,P028,1,430,0.0
O003446,P020,2,1760,0.05
O003447,P002,1,4330,0.1
O003447,P040,1,430,0.05
O003448,P055,1,210,0.1
O003449,P033,2,2190,0.0
O003449,P087,1,1570,0.0
O003450,P033,1,2190,0.1
O003450,P096,1,260,0.0
O003451,P084,1,540,0.2
O003451,P096,1,260,0.0
O003452,P043,1,1220,0.05
O003452,P062,1,400,0.05
O003453,P003,1,8480,0.0
O003454,P009,1,5010,0.0
O003454,P073,1,3790,0.0
O003455,P070,1,800,0.05
O003455,P081,1,2850,0.2
O003456,P033,1,2190,0.0
O003456,P052,1,260,0.0
O003457,P031,3,700,0.1
O003458,P052,1,260,0.0
O003459,P032,2,1590,0.0
O003459,P008,1,5930,0.2
O003459,P085,1,1400,0.0
O003460,P033,1,2190,0.1
O003460,P008,1,5930,0.1
O003460,P047,1,1740,0.1
O003461,P041,2,4560,0.2
O003462,P033,1,2190,0.0
O003463,P057,1,360,0.3
O003464,P012,1,1160,0.0
O003464,P006,1,5860,0.0
O003465,P010,3,6950,0.0
O003465,P081,1,2850,0.0
O003466,P096,1,260,0.0
O003466,P045,2,630,0.05
O003467,P022,1,1690,0.05
O003467,P059,1,240,0.0
O003467,P071,1,450,
O003468,P033,2,2190,0.2
O003468,P043,3,1220,0.2
O003469,P015,1,600,0.0
O003470,P024,1,540,0.2
O003470,P020,1,1760,0.0
O003471,P016,1,650,0.0
O003472,P063,1,500,0.0
O003472,P088,1,2510,0.0
O003473,P049,1,870,0.0
O003473,P066,1,160,0.0
O003474,P054,1,480,0.0
O003475,P047,1,1740,0.05
O003476,P096,1,260,0.3
O003477,P052,1,260,0.0
O003478,P051,1,700,0.1
O003479,P078,1,3260,0.1
O003479,P052,1,260,0.0
O003480,P008,1,5930,0.0
O003480,P079,2,630,0.0
O003480,P033,1,2190,0.0
O003481,P008,1,5930,0.2
O003482,P047,1,1740,0.2
O003482,P092,2,1210,0.1
O003482,P079,3,630,0.1
O003483,P019,1,2290,0.1
O003483,P043,3,1220,0.0
O003484,P047,1,1740,0.05
O003485,P084,1,540,0.0
O003486,P020,1,1760,0.0
O003486,P033,1,2190,0.0
O003487,P057,1,360,0.0
O003488,P029,1,570,0.3
O003489,P008,1,5930,0.0
O003490,P071,2,450,0.05
O003491,P074,1,890,0.05
O003491,P020,1,1760,0.2
O003492,P016,1,650,0.0
O003493,P092,1,1210,0.0
O003494,P010,1,6950,0.0
O003494,P085,3,1400,0.05
O003494,P040,1,430,0.0
O003495,P007,1,1390,0.2
O003495,P051,3,700,0.0
O003496,P037,3,470,0.0
O003497,P054,1,480,0.0
O003498,P096,1,260,0.0
O003498,P092,1,1210,0.2
O003499,P011,1,1280,
O003499,P020,3,1760,0.0
O003499,P057,3,360,0.0
O003500,P021,1,620,0.05
O003500,P033,1,2190,0.0
O003501,P080,2,660,0.3
O003501,P001,1,5210,0.1
O003502,P036,1,490,0.3
O003503,P072,2,3800,0.0
O003504,P051,1,700,0.0
O003504,P035,2,390,0.0
O003505,P050,1,570,0.0
O003505,P052,1,260,0.0
O003506,P042,1,5470,0.2
O003506,P052,1,260,0.0
O003507,P033,1,2190,0.0
O003507,P088,1,2510,0.05
O003507,P024,1,540,0.1
O003508,P043,2,1220,0.0
O003508,P051,1,700,0.0
O003509,P061,1,660,0.0
O003510,P055,1,210,0.2
O003510,P053,2,310,0.0
O003511,P006,1,5860,0.2
O003512,P043,1,1220,0.0
O003513,P096,1,260,0.05
O003514,P052,1,260,0.1
O003515,P043,3,1220,0.1
O003515,P051,3,700,0.3
O003516,P033,1,2190,0.05
O003517,P055,2,210,0.0
O003518,P028,1,430,0.0
O003518,P045,1,630,0.2
O003518,P010,1,6950,0.0
O003518,P020,1,1760,0.05
O003519,P042,1,5470,0.2
O003520,P052,1,260,0.0
O003520,P051,1,700,0.0
O003521,P008,1,5930,0.3
O003522,P020,1,1760,0.05
O003523,P034,2,490,0.0
O003524,P033,1,2190,0.0
O003525,P060,1,330,0.0
O003526,P047,3,1740,0.0
O003527,P096,1,260,0.3
O003527,P002,1,4330,0.0
O003528,P006,1,5860,0.1
O003528,P002,1,4330,0.1
O003529,P045,1,630,0.0
O003529,P053,1,310,0.2
O003529,P015,1,600,0.0
O003530,P043,1,1220,0.0
O003530,P019,1,2290,0.2
O003531,P088,1,2510,0.1
O003531,P079,1,630,0.0
O003531,P096,3,260,0.1
O003532,P047,1,1740,0.0
O003532,P051,1,700,0.0
O003533,P047,2,1740,0.0
O003534,P084,3,540,0.0
O003535,P008,2,5930,0.0
O003536,P081,3,2850,0.0
O003537,P053,3,310,0.0
O003537,P018,1,790,0.0
O003538,P052,1,260,0.0
O003539,P088,1,2510,0.0
O003540,P092,3,1210,0.0
O003540,P020,1,1760,0.0
O003541,P009,1,5010,0.1
O003541,P093,1,350,0.05
O003542,P052,1,260,0.3
O003543,P030,1,600,0.1
O003544,P073,1,3790,0.0
O003545,P052,1,260,0.0
O003546,P030,1,600,0.0
O003547,P028,3,430,0.05
O003548,P004,1,1090,0.0
O003549,P081,1,2850,0.0
O003549,P001,2,5210,0.05
O003550,P020,1,1760,0.0
O003551,P052,1,260,0.0
O003552,P008,1,5930,0.0
O003553,P031,1,700,0.0
O003554,P075,1,2130,0.0
O003554,P096,1,260,0.05
O003554,P051,1,700,0.0
O003555,P001,1,5210,0.0
O003555,P008,1,5930,0.0
O003556,P033,1,2190,0.0
O003556,P020,2,1760,0.0
O003557,P080,1,660,0.0
O003558,P012,1,1160,0.3
O003559,P032,1,1590,0.0
O003560,P088,1,2510,0.2
O003561,P020,1,1760,0.0
O003562,P096,1,260,0.05
O003562,P047,1,1740,0.3
O003562,P010,1,6950,0.0
O003563,P047,1,1740,0.0
O003564,P079,3,630,0.1
O003564,P033,1,2190,0.05
O003565,P088,2,2510,0.3
O003565,P051,2,700,0.2
O003566,P028,3,430,0.0
O003567,P096,2,260,0.0
O003568,P078,2,3260,0.0
O003569,P079,3,630,0.0
O003569,P096,1,260,0.3
O003570,P008,1,5930,0.2
O003570,P033,2,2190,0.2
O003571,P033,1,2190,0.0
O003571,P052,2,260,0.1
O003572,P057,2,360,0.1
O003573,P052,1,260,0.3
O003573,P047,2,1740,
O003573,P085,2,1400,0.1
O003573,P076,1,2640,0.3
O003574,P002,1,4330,0.1
O003574,P007,1,1390,0.0
O003574,P081,1,2850,0.0
O003575,P055,1,210,0.0
O003575,P020,1,1760,0.0
O003576,P094,1,1100,0.2
O003576,P008,3,5930,0.0
O003576,P007,3,1390,0.0
O003577,P079,2,630,0.0
O003578,P092,1,1210,0.2
O003578,P079,1,630,0.2
O003578,P052,1,260,0.0
O003579,P033,2,2190,
O003579,P045,1,630,0.0
O003580,P040,1,430,0.0
O003581,P033,1,2190,0.0
O003582,P096,1,260,0.0
O003583,P079,1,630,0.1
O003584,P033,1,2190,0.05
O003584,P077,1,4260,0.3
O003585,P093,1,350,0.0
O003586,P022,1,1690,0.0
O003587,P033,1,2190,0.1
O003588,P057,2,360,0.0
O003589,P002,1,4330,0.0
O003589,P022,2,1690,0.2
O003590,P090,1,2690,0.0
O003591,P079,3,630,0.0
O003592,P043,1,1220,0.0
O003593,P020,2,1760,0.05
O003593,P007,1,1390,0.05
O003594,P079,1,630,0.0
O003595,P096,1,260,0.2
O003596,P033,1,2190,0.0
O003597,P092,1,1210,0.0
O003597,P007,1,1390,0.0
O003598,P007,1,1390,0.0
O003599,P004,1,1090,0.1
O003600,P092,1,1210,0.3
O003600,P080,3,660,0.0
O003601,P007,1,1390,0.0
O003601,P096,2,260,0.0
O003602,P052,1,260,0.1
O003602,P031,1,700,0.3
O003603,P096,2,260,0.05
O003604,P051,3,700,0.0
O003604,P043,1,1220,0.0
O003605,P066,1,160,0.3
O003606,P033,2,2190,0.0
O003606,P006,1,5860,0.2
O003606,P096,2,260,0.1
O003607,P020,3,1760,0.0
O003608,P008,1,5930,0.0
O003609,P018,1,790,0.1
O003609,P033,1,2190,0.3
O003609,P017,1,1030,0.0
O003610,P053,1,310,0.3
O003611,P012,3,1160,0.1
O003612,P088,1,2510,0.0
O003613,P007,1,1390,0.0
O003613,P096,1,260,0.05
O003614,P098,1,930,0.0
O003614,P084,2,540,0.0
O003615,P088,2,2510,0.2
O003615,P043,2,1220,0.0
O003615,P052,1,260,0.0
O003616,P020,1,1760,0.0
O003617,P033,1,2190,0.2
O003618,P020,3,1760,0.05
O003619,P085,1,1400,0.05
O003620,P029,1,570,0.0
O003620,P031,1,700,0.0
O003621,P007,3,1390,0.05
O003622,P040,1,430,0.1
O003622,P050,1,570,0.0
O003622,P043,1,1220,0.2
O003623,P033,1,2190,0.0
O003623,P071,1,450,0.2
O003624,P047,1,1740,0.0
O003624,P028,1,430,0.1
O003625,P092,2,1210,0.0
O003625,P080,1,660,0.0
O003626,P077,1,4260,0.0
O003626,P030,1,600,0.05
O003627,P015,1,600,0.0
O003628,P031,3,700,0.1
O003628,P040,1,430,0.0
O003629,P088,1,2510,0.0
O003630,P088,2,2510,0.1
O003630,P046,2,860,0.0
O003630,P006,2,5860,0.05
O003631,P011,1,1280,0.2
O003632,P008,1,5930,0.0
O003632,P079,3,630,0.2
O003632,P088,1,2510,0.3
O003633,P045,1,630,0.2
O003634,P028,1,430,0.0
O003634,P079,2,630,0.2
O003635,P071,2,450,0.3
O003636,P002,1,4330,0.1
O003637,P072,1,3800,0.0
O003637,P033,1,2190,0.0
O003638,P096,1,260,0.05
O003639,P075,1,2130,0.0
O003639,P080,2,660,0.0
O003639,P033,1,2190,0.0
O003640,P047,1,1740,0.3
O003641,P005,2,1960,0.0
O003641,P020,1,1760,0.3
O003641,P047,1,1740,0.0
O003642,P072,1,3800,0.0
O003643,P022,1,1690,0.2
O003644,P033,1,2190,0.05
O003644,P079,1,630,0.3
O003644,P001,1,5210,0.0
O003645,P096,1,260,0.0
O003645,P020,1,1760,0.2
O003646,P096,2,260,0.0
O003647,P052,1,260,0.05
O003647,P074,1,890,0.05
O003647,P020,1,1760,0.05
O003648,P032,1,1590,0.3
O003648,P002,1,4330,0.05
O003649,P033,1,2190,0.0
O003650,P096,1,260,0.0
O003651,P071,2,450,0.05
O003652,P054,3,480,0.0
O003653,P043,1,1220,0.0
O003654,P036,1,490,0.0
O003654,P051,1,700,0.1
O003655,P085,1,1400,0.0
O003655,P040,1,430,0.0
O003655,P081,2,2850,0.1
O003656,P002,2,4330,0.05
O003657,P079,1,630,0.05
O003658,P096,1,260,0.1
O003658,P034,1,490,0.0
O003658,P076,1,2640,0.0
O003659,P074,3,890,0.0
O003660,P020,2,1760,0.0
O003661,P033,1,2190,0.0
O003661,P008,1,5930,0.3
O003661,P048,1,600,0.05
O003662,P012,2,1160,0.2
O003663,P070,1,800,0.0
O003664,P020,1,1760,0.0
O003665,P047,1,1740,0.0
O003665,P075,3,2130,0.05
O003666,P074,1,890,0.0
O003667,P034,1,490,0.2
O003668,P008,3,5930,0.2
O003668,P072,1,3800,0.3
O003669,P085,2,1400,0.1
O003670,P052,1,260,0.0
O003670,P051,1,700,0.0
O003671,P009,1,5010,0.0
O003672,P020,2,1760,0.05
O003673,P066,1,160,0.0
O003673,P012,2,1160,0.05
O003673,P076,1,2640,0.3
O003674,P047,1,1740,0.0
O003675,P010,1,6950,0.05
O003676,P052,1,260,0.1
O003677,P055,2,210,0.0
O003678,P096,1,260,0.1
O003678,P033,1,2190,0.0
O003679,P040,1,430,0.05
O003680,P069,1,250,0.0
O003680,P079,2,630,0.0
O003681,P034,1,490,0.1
O003682,P069,1,250,0.0
O003683,P020,1,1760,0.3
O003683,P028,1,430,0.0
O003684,P057,1,360,0.0
O003685,P080,1,660,0.0
O003685,P052,1,260,0.05
O003686,P043,1,1220,0.0
O003686,P096,1,260,0.0
O003687,P080,2,660,0.3
O003687,P001,1,5210,0.0
O003688,P096,1,260,0.0
O003688,P043,1,1220,0.2
O003688,P033,1,2190,0.2
O003688,P028,1,430,0.0
O003689,P052,1,260,0.0
O003690,P030,1,600,0.05
O003690,P033,1,2190,0.0
O003691,P001,1,5210,0.1
O003691,P072,1,3800,0.3
O003692,P096,1,260,0.0
O003693,P096,2,260,0.05
O003694,P012,3,1160,0.0
O003695,P052,1,260,0.3
O003696,P081,1,2850,0.2
O003696,P020,1,1760,0.0
O003697,P033,1,2190,0.0
O003697,P050,1,570,0.0
O003698,P056,2,1440,0.05
O003699,P081,1,2850,0.0
O003699,P079,1,630,0.0
O003700,P052,1,260,0.2
O003701,P052,2,260,0.3
O003701,P079,2,630,0.2
O003701,P004,1,1090,0.05
O003702,P033,1,2190,0.2
O003703,P055,1,210,0.2
O003704,P008,1,5930,0.0
O003705,P008,1,5930,0.0
O003705,P033,1,2190,0.0
O003706,P011,1,1280,0.2
O003707,P052,1,260,0.2
O003707,P049,1,870,0.0
O003708,P096,1,260,0.3
O003708,P053,1,310,0.0
O003708,P052,1,260,0.0
O003709,P082,2,580,0.2
O003710,P008,1,5930,0.0
O003710,P020,2,1760,0.0
O003711,P046,1,860,0.0
O003711,P052,1,260,0.1
O003712,P063,3,500,0.2
O003712,P051,1,700,0.0
O003712,P007,1,1390,0.3
O003713,P052,1,260,0.3
O003714,P080,1,660,0.0
O003714,P024,3,540,0.0
O003715,P079,1,630,0.2
O003715,P052,2,260,0.05
O003715,P020,1,1760,0.05
O003716,P063,2,500,0.1
O003716,P012,1,1160,0.05
O003717,P059,1,240,0.0
O003718,P073,2,3790,0.05
O003718,P029,1,570,0.0
O003719,P085,1,1400,0.05
O003720,P006,1,5860,0.2
O003721,P033,2,2190,0.1
O003721,P080,2,660,0.3
O003721,P008,2,5930,0.0
O003722,P017,1,1030,0.0
O003723,P079,1,630,0.1
O003723,P014,1,1960,0.0
O003724,P079,1,630,0.2
O003725,P043,1,1220,0.0
O003725,P075,1,2130,0.2
O003726,P042,1,5470,0.0
O003727,P097,1,1960,0.0
O003727,P028,2,430,0.0
O003728,P054,3,480,0.05
O003728,P027,1,1330,0.2
O003729,P080,3,660,0.0
O003729,P052,1,260,0.0
O003730,P090,1,2690,0.3
O003731,P022,3,1690,0.1
O003731,P052,1,260,0.0
O003732,P076,1,2640,0.05
O003733,P079,1,630,0.0
O003734,P086,1,1840,0.1
O003735,P008,2,5930,0.05
O003736,P030,2,600,0.05
O003737,P047,1,1740,0.2
O003737,P032,1,1590,0.1
O003738,P092,1,1210,0.0
O003738,P050,1,570,0.0
O003739,P079,1,630,0.2
O003739,P052,1,260,0.0
O003739,P010,2,6950,0.0
O003740,P065,3,180,0.0
O003741,P038,1,940,0.1
O003742,P096,1,260,0.0
O003743,P051,1,700,0.0
O003744,P077,3,4260,0.1
O003745,P080,1,660,0.05
O003745,P081,2,2850,0.0
O003745,P064,2,550,0.2
O003746,P006,1,5860,0.1
O003747,P090,3,2690,0.2
O003747,P020,2,1760,0.0
O003748,P092,2,1210,0.2
O003749,P053,1,310,0.0
O003749,P092,1,1210,0.0
O003749,P088,1,2510,0.0
O003750,P033,1,2190,0.05
O003751,P055,1,210,0.1
O003751,P037,1,470,0.1
O003752,P020,1,1760,0.2
O003753,P003,1,8480,0.0
O003754,P032,1,1590,0.0
O003755,P045,1,630,0.0
O003756,P045,1,630,0.0
O003756,P073,1,3790,0.0
O003757,P070,1,800,0.05
O003758,P082,1,580,0.05
O003758,P033,1,2190,0.0
O003759,P007,1,1390,0.3
O003760,P052,1,260,0.05
O003761,P051,2,700,0.05
O003761,P033,1,2190,0.1
O003762,P070,1,800,0.0
O003762,P047,1,1740,0.05
O003763,P019,1,2290,0.05
O003764,P025,1,1700,0.2
O003764,P079,1,630,0.0
O003765,P068,3,260,0.0
O003766,P052,1,260,0.1
O003766,P010,1,6950,0.0
O003767,P095,1,1840,0.05
O003768,P079,1,630,0.0
O003768,P074,2,890,0.0
O003768,P008,1,5930,0.3
O003769,P095,1,1840,0.0
O003769,P020,1,1760,0.05
O003770,P028,1,430,0.0
O003771,P067,1,290,0.0
O003772,P043,2,1220,0.1
O003772,P002,2,4330,0.0
O003773,P007,2,1390,0.1
O003774,P003,1,8480,0.0
O003774,P076,3,2640,0.0
O003775,P047,1,1740,0.05
O003775,P052,1,260,0.2
O003776,P033,3,2190,0.0
O003776,P052,1,260,0.0
O003777,P006,1,5860,0.0
O003778,P037,1,470,0.2
O003778,P020,1,1760,0.1
O003779,P051,3,700,0.0
O003779,P033,1,2190,0.0
O003780,P051,1,700,0.2
O003781,P042,1,5470,0.0
O003781,P037,1,470,0.1
O003782,P043,1,1220,0.1
O003783,P028,1,430,0.2
O003784,P052,1,260,0.1
O003784,P063,1,500,0.1
O003785,P051,1,700,0.0
O003785,P033,1,2190,0.2
O003785,P079,1,630,0.2
O003785,P022,1,1690,0.0
O003786,P013,1,4850,0.0
O003786,P027,1,1330,0.3
O003786,P006,1,5860,0.0
O003787,P087,2,1570,0.05
O003788,P010,1,6950,0.0
O003789,P085,1,1400,0.0
O003790,P007,3,1390,0.05
O003791,P045,3,630,0.1
O003791,P088,1,2510,0.05
O003792,P051,1,700,0.0
O003793,P028,1,430,0.3
O003794,P050,1,570,0.05
O003795,P047,1,1740,0.0
O003796,P047,1,1740,0.0
O003797,P033,2,2190,0.0
O003798,P033,1,2190,0.1
O003799,P079,1,630,0.1
O003799,P096,2,260,0.1
O003800,P098,2,930,0.1
O003800,P072,1,3800,0.0
O003800,P092,2,1210,0.1
O003801,P006,1,5860,0.0
O003801,P052,1,260,0.0
O003802,P092,1,1210,0.0
O003803,P074,1,890,0.05
O003803,P033,2,2190,0.0
O003803,P043,1,1220,0.1
O003803,P047,2,1740,0.0
O003803,P020,2,1760,0.05
O003804,P031,1,700,0.05
O003805,P002,2,4330,0.2
O003805,P092,2,1210,0.0
O003806,P047,2,1740,0.1
O003807,P008,1,5930,0.0
O003808,P051,1,700,0.0
O003809,P096,1,260,0.2
O003810,P008,1,5930,0.1
O003810,P076,1,2640,0.2
O003811,P003,1,8480,0.0
O003811,P096,1,260,0.0
O003812,P096,2,260,0.2
O003812,P074,1,890,0.0
O003812,P052,1,260,0.3
O003813,P008,3,5930,0.0
O003813,P060,1,330,0.05
O003813,P051,1,700,0.0
O003813,P038,1,940,0.0
O003814,P003,1,8480,0.1
O003815,P030,2,600,0.1
O003815,P074,1,890,0.0
O003816,P020,1,1760,0.0
O003816,P007,1,1390,0.0
O003817,P016,1,650,0.2
O003818,P053,1,310,0.05
O003819,P017,2,1030,0.1
O003820,P024,1,540,0.0
O003821,P080,1,660,0.2
O003822,P013,1,4850,0.2
O003823,P096,1,260,0.0
O003824,P079,1,630,0.3
O003825,P084,1,540,0.0
O003825,P031,3,700,0.0
O003825,P079,1,630,0.0
O003826,P012,1,1160,0.0
O003827,P008,2,5930,0.0
O003828,P071,1,450,0.0
O003828,P059,1,240,0.2
O003829,P008,2,5930,0.05
O003830,P090,1,2690,0.0
O003831,P050,2,570,0.0
O003832,P033,1,2190,0.05
O003832,P024,1,540,0.0
O003833,P008,1,5930,0.1
O003833,P079,1,630,0.1
O003833,P060,1,330,0.1
O003834,P008,1,5930,0.0
O003834,P047,2,1740,0.0
O003835,P020,1,1760,0.05
O003835,P079,1,630,0.0
O003836,P081,2,2850,0.05
O003837,P020,1,1760,0.2
O003838,P052,1,260,0.0
O003838,P033,1,2190,0.1
O003839,P040,3,430,0.2
O003839,P096,1,260,0.2
O003839,P033,1,2190,0.0
O003839,P053,1,310,0.2
O003840,P002,1,4330,0.1
O003841,P054,1,480,0.05
O003841,P040,1,430,0.0
O003842,P026,1,2100,0.0
O003843,P078,1,3260,0.05
O003843,P052,1,260,0.1
O003844,P053,2,310,0.0
O003844,P052,3,260,0.2
O003844,P004,1,1090,0.3
O003844,P034,1,490,0.0
O003845,P094,1,1100,0.05
O003845,P037,2,470,0.0
O003846,P050,1,570,0.0
O003846,P018,1,790,0.0
O003847,P088,1,2510,0.0
O003848,P071,2,450,0.0
O003848,P020,1,1760,0.0
O003848,P076,1,2640,0.0
O003849,P031,1,700,0.05
O003850,P096,1,260,0.0
O003850,P067,1,290,0.1
O003850,P077,1,4260,0.3
O003851,P091,3,2490,0.0
O003851,P050,1,570,0.1
O003852,P052,1,260,0.0
O003852,P045,1,630,0.0
O003853,P007,1,1390,0.2
O003854,P078,1,3260,0.0
O003854,P053,1,310,0.0
O003854,P069,1,250,0.1
O003855,P046,1,860,0.05
O003856,P096,1,260,0.0
O003857,P051,3,700,0.3
O003857,P033,1,2190,0.0
O003858,P097,3,1960,0.0
O003859,P021,1,620,0.0
O003860,P048,3,600,0.0
O003861,P079,3,630,0.05
O003862,P007,1,1390,0.05
O003862,P047,1,1740,0.2
O003863,P031,1,700,0.0
O003864,P096,1,260,0.1
O003865,P079,2,630,0.0
O003865,P088,2,2510,0.0
O003866,P052,3,260,0.2
O003867,P002,3,4330,0.0
O003868,P052,1,260,0.2
O003868,P038,2,940,0.2
O003869,P020,1,1760,0.0
O003870,P073,1,3790,0.0
O003871,P050,1,570,0.3
O003872,P055,1,210,0.0
O003873,P047,1,1740,0.0
O003873,P090,2,2690,0.0
O003874,P068,3,260,0.0
O003875,P052,1,260,0.0
O003875,P092,1,1210,0.3
O003875,P008,1,5930,0.0
O003876,P076,3,2640,0.0
O003877,P059,1,240,0.0
O003877,P022,2,1690,0.0
O003878,P050,1,570,0.1
O003879,P082,1,580,
O003880,P086,1,1840,0.0
O003881,P057,2,360,0.0
O003881,P082,1,580,0.0
O003881,P044,2,260,0.05
O003882,P033,1,2190,0.05
O003882,P007,1,1390,0.2
O003883,P022,3,1690,0.0
O003883,P012,1,1160,0.0
O003884,P080,1,660,0.0
O003885,P008,1,5930,0.0
O003886,P080,1,660,0.0
O003887,P018,1,790,0.0
O003888,P045,1,630,0.0
O003889,P002,1,4330,0.0
O003890,P015,1,600,0.0
O003891,P096,2,260,0.2
O003892,P047,3,1740,0.0
O003893,P047,2,1740,0.1
O003893,P080,2,660,0.05
O003894,P012,1,1160,0.0
O003894,P055,1,210,0.0
O003895,P022,1,1690,0.0
O003896,P033,1,2190,0.2
O003897,P007,2,1390,0.3
O003897,P010,1,6950,0.0
O003898,P036,3,490,0.0
O003898,P006,1,5860,0.0
O003899,P096,1,260,0.05
O003899,P020,1,1760,0.05
O003900,P031,1,700,0.05
O003901,P094,3,1100,0.0
O003902,P080,2,660,0.1
O003902,P008,3,5930,0.0
O003903,P008,1,5930,0.0
O003904,P020,1,1760,0.2
O003904,P043,1,1220,0.05
O003905,P096,1,260,0.0
O003905,P092,1,1210,0.0
O003906,P008,1,5930,0.0
O003907,P008,1,5930,0.05
O003907,P003,1,8480,0.0
O003908,P033,1,2190,0.0
O003909,P054,1,480,0.05
O003909,P047,1,1740,0.0
O003910,P074,1,890,0.0
O003911,P092,1,1210,0.05
O003911,P007,1,1390,0.0
O003912,P002,1,4330,0.0
O003913,P084,1,540,0.0
O003913,P054,1,480,0.2
O003914,P020,3,1760,0.1
O003915,P005,1,1960,0.0
O003916,P076,1,2640,0.05
O003916,P020,3,1760,0.0
O003917,P088,1,2510,0.1
O003918,P047,1,1740,0.05
O003919,P082,1,580,0.0
O003920,P008,1,5930,0.0
O003920,P096,1,260,0.1
O003921,P079,1,630,0.0
O003922,P020,1,1760,0.05
O003922,P005,1,1960,0.1
O003923,P037,2,470,0.1
O003923,P040,1,430,0.2
O003923,P033,1,2190,0.0
O003923,P076,2,2640,0.1
O003923,P034,1,490,
O003924,P081,1,2850,0.0
O003925,P033,1,2190,0.0
O003926,P062,2,400,0.2
O003926,P079,2,630,0.05
O003927,P051,1,700,0.2
O003927,P074,2,890,0.0
O003927,P077,1,4260,0.0
O003928,P047,1,1740,0.0
O003928,P051,1,700,0.0
O003928,P080,3,660,0.05
O003929,P045,1,630,0.2
O003929,P024,1,540,0.0
O003930,P028,1,430,0.0
O003931,P028,1,430,0.1
O003932,P008,1,5930,0.2
O003932,P029,2,570,0.2
O003933,P051,1,700,0.0
O003933,P031,1,700,0.1
O003933,P082,1,580,0.0
O003933,P040,3,430,0.05
O003934,P055,1,210,0.0
O003934,P028,2,430,
O003935,P006,1,5860,0.1
O003936,P051,1,700,0.0
O003936,P079,1,630,0.0
O003937,P080,2,660,0.0
O003937,P098,2,930,0.3
O003938,P080,1,660,0.3
O003939,P074,1,890,0.0
O003939,P062,1,400,0.1
O003939,P001,1,5210,0.1
O003940,P007,1,1390,0.05
O003941,P096,1,260,0.2
O003942,P079,3,630,0.05
O003942,P033,1,2190,0.3
O003942,P080,1,660,0.3
O003943,P047,1,1740,0.2
O003944,P079,2,630,0.0
O003944,P094,3,1100,0.1
O003944,P097,1,1960,0.0
O003945,P070,2,800,0.0
O003946,P047,1,1740,0.0
O003946,P054,2,480,0.0
O003947,P082,1,580,0.0
O003948,P039,1,1980,0.0
O003949,P079,2,630,0.0
O003950,P046,1,860,0.3
O003950,P043,3,1220,0.0
O003951,P045,1,630,0.0
O003952,P081,1,2850,0.05
O003952,P053,1,310,0.0
O003952,P032,1,1590,0.0
O003953,P025,2,1700,0.05
O003954,P052,1,260,0.0
O003954,P028,1,430,0.3
O003955,P051,1,700,0.2
O003956,P080,1,660,0.0
O003956,P044,1,260,0.05
O003957,P012,1,1160,0.05
O003958,P008,2,5930,0.0
O003959,P033,1,2190,0.05
O003960,P088,1,2510,0.0
O003961,P096,1,260,0.3
O003962,P022,2,1690,0.0
O003962,P092,1,1210,0.0
O003963,P017,1,1030,0.05
O003963,P020,1,1760,0.0
O003964,P033,1,2190,0.1
O003965,P096,1,260,0.05
O003966,P070,1,800,0.0
O003967,P050,1,570,0.0
O003967,P031,3,700,0.2
O003967,P055,3,210,0.05
O003968,P020,1,1760,0.0
O003969,P020,2,1760,0.0
O003969,P052,2,260,0.0
O003969,P088,2,2510,0.0
O003970,P034,2,490,0.0
O003971,P030,1,600,0.0
O003971,P096,1,260,0.1
O003972,P096,1,260,0.0
O003973,P080,1,660,0.3
O003973,P015,1,600,0.05
O003974,P045,1,630,0.1
O003975,P002,1,4330,0.1
O003976,P094,1,1100,0.0
O003977,P096,1,260,0.2
O003977,P078,1,3260,0.0
O003978,P080,3,660,0.1
O003979,P059,1,240,0.0
O003979,P052,1,260,0.0
O003980,P008,1,5930,0.2
O003980,P020,1,1760,0.0
O003980,P078,1,3260,0.1
O003981,P008,1,5930,0.1
O003982,P078,1,3260,0.05
O003983,P006,1,5860,0.1
O003983,P008,1,5930,0.0
O003983,P047,1,1740,0.3
O003984,P050,1,570,0.0
O003985,P007,1,1390,0.0
O003986,P042,1,5470,0.0
O003987,P082,2,580,0.0
O003988,P082,2,580,0.0
O003988,P045,1,630,0.0
O003989,P001,1,5210,0.0
O003990,P050,1,570,0.1
O003991,P079,1,630,0.0
O003991,P062,1,400,0.0
O003992,P092,2,1210,0.0
O003992,P074,1,890,0.2
O003993,P096,1,260,0.2
O003994,P033,1,2190,0.0
O003994,P096,2,260,0.0
O003995,P037,2,470,0.0
O003995,P084,3,540,0.05
O003996,P011,1,1280,0.0
O003996,P052,1,260,0.2
O003997,P076,3,2640,0.0
O003998,P030,1,600,0.0
O003999,P092,2,1210,0.0
O004000,P094,2,1100,0.0
O004000,P043,1,1220,0.0
O004001,P047,1,1740,0.05
O004001,P088,1,2510,0.0
O004002,P052,1,260,0.0
O004002,P074,1,890,0.0
O004003,P012,3,1160,0.1
O004004,P096,1,260,0.2
O004005,P012,2,1160,0.2
O004005,P039,1,1980,0.0
O004006,P012,1,1160,0.2
O004006,P007,1,1390,0.05
O004007,P034,3,490,0.05
O004007,P057,1,360,0.2
O004008,P009,1,5010,0.0
O004008,P001,1,5210,0.2
O004009,P034,1,490,0.0
O004010,P039,1,1980,0.3
O004010,P048,2,600,0.0
O004011,P082,1,580,0.0
O004012,P008,2,5930,0.05
O004013,P008,1,5930,0.1
O004014,P007,3,1390,0.0
O004014,P056,1,1440,0.1
O004015,P033,1,2190,0.0
O004016,P053,1,310,0.0
O004017,P052,2,260,0.05
O004018,P018,2,790,0.0
O004018,P096,1,260,0.0
O004019,P014,1,1960,0.05
O004020,P006,1,5860,0.0
O004021,P055,1,210,0.0
O004022,P096,2,260,0.0
O004023,P074,1,890,0.3
O004024,P022,1,1690,0.2
O004024,P032,2,1590,0.0
O004025,P089,1,530,0.05
O004026,P094,1,1100,0.0
O004026,P047,2,1740,0.0
O004027,P011,1,1280,0.05
O004028,P008,1,5930,0.0
O004029,P021,1,620,0.3
O004030,P047,2,1740,0.3
O004030,P011,1,1280,0.1
O004031,P018,2,790,0.05
O004032,P043,1,1220,0.05
O004033,P082,2,580,0.0
O004033,P006,1,5860,0.0
O004034,P028,2,430,0.1
O004035,P055,1,210,0.0
O004036,P030,1,600,0.1
O004036,P045,1,630,0.05
O004037,P006,1,5860,0.2
O004037,P079,1,630,0.1
O004038,P025,1,1700,0.05
O004039,P080,1,660,0.1
O004040,P033,1,2190,0.0
O004041,P082,1,580,0.2
O004041,P008,1,5930,0.0
O004042,P012,1,1160,0.3
O004043,P079,1,630,0.2
O004044,P017,1,1030,0.05
O004044,P012,1,1160,0.0
O004044,P081,2,2850,0.0
O004045,P079,1,630,0.0
O004046,P096,3,260,0.05
O004047,P021,1,620,0.05
O004048,P020,1,1760,0.0
O004049,P004,1,1090,0.0
O004050,P002,1,4330,0.0
O004051,P013,1,4850,0.2
O004051,P051,1,700,0.0
O004052,P057,1,360,0.1
O004053,P079,1,630,0.0
O004054,P080,1,660,0.0
O004055,P098,1,930,0.1
O004055,P096,2,260,0.0
O004056,P020,2,1760,0.3
O004057,P008,1,5930,0.0
O004057,P096,1,260,0.05
O004058,P033,2,2190,0.0
O004058,P031,1,700,0.0
O004059,P052,1,260,0.05
O004059,P032,2,1590,0.0
O004059,P080,2,660,0.0
O004059,P013,2,4850,0.2
O004059,P076,3,2640,0.0
O004060,P033,1,2190,0.1
O004061,P008,1,5930,0.0
O004061,P033,1,2190,0.2
O004061,P054,2,480,0.1
O004062,P008,1,5930,0.1
O004062,P020,1,1760,0.1
O004063,P020,1,1760,0.0
O004063,P052,2,260,0.0
O004064,P085,2,1400,0.0
O004065,P001,1,5210,0.0
O004066,P096,1,260,0.3
O004067,P054,1,480,0.0
O004068,P017,1,1030,0.05
O004069,P028,1,430,0.0
O004070,P096,1,260,0.2
O004070,P008,1,5930,0.0
O004070,P047,1,1740,0.3
O004071,P053,1,310,0.05
O004072,P053,2,310,0.05
O004073,P075,3,2130,0.0
O004073,P020,3,1760,0.2
O004074,P022,1,1690,0.1
O004074,P047,1,1740,0.0
O004075,P080,2,660,0.05
O004076,P066,1,160,0.3
O004076,P055,1,210,0.1
O004077,P061,1,660,0.0
O004077,P059,1,240,0.1
O004078,P008,2,5930,0.2
O004078,P096,2,260,0.1
O004079,P006,1,5860,0.1
O004079,P052,1,260,0.2
O004080,P050,1,570,0.0
O004080,P002,1,4330,0.2
O004081,P054,3,480,0.1
O004082,P088,1,2510,0.0
O004082,P008,1,5930,0.2
O004083,P020,1,1760,0.2
O004084,P008,1,5930,0.0
O004085,P005,1,1960,0.0
O004086,P052,2,260,0.2
O004086,P006,2,5860,0.05
O004086,P046,1,860,0.0
O004087,P054,1,480,0.0
O004088,P020,3,1760,0.0
O004088,P003,1,8480,0.1
O004089,P020,1,1760,0.3
O004089,P033,1,2190,0.2
O004090,P080,1,660,0.0
O004090,P096,2,260,0.0
O004090,P050,3,570,0.2
O004091,P054,1,480,0.05
O004092,P002,2,4330,0.1
O004092,P050,1,570,0.3
O004093,P007,1,1390,0.0
O004094,P088,3,2510,0.0
O004095,P020,1,1760,0.05
O004096,P033,1,2190,0.0
O004096,P003,1,8480,0.0
O004097,P003,1,8480,0.0
O004098,P090,2,2690,0.2
O004099,P092,1,1210,0.05
O004100,P012,1,1160,0.0
O004101,P096,1,260,0.0
O004101,P012,1,1160,0.0
O004102,P025,1,1700,0.3
O004103,P096,2,260,0.05
O004103,P080,2,660,0.05
O004103,P042,1,5470,0.0
O004104,P006,1,5860,0.1
O004105,P096,1,260,0.0
O004106,P050,1,570,0.2
O004106,P064,1,550,0.2
O004107,P039,1,1980,0.0
O004108,P076,1,2640,0.1
O004109,P028,1,430,0.0
O004110,P023,1,2180,0.0
O004110,P098,1,930,0.05
O004111,P051,1,700,0.0
O004111,P096,1,260,0.0
O004112,P079,2,630,0.05
O004113,P001,1,5210,0.2
O004113,P008,1,5930,0.3
O004114,P047,1,1740,0.0
O004114,P012,1,1160,0.0
O004115,P006,1,5860,0.0
O004115,P033,1,2190,0.0
O004116,P033,1,2190,0.0
O004116,P081,1,2850,0.05
O004117,P079,1,630,0.2
O004117,P052,2,260,0.2
O004118,P033,2,2190,0.0
O004118,P096,1,260,0.05
O004118,P079,1,630,0.05
O004119,P040,1,430,0.0
O004120,P020,1,1760,0.1
O004120,P047,1,1740,0.0
O004121,P033,1,2190,0.1
O004122,P033,1,2190,0.05
O004122,P078,1,3260,0.05
O004123,P007,3,1390,0.2
O004123,P080,1,660,0.0
O004123,P079,1,630,0.0
O004124,P008,1,5930,0.0
O004124,P002,2,4330,0.0
O004125,P096,2,260,0.0
O004126,P096,1,260,0.0
O004127,P051,1,700,0.05
O004128,P008,2,5930,0.0
O004128,P047,1,1740,0.2
O004129,P002,1,4330,0.2
O004130,P057,2,360,0.05
O004131,P020,1,1760,0.0
O004132,P007,1,1390,0.2
O004133,P043,3,1220,0.1
O004133,P001,1,5210,0.0
O004134,P007,2,1390,0.0
O004134,P070,1,800,0.0
O004135,P080,2,660,0.0
O004136,P020,1,1760,0.0
O004137,P047,1,1740,0.0
O004137,P007,3,1390,0.0
O004137,P052,1,260,0.2
O004137,P055,1,210,0.0
O004138,P079,1,630,0.0
O004139,P040,1,430,0.05
O004139,P020,1,1760,0.0
O004140,P051,2,700,0.0
O004141,P096,2,260,0.0
O004141,P013,1,4850,0.1
O004141,P011,2,1280,0.0
O004142,P082,1,580,0.0
O004143,P044,1,260,0.2
O004143,P059,2,240,0.1
O004144,P085,1,1400,0.3
O004144,P079,1,630,0.0
O004145,P029,1,570,0.0
O004145,P081,1,2850,0.2
O004146,P057,1,360,0.1
O004147,P079,1,630,0.0
O004148,P002,1,4330,0.2
O004149,P033,2,2190,0.3
O004149,P096,1,260,0.0
O004149,P021,2,620,0.2
O004150,P050,3,570,0.1
O004150,P037,1,470,0.0
O004151,P007,1,1390,0.0
O004152,P040,1,430,0.05
O004152,P052,1,260,0.0
O004153,P096,1,260,0.05
O004154,P078,2,3260,0.0
O004155,P096,2,260,0.05
O004155,P094,2,1100,0.05
O004156,P096,2,260,0.2
O004157,P020,2,1760,0.05
O004158,P008,1,5930,0.05
O004159,P008,1,5930,0.3
O004159,P035,1,390,0.0
O004160,P020,1,1760,0.0
O004161,P052,1,260,0.05
O004162,P088,1,2510,0.0
O004163,P001,1,5210,0.0
O004164,P022,1,1690,0.0
O004165,P053,3,310,0.05
O004166,P020,2,1760,0.05
O004166,P038,1,940,0.0
O004166,P096,1,260,0.0
O004167,P006,2,5860,0.05
O004168,P047,1,1740,0.0
O004169,P053,1,310,0.0
O004170,P010,2,6950,0.3
O004170,P033,1,2190,0.1
O004170,P047,1,1740,0.0
O004170,P052,1,260,0.2
O004171,P054,1,480,0.0
O004172,P079,1,630,0.1
O004173,P069,2,250,0.0
O004174,P096,1,260,0.0
O004175,P053,2,310,0.2
O004175,P031,3,700,0.1
O004176,P025,1,1700,0.0
O004176,P012,2,1160,0.2
O004177,P090,2,2690,0.3
O004178,P090,1,2690,0.0
O004178,P085,1,1400,0.0
O004179,P096,2,260,0.2
O004180,P033,1,2190,0.3
O004180,P088,2,2510,0.1
O004181,P008,1,5930,0.2
O004181,P090,2,2690,0.0
O004182,P039,1,1980,0.2
O004182,P049,3,870,0.0
O004182,P079,3,630,0.0
O004183,P007,2,1390,0.3
O004184,P076,1,2640,0.1
O004185,P051,1,700,0.0
O004186,P008,1,5930,0.1
O004186,P055,1,210,0.2
O004187,P097,1,1960,0.05
O004188,P070,1,800,0.0
O004188,P048,1,600,0.05
O004189,P050,1,570,0.0
O004190,P053,2,310,0.1
O004191,P057,1,360,0.05
O004191,P020,1,1760,0.1
O004192,P007,1,1390,0.0
O004193,P047,1,1740,0.2
O004194,P085,1,1400,0.1
O004194,P033,1,2190,0.05
O004195,P052,1,260,0.0
O004196,P042,1,5470,0.05
O004197,P020,3,1760,0.0
O004197,P004,3,1090,0.0
O004198,P007,2,1390,0.1
O004199,P033,1,2190,0.3
O004199,P007,2,1390,0.0
O004199,P047,1,1740,0.0
O004200,P077,2,4260,0.0
O004201,P008,1,5930,0.0
O004202,P020,1,1760,0.1
O004203,P050,3,570,0.05
O004203,P088,1,2510,0.2
O004204,P033,1,2190,0.3
O004205,P079,3,630,0.05
O004205,P008,1,5930,0.0
O004206,P063,1,500,0.0
O004206,P055,1,210,0.0
O004207,P035,1,390,0.0
O004207,P051,1,700,0.0
O004207,P003,1,8480,0.2
O004208,P085,2,1400,0.1
O004209,P004,1,1090,0.05
O004209,P074,2,890,0.1
O004210,P066,1,160,0.1
O004211,P079,1,630,0.05
O004212,P086,2,1840,0.0
O004212,P003,1,8480,0.0
O004213,P096,1,260,0.05
O004214,P052,1,260,0.0
O004215,P020,1,1760,0.0
O004216,P002,1,4330,0.0
O004217,P015,1,600,0.0
O004217,P043,2,1220,0.0
O004217,P020,1,1760,0.3
O004218,P071,1,450,0.0
O004218,P008,1,5930,0.1
O004218,P006,1,5860,0.2
O004219,P020,1,1760,0.0
O004219,P008,1,5930,0.0
O004220,P063,1,500,0.0
O004220,P052,2,260,0.1
O004221,P004,1,1090,0.0
O004222,P022,1,1690,0.0
O004222,P031,3,700,0.2
O004222,P088,1,2510,0.0
O004223,P096,1,260,0.0
O004224,P008,1,5930,0.0
O004225,P092,1,1210,0.0
O004226,P057,2,360,0.3
O004227,P032,2,1590,0.05
O004228,P008,1,5930,0.0
O004228,P069,3,250,0.0
O004228,P002,2,4330,0.3
O004228,P013,2,4850,0.2
O004229,P008,1,5930,0.0
O004229,P072,2,3800,0.1
O004230,P052,1,260,0.0
O004231,P098,3,930,0.0
O004231,P035,2,390,0.2
O004232,P092,2,1210,0.3
O004232,P024,3,540,0.0
O004232,P045,1,630,0.0
O004233,P074,1,890,0.0
O004234,P042,1,5470,0.3
O004234,P008,1,5930,0.3
O004235,P079,1,630,0.2
O004235,P074,1,890,0.05
O004236,P047,1,1740,0.0
O004237,P056,1,1440,0.0
O004237,P008,1,5930,0.1
O004238,P010,1,6950,0.3
O004238,P051,1,700,0.0
O004238,P008,1,5930,0.0
O004238,P048,1,600,0.0
O004239,P003,1,8480,0.0
O004240,P088,1,2510,0.1
O004241,P037,1,470,0.05
O004241,P079,3,630,0.0
O004242,P008,1,5930,0.05
O004243,P023,1,2180,0.0
O004243,P033,3,2190,0.0
O004244,P024,1,540,0.0
O004245,P050,1,570,0.0
O004245,P057,2,360,0.0
O004246,P018,1,790,0.3
O004247,P014,1,1960,0.1
O004247,P015,2,600,0.2
O004248,P074,2,890,0.0
O004249,P052,1,260,0.1
O004249,P015,2,600,0.05
O004249,P047,2,1740,0.05
O004250,P033,1,2190,0.0
O004251,P073,1,3790,0.2
O004252,P074,1,890,0.0
O004253,P007,2,1390,0.1
O004254,P084,1,540,0.1
O004254,P020,1,1760,0.1
O004255,P020,1,1760,0.2
O004256,P008,1,5930,0.0
O004256,P052,1,260,0.05
O004256,P047,1,1740,0.0
O004257,P020,3,1760,0.0
O004258,P073,1,3790,0.2
O004259,P011,1,1280,0.1
O004260,P028,2,430,0.3
O004260,P033,1,2190,0.0
O004261,P020,1,1760,0.0
O004261,P008,2,5930,0.0
O004261,P050,1,570,0.2
O004261,P080,2,660,0.2
O004261,P075,1,2130,0.1
O004262,P045,1,630,0.1
O004263,P069,1,250,0.1
O004263,P033,1,2190,0.2
O004264,P033,1,2190,0.0
O004265,P020,1,1760,0.0
O004265,P082,1,580,0.0
O004266,P037,1,470,0.05
O004267,P050,1,570,0.0
O004268,P008,1,5930,0.1
O004268,P081,1,2850,0.0
O004268,P087,1,1570,0.0
O004269,P096,1,260,0.0
O004270,P012,1,1160,0.0
O004271,P045,2,630,0.0
O004271,P027,3,1330,0.0
O004272,P096,1,260,0.05
O004272,P053,2,310,0.05
O004272,P076,1,2640,0.0
O004273,P002,1,4330,0.0
O004274,P020,1,1760,0.1
O004275,P002,2,4330,0.2
O004275,P001,1,5210,0.0
O004275,P050,1,570,0.2
O004275,P029,1,570,0.05
O004276,P048,1,600,0.0
O004277,P006,1,5860,0.1
O004277,P052,2,260,0.05
O004278,P012,1,1160,0.05
O004279,P053,1,310,0.0
O004279,P081,1,2850,0.1
O004280,P005,3,1960,0.2
O004280,P079,1,630,0.0
O004281,P007,1,1390,0.3
O004281,P070,2,800,0.05
O004282,P020,2,1760,0.0
O004283,P041,1,4560,0.05
O004283,P012,1,1160,0.0
O004283,P020,2,1760,0.0
O004284,P047,1,1740,0.0
O004285,P072,1,3800,0.2
O004286,P007,1,1390,0.05
O004287,P052,1,260,0.1
O004287,P010,2,6950,0.0
O004287,P043,3,1220,
O004287,P076,1,2640,0.2
O004288,P088,2,2510,0.0
O004288,P079,1,630,0.0
O004288,P043,1,1220,0.0
O004289,P020,1,1760,0.0
O004290,P008,3,5930,0.0
O004290,P017,1,1030,0.05
O004291,P036,1,490,0.2
O004292,P047,1,1740,0.0
O004293,P080,2,660,0.3
O004294,P006,1,5860,0.0
O004294,P085,1,1400,0.2
O004295,P020,2,1760,0.0
O004296,P052,1,260,0.3
O004296,P021,1,620,0.0
O004297,P033,1,2190,0.0
O004298,P007,1,1390,0.0
O004298,P088,1,2510,0.05
O004299,P091,3,2490,0.05
O004300,P059,1,240,0.2
O004301,P088,3,2510,0.05
O004302,P078,1,3260,0.3
O004303,P090,1,2690,0.0
O004304,P028,1,430,0.0
O004305,P081,1,2850,
O004306,P020,1,1760,0.05
O004307,P080,1,660,0.3
O004308,P022,1,1690,0.0
O004308,P052,1,260,0.05
O004308,P090,1,2690,0.05
O004309,P088,2,2510,0.0
O004310,P012,3,1160,0.0
O004311,P052,1,260,0.05
O004311,P008,1,5930,0.3
O004312,P051,1,700,0.0
O004313,P096,1,260,0.1
O004313,P052,1,260,0.0
O004314,P001,1,5210,0.0
O004315,P007,3,1390,0.0
O004316,P047,1,1740,0.1
O004317,P074,1,890,0.2
O004317,P052,3,260,0.1
O004317,P022,1,1690,0.1
O004318,P002,1,4330,0.0
O004319,P051,2,700,0.0
O004320,P053,2,310,0.0
O004320,P003,2,8480,0.0
O004321,P002,1,4330,0.0
O004322,P063,1,500,0.05
O004323,P052,1,260,0.2
O004324,P015,1,600,0.05
O004325,P050,1,570,0.05
O004326,P039,1,1980,0.05
O004326,P086,1,1840,0.0
O004327,P098,2,930,0.0
O004327,P007,1,1390,0.2
O004328,P079,1,630,0.1
O004328,P010,2,6950,0.05
O004329,P080,3,660,0.0
O004329,P047,2,1740,0.0
O004330,P051,2,700,0.0
O004330,P002,3,4330,0.05
O004331,P043,2,1220,0.0
O004332,P020,2,1760,0.0
O004332,P055,1,210,0.05
O004333,P059,1,240,0.0
O004333,P088,1,2510,0.1
O004334,P014,1,1960,0.0
O004335,P003,1,8480,0.1
O004336,P028,1,430,0.0
O004336,P051,1,700,0.05
O004337,P047,1,1740,0.05
O004337,P039,1,1980,0.0
O004337,P075,2,2130,0.0
O004338,P051,1,700,0.3
O004338,P094,1,1100,0.2
O004339,P032,1,1590,0.2
O004339,P074,1,890,0.0
O004340,P012,3,1160,0.0
O004340,P054,1,480,0.0
O004341,P074,1,890,0.3
O004341,P052,2,260,0.05
O004342,P096,1,260,0.0
O004343,P092,2,1210,0.0
O004344,P043,2,1220,0.0
O004344,P073,1,3790,0.3
O004344,P051,1,700,0.0
O004344,P020,1,1760,0.1
O004345,P002,1,4330,0.3
O004345,P033,1,2190,0.1
O004346,P022,1,1690,0.05
O004346,P040,1,430,0.2
O004347,P092,1,1210,0.0
O004347,P008,1,5930,0.2
O004348,P006,1,5860,0.0
O004349,P020,1,1760,0.0
O004350,P050,1,570,0.1
O004351,P021,1,620,0.3
O004351,P052,3,260,0.3
O004352,P088,1,2510,0.1
O004352,P020,2,1760,0.0
O004353,P055,2,210,0.05
O004353,P088,3,2510,0.05
O004354,P029,2,570,0.0
O004355,P042,1,5470,0.3
O004355,P079,1,630,0.0
O004356,P033,1,2190,0.0
O004357,P052,2,260,0.0
O004357,P098,2,930,0.0
O004358,P045,1,630,0.0
O004358,P034,2,490,0.1
O004359,P080,1,660,0.0
O004359,P052,2,260,0.1
O004360,P052,2,260,0.05
O004360,P079,1,630,0.1
O004360,P033,1,2190,0.1
O004361,P008,2,5930,0.05
O004362,P033,1,2190,0.05
O004362,P011,3,1280,0.1
O004363,P006,2,5860,0.0
O004363,P008,1,5930,0.0
O004364,P052,1,260,0.0
O004365,P028,2,430,0.0
O004366,P087,1,1570,0.0
O004367,P020,1,1760,0.0
O004368,P012,1,1160,0.2
O004369,P033,1,2190,0.0
O004369,P017,2,1030,0.0
O004370,P064,1,550,0.0
O004370,P033,2,2190,0.0
O004371,P052,1,260,0.05
O004371,P013,1,4850,0.0
O004372,P071,2,450,0.0
O004373,P066,1,160,0.0
O004373,P015,1,600,0.0
O004373,P051,1,700,0.05
O004374,P077,3,4260,0.2
O004374,P033,2,2190,0.3
O004375,P020,1,1760,0.0
O004375,P059,1,240,0.0
O004375,P047,1,1740,0.1
O004376,P088,1,2510,0.1
O004377,P047,1,1740,0.05
O004378,P098,2,930,0.1
O004379,P074,1,890,0.0
O004379,P079,1,630,0.05
O004379,P052,1,260,0.1
O004380,P008,2,5930,0.05
O004380,P075,1,2130,0.2
O004380,P069,1,250,0.0
O004380,P040,3,430,0.0
O004381,P079,3,630,
O004382,P051,3,700,0.0
O004382,P043,1,1220,0.2
O004383,P081,1,2850,0.0
O004383,P007,1,1390,0.0
O004384,P078,1,3260,0.0
O004385,P059,3,240,0.0
O004386,P051,1,700,0.0
O004387,P096,1,260,0.0
O004388,P043,1,1220,0.05
O004389,P082,1,580,0.05
O004389,P056,1,1440,0.0
O004390,P022,1,1690,0.0
O004391,P020,1,1760,0.0
O004392,P081,3,2850,0.1
O004392,P096,1,260,0.0
O004392,P008,1,5930,0.0
O004393,P095,1,1840,0.0
O004393,P020,1,1760,0.0
O004393,P008,1,5930,0.05
O004393,P076,1,2640,0.1
O004394,P018,1,790,0.0
O004395,P020,1,1760,0.1
O004396,P086,1,1840,0.0
O004396,P073,1,3790,0.3
O004397,P007,1,1390,0.0
O004398,P043,1,1220,0.2
O004399,P035,1,390,0.0
O004400,P052,1,260,0.0
O004401,P092,1,1210,0.2
O004402,P020,1,1760,0.0
O004402,P055,1,210,0.2
O004403,P047,1,1740,0.0
O004403,P043,1,1220,0.0
O004404,P062,1,400,0.3
O004404,P030,1,600,0.0
O004405,P043,2,1220,0.05
O004405,P079,2,630,0.1
O004405,P022,2,1690,0.0
O004406,P033,2,2190,0.2
O004406,P047,1,1740,0.0
O004406,P071,2,450,0.3
O004406,P054,1,480,0.2
O004407,P008,1,5930,0.3
O004408,P092,1,1210,0.2
O004409,P047,2,1740,0.3
O004409,P096,1,260,0.2
O004410,P008,1,5930,0.0
O004410,P063,1,500,0.0
O004410,P078,1,3260,0.0
O004411,P012,2,1160,0.0
O004411,P051,1,700,0.0
O004411,P047,1,1740,0.2
O004412,P052,3,260,0.0
O004413,P088,2,2510,0.3
O004413,P096,2,260,0.0
O004413,P054,3,480,0.1
O004414,P028,1,430,0.05
O004414,P029,1,570,0.0
O004415,P051,1,700,0.0
O004416,P079,1,630,0.05
O004416,P044,1,260,0.2
O004417,P080,2,660,0.1
O004417,P096,1,260,0.05
O004417,P031,1,700,0.3
O004418,P033,1,2190,0.05
O004418,P050,1,570,0.2
O004419,P051,1,700,0.1
O004420,P088,1,2510,0.0
O004420,P068,1,260,0.2
O004420,P012,2,1160,0.1
O004420,P033,1,2190,0.1
O004421,P029,2,570,0.1
O004422,P057,1,360,0.0
O004423,P057,2,360,0.0
O004423,P033,1,2190,0.0
O004424,P055,2,210,0.0
O004425,P052,1,260,0.1
O004426,P079,1,630,0.3
O004427,P094,1,1100,0.0
O004427,P020,1,1760,0.0
O004428,P010,1,6950,0.0
O004428,P032,3,1590,0.1
O004429,P049,1,870,0.05
O004429,P033,2,2190,0.2
O004430,P007,1,1390,0.0
O004430,P006,1,5860,0.3
O004430,P014,1,1960,0.1
O004431,P052,2,260,0.0
O004431,P096,1,260,0.0
O004432,P030,1,600,0.1
O004432,P052,1,260,0.0
O004433,P036,1,490,0.3
O004434,P002,2,4330,0.05
O004435,P002,1,4330,0.0
O004436,P033,1,2190,0.0
O004437,P061,1,660,0.1
O004437,P007,1,1390,0.05
O004438,P096,1,260,0.2
O004439,P081,1,2850,0.05
O004440,P029,2,570,0.3
O004441,P031,1,700,0.2
O004442,P008,1,5930,0.1
O004443,P020,1,1760,0.0
O004443,P033,1,2190,0.0
O004444,P029,2,570,0.0
O004444,P096,1,260,0.0
O004445,P086,1,1840,0.0
O004446,P047,1,1740,0.3
O004447,P080,1,660,0.05
O004447,P085,1,1400,0.3
O004448,P020,1,1760,0.05
O004448,P076,1,2640,0.3
O004449,P002,1,4330,0.0
O004450,P035,2,390,0.0
O004451,P033,1,2190,0.0
O004452,P009,1,5010,0.3
O004453,P079,1,630,0.0
O004453,P096,1,260,0.3
O004454,P066,1,160,0.1
O004454,P052,1,260,0.0
O004454,P018,1,790,0.0
O004455,P037,1,470,0.3
O004455,P012,2,1160,0.2
O004456,P096,1,260,0.05
O004456,P051,1,700,0.0
O004456,P040,1,430,0.0
O004457,P033,1,2190,0.2
O004458,P025,1,1700,0.05
O004458,P012,1,1160,0.3
O004459,P081,1,2850,0.2
O004459,P024,3,540,0.3
O004460,P083,1,710,0.0
O004460,P052,2,260,0.3
O004461,P007,2,1390,0.0
O004462,P047,2,1740,0.0
O004463,P001,3,5210,0.05
O004463,P080,2,660,0.2
O004464,P047,1,1740,0.3
O004464,P037,2,470,0.0
O004465,P093,1,350,0.05
O004465,P084,1,540,0.3
O004466,P079,1,630,0.0
O004466,P033,1,2190,0.2
O004467,P051,1,700,0.0
O004468,P004,1,1090,0.3
O004468,P052,2,260,0.1
O004468,P007,1,1390,0.0
O004468,P020,1,1760,0.0
O004469,P060,1,330,0.3
O004470,P020,3,1760,0.3
O004471,P096,1,260,0.0
O004471,P017,1,1030,0.0
O004471,P020,1,1760,0.0
O004472,P033,1,2190,0.0
O004473,P033,1,2190,0.1
O004473,P096,2,260,0.0
O004474,P079,1,630,0.1
O004475,P007,1,1390,0.2
O004476,P096,3,260,0.3
O004476,P037,1,470,0.05
O004477,P096,1,260,0.05
O004478,P045,1,630,0.0
O004478,P013,1,4850,0.0
O004479,P045,2,630,0.0
O004479,P056,1,1440,0.2
O004480,P093,1,350,0.2
O004481,P041,3,4560,0.0
O004482,P084,3,540,0.05
O004482,P072,3,3800,0.0
O004483,P001,1,5210,0.2
O004483,P080,1,660,0.2
O004484,P052,1,260,0.05
O004484,P023,1,2180,0.0
O004485,P092,2,1210,0.05
O004486,P080,1,660,0.0
O004487,P002,1,4330,0.1
O004488,P054,3,480,0.0
O004489,P081,1,2850,0.1
O004490,P096,1,260,0.0
O004491,P079,2,630,0.0
O004492,P086,1,1840,0.0
O004493,P082,2,580,0.2
O004494,P079,1,630,0.3
O004495,P036,1,490,0.0
O004496,P057,1,360,0.0
O004496,P059,2,240,0.1
O004497,P053,1,310,0.3
O004498,P007,3,1390,0.2
O004499,P002,3,4330,0.0
O004499,P043,1,1220,0.05
O004500,P050,1,570,0.0
O004501,P064,1,550,0.2
O004502,P047,1,1740,0.2
O004503,P006,1,5860,0.1
O004503,P060,1,330,0.05
O004503,P052,1,260,0.0
O004504,P096,2,260,0.2
O004504,P030,1,600,0.0
O004505,P029,1,570,0.3
O004505,P020,1,1760,0.0
O004506,P093,3,350,0.1
O004506,P070,1,800,0.2
O004507,P076,1,2640,0.0
O004507,P052,1,260,
O004507,P009,1,5010,0.3
O004508,P046,1,860,0.0
O004509,P054,1,480,0.0
O004510,P028,1,430,0.0
O004511,P006,1,5860,0.2
O004512,P036,1,490,0.1
O004513,P080,1,660,0.2
O004514,P028,1,430,0.1
O004514,P020,1,1760,0.1
O004515,P020,3,1760,0.0
O004515,P038,1,940,0.1
O004515,P012,1,1160,0.1
O004516,P079,1,630,0.0
O004517,P052,1,260,0.0
O004518,P079,1,630,0.0
O004518,P032,1,1590,0.0
O004518,P020,1,1760,0.0
O004519,P074,1,890,0.0
O004520,P096,1,260,0.3
O004521,P069,1,250,0.1
O004522,P076,1,2640,0.2
O004522,P052,1,260,0.3
O004523,P003,1,8480,0.0
O004523,P052,1,260,0.0
O004523,P034,2,490,0.1
O004524,P008,1,5930,0.0
O004524,P012,1,1160,0.0
O004525,P054,1,480,0.2
O004526,P052,1,260,0.0
O004527,P002,1,4330,0.1
O004527,P012,1,1160,0.1
O004528,P051,2,700,0.2
O004528,P047,3,1740,0.0
O004529,P045,1,630,0.0
O004529,P054,1,480,0.0
O004529,P079,1,630,0.05
O004530,P007,1,1390,0.1
O004530,P040,1,430,0.0
O004531,P033,1,2190,0.05
O004532,P002,1,4330,0.2
O004533,P033,1,2190,0.1
O004534,P047,1,1740,0.05
O004535,P051,1,700,0.0
O004536,P033,1,2190,0.0
O004536,P092,2,1210,0.2
O004537,P079,2,630,0.2
O004537,P077,1,4260,0.2
O004538,P035,3,390,0.05
O004538,P063,1,500,0.05
O004539,P027,1,1330,0.0
O004539,P096,1,260,0.0
O004540,P096,1,260,0.1
O004540,P008,1,5930,0.0
O004540,P033,1,2190,0.0
O004541,P086,1,1840,0.05
O004542,P033,3,2190,0.1
O004542,P088,1,2510,0.0
O004542,P055,2,210,0.05
O004543,P052,1,260,0.1
O004544,P074,1,890,0.0
O004545,P080,2,660,0.3
O004546,P008,1,5930,0.0
O004547,P075,2,2130,0.0
O004547,P002,1,4330,
O004547,P027,1,1330,0.05
O004547,P008,1,5930,0.0
O004548,P052,1,260,0.0
O004548,P002,1,4330,0.2
O004549,P050,1,570,0.0
O004550,P096,1,260,0.0
O004551,P002,3,4330,0.05
O004551,P054,2,480,0.05
O004552,P008,1,5930,0.3
O004553,P051,1,700,0.1
O004553,P037,2,470,0.0
O004553,P054,1,480,0.0
O004554,P080,1,660,0.0
O004555,P051,1,700,0.1
O004555,P010,1,6950,0.0
O004556,P033,1,2190,0.05
O004557,P018,2,790,0.05
O004557,P054,1,480,0.1
O004557,P096,1,260,0.0
O004558,P002,1,4330,0.1
O004559,P096,1,260,0.05
O004559,P041,1,4560,0.0
O004560,P092,1,1210,0.3
O004560,P050,1,570,0.0
O004561,P047,1,1740,0.3
O004562,P051,1,700,0.0
O004562,P042,1,5470,0.0
O004562,P028,1,430,0.05
O004563,P059,1,240,0.2
O004563,P001,3,5210,0.0
O004564,P015,2,600,0.2
O004564,P054,1,480,0.0
O004565,P077,1,4260,0.3
O004565,P008,2,5930,0.0
O004566,P079,1,630,0.05
O004567,P093,1,350,0.0
O004568,P057,1,360,0.05
O004569,P047,3,1740,0.3
O004570,P005,1,1960,0.0
O004570,P079,1,630,0.0
O004571,P001,1,5210,0.2
O004571,P037,1,470,0.0
O004572,P077,2,4260,0.05
O004573,P028,1,430,0.0
O004573,P078,1,3260,0.0
O004574,P033,1,2190,0.05
O004574,P008,1,5930,0.1
O004575,P071,1,450,0.0
O004575,P055,2,210,0.05
O004575,P051,1,700,0.1
O004575,P052,1,260,0.1
O004576,P052,1,260,0.3
O004577,P055,1,210,0.0
O004578,P080,1,660,0.0
O004579,P066,1,160,0.05
O004579,P096,2,260,0.0
O004580,P043,1,1220,0.0
O004581,P052,3,260,
O004582,P096,1,260,0.0
O004582,P026,1,2100,0.3
O004583,P027,1,1330,
O004583,P012,1,1160,0.05
O004583,P053,1,310,0.1
O004584,P006,1,5860,0.0
O004584,P055,1,210,0.1
O004585,P080,1,660,0.0
O004586,P039,1,1980,0.0
O004587,P032,1,1590,0.0
O004587,P008,3,5930,0.05
O004588,P030,1,600,0.05
O004588,P010,1,6950,0.3
O004589,P034,1,490,0.0
O004590,P051,2,700,0.05
O004591,P043,1,1220,0.1
O004592,P020,2,1760,0.05
O004593,P096,1,260,0.0
O004594,P079,1,630,0.05
O004595,P007,1,1390,0.05
O004595,P088,1,2510,0.05
O004596,P096,1,260,0.2
O004597,P019,1,2290,0.0
O004598,P020,2,1760,0.0
O004598,P028,1,430,0.1
O004598,P051,1,700,0.2
O004599,P031,1,700,0.0
O004599,P054,1,480,0.0
O004600,P052,2,260,0.3
O004601,P080,1,660,0.0
O004602,P076,1,2640,0.05
O004603,P047,1,1740,0.1
O004604,P003,1,8480,0.0
O004605,P052,1,260,0.05
O004606,P096,1,260,0.05
O004606,P033,1,2190,0.2
O004607,P086,1,1840,0.05
O004608,P059,1,240,0.1
O004608,P057,2,360,0.2
O004609,P052,2,260,0.0
O004609,P048,1,600,0.0
O004610,P002,1,4330,0.2
O004610,P006,1,5860,0.0
O004611,P002,1,4330,0.1
O004612,P080,1,660,0.1
O004612,P047,1,1740,0.2
O004612,P096,2,260,0.05
O004613,P078,2,3260,0.0
O004613,P096,2,260,0.2
O004613,P040,1,430,0.0
O004614,P014,1,1960,0.0
O004614,P095,1,1840,0.05
O004614,P002,1,4330,0.0
O004615,P033,1,2190,0.0
O004615,P008,3,5930,0.1
O004616,P051,1,700,0.0
O004616,P014,2,1960,0.2
O004616,P048,1,600,0.0
O004617,P070,1,800,0.0
O004617,P053,1,310,0.1
O004618,P002,1,4330,0.3
O004619,P051,1,700,0.0
O004620,P079,1,630,0.1
O004620,P098,1,930,0.05
O004621,P043,1,1220,0.3
O004622,P079,1,630,0.0
O004622,P033,1,2190,0.0
O004623,P074,1,890,0.3
O004623,P096,1,260,0.0
O004624,P096,1,260,0.3
O004625,P002,1,4330,0.05
O004626,P033,3,2190,0.0
O004627,P098,1,930,0.0
O004627,P024,1,540,0.0
O004627,P001,2,5210,0.2
O004627,P039,3,1980,0.0
O004628,P067,1,290,0.3
O004629,P096,1,260,0.05
O004629,P020,1,1760,0.0
O004630,P080,1,660,0.05
O004631,P096,1,260,0.0
O004632,P046,3,860,0.0
O004633,P005,1,1960,0.0
O004633,P070,1,800,0.0
O004634,P080,1,660,0.0
O004635,P086,1,1840,0.0
O004636,P031,1,700,0.3
O004637,P052,1,260,0.1
O004637,P067,1,290,0.0
O004637,P077,3,4260,0.0
O004637,P071,1,450,0.0
O004638,P096,1,260,0.0
O004638,P079,1,630,0.3
O004639,P037,1,470,0.2
O004640,P003,1,8480,0.05
O004640,P070,1,800,0.0
O004641,P047,1,1740,0.1
O004641,P087,1,1570,0.0
O004642,P007,1,1390,0.05
O004643,P081,1,2850,0.3
O004643,P086,1,1840,0.3
O004644,P080,1,660,0.05
O004645,P080,2,660,0.0
O004646,P053,1,310,0.05
O004647,P042,1,5470,0.05
O004648,P088,2,2510,0.2
O004648,P047,1,1740,0.0
O004648,P030,1,600,0.1
O004649,P048,3,600,0.0
O004650,P055,1,210,0.0
O004651,P051,1,700,0.0
O004652,P054,3,480,0.0
O004652,P020,1,1760,0.05
O004653,P007,1,1390,0.05
O004654,P012,1,1160,0.0
O004655,P062,2,400,0.0
O004656,P070,1,800,0.2
O004656,P043,1,1220,0.2
O004657,P079,1,630,0.0
O004658,P048,2,600,0.2
O004659,P057,2,360,0.0
O004659,P043,1,1220,0.0
O004660,P079,3,630,0.0
O004661,P026,2,2100,0.2
O004661,P073,1,3790,0.0
O004662,P092,1,1210,0.2
O004663,P052,1,260,0.05
O004664,P054,1,480,0.0
O004664,P007,1,1390,0.3
O004665,P028,1,430,0.1
O004665,P076,3,2640,0.2
O004665,P069,1,250,0.0
O004666,P064,3,550,0.05
O004667,P053,1,310,0.1
O004667,P050,1,570,0.0
O004668,P020,1,1760,0.0
O004669,P001,1,5210,0.0
O004670,P007,1,1390,0.1
O004671,P079,2,630,0.0
O004672,P025,1,1700,0.3
O004673,P051,1,700,0.0
O004673,P054,1,480,0.05
O004674,P010,1,6950,0.2
O004674,P043,1,1220,0.2
O004675,P047,3,1740,0.05
O004675,P052,1,260,0.1
O004676,P071,1,450,0.0
O004676,P052,1,260,0.05
O004677,P080,1,660,0.0
O004677,P079,2,630,0.2
O004677,P033,2,2190,0.2
O004677,P051,1,700,0.3
O004678,P096,2,260,0.2
O004679,P033,1,2190,0.0
O004680,P080,3,660,0.0
O004681,P052,1,260,0.2
O004682,P003,3,8480,0.05
O004683,P096,2,260,0.1
O004684,P054,1,480,0.0
O004684,P070,1,800,0.0
O004685,P050,1,570,0.0
O004686,P053,3,310,0.3
O004687,P031,2,700,0.0
O004687,P021,1,620,0.1
O004688,P008,3,5930,0.05
O004688,P079,2,630,0.0
O004688,P074,2,890,0.1
O004689,P082,1,580,0.0
O004689,P078,1,3260,0.0
O004690,P054,3,480,0.0
O004690,P051,1,700,0.0
O004691,P096,2,260,0.1
O004692,P058,1,420,
O004692,P028,1,430,0.05
O004692,P020,1,1760,0.0
O004693,P045,1,630,0.05
O004694,P088,1,2510,0.0
O004694,P094,1,1100,0.1
O004695,P089,1,530,0.05
O004696,P018,1,790,0.0
O004697,P080,1,660,0.0
O004697,P007,1,1390,0.3
O004698,P051,2,700,0.1
O004698,P081,1,2850,0.0
O004699,P048,1,600,0.0
O004700,P010,1,6950,0.2
O004701,P005,3,1960,0.0
O004702,P088,1,2510,0.0
O004702,P079,1,630,0.0
O004702,P028,1,430,0.05
O004703,P076,2,2640,0.2
O004704,P096,1,260,0.0
O004705,P069,1,250,0.1
O004705,P020,1,1760,0.0
O004705,P030,1,600,0.0
O004706,P096,3,260,0.05
O004706,P068,1,260,0.05
O004707,P096,1,260,0.0
O004708,P051,1,700,0.0
O004709,P051,1,700,0.2
O004710,P036,1,490,0.0
O004710,P090,1,2690,0.0
O004711,P052,1,260,0.05
O004712,P040,2,430,0.0
O004712,P079,2,630,0.0
O004712,P094,3,1100,0.1
O004713,P080,1,660,0.3
O004713,P035,2,390,0.3
O004713,P016,1,650,0.0
O004714,P079,1,630,0.2
O004715,P052,1,260,0.0
O004715,P008,2,5930,0.05
O004715,P055,1,210,0.05
O004716,P079,1,630,0.0
O004716,P048,1,600,0.0
O004717,P031,2,700,0.0
O004718,P033,1,2190,0.1
O004718,P042,1,5470,0.0
O004719,P072,1,3800,0.0
O004720,P052,1,260,0.0
O004721,P051,2,700,0.0
O004721,P006,1,5860,0.3
O004722,P051,1,700,0.05
O004723,P094,1,1100,0.2
O004724,P079,2,630,0.05
O004724,P051,1,700,0.3
O004725,P096,1,260,0.3
O004726,P003,2,8480,0.2
O004726,P006,2,5860,0.05
O004727,P088,1,2510,0.0
O004727,P033,1,2190,0.0
O004728,P047,1,1740,0.2
O004729,P037,1,470,0.0
O004730,P010,1,6950,0.0
O004730,P047,2,1740,0.0
O004731,P012,2,1160,0.0
O004731,P047,1,1740,0.0
O004732,P096,1,260,0.1
O004733,P082,3,580,0.05
O004734,P096,3,260,0.3
O004734,P020,1,1760,0.1
O004735,P079,1,630,0.0
O004736,P007,1,1390,0.0
O004737,P096,1,260,0.3
O004738,P028,1,430,0.05
O004738,P002,1,4330,0.1
O004738,P051,1,700,0.0
O004739,P051,1,700,0.0
O004740,P006,1,5860,0.05
O004740,P020,1,1760,0.0
O004741,P013,2,4850,0.05
O004741,P002,2,4330,0.1
O004742,P028,1,430,0.0
O004742,P052,1,260,0.0
O004742,P051,3,700,0.1
O004743,P033,1,2190,0.0
O004744,P005,2,1960,0.1
O004745,P088,2,2510,0.0
O004746,P020,2,1760,0.05
O004747,P088,1,2510,0.0
O004748,P092,1,1210,0.2
O004749,P096,1,260,0.0
O004749,P068,1,260,0.0
O004749,P033,1,2190,0.3
O004750,P052,1,260,0.0
O004751,P039,3,1980,0.1
O004751,P096,2,260,0.3
O004752,P082,1,580,0.05
O004752,P019,1,2290,0.2
O004753,P080,1,660,0.0
O004754,P052,1,260,0.0
O004754,P027,1,1330,0.05
O004755,P025,1,1700,0.0
O004756,P063,1,500,0.0
O004757,P052,1,260,0.0
O004758,P086,1,1840,0.2
O004758,P008,1,5930,0.0
O004759,P096,1,260,0.0
O004760,P072,1,3800,0.0
O004760,P092,1,1210,0.2
O004761,P072,1,3800,0.0
O004762,P052,1,260,0.0
O004763,P096,2,260,0.05
O004764,P079,2,630,0.0
O004765,P076,1,2640,0.2
O004766,P037,3,470,0.0
O004766,P070,2,800,0.0
O004767,P079,2,630,0.1
O004768,P012,1,1160,0.0
O004769,P076,1,2640,0.0
O004769,P077,1,4260,0.0
O004770,P034,1,490,0.1
O004770,P012,2,1160,0.0
O004771,P033,1,2190,0.0
O004772,P047,1,1740,0.0
O004772,P072,1,3800,0.0
O004773,P033,1,2190,0.0
O004773,P092,1,1210,0.3
O004774,P011,2,1280,0.2
O004774,P068,1,260,0.2
O004775,P022,1,1690,0.0
O004776,P088,1,2510,0.1
O004777,P082,1,580,0.2
O004778,P020,1,1760,0.0
O004778,P072,1,3800,0.0
O004779,P020,1,1760,0.1
O004779,P053,1,310,0.1
O004780,P089,1,530,0.0
O004781,P047,1,1740,0.0
O004781,P084,1,540,0.3
O004782,P079,1,630,0.0
O004782,P076,1,2640,0.0
O004782,P080,1,660,0.0
O004783,P082,1,580,0.0
O004783,P097,1,1960,0.0
O004784,P091,1,2490,0.1
O004784,P066,2,160,0.0
O004785,P033,1,2190,0.0
O004785,P075,1,2130,0.0
O004785,P047,1,1740,0.0
O004785,P070,1,800,0.3
O004786,P096,1,260,0.0
O004786,P062,1,400,0.1
O004787,P024,1,540,0.1
O004788,P096,1,260,0.0
O004789,P001,1,5210,
O004789,P035,1,390,0.0
O004790,P031,1,700,0.0
O004791,P030,1,600,0.1
O004791,P002,1,4330,0.05
O004792,P054,1,480,0.1
O004792,P079,1,630,0.05
O004793,P047,2,1740,0.0
O004793,P051,1,700,0.3
O004794,P003,1,8480,0.0
O004795,P085,1,1400,0.0
O004795,P088,1,2510,0.0
O004795,P052,2,260,0.1
O004796,P071,2,450,0.0
O004796,P002,1,4330,0.0
O004797,P096,1,260,0.0
O004798,P054,1,480,0.3
O004799,P006,1,5860,0.0
O004800,P020,1,1760,0.1
O004801,P072,2,3800,0.05
O004802,P047,2,1740,0.1
O004803,P033,1,2190,0.0
O004803,P072,1,3800,0.1
O004803,P092,2,1210,0.0
O004803,P011,1,1280,0.0
O004804,P038,1,940,0.0
O004805,P055,1,210,0.1
O004806,P007,1,1390,0.2
O004806,P054,1,480,0.3
O004807,P033,1,2190,0.0
O004807,P047,1,1740,0.1
O004808,P077,2,4260,0.05
O004809,P010,1,6950,0.0
O004810,P008,1,5930,0.2
O004810,P033,1,2190,0.0
O004811,P043,1,1220,0.2
O004811,P047,1,1740,0.3
O004812,P043,1,1220,0.0
O004813,P098,1,930,0.0
O004813,P079,2,630,0.0
O004814,P047,1,1740,0.0
O004815,P032,1,1590,0.0
O004815,P052,1,260,0.2
O004815,P008,1,5930,0.05
O004815,P048,1,600,0.1
O004816,P077,1,4260,0.05
O004816,P074,1,890,0.05
O004816,P006,1,5860,0.0
O004817,P028,1,430,0.05
O004817,P082,1,580,0.0
O004818,P020,1,1760,0.1
O004819,P086,1,1840,0.05
O004819,P033,2,2190,0.1
O004819,P072,1,3800,0.05
O004820,P059,1,240,0.0
O004821,P091,2,2490,0.0
O004821,P088,1,2510,0.1
O004821,P033,1,2190,0.0
O004822,P052,1,260,0.0
O004822,P047,1,1740,0.0
O004823,P054,1,480,0.3
O004823,P080,1,660,0.3
O004823,P088,2,2510,
O004824,P007,1,1390,0.05
O004825,P031,2,700,0.0
O004826,P088,1,2510,0.0
O004827,P029,1,570,0.0
O004827,P028,1,430,0.1
O004827,P001,1,5210,0.05
O004828,P096,1,260,0.0
O004829,P047,1,1740,0.2
O004830,P035,1,390,0.05
O004830,P005,2,1960,0.0
O004831,P018,1,790,0.0
O004832,P008,1,5930,0.0
O004833,P020,1,1760,0.1
O004833,P052,2,260,0.0
O004834,P020,1,1760,0.0
O004834,P018,1,790,0.1
O004835,P008,2,5930,0.0
O004835,P001,1,5210,0.0
O004836,P075,1,2130,0.2
O004837,P017,1,1030,0.0
O004837,P059,1,240,0.3
O004837,P052,2,260,0.0
O004838,P025,1,1700,0.0
O004838,P001,2,5210,0.0
O004839,P015,1,600,0.2
O004840,P053,1,310,0.0
O004840,P033,1,2190,0.1
O004840,P035,1,390,0.0
O004841,P007,2,1390,0.05
O004841,P052,1,260,0.0
O004842,P063,1,500,0.0
O004842,P076,2,2640,0.2
O004843,P022,1,1690,0.0
O004843,P020,2,1760,0.0
O004843,P043,2,1220,0.0
O004843,P003,1,8480,0.0
O004844,P002,3,4330,0.0
O004845,P030,1,600,0.0
O004846,P033,1,2190,0.0
O004846,P020,2,1760,0.0
O004847,P079,2,630,0.0
O004848,P082,2,580,0.1
O004849,P081,1,2850,0.1
O004850,P096,1,260,0.0
O004850,P039,1,1980,0.1
O004851,P038,1,940,0.0
O004851,P070,1,800,0.2
O004851,P020,1,1760,0.0
O004851,P079,1,630,0.1
O004852,P047,2,1740,0.0
O004852,P088,3,2510,0.0
O004853,P033,1,2190,0.0
O004854,P048,1,600,0.0
O004855,P053,1,310,0.2
O004856,P047,2,1740,0.0
O004856,P096,2,260,0.1
O004856,P010,1,6950,0.05
O004857,P028,1,430,0.0
O004857,P096,1,260,0.1
O004858,P096,2,260,0.0
O004858,P061,1,660,0.1
O004859,P047,2,1740,0.2
O004859,P044,1,260,0.0
O004860,P088,1,2510,0.0
O004860,P096,1,260,0.0
O004861,P007,1,1390,0.1
O004861,P090,1,2690,0.3
O004862,P085,3,1400,
O004862,P008,1,5930,0.0
O004863,P051,1,700,0.05
O004863,P047,2,1740,0.0
O004864,P079,2,630,0.0
O004865,P079,1,630,0.0
O004866,P050,1,570,0.05
O004866,P084,1,540,0.2
O004867,P080,1,660,0.1
O004867,P020,3,1760,0.05
O004868,P081,2,2850,0.0
O004869,P031,1,700,0.3
O004870,P041,1,4560,0.2
O004870,P008,3,5930,0.0
O004870,P039,1,1980,0.0
O004871,P079,3,630,0.1
O004872,P008,1,5930,0.3
O004873,P028,1,430,0.0
O004874,P047,1,1740,0.0
O004874,P037,2,470,0.0
O004875,P098,1,930,0.0
O004875,P096,1,260,0.0
O004876,P080,1,660,0.05
O004876,P096,1,260,0.0
O004877,P080,1,660,0.0
O004877,P047,1,1740,0.1
O004877,P053,1,310,0.0
O004878,P057,1,360,0.2
O004878,P003,1,8480,0.05
O004878,P074,1,890,0.0
O004879,P079,1,630,0.0
O004880,P083,1,710,0.1
O004881,P028,1,430,0.1
O004882,P096,3,260,0.05
O004882,P079,2,630,0.0
O004882,P003,1,8480,0.0
O004883,P055,1,210,0.0
O004883,P074,1,890,0.2
O004883,P096,1,260,0.0
O004884,P079,1,630,0.05
O004884,P096,1,260,0.05
O004885,P092,1,1210,0.0
O004886,P008,3,5930,0.05
O004887,P057,1,360,0.0
O004887,P097,1,1960,0.0
O004887,P002,1,4330,0.1
O004888,P003,1,8480,0.3
O004889,P006,1,5860,0.1
O004889,P096,1,260,0.1
O004890,P029,1,570,0.1
O004891,P047,1,1740,0.1
O004892,P050,1,570,0.0
O004892,P020,2,1760,0.0
O004893,P042,3,5470,0.3
O004893,P008,1,5930,0.05
O004894,P003,2,8480,0.0
O004894,P096,1,260,0.2
O004895,P080,1,660,0.1
O004895,P082,1,580,0.0
O004895,P096,2,260,0.05
O004895,P088,2,2510,0.0
O004896,P053,2,310,0.0
O004897,P079,1,630,0.0
O004898,P020,1,1760,0.0
O004898,P007,1,1390,0.0
O004899,P011,1,1280,0.0
O004900,P026,1,2100,0.2
O004900,P043,1,1220,0.1
O004901,P034,1,490,0.0
O004901,P092,2,1210,0.3
O004901,P047,1,1740,0.0
O004902,P028,2,430,0.1
O004902,P008,1,5930,0.1
O004902,P031,1,700,0.0
O004903,P054,1,480,0.0
O004904,P062,1,400,0.0
O004904,P050,1,570,0.05
O004905,P051,2,700,0.0
O004905,P095,3,1840,0.0
O004906,P096,1,260,0.0
O004906,P039,2,1980,0.0
O004907,P070,1,800,0.05
O004908,P028,1,430,0.0
O004909,P069,1,250,0.1
O004909,P007,1,1390,0.0
O004910,P059,1,240,0.3
O004911,P084,1,540,0.1
O004911,P026,1,2100,0.3
O004911,P033,1,2190,0.0
O004912,P003,1,8480,0.05
O004912,P077,1,4260,0.0
O004913,P088,1,2510,0.0
O004914,P063,1,500,0.0
O004914,P051,1,700,0.2
O004915,P096,2,260,0.0
O004916,P088,1,2510,0.0
O004917,P070,1,800,0.0
O004917,P096,1,260,0.0
O004918,P088,2,2510,0.05
O004918,P028,1,430,0.1
O004919,P020,3,1760,0.0
O004919,P096,1,260,0.0
O004919,P052,1,260,0.0
O004920,P096,3,260,0.0
O004920,P079,1,630,0.0
O004921,P050,3,570,0.3
O004921,P079,2,630,0.0
O004921,P008,3,5930,0.1
O004922,P052,3,260,0.0
O004922,P012,1,1160,0.0
O004923,P012,1,1160,0.1
O004924,P086,1,1840,0.0
O004925,P069,1,250,0.05
O004925,P076,2,2640,0.0
O004926,P053,1,310,0.0
O004927,P051,2,700,0.1
O004927,P012,2,1160,0.0
O004928,P055,1,210,0.0
O004928,P020,1,1760,0.0
O004929,P079,1,630,0.0
O004930,P063,1,500,0.2
O004931,P033,1,2190,0.2
O004932,P063,1,500,0.0
O004933,P051,1,700,0.05
O004933,P031,1,700,0.1
O004934,P098,1,930,0.1
O004935,P079,1,630,0.0
O004936,P084,1,540,0.0
O004937,P007,1,1390,0.3
O004937,P057,1,360,0.1
O004938,P078,2,3260,0.0
O004938,P029,1,570,0.0
O004939,P008,1,5930,0.0
O004940,P054,3,480,0.2
O004940,P033,1,2190,0.2
O004941,P080,1,660,0.0
O004942,P079,2,630,0.0
O004943,P052,1,260,0.0
O004943,P083,1,710,0.0
O004944,P030,1,600,0.3
O004944,P054,1,480,
O004944,P063,1,500,0.0
O004945,P082,1,580,0.05
O004946,P033,1,2190,0.0
O004947,P054,1,480,0.1
O004947,P007,1,1390,0.1
O004947,P052,1,260,0.0
O004948,P096,1,260,0.0
O004948,P033,2,2190,0.0
O004949,P016,3,650,0.0
O004949,P005,2,1960,0.1
O004950,P047,1,1740,0.1
O004951,P034,1,490,0.0
O004952,P045,1,630,0.0
O004952,P001,1,5210,0.05
O004953,P052,1,260,0.1
O004953,P047,1,1740,0.1
O004953,P051,1,700,0.05
O004953,P081,3,2850,0.0
O004953,P083,1,710,0.1
O004954,P018,1,790,0.0
O004954,P033,1,2190,0.0
O004955,P010,1,6950,0.0
O004956,P088,1,2510,0.0
O004956,P007,2,1390,0.2
O004957,P018,1,790,0.2
O004957,P007,1,1390,0.05
O004958,P040,1,430,0.0
O004959,P043,3,1220,0.3
O004960,P052,2,260,0.0
O004960,P051,2,700,0.1
O004961,P035,1,390,0.1
O004961,P022,1,1690,0.3
O004962,P007,1,1390,0.0
O004963,P020,1,1760,0.3
O004964,P096,1,260,0.1
O004964,P020,2,1760,0.0
O004965,P086,1,1840,0.0
O004966,P006,1,5860,0.3
O004966,P036,3,490,0.0
O004967,P047,1,1740,0.0
O004967,P007,3,1390,0.0
O004967,P094,2,1100,0.05
O004968,P024,2,540,0.05
O004969,P026,1,2100,0.1
O004969,P081,1,2850,0.0
O004970,P047,1,1740,0.05
O004970,P080,1,660,0.05
O004970,P020,1,1760,0.0
O004971,P080,1,660,0.0
O004971,P024,2,540,0.2
O004972,P042,1,5470,0.0
O004973,P008,1,5930,0.1
O004973,P052,1,260,0.0
O004974,P096,1,260,0.0
O004974,P089,1,530,0.1
O004975,P079,1,630,0.0
O004976,P068,1,260,0.05
O004977,P032,1,1590,0.0
O004977,P054,1,480,0.2
O004977,P079,1,630,0.1
O004978,P034,1,490,0.0
O004979,P033,1,2190,0.0
O004980,P080,1,660,0.3
O004980,P096,2,260,0.05
O004981,P079,2,630,0.0
O004982,P012,1,1160,0.0
O004983,P007,1,1390,0.05
O004984,P020,1,1760,0.0
O004985,P096,2,260,0.0
O004985,P088,1,2510,0.1
O004986,P012,1,1160,0.2
O004987,P028,1,430,0.0
O004988,P081,3,2850,0.0
O004988,P047,1,1740,0.1
O004988,P096,1,260,0.2
O004989,P009,1,5010,0.1
O004989,P008,1,5930,0.1
O004990,P033,1,2190,0.1
O004991,P020,1,1760,0.0
O004992,P055,2,210,0.0
O004992,P033,2,2190,0.0
O004992,P047,2,1740,0.2
O004993,P013,3,4850,0.2
O004993,P096,1,260,0.0
O004994,P096,1,260,0.0
O004995,P007,1,1390,0.05
O004995,P028,2,430,0.1
O004995,P079,3,630,0.0
O004995,P047,1,1740,0.0
O004996,P033,1,2190,0.3
O004997,P054,1,480,0.3
O004997,P039,1,1980,0.2
O004997,P033,1,2190,0.0
O004998,P031,1,700,0.05
O004998,P038,1,940,0.3
O004998,P070,1,800,0.0
O004999,P052,1,260,0.2
O004999,P077,1,4260,0.1
O005000,P003,1,8480,0.1
O005001,P096,1,260,0.3
O005001,P021,1,620,0.05
O005002,P088,1,2510,0.05
O005002,P012,1,1160,0.0
O005003,P076,1,2640,0.0
O005004,P073,1,3790,0.0
O005005,P020,3,1760,0.05
O005006,P008,1,5930,0.1
O005007,P006,1,5860,0.0
O005007,P083,1,710,0.2
O005008,P053,1,310,0.0
O005008,P008,2,5930,0.05
O005009,P033,1,2190,0.0
O005010,P051,1,700,0.05
O005011,P088,1,2510,0.1
O005012,P012,1,1160,0.05
O005013,P024,1,540,0.1
O005014,P001,1,5210,0.0
O005015,P072,1,3800,0.0
O005015,P022,2,1690,0.0
O005016,P020,1,1760,0.0
O005017,P051,1,700,0.0
O005018,P079,3,630,0.0
O005019,P003,2,8480,0.0
O005019,P080,1,660,0.0
O005020,P052,1,260,0.0
O005021,P052,1,260,0.0
O005021,P026,1,2100,0.1
O005021,P033,1,2190,0.0
O005022,P097,1,1960,0.05
O005022,P081,1,2850,0.0
O005023,P090,1,2690,0.0
O005024,P051,1,700,0.2
O005025,P088,1,2510,0.05
O005025,P011,1,1280,0.3
O005026,P047,1,1740,0.0
O005027,P022,1,1690,0.2
O005027,P090,1,2690,0.0
O005027,P096,1,260,0.0
O005028,P096,3,260,0.1
O005028,P008,1,5930,
O005029,P035,1,390,0.1
O005029,P074,1,890,0.0
O005030,P080,1,660,0.3
O005030,P051,1,700,0.2
O005030,P047,1,1740,0.0
O005031,P040,1,430,0.1
O005031,P006,1,5860,0.05
O005031,P075,1,2130,0.0
O005032,P076,1,2640,0.0
O005032,P096,1,260,0.0
O005032,P038,1,940,0.2
O005033,P028,1,430,0.0
O005034,P053,2,310,0.1
O005034,P075,1,2130,0.0
O005035,P054,3,480,0.1
O005035,P088,2,2510,0.05
O005036,P008,1,5930,0.2
O005036,P017,1,1030,0.3
O005036,P018,1,790,0.0
O005037,P051,1,700,0.3
O005037,P033,1,2190,0.0
O005038,P033,1,2190,0.1
O005038,P080,1,660,0.05
O005039,P018,1,790,0.05
O005039,P050,1,570,0.0
O005040,P037,3,470,0.0
O005041,P033,1,2190,0.2
O005041,P052,1,260,0.2
O005042,P052,1,260,
O005043,P076,1,2640,0.0
O005043,P006,1,5860,0.0
O005044,P085,1,1400,0.0
O005045,P096,1,260,0.0
O005045,P052,1,260,0.05
O005046,P001,1,5210,0.2
O005046,P052,2,260,0.05
O005047,P020,1,1760,0.3
O005048,P018,2,790,0.0
O005049,P028,1,430,0.05
O005050,P051,1,700,0.05
O005050,P012,1,1160,0.0
O005051,P021,2,620,0.05
O005051,P043,1,1220,0.05
O005051,P082,1,580,0.0
O005052,P080,2,660,0.3
O005053,P033,1,2190,0.0
O005054,P003,1,8480,0.3
O005054,P038,1,940,0.0
O005055,P052,1,260,0.3
O005056,P096,1,260,0.0
O005057,P007,1,1390,0.0
O005057,P082,3,580,0.0
O005057,P085,1,1400,0.1
O005057,P079,2,630,0.0
O005058,P013,1,4850,0.2
O005058,P007,1,1390,0.0
O005059,P020,2,1760,0.1
O005059,P028,2,430,0.0
O005059,P037,1,470,0.0
O005060,P053,1,310,0.0
O005061,P022,1,1690,0.2
O005061,P075,1,2130,0.1
O005062,P031,2,700,0.3
O005062,P073,1,3790,0.3
O005063,P045,1,630,0.1
O005064,P096,1,260,0.0
O005065,P032,2,1590,0.05
O005065,P051,1,700,0.0
O005065,P096,1,260,0.0
O005066,P006,1,5860,0.05
O005066,P088,1,2510,0.0
O005067,P020,3,1760,0.3
O005067,P047,2,1740,0.0
O005068,P052,1,260,0.0
O005068,P053,1,310,0.3
O005069,P078,2,3260,0.0
O005070,P042,1,5470,0.1
O005070,P018,1,790,0.0
O005071,P092,1,1210,0.05
O005072,P062,1,400,0.05
O005072,P015,2,600,0.1
O005073,P028,1,430,0.0
O005074,P070,1,800,0.0
O005075,P020,2,1760,0.05
O005076,P020,1,1760,0.0
O005076,P079,1,630,0.0
O005076,P051,1,700,0.0
O005077,P097,1,1960,0.0
O005077,P080,2,660,0.1
O005077,P028,1,430,0.2
O005078,P049,1,870,0.05
O005078,P073,1,3790,0.2
O005078,P047,1,1740,0.3
O005079,P057,1,360,0.05
O005080,P012,1,1160,0.0
O005081,P022,1,1690,0.0
O005081,P054,1,480,0.0
O005082,P080,1,660,0.0
O005083,P009,1,5010,0.0
O005084,P006,1,5860,0.0
O005085,P033,1,2190,0.0
O005085,P029,1,570,0.0
O005086,P076,2,2640,0.0
O005086,P047,1,1740,0.1
O005087,P033,1,2190,0.0
O005088,P021,1,620,0.0
O005089,P072,1,3800,0.0
O005090,P052,1,260,0.0
O005091,P052,1,260,0.0
O005091,P005,1,1960,0.2
O005091,P008,3,5930,0.0
O005092,P028,1,430,0.3
O005093,P033,2,2190,0.3
O005093,P050,1,570,0.05
O005094,P003,2,8480,0.0
O005094,P054,2,480,0.1
O005094,P040,1,430,0.1
O005095,P006,1,5860,0.05
O005095,P010,1,6950,0.0
O005096,P079,1,630,0.2
O005097,P072,1,3800,0.0
O005097,P074,1,890,0.1
O005098,P033,1,2190,0.05
O005098,P080,1,660,0.2
O005099,P017,1,1030,0.0
O005100,P008,1,5930,0.05
O005100,P009,2,5010,0.1
O005101,P094,2,1100,0.05
O005101,P051,1,700,0.2
O005102,P020,2,1760,0.2
O005102,P074,1,890,0.05
O005103,P079,1,630,0.0
O005104,P092,1,1210,0.0
O005105,P047,1,1740,0.0
O005106,P052,1,260,0.0
O005107,P034,3,490,0.1
O005108,P029,2,570,0.0
O005108,P065,1,180,0.05
O005108,P031,1,700,0.0
O005108,P052,1,260,0.0
O005109,P047,1,1740,0.1
O005109,P008,1,5930,0.0
O005110,P080,1,660,0.0
O005110,P072,1,3800,0.05
O005111,P079,2,630,0.0
O005112,P052,1,260,0.0
O005112,P007,1,1390,0.0
O005112,P096,2,260,0.05
O005113,P096,1,260,0.2
O005113,P078,3,3260,0.3
O005114,P038,3,940,0.2
O005114,P081,1,2850,0.1
O005115,P027,1,1330,0.0
O005115,P006,1,5860,0.0
O005116,P082,3,580,0.05
O005117,P008,1,5930,0.0
O005117,P034,1,490,0.05
O005118,P072,1,3800,0.1
O005119,P006,1,5860,0.05
O005120,P007,1,1390,0.0
O005120,P033,1,2190,0.1
O005120,P052,2,260,0.3
O005121,P069,1,250,0.05
O005122,P081,1,2850,0.0
O005122,P082,3,580,0.1
O005123,P052,1,260,0.3
O005123,P096,2,260,0.0
O005124,P049,2,870,0.05
O005125,P037,2,470,0.0
O005125,P078,2,3260,0.05
O005126,P002,1,4330,0.0
O005127,P096,1,260,0.2
O005128,P079,1,630,0.3
O005129,P047,1,1740,0.0
O005129,P041,2,4560,0.05
O005130,P052,1,260,0.05
O005131,P073,1,3790,0.2
O005131,P028,1,430,0.0
O005132,P062,3,400,0.0
O005133,P008,1,5930,0.05
O005134,P047,1,1740,0.2
O005135,P080,1,660,0.05
O005135,P006,1,5860,0.0
O005136,P054,2,480,0.0
O005137,P007,1,1390,0.0
O005138,P014,2,1960,0.1
O005138,P080,1,660,0.0
O005139,P020,1,1760,0.0
O005140,P092,2,1210,0.0
O005141,P051,1,700,0.05
O005142,P042,1,5470,0.3
O005143,P033,1,2190,0.2
O005144,P075,1,2130,0.0
O005144,P033,2,2190,0.3
O005145,P051,2,700,0.2
O005146,P033,1,2190,0.0
O005146,P065,3,180,0.0
O005147,P043,1,1220,0.2
O005148,P022,1,1690,0.1
O005149,P003,1,8480,0.0
O005149,P020,1,1760,0.05
O005150,P020,1,1760,0.0
O005151,P059,1,240,0.0
O005151,P063,1,500,0.0
O005152,P051,1,700,0.0
O005152,P096,1,260,0.0
O005153,P033,2,2190,0.2
O005154,P003,3,8480,0.0
O005155,P020,1,1760,0.05
O005155,P079,1,630,0.0
O005156,P057,1,360,0.05
O005157,P096,1,260,0.05
O005158,P079,1,630,0.0
O005159,P033,1,2190,0.0
O005159,P004,1,1090,0.3
O005159,P020,2,1760,0.05
O005160,P054,1,480,0.3
O005161,P096,1,260,0.0
O005162,P052,1,260,0.3
O005163,P057,3,360,0.0
O005163,P054,2,480,0.2
O005163,P089,1,530,0.1
O005164,P006,1,5860,0.0
O005164,P096,1,260,0.2
O005165,P008,1,5930,0.3
O005166,P050,1,570,0.2
O005167,P002,1,4330,0.2
O005167,P017,1,1030,0.2
O005168,P020,1,1760,0.0
O005169,P055,1,210,0.2
O005169,P045,1,630,0.05
O005169,P033,1,2190,0.05
O005170,P008,1,5930,0.1
O005170,P036,1,490,0.2
O005171,P080,1,660,0.2
O005172,P052,1,260,0.05
O005172,P080,1,660,0.3
O005172,P053,1,310,0.2
O005173,P051,1,700,0.0
O005174,P005,1,1960,0.0
O005175,P052,1,260,0.05
O005176,P052,1,260,0.0
O005176,P096,1,260,0.1
O005177,P079,1,630,0.05
O005178,P075,1,2130,0.05
O005179,P011,2,1280,0.1
O005180,P022,1,1690,0.0
O005180,P012,1,1160,0.05
O005181,P083,1,710,0.05
O005182,P008,1,5930,0.0
O005183,P082,1,580,0.1
O005183,P068,1,260,0.1
O005184,P020,1,1760,0.0
O005184,P088,1,2510,0.3
O005185,P054,1,480,0.0
O005186,P012,1,1160,0.0
O005186,P034,1,490,0.2
O005187,P052,1,260,0.0
O005188,P004,1,1090,0.0
O005188,P088,1,2510,0.0
O005189,P051,1,700,0.1
O005189,P012,2,1160,0.0
O005190,P052,1,260,0.0
O005191,P008,1,5930,0.0
O005192,P033,1,2190,0.2
O005192,P012,1,1160,0.0
O005193,P077,1,4260,0.0
O005194,P074,1,890,0.0
O005195,P028,1,430,0.3
O005196,P052,1,260,0.0
O005196,P008,1,5930,0.0
O005197,P032,1,1590,0.0
O005198,P080,2,660,0.2
O005198,P049,1,870,0.0
O005199,P043,1,1220,0.3
O005200,P048,1,600,0.3
O005201,P039,1,1980,0.05
O005202,P008,1,5930,0.0
O005203,P028,1,430,0.2
O005203,P079,1,630,0.1
O005204,P034,1,490,0.0
O005204,P052,1,260,0.0
O005204,P021,2,620,0.0
O005205,P051,1,700,0.0
O005206,P022,2,1690,0.1
O005206,P047,1,1740,0.3
O005207,P053,1,310,0.0
O005208,P070,1,800,0.0
O005208,P028,2,430,0.1
O005209,P096,1,260,0.0
O005209,P047,1,1740,0.0
O005210,P055,1,210,0.0
O005211,P043,1,1220,0.0
O005212,P007,1,1390,0.0
O005213,P096,2,260,0.1
O005213,P044,2,260,0.0
O005213,P051,1,700,0.1
O005214,P052,2,260,0.05
O005215,P098,2,930,0.2
O005215,P051,1,700,0.0
O005216,P023,1,2180,0.0
O005216,P012,1,1160,0.2
O005217,P045,1,630,0.05
O005218,P043,1,1220,0.1
O005219,P026,2,2100,0.0
O005219,P012,1,1160,0.0
O005219,P010,1,6950,0.2
O005220,P010,1,6950,0.0
O005221,P011,1,1280,0.3
O005221,P003,1,8480,0.1
O005221,P096,2,260,0.0
O005222,P006,1,5860,0.1
O005222,P035,1,390,0.2
O005222,P032,2,1590,0.0
O005223,P007,1,1390,0.05
O005224,P028,1,430,0.1
O005225,P079,1,630,0.0
O005226,P020,1,1760,0.0
O005226,P052,1,260,0.1
O005227,P052,1,260,0.0
O005228,P037,2,470,0.3
O005228,P007,1,1390,0.1
O005228,P047,1,1740,0.05
O005229,P071,1,450,0.0
O005230,P018,1,790,0.3
O005230,P016,2,650,0.0
O005231,P028,1,430,0.0
O005231,P033,1,2190,0.0
O005232,P004,2,1090,0.0
O005232,P007,1,1390,0.0
O005233,P096,1,260,0.1
O005234,P015,1,600,0.0
O005235,P096,1,260,0.0
O005236,P080,1,660,0.05
O005237,P028,1,430,0.0
O005237,P079,1,630,0.0
O005238,P028,1,430,0.0
O005239,P042,3,5470,0.0
O005239,P096,1,260,0.0
O005240,P035,1,390,0.1
O005240,P003,2,8480,0.1
O005241,P047,2,1740,0.2
O005242,P052,1,260,0.2
O005243,P033,1,2190,0.0
O005244,P052,1,260,0.3
O005245,P020,1,1760,0.3
O005245,P055,1,210,0.0
O005246,P006,1,5860,0.3
O005247,P081,1,2850,0.0
O005248,P096,2,260,0.0
O005248,P079,1,630,0.0
O005249,P020,1,1760,0.0
O005249,P058,1,420,0.2
O005249,P052,1,260,0.2
O005250,P035,2,390,0.2
O005250,P052,1,260,0.0
O005251,P008,1,5930,0.2
O005251,P010,1,6950,0.0
O005252,P052,3,260,0.1
O005252,P069,1,250,0.05
O005253,P079,2,630,0.3
O005254,P088,1,2510,0.0
O005255,P008,1,5930,0.3
O005255,P015,1,600,0.0
O005256,P080,1,660,0.1
O005257,P031,1,700,0.0
O005258,P079,1,630,0.05
O005259,P053,1,310,0.05
O005260,P054,1,480,0.05
O005261,P080,1,660,0.05
O005262,P079,1,630,0.0
O005263,P052,3,260,0.05
O005264,P052,1,260,0.0
O005265,P056,1,1440,0.0
O005265,P051,1,700,0.3
O005266,P033,2,2190,0.0
O005267,P063,1,500,0.3
O005268,P002,1,4330,0.3
O005268,P086,1,1840,0.0
O005269,P007,1,1390,0.0
O005270,P023,2,2180,0.0
O005270,P096,2,260,0.2
O005270,P052,1,260,0.0
O005270,P033,1,2190,0.2
O005270,P080,1,660,0.0
O005271,P002,3,4330,0.0
O005271,P047,1,1740,0.0
O005271,P052,1,260,0.0
O005272,P022,2,1690,0.0
O005273,P096,3,260,0.3
O005274,P018,2,790,0.3
O005274,P031,1,700,0.0
O005274,P021,1,620,0.0
O005275,P079,1,630,0.0
O005276,P010,2,6950,0.0
O005276,P020,2,1760,0.1
O005276,P066,2,160,0.0
O005277,P011,1,1280,0.0
O005277,P028,1,430,0.0
O005278,P020,1,1760,0.0
O005278,P047,1,1740,0.05
O005279,P055,1,210,0.2
O005279,P014,1,1960,0.0
O005279,P071,3,450,0.0
O005280,P096,1,260,0.0
O005281,P055,2,210,0.05
O005282,P051,3,700,0.1
O005282,P043,1,1220,0.3
O005283,P052,1,260,0.0
O005284,P053,1,310,0.0
O005284,P052,1,260,0.05
O005285,P074,1,890,0.05
O005286,P052,1,260,0.0
O005287,P018,1,790,0.0
O005288,P090,2,2690,0.2
O005288,P051,2,700,0.3
O005289,P089,1,530,0.1
O005290,P002,2,4330,0.2
O005291,P012,1,1160,0.3
O005292,P079,1,630,0.2
O005292,P012,1,1160,0.3
O005293,P024,1,540,0.1
O005294,P080,1,660,0.0
O005295,P022,1,1690,0.05
O005296,P055,1,210,0.1
O005296,P012,2,1160,0.0
O005297,P030,1,600,0.1
O005298,P033,1,2190,0.0
O005298,P082,2,580,0.0
O005299,P013,1,4850,0.2
O005299,P010,1,6950,0.05
O005300,P015,1,600,0.05
O005301,P020,1,1760,0.0
O005302,P025,1,1700,0.1
O005302,P022,1,1690,0.0
O005303,P008,1,5930,0.1
O005304,P079,1,630,0.3
O005304,P008,1,5930,0.0
O005304,P020,1,1760,0.0
O005304,P007,1,1390,0.3
O005304,P085,1,1400,0.0
O005305,P092,1,1210,0.05
O005305,P022,1,1690,0.0
O005306,P080,1,660,0.1
O005307,P096,1,260,0.0
O005308,P007,2,1390,
O005309,P090,1,2690,0.0
O005310,P008,1,5930,0.1
O005310,P020,1,1760,0.0
O005311,P015,1,600,0.0
O005311,P034,1,490,0.0
O005312,P008,1,5930,0.0
O005312,P054,1,480,0.0
O005312,P047,1,1740,0.0
O005313,P020,1,1760,0.0
O005314,P050,1,570,0.05
O005315,P050,1,570,0.0
O005315,P096,1,260,0.1
O005316,P080,1,660,0.3
O005317,P038,1,940,0.3
O005318,P034,1,490,0.0
O005318,P087,1,1570,0.1
O005319,P033,1,2190,0.05
O005319,P094,3,1100,0.0
O005320,P082,1,580,0.0
O005320,P084,1,540,0.0
O005321,P065,1,180,0.0
O005322,P003,1,8480,0.2
O005322,P042,1,5470,0.05
O005322,P072,1,3800,0.05
O005323,P051,2,700,0.05
O005324,P088,1,2510,0.0
O005325,P008,3,5930,0.0
O005325,P057,2,360,0.3
O005326,P073,2,3790,0.0
O005327,P096,1,260,0.0
O005328,P047,2,1740,0.0
O005328,P052,1,260,0.05
O005329,P096,1,260,0.1
O005330,P051,2,700,0.1
O005331,P020,3,1760,0.05
O005332,P088,3,2510,
O005332,P017,1,1030,0.1
O005333,P047,3,1740,0.2
O005333,P096,1,260,0.0
O005333,P051,1,700,0.2
O005334,P096,1,260,0.0
O005335,P012,1,1160,0.0
O005336,P028,1,430,0.0
O005336,P035,2,390,0.3
O005337,P094,1,1100,0.0
O005337,P022,1,1690,0.0
O005337,P047,1,1740,0.0
O005337,P020,1,1760,0.0
O005338,P052,1,260,0.1
O005339,P092,1,1210,0.0
O005340,P051,1,700,0.0
O005341,P052,1,260,0.0
O005342,P006,1,5860,0.0
O005343,P028,1,430,0.0
O005344,P086,3,1840,0.1
O005345,P047,3,1740,0.0
O005346,P051,1,700,0.05
O005346,P082,1,580,0.2
O005347,P072,1,3800,0.3
O005348,P028,3,430,0.0
O005349,P052,1,260,0.0
O005350,P004,1,1090,0.3
O005351,P096,1,260,0.1
O005352,P012,1,1160,0.05
O005353,P051,1,700,0.0
O005354,P055,1,210,0.0
O005355,P030,1,600,0.0
O005355,P034,1,490,0.1
O005356,P079,2,630,0.0
O005356,P022,1,1690,0.05
O005357,P003,1,8480,0.0
O005358,P013,1,4850,0.0
O005359,P029,1,570,0.0
O005360,P054,2,480,0.0
O005361,P047,1,1740,0.1
O005362,P078,1,3260,0.0
O005363,P096,1,260,0.05
O005364,P096,2,260,0.0
O005365,P094,1,1100,0.1
O005366,P070,1,800,0.3
O005367,P052,1,260,0.1
O005368,P052,1,260,0.0
O005368,P092,1,1210,0.05
O005369,P048,2,600,0.1
O005370,P077,1,4260,0.0
O005371,P020,1,1760,0.0
O005372,P010,1,6950,0.1
O005373,P079,1,630,0.0
O005373,P052,1,260,0.0
O005374,P054,1,480,0.0
O005375,P096,1,260,0.1
O005376,P079,1,630,0.3
O005376,P082,1,580,0.0
O005377,P096,1,260,0.2
O005377,P010,1,6950,0.05
O005378,P031,1,700,0.0
O005378,P096,1,260,0.1
O005379,P052,1,260,0.05
O005380,P074,1,890,0.0
O005381,P074,1,890,0.1
O005381,P033,1,2190,0.05
O005382,P035,1,390,0.05
O005383,P052,2,260,0.1
O005384,P095,1,1840,0.0
O005384,P030,1,600,0.0
O005384,P020,1,1760,0.0
O005384,P080,3,660,0.0
O005385,P016,1,650,0.05
O005385,P005,1,1960,0.0
O005386,P006,1,5860,0.0
O005387,P015,1,600,0.2
O005387,P051,1,700,0.0
O005388,P078,1,3260,0.1
O005389,P006,1,5860,0.0
O005390,P049,1,870,0.0
O005390,P080,2,660,0.0
O005390,P003,1,8480,0.05
O005391,P096,1,260,0.0
O005392,P075,1,2130,0.2
O005392,P002,1,4330,0.2
O005393,P002,3,4330,0.3
O005394,P033,3,2190,0.0
O005395,P079,1,630,0.0
O005396,P088,2,2510,0.0
O005397,P096,1,260,0.0
O005398,P079,1,630,0.1
O005399,P020,1,1760,0.0
O005400,P051,2,700,0.0
O005400,P096,1,260,0.0
O005401,P096,1,260,0.0
O005402,P019,2,2290,0.3
O005402,P026,1,2100,0.05
O005402,P053,1,310,0.0
O005403,P096,1,260,0.0
O005404,P065,3,180,0.0
O005404,P079,1,630,0.2
O005405,P002,1,4330,0.05
O005406,P033,1,2190,0.0
O005407,P010,1,6950,0.0
O005407,P053,3,310,0.05
O005408,P085,2,1400,0.3
O005409,P096,1,260,0.05
O005410,P041,1,4560,0.1
O005410,P020,1,1760,0.1
O005411,P052,2,260,0.2
O005412,P067,1,290,0.05
O005413,P075,1,2130,0.05
O005413,P055,1,210,0.0
O005414,P033,1,2190,0.0
O005415,P096,1,260,0.2
O005415,P052,1,260,0.0
O005416,P051,1,700,0.2
O005417,P010,1,6950,0.05
O005417,P052,1,260,0.0
O005418,P043,1,1220,0.0
O005419,P078,1,3260,0.0
O005420,P088,1,2510,0.05
O005421,P052,1,260,0.2
O005421,P002,1,4330,0.05
O005421,P092,1,1210,0.0
O005422,P078,1,3260,0.0
O005423,P047,1,1740,0.1
O005424,P002,1,4330,0.2
O005425,P077,1,4260,0.1
O005426,P045,2,630,0.0
O005426,P052,1,260,0.0
O005427,P007,1,1390,0.2
O005428,P043,1,1220,0.0
O005428,P073,1,3790,0.05
O005428,P065,1,180,0.1
O005428,P036,3,490,0.0
O005429,P052,1,260,0.2
O005429,P022,1,1690,0.0
O005430,P051,1,700,0.0
O005431,P043,1,1220,0.0
O005432,P008,1,5930,0.0
O005432,P077,1,4260,0.2
O005433,P055,3,210,0.0
O005434,P003,1,8480,0.0
O005434,P033,3,2190,0.2
O005435,P096,1,260,0.0
O005435,P010,1,6950,0.05
O005436,P038,1,940,0.2
O005436,P031,1,700,0.0
O005437,P030,1,600,0.05
O005438,P092,1,1210,0.05
O005438,P028,1,430,0.1
O005439,P001,1,5210,0.0
O005439,P092,1,1210,0.05
O005440,P008,1,5930,0.0
O005441,P096,1,260,0.3
O005442,P094,2,1100,0.1
O005443,P044,2,260,0.0
O005444,P007,1,1390,0.0
O005445,P078,1,3260,0.0
O005446,P007,1,1390,0.1
O005446,P053,2,310,0.0
O005446,P028,3,430,0.05
O005447,P028,1,430,0.3
O005447,P097,1,1960,0.05
O005448,P053,1,310,0.0
O005448,P050,1,570,0.0
O005449,P023,1,2180,0.2
O005449,P016,1,650,0.0
O005450,P008,2,5930,0.0
O005451,P020,1,1760,0.0
O005452,P080,2,660,0.1
O005452,P052,1,260,0.1
O005453,P001,1,5210,0.2
O005454,P047,1,1740,0.05
O005454,P096,1,260,0.0
O005455,P096,1,260,0.0
O005456,P096,1,260,0.0
O005457,P011,1,1280,0.2
O005458,P045,1,630,0.0
O005458,P096,2,260,0.0
O005459,P080,2,660,0.0
O005459,P094,1,1100,0.3
O005459,P005,1,1960,0.0
O005459,P086,3,1840,0.0
O005460,P001,1,5210,0.2
O005460,P051,1,700,0.0
O005461,P072,1,3800,0.0
O005461,P020,1,1760,0.3
O005461,P092,1,1210,0.0
O005461,P006,3,5860,0.0
O005461,P055,1,210,0.0
O005462,P002,1,4330,0.1
O005462,P079,1,630,0.05
O005462,P052,1,260,0.1
O005463,P006,2,5860,0.1
O005463,P028,1,430,0.05
O005464,P020,2,1760,0.0
O005464,P052,1,260,0.0
O005465,P052,3,260,0.3
O005465,P076,1,2640,0.0
O005466,P030,1,600,0.0
O005466,P020,1,1760,0.1
O005466,P047,1,1740,0.0
O005467,P088,1,2510,0.05
O005468,P096,1,260,0.2
O005468,P001,1,5210,0.1
O005469,P074,1,890,0.2
O005469,P020,1,1760,0.0
O005470,P028,3,430,0.0
O005471,P002,1,4330,0.0
O005472,P043,1,1220,0.0
O005472,P047,1,1740,0.0
O005473,P033,1,2190,0.0
O005473,P006,1,5860,0.0
O005474,P073,2,3790,0.0
O005475,P098,1,930,0.2
O005476,P023,2,2180,0.0
O005477,P002,2,4330,0.0
O005477,P076,1,2640,0.1
O005477,P007,1,1390,0.0
O005478,P028,1,430,0.2
O005478,P020,1,1760,0.0
O005479,P051,1,700,0.0
O005480,P010,1,6950,0.0
O005480,P002,1,4330,0.1
O005480,P009,2,5010,0.0
O005481,P012,1,1160,0.1
O005481,P002,3,4330,0.1
O005482,P045,1,630,0.2
O005483,P071,3,450,0.2
O005484,P006,1,5860,0.0
O005485,P007,1,1390,0.3
O005485,P080,1,660,0.2
O005485,P086,1,1840,0.2
O005486,P096,1,260,0.0
O005486,P020,1,1760,0.0
O005486,P080,3,660,0.05
O005487,P019,2,2290,0.3
O005488,P052,1,260,0.0
O005488,P046,2,860,0.1
O005489,P050,1,570,0.0
O005489,P014,2,1960,0.0
O005490,P028,1,430,0.05
O005490,P052,1,260,0.0
O005491,P077,1,4260,0.0
O005492,P057,1,360,0.1
O005493,P020,1,1760,0.0
O005493,P031,1,700,0.2
O005493,P008,1,5930,0.3
O005494,P056,2,1440,0.0
O005494,P007,1,1390,0.1
O005494,P008,1,5930,0.3
O005495,P090,3,2690,0.0
O005496,P080,1,660,0.2
O005497,P002,1,4330,0.0
O005498,P055,2,210,0.05
O005498,P080,1,660,0.0
O005499,P067,2,290,0.2
O005499,P051,1,700,0.0
O005500,P096,1,260,0.0
O005501,P020,1,1760,0.0
O005501,P033,3,2190,0.05
O005502,P050,1,570,0.05
O005503,P022,3,1690,0.1
O005503,P003,1,8480,0.0
O005504,P076,1,2640,0.1
O005505,P092,1,1210,0.0
O005506,P002,1,4330,0.1
O005506,P034,1,490,0.0
O005507,P043,2,1220,0.0
O005508,P033,1,2190,0.0
O005509,P079,1,630,0.1
O005509,P001,3,5210,0.05
O005510,P079,1,630,0.0
O005510,P070,1,800,0.2
O005511,P003,1,8480,0.0
O005512,P033,1,2190,0.0
O005513,P075,1,2130,0.05
O005514,P080,1,660,0.0
O005515,P078,2,3260,0.2
O005516,P065,3,180,0.0
O005516,P015,1,600,0.1
O005517,P010,3,6950,0.0
O005518,P043,1,1220,0.0
O005518,P028,2,430,0.1
O005519,P052,1,260,0.0
O005520,P081,1,2850,0.0
O005520,P050,1,570,0.05
O005520,P008,1,5930,0.0
O005521,P004,1,1090,0.2
O005522,P031,1,700,0.0
O005523,P005,1,1960,0.1
O005524,P047,1,1740,0.0
O005525,P070,1,800,0.0
O005525,P028,1,430,0.0
O005526,P079,1,630,0.0
O005527,P022,1,1690,0.0
O005527,P047,3,1740,0.2
O005528,P047,1,1740,0.2
O005528,P025,1,1700,0.0
O005529,P051,1,700,0.0
O005530,P079,1,630,0.2
O005530,P012,1,1160,0.3
O005531,P007,1,1390,0.05
O005532,P050,1,570,0.1
O005533,P096,1,260,0.0
O005534,P052,1,260,0.3
O005535,P016,2,650,0.0
O005535,P092,1,1210,0.3
O005536,P020,1,1760,0.05
O005537,P020,1,1760,0.0
O005538,P052,1,260,0.0
O005538,P081,1,2850,0.1
O005539,P002,1,4330,0.3
O005539,P008,1,5930,0.0
O005540,P029,1,570,0.0
O005541,P012,2,1160,0.05
O005542,P071,1,450,0.3
O005542,P096,2,260,0.05
O005543,P074,1,890,0.05
O005543,P033,1,2190,0.0
O005544,P010,1,6950,0.0
O005545,P086,2,1840,0.1
O005545,P071,1,450,0.0
O005546,P062,1,400,0.2
O005546,P010,1,6950,0.2
O005547,P090,1,2690,0.0
O005548,P008,2,5930,0.3
O005549,P069,1,250,0.05
O005550,P055,1,210,0.05
O005550,P008,1,5930,0.0
O005550,P092,1,1210,0.0
O005551,P013,2,4850,0.05
O005551,P020,1,1760,0.0
O005552,P047,1,1740,0.05
O005553,P079,1,630,0.05
O005554,P010,1,6950,0.2
O005555,P029,1,570,0.1
O005556,P096,2,260,0.0
O005557,P051,2,700,0.2
O005558,P033,1,2190,0.05
O005558,P047,3,1740,0.1
O005559,P010,3,6950,0.0
O005560,P072,3,3800,0.0
O005561,P033,1,2190,0.05
O005562,P008,1,5930,
O005562,P053,1,310,0.0
O005563,P033,1,2190,0.2
O005564,P033,1,2190,0.05
O005564,P018,3,790,0.0
O005565,P080,1,660,0.0
O005565,P052,2,260,0.1
O005566,P008,1,5930,0.05
O005566,P015,1,600,0.2
O005566,P082,2,580,0.1
O005567,P052,1,260,0.0
O005568,P052,1,260,0.05
O005569,P079,3,630,0.0
O005570,P007,1,1390,0.3
O005571,P041,1,4560,0.0
O005571,P006,3,5860,0.0
O005572,P088,1,2510,0.0
O005572,P006,1,5860,0.1
O005573,P088,1,2510,0.0
O005574,P026,1,2100,0.0
O005575,P079,2,630,0.1
O005575,P096,1,260,0.3
O005575,P052,1,260,0.3
O005576,P052,1,260,0.2
O005577,P033,1,2190,0.1
O005577,P054,2,480,0.0
O005577,P092,1,1210,0.0
O005577,P071,2,450,0.0
O005578,P052,2,260,0.0
O005579,P096,1,260,0.05
O005580,P055,2,210,0.2
O005580,P088,1,2510,0.0
O005580,P052,1,260,0.0
O005581,P052,1,260,0.0
O005581,P006,1,5860,0.0
O005582,P051,1,700,0.3
O005583,P047,1,1740,0.0
O005583,P079,1,630,0.0
O005584,P080,1,660,0.05
O005584,P007,1,1390,0.0
O005585,P020,3,1760,0.3
O005586,P079,1,630,0.0
O005586,P001,1,5210,0.0
O005587,P013,1,4850,0.1
O005587,P052,2,260,0.05
O005588,P077,1,4260,0.3
O005589,P052,3,260,0.05
O005590,P006,2,5860,0.0
O005591,P080,2,660,0.05
O005592,P059,1,240,0.05
O005592,P049,1,870,0.0
O005593,P025,1,1700,0.2
O005593,P033,1,2190,0.2
O005593,P051,1,700,0.1
O005594,P080,3,660,0.05
O005595,P052,1,260,0.0
O005595,P047,3,1740,0.0
O005596,P002,1,4330,0.05
O005596,P037,1,470,0.0
O005597,P080,3,660,0.3
O005598,P034,1,490,0.0
O005599,P096,2,260,0.0
O005599,P045,1,630,0.0
O005600,P053,1,310,0.3
O005601,P052,1,260,0.2
O005601,P053,1,310,0.0
O005602,P054,3,480,0.0
O005602,P047,1,1740,0.0
O005603,P021,2,620,0.0
O005603,P024,1,540,0.0
O005603,P037,1,470,0.2
O005604,P074,1,890,0.05
O005605,P052,1,260,0.1
O005606,P079,1,630,0.0
O005606,P033,2,2190,0.05
O005606,P002,1,4330,0.0
O005607,P033,1,2190,0.1
O005607,P019,2,2290,0.2
O005607,P092,1,1210,0.2
O005607,P051,2,700,0.05
O005607,P074,1,890,0.3
O005608,P079,2,630,0.05
O005608,P050,1,570,0.0
O005609,P059,2,240,0.1
O005609,P037,3,470,0.05
O005610,P033,1,2190,0.0
O005610,P018,2,790,0.0
O005611,P070,1,800,0.3
O005612,P008,1,5930,0.0
O005613,P093,1,350,0.1
O005614,P097,1,1960,0.0
O005614,P080,2,660,0.1
O005615,P041,2,4560,0.0
O005616,P010,1,6950,0.0
O005616,P076,1,2640,0.2
O005617,P043,2,1220,0.0
O005617,P052,1,260,0.0
O005618,P006,3,5860,0.0
O005619,P082,1,580,0.0
O005620,P006,1,5860,0.0
O005620,P054,2,480,0.0
O005621,P072,1,3800,0.1
O005621,P001,1,5210,0.0
O005622,P047,1,1740,0.0
O005623,P098,1,930,0.2
O005624,P007,3,1390,0.0
O005624,P072,1,3800,0.0
O005625,P052,1,260,0.2
O005625,P051,2,700,0.0
O005626,P008,2,5930,0.0
O005626,P096,1,260,0.0
O005626,P047,2,1740,0.0
O005627,P007,1,1390,0.1
O005628,P033,2,2190,0.0
O005629,P007,1,1390,0.05
O005630,P047,2,1740,0.0
O005630,P020,1,1760,0.2
O005630,P008,1,5930,0.0
O005631,P054,1,480,0.0
O005632,P051,1,700,0.2
O005633,P076,1,2640,0.3
O005633,P030,2,600,0.0
O005634,P013,1,4850,0.0
O005634,P010,2,6950,0.2
O005634,P047,2,1740,0.05
O005634,P022,1,1690,0.0
O005635,P034,1,490,0.3
O005636,P047,1,1740,0.0
O005636,P071,1,450,0.0
O005637,P052,1,260,0.0
O005638,P055,2,210,0.2
O005638,P033,1,2190,0.0
O005639,P008,3,5930,0.2
O005639,P079,1,630,0.3
O005640,P096,1,260,0.0
O005641,P055,1,210,0.0
O005642,P096,1,260,0.2
O005643,P055,3,210,0.0
O005644,P096,2,260,0.0
O005644,P018,1,790,0.1
O005645,P033,1,2190,0.0
O005645,P096,2,260,0.0
O005645,P086,1,1840,0.2
O005646,P061,1,660,0.0
O005646,P028,1,430,0.0
O005646,P076,2,2640,0.0
O005647,P020,1,1760,0.05
O005647,P024,1,540,0.05
O005648,P020,1,1760,0.0
O005648,P052,1,260,0.1
O005649,P003,1,8480,0.1
O005649,P055,1,210,0.0
O005650,P024,1,540,0.3
O005651,P086,1,1840,0.0
O005652,P052,2,260,0.0
O005652,P012,1,1160,0.0
O005653,P031,3,700,0.2
O005653,P040,1,430,0.1
O005654,P002,1,4330,0.05
O005655,P063,1,500,0.2
O005656,P043,1,1220,0.0
O005657,P050,1,570,0.05
O005657,P087,3,1570,0.0
O005658,P008,1,5930,0.0
O005659,P004,2,1090,0.0
O005659,P030,1,600,0.1
O005660,P020,1,1760,0.2
O005660,P047,1,1740,
O005660,P096,1,260,0.1
O005660,P052,1,260,0.0
O005661,P002,1,4330,0.0
O005662,P033,1,2190,0.0
O005663,P025,1,1700,0.1
O005664,P043,1,1220,0.1
O005665,P020,2,1760,0.0
O005666,P054,1,480,0.1
O005667,P052,1,260,0.1
O005667,P002,3,4330,0.3
O005668,P079,2,630,0.1
O005669,P079,1,630,0.0
O005670,P029,1,570,0.1
O005670,P034,2,490,0.0
O005671,P074,2,890,0.0
O005672,P047,1,1740,0.0
O005672,P028,1,430,0.05
O005672,P073,1,3790,0.2
O005673,P096,1,260,0.0
O005673,P094,1,1100,0.0
O005674,P048,2,600,0.0
O005674,P008,1,5930,0.0
O005675,P003,1,8480,0.2
O005676,P010,1,6950,0.1
O005676,P066,3,160,0.3
O005677,P078,1,3260,0.0
O005677,P051,1,700,0.3
O005678,P056,1,1440,0.2
O005678,P096,2,260,0.05
O005678,P052,1,260,0.0
O005679,P007,2,1390,0.0
O005679,P079,2,630,0.1
O005679,P050,2,570,0.05
O005680,P096,1,260,0.0
O005680,P033,1,2190,0.1
O005680,P057,2,360,0.0
O005681,P086,1,1840,0.3
O005681,P012,2,1160,0.0
O005682,P096,1,260,0.1
O005682,P031,1,700,0.1
O005683,P078,2,3260,0.0
O005683,P018,1,790,0.0
O005684,P096,1,260,0.3
O005684,P022,3,1690,0.0
O005685,P041,1,4560,0.3
O005685,P051,1,700,0.3
O005686,P096,1,260,0.0
O005687,P084,1,540,0.0
O005687,P047,1,1740,0.05
O005688,P096,3,260,0.05
O005689,P052,1,260,0.0
O005690,P037,1,470,0.2
O005691,P076,1,2640,0.0
O005691,P051,2,700,0.0
O005691,P052,1,260,
O005692,P005,3,1960,0.0
O005692,P096,3,260,0.0
O005693,P045,1,630,0.0
O005694,P051,1,700,0.2
O005695,P076,1,2640,0.0
O005695,P067,1,290,0.0
O005695,P049,1,870,0.0
O005696,P079,1,630,0.0
O005697,P069,1,250,0.0
O005697,P020,1,1760,0.0
O005697,P064,1,550,0.0
O005698,P008,1,5930,
O005698,P012,1,1160,0.0
O005699,P010,1,6950,0.2
O005699,P008,1,5930,0.1
O005700,P096,1,260,0.0
O005700,P088,2,2510,0.05
O005701,P079,1,630,0.05
O005701,P011,1,1280,0.0
O005701,P033,2,2190,0.05
O005702,P076,1,2640,0.05
O005702,P052,1,260,0.3
O005703,P080,2,660,0.2
O005704,P080,1,660,0.1
O005705,P054,2,480,0.2
O005705,P087,1,1570,0.2
O005706,P047,1,1740,
O005707,P028,1,430,0.0
O005707,P052,1,260,0.05
O005708,P074,1,890,0.05
O005709,P088,3,2510,0.0
O005709,P054,1,480,0.0
O005710,P071,1,450,0.0
O005710,P049,1,870,0.0
O005711,P078,1,3260,0.1
O005711,P040,2,430,0.1
O005712,P051,1,700,0.0
O005713,P033,1,2190,0.0
O005714,P052,1,260,0.1
O005715,P053,1,310,0.05
O005716,P056,1,1440,0.0
O005717,P094,1,1100,0.1
O005718,P049,2,870,0.3
O005718,P008,3,5930,0.0
O005719,P010,1,6950,0.0
O005719,P032,1,1590,0.0
O005720,P043,2,1220,0.05
O005721,P043,2,1220,0.2
O005721,P018,2,790,0.0
O005721,P045,2,630,0.0
O005722,P006,1,5860,0.05
O005723,P080,1,660,0.0
O005723,P020,1,1760,0.0
O005724,P025,1,1700,0.0
O005725,P043,1,1220,0.1
O005725,P020,1,1760,0.2
O005725,P075,1,2130,0.1
O005725,P070,1,800,0.05
O005726,P063,1,500,0.0
O005726,P021,1,620,0.1
O005727,P008,1,5930,0.0
O005727,P076,1,2640,0.05
O005727,P089,2,530,0.0
O005728,P046,1,860,0.0
O005728,P047,2,1740,0.0
O005729,P025,1,1700,0.0
O005729,P016,3,650,0.3
O005730,P033,1,2190,0.3
O005731,P074,3,890,0.0
O005732,P075,1,2130,0.0
O005733,P033,2,2190,0.0
O005734,P031,1,700,0.1
O005735,P044,3,260,0.0
O005736,P092,1,1210,0.1
O005736,P055,1,210,0.0
O005737,P020,1,1760,0.0
O005737,P079,1,630,0.0
O005738,P009,1,5010,0.05
O005738,P080,1,660,
O005739,P033,1,2190,0.0
O005739,P002,3,4330,0.0
O005739,P036,1,490,0.0
O005740,P022,2,1690,0.0
O005740,P029,1,570,0.0
O005741,P039,2,1980,0.05
O005741,P012,1,1160,0.05
O005741,P020,1,1760,0.0
O005742,P092,1,1210,0.05
O005742,P052,1,260,0.0
O005743,P012,1,1160,0.0
O005743,P073,1,3790,0.05
O005743,P033,2,2190,0.0
O005744,P080,1,660,0.0
O005744,P043,1,1220,0.1
O005745,P010,3,6950,0.3
O005745,P022,1,1690,0.0
O005746,P079,1,630,0.0
O005746,P080,1,660,0.0
O005746,P043,1,1220,0.0
O005747,P011,1,1280,0.0
O005748,P088,1,2510,0.05
O005748,P038,2,940,0.0
O005749,P080,1,660,0.0
O005750,P079,1,630,0.05
O005750,P022,1,1690,0.2
O005750,P051,1,700,0.05
O005751,P079,1,630,0.0
O005752,P052,1,260,0.0
O005753,P080,3,660,0.1
O005754,P042,3,5470,0.3
O005755,P024,1,540,0.0
O005755,P051,1,700,0.0
O005756,P070,3,800,0.1
O005756,P028,1,430,0.1
O005756,P002,1,4330,0.0
O005757,P047,1,1740,0.0
O005757,P060,3,330,0.1
O005758,P047,3,1740,0.0
O005759,P042,1,5470,0.0
O005759,P020,1,1760,0.0
O005760,P051,1,700,0.05
O005761,P080,1,660,0.3
O005762,P033,1,2190,0.0
O005762,P003,1,8480,0.0
O005763,P084,1,540,0.0
O005764,P049,1,870,0.3
O005764,P083,2,710,0.2
O005765,P011,1,1280,0.0
O005765,P023,1,2180,0.0
O005766,P033,1,2190,0.2
O005767,P085,1,1400,0.0
O005768,P049,2,870,0.0
O005769,P076,1,2640,0.1
O005770,P079,1,630,0.2
O005770,P050,3,570,0.05
O005771,P079,2,630,0.0
O005771,P081,1,2850,0.2
O005772,P085,1,1400,0.2
O005772,P051,1,700,0.0
O005772,P088,2,2510,0.1
O005773,P030,2,600,0.2
O005773,P033,2,2190,0.0
O005774,P052,1,260,0.2
O005775,P017,1,1030,0.3
O005775,P028,2,430,0.2
O005775,P001,1,5210,0.1
O005775,P002,1,4330,0.0
O005776,P053,2,310,0.0
O005777,P081,1,2850,0.1
O005777,P079,1,630,0.0
O005778,P079,1,630,0.1
O005779,P043,1,1220,0.0
O005780,P078,1,3260,0.0
O005780,P072,2,3800,0.05
O005781,P008,1,5930,0.0
O005782,P052,1,260,0.0
O005782,P047,1,1740,0.1
O005782,P071,1,450,0.0
O005783,P020,1,1760,0.0
O005783,P019,3,2290,0.0
O005784,P063,1,500,0.05
O005784,P038,1,940,0.2
O005784,P091,2,2490,0.0
O005785,P053,1,310,0.0
O005785,P022,1,1690,0.0
O005785,P020,1,1760,0.0
O005786,P002,2,4330,0.05
O005787,P079,1,630,0.0
O005788,P007,2,1390,0.0
O005789,P051,1,700,0.0
O005790,P090,1,2690,0.0
O005791,P076,1,2640,0.1
O005791,P024,1,540,0.0
O005792,P079,1,630,0.0
O005792,P047,2,1740,0.3
O005793,P076,1,2640,0.0
O005793,P033,1,2190,0.3
O005794,P012,1,1160,0.0
O005795,P020,1,1760,0.1
O005795,P031,1,700,0.05
O005796,P047,1,1740,0.0
O005796,P007,1,1390,0.0
O005797,P007,2,1390,0.0
O005797,P079,1,630,0.3
O005797,P054,1,480,0.0
O005797,P055,2,210,0.05
O005798,P028,1,430,0.3
O005798,P012,1,1160,0.0
O005799,P079,1,630,0.0
O005800,P006,1,5860,0.1
O005801,P005,1,1960,0.05
O005802,P011,1,1280,0.2
O005802,P080,1,660,0.05
O005803,P096,1,260,0.0
O005804,P003,2,8480,0.0
O005805,P056,1,1440,0.0
O005806,P080,1,660,0.0
O005807,P028,1,430,0.3
O005807,P050,3,570,0.05
O005808,P076,2,2640,0.0
O005809,P082,1,580,0.2
O005810,P096,1,260,0.2
O005811,P080,1,660,0.1
O005812,P082,1,580,0.2
O005813,P006,1,5860,0.0
O005814,P028,2,430,0.3
O005814,P080,1,660,0.0
O005814,P001,1,5210,0.2
O005815,P010,1,6950,0.0
O005815,P065,1,180,0.0
O005815,P020,1,1760,0.3
O005816,P024,1,540,0.0
O005816,P008,1,5930,0.05
O005817,P039,2,1980,0.0
O005818,P096,1,260,0.0
O005818,P033,1,2190,0.0
O005819,P070,1,800,0.3
O005819,P079,1,630,0.1
O005819,P020,1,1760,0.0
O005819,P054,1,480,0.0
O005819,P010,1,6950,0.0
O005820,P088,1,2510,0.0
O005821,P008,1,5930,0.1
O005821,P028,2,430,0.3
O005822,P033,1,2190,0.1
O005823,P086,1,1840,0.0
O005823,P020,2,1760,0.05
O005824,P082,2,580,0.0
O005825,P096,1,260,0.2
O005825,P077,1,4260,0.2
O005826,P013,1,4850,0.05
O005827,P096,2,260,0.0
O005828,P008,1,5930,0.05
O005828,P079,1,630,0.3
O005828,P088,1,2510,0.0
O005829,P096,2,260,0.0
O005829,P057,2,360,0.05
O005830,P047,1,1740,0.0
O005830,P067,1,290,0.3
O005830,P080,1,660,0.3
O005831,P020,1,1760,0.0
O005831,P047,1,1740,0.3
O005832,P072,2,3800,0.0
O005833,P033,1,2190,0.0
O005833,P092,1,1210,0.0
O005834,P033,2,2190,0.2
O005835,P033,1,2190,0.1
O005835,P009,1,5010,0.0
O005836,P096,1,260,0.1
O005837,P003,1,8480,0.0
O005837,P007,1,1390,0.0
O005837,P012,3,1160,0.0
O005838,P020,1,1760,0.1
O005838,P054,1,480,0.0
O005839,P051,1,700,0.05
O005840,P031,1,700,0.3
O005841,P016,1,650,0.0
O005842,P010,2,6950,0.0
O005842,P012,1,1160,0.0
O005843,P012,1,1160,0.0
O005844,P050,1,570,0.0
O005844,P051,3,700,0.2
O005844,P037,1,470,0.05
O005845,P052,3,260,0.2
O005846,P045,1,630,0.0
O005847,P086,3,1840,0.05
O005847,P007,1,1390,0.05
O005848,P001,1,5210,0.0
O005849,P003,1,8480,0.05
O005850,P053,1,310,0.3
O005851,P008,1,5930,0.05
O005852,P053,1,310,0.2
O005852,P008,1,5930,0.3
O005853,P051,2,700,0.0
O005854,P051,1,700,0.3
O005855,P054,1,480,0.05
O005855,P051,1,700,0.1
O005856,P072,2,3800,0.2
O005857,P088,1,2510,0.05
O005858,P048,1,600,0.05
O005859,P080,1,660,0.05
O005859,P010,1,6950,0.0
O005860,P096,1,260,0.0
O005861,P001,1,5210,0.0
O005862,P088,1,2510,0.0
O005863,P074,1,890,0.1
O005864,P008,1,5930,0.05
O005864,P005,1,1960,0.1
O005865,P054,1,480,0.0
O005866,P006,1,5860,0.2
O005867,P050,2,570,0.0
O005867,P010,3,6950,0.0
O005867,P098,1,930,0.05
O005868,P051,1,700,0.0
O005869,P033,1,2190,0.1
O005870,P080,1,660,0.1
O005870,P020,1,1760,0.1
O005870,P088,1,2510,0.2
O005871,P020,1,1760,0.1
O005872,P051,2,700,0.1
O005873,P015,1,600,0.1
O005874,P008,1,5930,0.0
O005875,P020,1,1760,0.0
O005875,P052,1,260,0.0
O005876,P051,1,700,0.0
O005876,P079,2,630,0.0
O005877,P031,2,700,0.0
O005877,P042,1,5470,0.0
O005878,P041,1,4560,0.05
O005879,P054,2,480,0.0
O005879,P035,1,390,0.0
O005880,P028,1,430,0.2
O005880,P070,1,800,0.0
O005880,P002,1,4330,0.0
O005881,P081,1,2850,0.2
O005881,P079,1,630,0.3
O005882,P060,1,330,0.0
O005883,P052,1,260,0.05
O005884,P048,1,600,0.3
O005885,P008,1,5930,0.1
O005886,P096,1,260,0.0
O005887,P096,1,260,0.0
O005888,P033,3,2190,0.3
O005889,P006,1,5860,0.0
O005890,P096,2,260,0.0
O005891,P056,1,1440,0.0
O005891,P019,1,2290,0.05
O005892,P042,1,5470,0.1
O005892,P098,1,930,0.2
O005893,P007,1,1390,0.0
O005894,P079,1,630,0.0
O005895,P052,1,260,0.0
O005895,P020,2,1760,0.1
O005896,P083,1,710,0.2
O005897,P054,1,480,0.2
O005898,P096,1,260,0.0
O005898,P052,1,260,0.0
O005899,P053,1,310,0.0
O005899,P012,1,1160,0.05
O005900,P003,1,8480,0.2
O005900,P012,1,1160,0.3
O005901,P052,2,260,0.0
O005901,P032,1,1590,0.1
O005902,P038,1,940,0.05
O005902,P076,1,2640,0.05
O005903,P052,1,260,0.0
O005904,P047,1,1740,0.0
O005905,P080,1,660,0.1
O005905,P055,1,210,0.0
O005905,P054,2,480,0.0
O005905,P052,1,260,0.0
O005906,P092,1,1210,0.3
O005907,P089,3,530,0.0
O005908,P052,3,260,0.0
O005908,P037,1,470,0.0
O005909,P013,1,4850,0.0
O005910,P050,1,570,0.3
O005910,P092,3,1210,0.2
O005911,P031,2,700,0.0
O005911,P017,1,1030,0.3
O005912,P028,1,430,0.05
O005913,P007,1,1390,0.05
O005913,P092,1,1210,0.0
O005913,P070,1,800,0.0
O005914,P003,1,8480,0.05
O005915,P033,2,2190,0.05
O005916,P012,1,1160,0.1
O005916,P096,1,260,0.05
O005917,P022,2,1690,0.0
O005918,P057,1,360,0.0
O005919,P052,1,260,0.0
O005919,P079,1,630,0.0
O005920,P080,1,660,0.05
O005921,P051,1,700,0.1
O005921,P053,1,310,0.0
O005922,P096,1,260,0.3
O005923,P014,1,1960,0.0
O005923,P086,2,1840,0.05
O005923,P076,1,2640,0.2
O005924,P001,2,5210,0.0
O005924,P098,1,930,0.0
O005925,P092,3,1210,0.2
O005925,P089,1,530,0.0
O005926,P022,1,1690,0.0
O005927,P080,2,660,0.0
O005927,P008,3,5930,0.2
O005928,P052,1,260,0.0
O005929,P080,3,660,0.1
O005929,P052,1,260,0.0
O005930,P082,2,580,0.0
O005931,P049,1,870,0.1
O005932,P017,1,1030,0.0
O005933,P040,2,430,0.1
O005934,P040,1,430,0.0
O005935,P060,1,330,0.2
O005936,P096,1,260,0.0
O005937,P079,2,630,0.1
O005938,P079,1,630,0.05
O005939,P095,1,1840,0.1
O005939,P081,1,2850,0.1
O005940,P080,1,660,0.1
O005940,P096,1,260,0.1
O005940,P079,2,630,0.1
O005941,P069,1,250,0.0
O005942,P033,1,2190,0.1
O005943,P054,2,480,0.0
O005943,P084,1,540,0.0
O005944,P019,1,2290,0.2
O005944,P001,1,5210,0.0
O005944,P076,1,2640,0.0
O005944,P002,1,4330,0.0
O005944,P011,1,1280,0.1
O005945,P008,1,5930,0.0
O005946,P028,1,430,0.0
O005946,P085,1,1400,0.0
O005947,P092,1,1210,0.05
O005947,P020,1,1760,0.05
O005947,P054,1,480,0.0
O005947,P008,1,5930,0.0
O005948,P007,3,1390,0.0
O005949,P015,1,600,0.3
O005950,P012,1,1160,0.1
O005951,P006,1,5860,0.2
O005952,P088,1,2510,0.0
O005952,P007,2,1390,0.0
O005953,P052,3,260,0.05
O005954,P020,3,1760,0.0
O005955,P007,1,1390,0.05
O005956,P020,1,1760,0.0
O005956,P048,3,600,0.0
O005957,P003,1,8480,0.0
O005958,P079,1,630,0.0
O005958,P002,1,4330,0.05
O005959,P043,1,1220,0.3
O005959,P090,1,2690,0.0
O005959,P054,1,480,0.0
O005960,P040,2,430,0.05
O005961,P006,1,5860,0.0
O005961,P096,1,260,0.0
O005961,P007,2,1390,0.0
O005962,P069,1,250,0.0
O005963,P096,1,260,0.0
O005964,P074,1,890,0.0
O005965,P043,1,1220,0.3
O005965,P037,1,470,0.0
O005966,P055,1,210,0.0
O005966,P020,2,1760,0.0
O005967,P033,1,2190,0.0
O005968,P001,3,5210,0.3
O005968,P080,1,660,0.3
O005969,P054,2,480,0.0
O005969,P088,1,2510,0.2
O005970,P096,1,260,0.0
O005970,P088,1,2510,0.0
O005971,P004,1,1090,0.0
O005971,P002,1,4330,0.0
O005972,P096,1,260,0.0
O005973,P020,1,1760,0.2
O005974,P092,1,1210,0.1
O005975,P032,1,1590,0.0
O005975,P031,1,700,0.1
O005976,P028,1,430,0.1
O005977,P020,1,1760,0.0
O005978,P028,1,430,0.0
O005979,P020,1,1760,0.2
O005979,P051,2,700,0.05
O005980,P043,1,1220,0.2
O005980,P015,2,600,0.0
O005981,P052,1,260,0.0
O005981,P008,1,5930,0.0
O005982,P088,1,2510,0.1
O005983,P081,1,2850,0.2
O005984,P052,1,260,0.2
O005985,P072,1,3800,0.05
O005986,P048,2,600,0.05
O005987,P031,1,700,0.1
O005987,P020,1,1760,0.2
O005988,P052,1,260,0.0
O005989,P052,2,260,0.2
O005989,P042,1,5470,0.0
O005989,P094,1,1100,0.0
O005990,P070,1,800,0.05
O005991,P048,1,600,0.05
O005992,P047,1,1740,0.2
O005992,P094,1,1100,0.1
O005993,P079,2,630,0.0
O005993,P010,1,6950,0.05
O005993,P055,1,210,0.0
O005994,P075,1,2130,0.0
O005995,P007,1,1390,0.2
O005995,P011,1,1280,0.2
O005995,P047,1,1740,0.0
O005996,P055,1,210,0.1
O005996,P050,1,570,0.3
O005996,P092,3,1210,0.1
O005997,P006,1,5860,0.0
O005998,P007,1,1390,0.1
O005999,P051,1,700,0.0
O006000,P033,1,2190,0.3
O006001,P033,1,2190,0.0
O006001,P096,1,260,0.0
O006002,P094,3,1100,0.0
O006003,P012,1,1160,0.3
O006004,P033,1,2190,0.0
O006004,P049,1,870,0.05
O006005,P053,1,310,0.0
O006006,P069,1,250,0.1
O006007,P096,1,260,0.0
O006007,P010,1,6950,0.2
O006008,P044,1,260,0.0
O006008,P029,1,570,0.3
O006008,P052,2,260,0.0
O006009,P097,1,1960,0.1
O006010,P072,1,3800,0.0
O006010,P079,1,630,0.05
O006011,P051,1,700,0.0
O006012,P045,2,630,0.05
O006013,P047,2,1740,0.1
O006014,P050,1,570,0.05
O006014,P096,1,260,0.2
O006015,P052,1,260,0.0
O006016,P033,1,2190,0.1
O006016,P017,1,1030,0.05
O006017,P052,2,260,0.0
O006018,P062,1,400,0.05
O006018,P035,1,390,0.0
O006018,P098,1,930,0.0
O006019,P003,3,8480,0.0
O006020,P052,1,260,0.0
O006021,P072,1,3800,0.0
O006021,P008,1,5930,0.0
O006022,P043,1,1220,0.0
O006023,P096,1,260,0.0
O006024,P052,1,260,0.0
O006024,P028,1,430,0.0
O006025,P047,1,1740,0.2
O006026,P074,3,890,0.0
O006027,P052,1,260,0.1
O006028,P090,1,2690,0.0
O006028,P052,1,260,0.05
O006029,P098,1,930,0.0
O006029,P079,1,630,0.2
O006029,P038,2,940,0.1
O006030,P078,1,3260,0.1
O006030,P047,1,1740,0.0
O006030,P086,1,1840,0.05
O006030,P001,2,5210,0.3
O006031,P028,1,430,0.0
O006032,P007,1,1390,0.0
O006033,P092,1,1210,0.2
O006034,P028,1,430,0.0
O006035,P057,1,360,0.0
O006035,P020,2,1760,0.0
O006035,P082,1,580,0.0
O006036,P066,2,160,0.0
O006036,P079,1,630,0.3
O006036,P008,1,5930,0.1
O006037,P080,1,660,0.0
O006038,P036,1,490,
O006038,P057,1,360,0.05
O006039,P053,1,310,0.05
O006039,P077,1,4260,0.2
O006040,P002,1,4330,0.0
O006041,P077,1,4260,0.05
O006042,P051,1,700,0.1
O006043,P073,1,3790,0.0
O006044,P020,1,1760,0.1
O006044,P051,1,700,0.0
O006044,P080,1,660,0.0
O006045,P006,1,5860,0.1
O006046,P080,1,660,0.0
O006046,P084,1,540,0.0
O006047,P008,2,5930,0.05
O006048,P050,1,570,0.0
O006048,P015,2,600,0.05
O006048,P031,1,700,0.0
O006049,P052,1,260,0.0
O006049,P010,1,6950,0.0
O006049,P031,2,700,0.0
O006050,P037,2,470,0.1
O006050,P007,1,1390,0.05
O006051,P096,1,260,0.0
O006052,P001,1,5210,0.05
O006053,P051,1,700,0.2
O006053,P088,1,2510,0.0
O006054,P008,1,5930,0.1
O006054,P079,1,630,0.1
O006055,P092,1,1210,0.0
O006056,P022,1,1690,0.0
O006056,P008,1,5930,0.0
O006057,P027,2,1330,0.0
O006058,P068,1,260,0.0
O006059,P096,2,260,0.0
O006060,P068,1,260,0.0
O006060,P015,1,600,0.1
O006061,P092,1,1210,0.0
O006062,P046,1,860,0.0
O006062,P021,1,620,0.0
O006063,P045,1,630,0.0
O006064,P002,1,4330,0.0
O006065,P082,2,580,
O006066,P028,2,430,0.2
O006066,P074,2,890,0.0
O006067,P031,1,700,0.0
O006068,P088,1,2510,0.0
O006068,P015,2,600,0.1
O006069,P080,2,660,0.05
O006069,P008,1,5930,0.3
O006069,P010,3,6950,0.0
O006070,P047,3,1740,0.1
O006071,P096,1,260,0.0
O006071,P080,1,660,0.0
O006072,P080,1,660,0.0
O006073,P055,1,210,0.0
O006073,P047,1,1740,0.3
O006074,P041,1,4560,0.2
O006074,P095,1,1840,0.2
O006075,P002,1,4330,0.0
O006076,P020,2,1760,0.05
O006076,P052,1,260,0.0
O006077,P002,1,4330,0.1
O006078,P083,3,710,0.05
O006078,P079,1,630,0.0
O006079,P042,2,5470,0.1
O006080,P052,3,260,0.0
O006081,P083,1,710,0.2
O006081,P029,1,570,0.0
O006082,P040,1,430,0.05
O006082,P022,1,1690,0.3
O006083,P033,1,2190,0.05
O006084,P095,2,1840,0.0
O006085,P008,1,5930,0.0
O006085,P096,1,260,0.1
O006085,P047,1,1740,0.1
O006086,P096,1,260,0.1
O006086,P005,2,1960,0.0
O006087,P002,1,4330,0.0
O006088,P090,1,2690,0.2
O006089,P002,1,4330,0.0
O006090,P001,2,5210,0.0
O006091,P054,1,480,0.2
O006091,P007,1,1390,0.0
O006092,P024,2,540,0.1
O006093,P025,1,1700,0.0
O006093,P020,1,1760,0.05
O006094,P033,1,2190,0.0
O006095,P016,1,650,0.0
O006096,P096,1,260,0.0
O006097,P096,2,260,0.0
O006097,P081,1,2850,0.0
O006097,P047,1,1740,0.1
O006098,P011,1,1280,0.0
O006099,P001,1,5210,0.0
O006099,P006,1,5860,0.0
O006100,P096,1,260,0.0
O006100,P065,2,180,0.0
O006101,P090,1,2690,0.0
O006102,P045,3,630,0.0
O006102,P020,1,1760,0.2
O006103,P054,2,480,0.0
O006103,P008,2,5930,0.0
O006104,P092,1,1210,0.05
O006104,P087,3,1570,0.0
O006105,P079,1,630,0.05
O006106,P079,2,630,0.0
O006106,P096,2,260,0.2
O006107,P047,1,1740,0.1
O006107,P027,1,1330,0.2
O006108,P076,3,2640,0.2
O006109,P054,3,480,0.05
O006110,P045,1,630,0.1
O006110,P021,1,620,0.1
O006111,P031,2,700,0.2
O006112,P092,2,1210,0.2
O006113,P092,1,1210,0.0
O006113,P053,1,310,0.05
O006114,P052,1,260,0.1
O006114,P085,1,1400,0.3
O006115,P007,1,1390,0.0
O006116,P096,2,260,0.0
O006117,P013,2,4850,0.0
O006117,P085,1,1400,0.1
O006118,P098,1,930,0.0
O006118,P052,2,260,0.0
O006118,P040,1,430,0.0
O006118,P053,1,310,0.1
O006119,P044,1,260,0.05
O006120,P080,1,660,0.0
O006121,P033,1,2190,0.0
O006122,P003,2,8480,0.0
O006123,P033,1,2190,0.1
O006123,P075,1,2130,0.0
O006124,P095,2,1840,0.0
O006124,P043,1,1220,0.05
O006124,P047,2,1740,0.2
O006125,P080,1,660,0.0
O006126,P052,2,260,0.2
O006127,P096,2,260,0.2
O006127,P051,2,700,0.1
O006128,P047,1,1740,0.2
O006128,P059,1,240,0.2
O006128,P024,1,540,0.2
O006129,P020,1,1760,0.3
O006130,P052,2,260,0.0
O006131,P080,1,660,0.0
O006132,P079,1,630,0.0
O006132,P063,1,500,0.2
O006132,P054,1,480,0.3
O006133,P053,1,310,0.05
O006133,P008,1,5930,0.2
O006133,P018,2,790,0.2
O006134,P033,1,2190,0.0
O006134,P080,3,660,0.0
O006135,P079,1,630,0.0
O006135,P028,1,430,0.1
O006136,P086,1,1840,0.0
O006137,P033,3,2190,0.0
O006137,P059,1,240,0.2
O006138,P039,1,1980,0.05
O006138,P030,1,600,0.0
O006139,P008,1,5930,0.1
O006140,P020,2,1760,0.0
O006141,P052,1,260,0.0
O006141,P077,1,4260,0.05
O006142,P051,1,700,0.3
O006143,P056,1,1440,0.05
O006143,P052,2,260,0.2
O006143,P005,1,1960,0.05
O006144,P033,1,2190,0.0
O006144,P051,1,700,0.0
O006145,P042,1,5470,0.1
O006146,P081,1,2850,0.05
O006147,P052,1,260,0.0
O006147,P059,1,240,0.1
O006147,P008,1,5930,0.05
O006148,P008,1,5930,0.2
O006149,P022,3,1690,0.0
O006150,P022,1,1690,0.0
O006151,P075,1,2130,0.2
O006152,P082,1,580,0.0
O006153,P020,1,1760,0.1
O006154,P008,1,5930,0.1
O006155,P004,1,1090,0.0
O006155,P072,1,3800,0.0
O006155,P074,1,890,0.1
O006156,P066,1,160,0.0
O006156,P052,1,260,0.0
O006157,P007,1,1390,0.2
O006157,P008,3,5930,0.1
O006158,P002,3,4330,0.3
O006158,P010,1,6950,0.3
O006159,P096,1,260,0.0
O006159,P017,3,1030,0.0
O006159,P006,1,5860,0.0
O006160,P033,1,2190,0.3
O006160,P052,1,260,0.2
O006161,P095,1,1840,0.3
O006162,P082,1,580,0.3
O006162,P020,1,1760,0.2
O006163,P053,1,310,0.1
O006163,P074,1,890,0.0
O006163,P072,1,3800,0.05
O006164,P045,1,630,0.05
O006164,P018,2,790,0.0
O006165,P076,1,2640,0.0
O006166,P042,1,5470,0.1
O006167,P052,1,260,0.1
O006167,P033,2,2190,0.05
O006167,P051,1,700,0.05
O006168,P001,1,5210,0.1
O006168,P033,1,2190,0.3
O006169,P033,3,2190,0.1
O006170,P017,2,1030,0.0
O006170,P039,2,1980,0.05
O006171,P020,2,1760,0.0
O006171,P012,1,1160,0.0
O006172,P080,1,660,0.05
O006173,P088,1,2510,0.0
O006173,P003,1,8480,0.2
O006174,P012,1,1160,0.0
O006174,P033,1,2190,0.1
O006175,P082,1,580,0.0
O006176,P020,1,1760,0.0
O006176,P095,1,1840,0.0
O006177,P060,1,330,0.0
O006178,P017,1,1030,0.0
O006179,P076,1,2640,0.1
O006179,P080,3,660,0.0
O006180,P038,2,940,0.3
O006180,P020,1,1760,0.05
O006180,P069,2,250,0.0
O006181,P052,1,260,0.0
O006181,P092,1,1210,0.05
O006181,P098,2,930,0.0
O006182,P007,2,1390,0.2
O006182,P008,1,5930,0.0
O006183,P012,1,1160,0.05
O006183,P043,1,1220,0.0
O006184,P098,1,930,0.0
O006185,P098,1,930,0.05
O006186,P040,1,430,0.05
O006187,P088,2,2510,0.05
O006187,P033,1,2190,0.05
O006188,P012,1,1160,0.0
O006189,P079,1,630,0.05
O006190,P082,2,580,0.2
O006191,P084,1,540,0.0
O006192,P095,1,1840,0.1
O006193,P042,1,5470,0.0
O006194,P043,1,1220,0.0
O006194,P096,1,260,0.3
O006195,P014,2,1960,0.2
O006196,P078,1,3260,0.2
O006197,P049,3,870,0.0
O006198,P074,3,890,0.05
O006198,P078,1,3260,0.3
O006198,P033,2,2190,0.0
O006199,P082,1,580,0.05
O006200,P056,2,1440,0.0
O006201,P009,2,5010,0.0
O006201,P054,1,480,0.0
O006201,P047,1,1740,0.0
O006202,P040,1,430,0.1
O006203,P097,1,1960,0.0
O006203,P079,1,630,0.1
O006204,P031,1,700,0.0
O006205,P018,1,790,0.05
O006206,P054,1,480,0.0
O006206,P079,2,630,0.0
O006207,P079,1,630,0.0
O006207,P074,1,890,0.1
O006208,P038,1,940,0.2
O006209,P007,1,1390,0.0
O006209,P062,1,400,0.0
O006210,P047,3,1740,0.05
O006211,P075,2,2130,0.0
O006212,P096,1,260,
O006212,P033,1,2190,0.05
O006213,P017,2,1030,0.0
O006214,P096,1,260,0.0
O006215,P096,2,260,0.0
O006215,P002,1,4330,0.2
O006216,P043,1,1220,0.0
O006217,P095,2,1840,0.0
O006218,P047,1,1740,0.0
O006219,P078,1,3260,0.0
O006220,P020,1,1760,0.1
O006221,P056,2,1440,0.1
O006221,P052,1,260,0.3
O006222,P020,2,1760,0.2
O006223,P012,1,1160,0.1
O006224,P006,1,5860,0.0
O006224,P002,1,4330,0.1
O006225,P055,1,210,0.05
O006226,P079,1,630,0.3
O006227,P007,1,1390,0.0
O006228,P069,2,250,0.2
O006229,P043,2,1220,0.0
O006230,P092,1,1210,0.1
O006231,P056,1,1440,0.0
O006232,P002,1,4330,0.2
O006232,P040,1,430,0.05
O006233,P072,1,3800,0.0
O006234,P007,1,1390,0.0
O006234,P052,1,260,0.1
O006235,P028,2,430,0.2
O006236,P002,1,4330,0.0
O006236,P032,1,1590,0.0
O006236,P080,1,660,0.0
O006237,P033,1,2190,0.0
O006237,P020,2,1760,0.1
O006237,P042,1,5470,0.0
O006238,P096,3,260,0.0
O006238,P070,1,800,0.0
O006239,P010,1,6950,0.0
O006240,P043,1,1220,0.05
O006241,P092,1,1210,0.05
O006242,P008,1,5930,0.0
O006242,P070,3,800,0.05
O006243,P008,2,5930,0.0
O006243,P070,1,800,0.0
O006244,P006,1,5860,0.0
O006245,P043,2,1220,0.0
O006246,P028,1,430,0.0
O006246,P076,1,2640,0.3
O006246,P039,1,1980,0.05
O006247,P037,1,470,0.0
O006247,P006,1,5860,0.05
O006248,P072,2,3800,0.0
O006249,P007,1,1390,0.0
O006249,P082,1,580,0.1
O006250,P033,2,2190,0.0
O006251,P054,2,480,0.0
O006251,P052,3,260,0.0
O006252,P052,1,260,0.1
O006252,P053,1,310,0.0
O006253,P076,2,2640,0.3
O006253,P060,1,330,0.05
O006254,P052,1,260,0.0
O006255,P008,1,5930,0.3
O006255,P034,1,490,0.2
O006255,P098,1,930,0.0
O006256,P047,1,1740,0.0
O006257,P019,1,2290,0.3
O006258,P057,1,360,0.0
O006258,P016,1,650,0.05
O006258,P002,1,4330,0.2
O006259,P079,1,630,0.1
O006260,P050,1,570,0.0
O006260,P017,3,1030,0.2
O006261,P067,1,290,0.0
O006262,P079,1,630,0.2
O006263,P051,1,700,0.2
O006264,P008,2,5930,0.2
O006264,P047,1,1740,0.2
O006265,P096,1,260,0.2
O006266,P028,1,430,0.0
O006267,P096,1,260,0.2
O006268,P052,1,260,0.1
O006268,P020,1,1760,0.1
O006269,P008,1,5930,0.05
O006269,P080,1,660,0.05
O006269,P028,1,430,0.0
O006270,P046,1,860,0.0
O006271,P020,2,1760,0.2
O006272,P092,1,1210,0.0
O006272,P033,3,2190,0.0
O006273,P043,1,1220,0.0
O006274,P043,2,1220,0.3
O006274,P050,1,570,0.0
O006275,P092,1,1210,0.0
O006276,P084,2,540,0.2
O006277,P063,3,500,0.0
O006278,P020,1,1760,0.0
O006279,P030,1,600,0.0
O006280,P033,1,2190,0.1
O006281,P083,1,710,0.0
O006282,P080,3,660,0.05
O006283,P054,1,480,0.1
O006283,P051,3,700,0.0
O006284,P020,3,1760,0.0
O006284,P012,1,1160,0.0
O006285,P069,1,250,0.0
O006285,P012,1,1160,0.0
O006286,P076,1,2640,0.0
O006286,P007,1,1390,0.1
O006287,P088,2,2510,0.0
O006288,P002,2,4330,0.1
O006289,P088,1,2510,0.0
O006290,P054,1,480,0.05
O006291,P088,2,2510,0.3
O006292,P049,2,870,0.0
O006292,P047,1,1740,0.2
O006293,P094,2,1100,0.0
O006294,P053,1,310,0.0
O006295,P006,1,5860,0.0
O006295,P052,1,260,0.1
O006295,P080,1,660,0.1
O006296,P096,1,260,0.2
O006296,P014,2,1960,0.0
O006297,P052,1,260,0.05
O006298,P091,3,2490,0.3
O006298,P047,1,1740,0.2
O006298,P033,1,2190,0.1
O006299,P002,3,4330,0.2
O006300,P015,1,600,0.0
O006301,P047,1,1740,0.0
O006301,P093,1,350,0.0
O006302,P045,1,630,0.05
O006303,P077,1,4260,0.0
O006304,P025,3,1700,0.05
O006304,P033,1,2190,0.0
O006304,P083,1,710,0.0
O006304,P019,1,2290,0.0
O006304,P008,1,5930,0.05
O006305,P052,1,260,0.3
O006306,P043,1,1220,0.0
O006307,P079,1,630,0.0
O006307,P043,2,1220,0.1
O006307,P024,1,540,0.0
O006308,P009,2,5010,0.0
O006309,P047,3,1740,0.05
O006310,P092,1,1210,0.0
O006310,P047,2,1740,0.3
O006310,P079,1,630,0.2
O006311,P053,1,310,0.3
O006311,P096,1,260,0.05
O006312,P076,2,2640,0.0
O006313,P022,1,1690,0.0
O006314,P045,2,630,0.2
O006315,P012,1,1160,0.2
O006315,P041,1,4560,0.0
O006316,P020,1,1760,0.3
O006316,P052,1,260,0.0
O006317,P033,1,2190,0.0
O006318,P079,1,630,0.2
O006319,P096,1,260,0.05
O006319,P050,1,570,0.05
O006320,P052,1,260,0.0
O006320,P067,1,290,0.05
O006320,P027,2,1330,0.1
O006321,P096,1,260,0.3
O006321,P039,1,1980,0.05
O006322,P096,1,260,0.2
O006323,P002,1,4330,0.05
O006324,P008,2,5930,0.05
O006325,P052,1,260,0.2
O006325,P088,1,2510,0.1
O006325,P079,2,630,0.1
O006326,P070,1,800,0.05
O006327,P096,1,260,0.2
O006328,P051,1,700,0.0
O006328,P085,1,1400,0.05
O006329,P033,2,2190,0.0
O006330,P070,1,800,0.0
O006331,P096,1,260,0.0
O006332,P047,1,1740,0.0
O006333,P094,1,1100,0.2
O006334,P047,1,1740,0.1
O006334,P052,1,260,0.05
O006335,P012,1,1160,0.05
O006335,P008,1,5930,0.0
O006335,P007,1,1390,0.0
O006335,P078,1,3260,0.05
O006335,P028,1,430,0.2
O006336,P065,1,180,0.0
O006336,P054,3,480,0.05
O006337,P074,2,890,0.1
O006338,P007,1,1390,0.05
O006339,P088,1,2510,0.0
O006339,P008,1,5930,0.1
O006340,P054,1,480,0.0
O006340,P088,1,2510,0.05
O006341,P033,1,2190,0.0
O006342,P001,1,5210,0.3
O006342,P032,1,1590,0.0
O006343,P088,1,2510,0.0
O006344,P088,1,2510,0.05
O006344,P042,1,5470,0.2
O006345,P033,1,2190,0.0
O006346,P032,1,1590,0.1
O006347,P052,1,260,0.1
O006348,P096,2,260,0.1
O006349,P094,1,1100,0.0
O006350,P052,1,260,0.0
O006350,P020,1,1760,0.2
O006350,P060,1,330,0.0
O006351,P012,1,1160,0.05
O006352,P012,1,1160,0.0
O006352,P081,2,2850,0.2
O006353,P079,1,630,0.05
O006354,P009,1,5010,0.05
O006354,P028,1,430,0.05
O006355,P050,1,570,0.3
O006356,P043,1,1220,0.2
O006357,P018,2,790,0.0
O006357,P047,1,1740,0.0
O006358,P021,1,620,0.05
O006359,P033,1,2190,0.1
O006360,P072,2,3800,0.1
O006361,P098,2,930,0.0
O006362,P008,1,5930,0.1
O006363,P043,1,1220,0.1
O006364,P080,1,660,0.2
O006365,P033,1,2190,0.0
O006365,P002,1,4330,0.0
O006365,P045,1,630,0.3
O006366,P031,1,700,0.3
O006367,P052,2,260,0.0
O006368,P008,1,5930,0.0
O006369,P076,2,2640,0.0
O006370,P001,1,5210,0.0
O006371,P052,2,260,0.2
O006372,P043,1,1220,0.0
O006372,P032,1,1590,0.1
O006373,P040,1,430,0.3
O006373,P047,1,1740,
O006374,P033,1,2190,0.0
O006374,P047,1,1740,0.0
O006375,P047,1,1740,0.0
O006375,P096,2,260,0.05
O006376,P071,1,450,0.2
O006376,P043,1,1220,0.0
O006377,P052,1,260,0.2
O006377,P007,2,1390,0.0
O006377,P083,3,710,0.0
O006378,P051,1,700,0.0
O006379,P080,1,660,0.0
O006380,P043,1,1220,0.0
O006381,P037,1,470,0.0
O006381,P051,3,700,0.1
O006381,P038,1,940,0.1
O006382,P008,1,5930,0.05
O006382,P052,1,260,0.05
O006382,P055,1,210,0.3
O006383,P008,1,5930,0.2
O006384,P037,2,470,0.3
O006384,P052,1,260,0.05
O006385,P015,1,600,0.0
O006386,P048,1,600,0.0
O006387,P073,1,3790,0.0
O006388,P054,2,480,0.0
O006389,P050,2,570,0.1
O006389,P044,1,260,0.0
O006390,P008,1,5930,0.0
O006390,P033,1,2190,0.05
O006391,P008,3,5930,0.0
O006392,P034,1,490,0.0
O006393,P020,1,1760,0.0
O006393,P012,2,1160,0.0
O006394,P053,1,310,0.0
O006394,P007,1,1390,0.0
O006394,P052,2,260,0.0
O006395,P073,1,3790,0.0
O006396,P095,1,1840,0.3
O006397,P080,1,660,0.0
O006398,P079,1,630,0.0
O006398,P085,1,1400,0.05
O006399,P047,2,1740,0.1
O006400,P080,1,660,0.0
O006400,P012,1,1160,0.2
O006400,P048,2,600,0.3
O006401,P075,2,2130,0.2
O006401,P010,1,6950,0.0
O006402,P002,1,4330,0.0
O006402,P005,1,1960,0.0
O006403,P080,1,660,0.0
O006403,P013,1,4850,0.3
O006404,P052,1,260,0.1
O006405,P090,2,2690,0.0
O006405,P002,1,4330,0.2
O006406,P019,1,2290,0.2
O006406,P055,2,210,0.05
O006407,P053,1,310,0.3
O006408,P017,1,1030,0.0
O006408,P079,2,630,0.0
O006409,P040,1,430,0.05
O006410,P054,2,480,0.0
O006411,P031,1,700,0.0
O006412,P060,3,330,0.0
O006412,P008,1,5930,0.0
O006413,P092,1,1210,0.1
O006414,P029,1,570,0.0
O006415,P074,1,890,0.0
O006415,P080,1,660,0.0
O006416,P020,1,1760,0.0
O006416,P033,1,2190,0.0
O006417,P047,3,1740,0.2
O006418,P096,1,260,0.1
O006419,P054,3,480,0.2
O006419,P028,1,430,0.0
O006420,P052,1,260,0.05
O006420,P049,1,870,0.0
O006421,P096,1,260,0.0
O006422,P007,1,1390,0.1
O006422,P052,1,260,0.1
O006423,P043,1,1220,0.0
O006424,P034,1,490,0.0
O006425,P047,1,1740,0.3
O006426,P007,1,1390,0.2
O006426,P020,1,1760,0.2
O006426,P096,2,260,0.0
O006426,P076,1,2640,0.0
O006427,P079,1,630,0.05
O006427,P034,1,490,0.2
O006428,P030,1,600,0.0
O006429,P056,1,1440,0.0
O006430,P025,2,1700,0.0
O006430,P007,1,1390,0.0
O006431,P033,3,2190,0.1
O006432,P079,1,630,0.1
O006433,P088,1,2510,0.0
O006434,P077,1,4260,0.0
O006435,P088,1,2510,0.0
O006435,P033,1,2190,0.05
O006435,P010,1,6950,0.0
O006436,P096,2,260,0.1
O006437,P052,1,260,0.1
O006437,P040,1,430,0.05
O006438,P039,1,1980,0.1
O006438,P022,2,1690,0.1
O006439,P025,1,1700,0.0
O006440,P002,1,4330,0.0
O006441,P054,2,480,0.0
O006442,P096,1,260,0.3
O006443,P002,2,4330,0.0
O006443,P006,1,5860,0.0
O006444,P042,1,5470,0.05
O006444,P013,1,4850,0.0
O006444,P004,2,1090,0.0
O006445,P007,2,1390,0.0
O006446,P073,1,3790,0.2
O006446,P070,2,800,0.0
O006447,P031,2,700,0.2
O006448,P073,1,3790,0.05
O006448,P070,3,800,0.05
O006448,P007,1,1390,0.0
O006449,P032,1,1590,0.0
O006450,P080,1,660,0.3
O006451,P006,1,5860,0.3
O006451,P033,1,2190,0.1
O006451,P020,1,1760,0.0
O006452,P020,1,1760,0.1
O006452,P043,1,1220,0.0
O006453,P024,1,540,0.1
O006453,P018,1,790,0.0
O006453,P088,1,2510,0.0
O006454,P031,1,700,0.0
O006454,P083,1,710,0.0
O006454,P047,2,1740,0.0
O006455,P046,2,860,0.1
O006455,P054,1,480,0.3
O006455,P096,2,260,0.0
O006456,P079,1,630,0.2
O006457,P098,1,930,0.0
O006458,P031,2,700,0.2
O006459,P076,3,2640,0.3
O006459,P069,1,250,0.0
O006460,P033,1,2190,0.0
O006461,P079,1,630,0.1
O006461,P051,1,700,0.0
O006462,P052,1,260,0.05
O006463,P079,3,630,0.0
O006464,P008,3,5930,0.05
O006465,P079,1,630,0.3
O006466,P020,2,1760,0.1
O006466,P096,1,260,0.0
O006467,P042,1,5470,0.05
O006467,P052,1,260,0.1
O006467,P092,1,1210,0.0
O006468,P050,1,570,0.05
O006468,P088,1,2510,0.2
O006469,P052,1,260,0.05
O006470,P076,1,2640,0.2
O006471,P082,1,580,0.2
O006472,P057,1,360,0.05
O006473,P011,1,1280,0.05
O006473,P007,1,1390,0.0
O006473,P033,1,2190,0.3
O006474,P055,2,210,0.0
O006475,P080,1,660,0.3
O006476,P020,2,1760,0.0
O006476,P053,1,310,0.0
O006477,P010,1,6950,0.2
O006478,P082,2,580,0.1
O006478,P075,1,2130,0.05
O006479,P020,1,1760,0.1
O006480,P033,1,2190,0.1
O006481,P007,1,1390,0.0
O006482,P045,1,630,0.3
O006483,P079,1,630,0.0
O006484,P082,1,580,0.0
O006484,P006,1,5860,0.1
O006485,P079,2,630,0.05
O006485,P020,1,1760,0.0
O006486,P007,1,1390,0.1
O006486,P043,1,1220,0.0
O006487,P096,1,260,0.05
O006488,P012,1,1160,0.1
O006489,P009,1,5010,0.0
O006490,P047,1,1740,0.1
O006491,P080,2,660,0.1
O006491,P052,1,260,0.3
O006492,P043,1,1220,0.0
O006493,P092,1,1210,0.0
O006494,P083,1,710,0.0
O006494,P050,1,570,0.05
O006495,P080,2,660,0.3
O006495,P006,3,5860,0.2
O006496,P007,1,1390,0.2
O006497,P018,2,790,0.0
O006497,P055,1,210,0.05
O006498,P001,1,5210,0.0
O006499,P079,1,630,0.0
O006500,P080,1,660,0.0
O006501,P092,1,1210,0.1
O006501,P047,1,1740,0.0
O006502,P055,1,210,
O006503,P080,1,660,0.3
O006504,P052,1,260,0.0
O006505,P073,1,3790,0.1
O006506,P072,1,3800,0.05
O006506,P042,1,5470,0.0
O006506,P031,3,700,0.3
O006507,P020,2,1760,0.2
O006507,P057,1,360,0.0
O006508,P052,1,260,0.05
O006508,P077,1,4260,0.3
O006509,P088,1,2510,0.0
O006510,P001,1,5210,0.0
O006510,P049,1,870,0.2
O006511,P020,1,1760,0.1
O006512,P026,2,2100,0.1
O006512,P051,2,700,
O006512,P022,1,1690,0.2
O006513,P010,1,6950,0.2
O006514,P007,1,1390,0.2
O006515,P082,1,580,0.0
O006516,P016,1,650,0.2
O006517,P092,1,1210,0.0
O006518,P031,1,700,0.0
O006519,P012,3,1160,
O006519,P007,2,1390,0.0
O006520,P051,1,700,0.0
O006520,P077,1,4260,0.0
O006521,P039,1,1980,0.3
O006521,P088,2,2510,0.2
O006522,P047,1,1740,0.0
O006523,P002,1,4330,0.0
O006523,P008,2,5930,0.0
O006524,P096,1,260,0.0
O006525,P079,3,630,0.0
O006526,P079,1,630,0.0
O006526,P059,2,240,0.05
O006527,P055,1,210,0.0
O006528,P008,1,5930,0.0
O006528,P079,1,630,0.0
O006529,P008,1,5930,0.0
O006530,P092,1,1210,0.0
O006530,P072,1,3800,0.1
O006531,P008,2,5930,0.3
O006531,P047,3,1740,0.05
O006532,P092,1,1210,0.05
O006532,P008,1,5930,0.0
O006533,P014,1,1960,0.2
O006534,P033,1,2190,0.0
O006535,P055,1,210,0.0
O006535,P036,1,490,0.0
O006536,P088,1,2510,0.0
O006536,P021,2,620,0.05
O006537,P096,1,260,0.2
O006538,P033,1,2190,0.0
O006539,P023,1,2180,0.0
O006540,P075,3,2130,0.05
O006541,P033,1,2190,0.0
O006542,P076,1,2640,0.0
O006542,P047,1,1740,
O006543,P054,1,480,0.0
O006544,P020,1,1760,0.0
O006545,P041,1,4560,0.0
O006546,P034,1,490,0.0
O006547,P055,1,210,0.2
O006548,P020,1,1760,0.0
O006548,P002,1,4330,0.0
O006549,P008,1,5930,0.2
O006550,P051,1,700,0.2
O006551,P020,1,1760,0.1
O006551,P061,1,660,0.1
O006551,P012,1,1160,0.0
O006552,P047,1,1740,0.2
O006552,P022,2,1690,0.05
O006553,P080,1,660,0.05
O006553,P052,3,260,0.0
O006554,P033,1,2190,0.0
O006554,P008,1,5930,0.1
O006555,P029,1,570,0.3
O006556,P052,1,260,0.2
O006556,P065,1,180,0.1
O006557,P025,3,1700,0.1
O006558,P087,1,1570,0.0
O006559,P020,1,1760,0.0
O006560,P096,2,260,0.0
O006561,P052,1,260,0.05
O006562,P063,1,500,0.0
O006563,P057,1,360,0.05
O006564,P047,1,1740,0.0
O006564,P020,1,1760,0.0
O006564,P086,3,1840,0.0
O006565,P064,1,550,0.1
O006566,P087,1,1570,0.0
O006567,P020,1,1760,0.2
O006568,P096,2,260,0.0
O006569,P020,1,1760,0.0
O006570,P012,1,1160,0.1
O006571,P094,1,1100,0.0
O006571,P077,1,4260,0.0
O006571,P088,2,2510,0.3
O006572,P052,1,260,0.3
O006573,P007,2,1390,0.0
O006574,P028,1,430,0.0
O006574,P006,3,5860,0.05
O006574,P096,1,260,0.2
O006575,P031,1,700,0.1
O006576,P073,1,3790,0.2
O006577,P051,1,700,0.0
O006577,P047,3,1740,0.0
O006578,P035,1,390,0.2
O006578,P051,1,700,0.0
O006579,P054,1,480,0.05
O006580,P002,1,4330,0.0
O006581,P011,1,1280,0.0
O006582,P033,2,2190,0.1
O006582,P092,1,1210,0.0
O006583,P080,1,660,0.0
O006583,P054,1,480,0.1
O006584,P001,2,5210,0.0
O006585,P006,1,5860,0.0
O006585,P051,2,700,0.1
O006586,P092,1,1210,0.3
O006587,P052,1,260,0.1
O006588,P054,1,480,0.0
O006588,P086,1,1840,0.2
O006589,P060,1,330,0.0
O006590,P047,1,1740,0.0
O006591,P069,1,250,0.05
O006592,P046,3,860,0.2
O006593,P024,1,540,0.0
O006593,P074,1,890,0.1
O006594,P063,1,500,0.05
O006594,P072,2,3800,0.3
O006595,P043,2,1220,0.1
O006596,P076,1,2640,0.1
O006596,P033,2,2190,0.0
O006597,P076,3,2640,0.0
O006598,P043,1,1220,0.1
O006599,P052,1,260,0.0
O006599,P048,1,600,0.0
O006600,P022,2,1690,0.0
O006600,P082,3,580,0.0
O006601,P031,1,700,0.05
O006601,P096,2,260,0.0
O006602,P090,1,2690,0.0
O006603,P083,1,710,0.1
O006604,P033,1,2190,0.0
O006604,P045,1,630,0.05
O006605,P034,1,490,0.1
O006606,P043,1,1220,0.05
O006606,P051,1,700,0.0
O006606,P079,1,630,0.0
O006607,P073,1,3790,0.3
O006608,P096,2,260,0.1
O006608,P088,1,2510,0.05
O006608,P052,1,260,0.2
O006609,P047,1,1740,0.0
O006610,P098,1,930,0.0
O006611,P020,1,1760,0.1
O006612,P052,1,260,0.0
O006613,P002,1,4330,0.2
O006613,P001,1,5210,0.2
O006614,P051,1,700,0.05
O006614,P088,2,2510,0.2
O006615,P047,1,1740,0.2
O006616,P055,1,210,0.1
O006617,P051,2,700,0.0
O006618,P079,2,630,0.1
O006619,P052,1,260,0.0
O006620,P026,1,2100,0.2
O006620,P033,1,2190,0.2
O006620,P051,1,700,0.0
O006620,P054,2,480,0.0
O006620,P020,1,1760,0.3
O006621,P051,1,700,0.0
O006622,P022,1,1690,0.2
O006623,P020,3,1760,0.2
O006624,P050,1,570,
O006624,P048,1,600,0.0
O006625,P075,1,2130,0.0
O006626,P090,2,2690,0.2
O006626,P047,1,1740,0.3
O006627,P096,1,260,0.0
O006628,P079,2,630,0.2
O006629,P047,1,1740,0.0
O006630,P017,3,1030,0.0
O006630,P090,2,2690,0.05
O006631,P033,1,2190,0.05
O006631,P029,1,570,0.2
O006632,P051,1,700,0.0
O006632,P043,1,1220,0.0
O006633,P012,2,1160,0.0
O006633,P020,1,1760,0.0
O006634,P079,1,630,0.1
O006634,P027,1,1330,0.05
O006635,P027,2,1330,0.0
O006635,P043,1,1220,0.0
O006636,P044,1,260,0.0
O006637,P012,2,1160,0.05
O006637,P093,1,350,0.0
O006637,P088,1,2510,0.0
O006638,P014,2,1960,0.1
O006638,P033,1,2190,0.0
O006639,P059,1,240,0.0
O006639,P006,1,5860,0.3
O006639,P057,1,360,0.0
O006640,P096,1,260,0.0
O006640,P088,1,2510,0.05
O006640,P047,1,1740,0.05
O006641,P080,1,660,0.0
O006642,P072,2,3800,0.3
O006642,P054,1,480,0.0
O006643,P096,1,260,0.1
O006644,P005,1,1960,0.2
O006644,P002,1,4330,0.0
O006644,P071,1,450,0.0
O006645,P098,2,930,0.1
O006646,P049,1,870,0.0
O006647,P020,3,1760,0.2
O006647,P033,1,2190,0.05
O006648,P047,1,1740,0.1
O006649,P021,1,620,0.0
O006650,P014,1,1960,0.0
O006650,P052,1,260,0.05
O006650,P033,1,2190,0.1
O006651,P047,1,1740,0.0
O006652,P024,3,540,0.1
O006652,P079,1,630,0.0
O006653,P096,3,260,0.05
O006653,P029,1,570,0.0
O006654,P086,2,1840,0.05
O006655,P020,1,1760,0.3
O006655,P076,1,2640,0.0
O006655,P011,3,1280,0.05
O006656,P096,1,260,0.3
O006657,P001,2,5210,0.0
O006658,P047,1,1740,0.0
O006659,P055,1,210,0.0
O006660,P096,1,260,0.1
O006660,P074,1,890,0.1
O006660,P092,1,1210,0.0
O006661,P028,2,430,0.0
O006661,P007,2,1390,0.05
O006661,P020,1,1760,0.0
O006662,P078,1,3260,0.0
O006663,P080,1,660,0.05
O006664,P096,1,260,0.2
O006664,P020,1,1760,0.0
O006665,P007,2,1390,0.0
O006666,P051,1,700,0.0
O006667,P001,1,5210,0.3
O006668,P010,1,6950,0.2
O006669,P053,3,310,0.0
O006670,P052,2,260,0.0
O006671,P045,1,630,0.2
O006671,P002,3,4330,0.05
O006672,P051,3,700,0.1
O006672,P055,1,210,0.0
O006673,P034,1,490,0.0
O006674,P049,1,870,0.05
O006674,P096,1,260,0.3
O006675,P043,2,1220,0.0
O006675,P080,1,660,0.05
O006676,P080,1,660,0.0
O006677,P079,2,630,0.0
O006678,P096,2,260,0.0
O006679,P080,1,660,0.0
O006679,P096,1,260,0.0
O006680,P052,2,260,0.0
O006681,P080,2,660,0.0
O006682,P023,1,2180,0.0
O006683,P052,1,260,0.1
O006683,P098,1,930,0.05
O006683,P008,1,5930,0.05
O006683,P030,1,600,0.0
O006684,P052,1,260,0.0
O006684,P051,2,700,0.0
O006685,P088,3,2510,0.0
O006686,P079,1,630,0.0
O006686,P052,1,260,0.0
O006686,P054,1,480,0.0
O006686,P050,1,570,0.0
O006687,P010,2,6950,0.0
O006688,P026,2,2100,0.0
O006689,P079,3,630,0.0
O006690,P047,2,1740,0.0
O006690,P010,1,6950,0.0
O006691,P032,2,1590,0.0
O006691,P006,1,5860,0.2
O006692,P044,1,260,0.0
O006693,P052,1,260,0.05
O006693,P096,1,260,0.0
O006694,P006,3,5860,0.1
O006694,P012,1,1160,0.2
O006695,P090,2,2690,0.05
O006695,P002,1,4330,0.0
O006696,P053,1,310,0.1
O006697,P028,1,430,0.0
O006697,P054,1,480,0.05
O006698,P033,1,2190,0.0
O006699,P053,2,310,0.0
O006700,P078,1,3260,0.05
O006700,P052,1,260,0.0
O006700,P076,1,2640,0.3
O006701,P054,1,480,0.0
O006701,P018,1,790,0.0
O006701,P008,1,5930,0.3
O006702,P033,1,2190,0.0
O006702,P070,1,800,0.3
O006703,P026,1,2100,0.0
O006704,P092,1,1210,0.0
O006704,P007,1,1390,0.3
O006705,P052,1,260,0.0
O006705,P041,2,4560,0.1
O006706,P051,1,700,0.0
O006707,P080,2,660,0.0
O006707,P003,2,8480,0.0
O006708,P088,2,2510,0.0
O006708,P012,2,1160,0.3
O006709,P085,2,1400,0.1
O006710,P021,1,620,0.3
O006711,P002,1,4330,0.05
O006712,P096,1,260,0.2
O006712,P038,1,940,0.0
O006713,P079,1,630,0.0
O006714,P006,1,5860,0.0
O006715,P020,1,1760,0.2
O006716,P082,1,580,0.0
O006717,P008,1,5930,0.3
O006718,P079,2,630,0.0
O006719,P020,1,1760,0.0
O006720,P006,1,5860,0.1
O006720,P052,3,260,0.2
O006721,P008,1,5930,0.0
O006721,P020,1,1760,0.2
O006721,P052,1,260,0.0
O006722,P096,3,260,0.2
O006722,P051,1,700,0.0
O006722,P071,1,450,0.2
O006723,P096,1,260,0.2
O006723,P063,1,500,0.0
O006724,P088,1,2510,0.1
O006724,P047,1,1740,0.0
O006725,P030,2,600,0.1
O006726,P055,1,210,0.05
O006726,P052,1,260,0.0
O006727,P064,1,550,0.0
O006728,P051,1,700,0.1
O006729,P033,2,2190,0.0
O006729,P094,2,1100,0.1
O006730,P020,1,1760,0.3
O006731,P052,2,260,0.0
O006732,P043,1,1220,0.1
O006732,P020,1,1760,0.0
O006733,P007,1,1390,0.05
O006733,P088,1,2510,0.3
O006733,P020,1,1760,0.1
O006734,P008,2,5930,0.0
O006734,P043,1,1220,0.2
O006734,P042,1,5470,0.0
O006735,P080,1,660,0.0
O006736,P076,1,2640,0.0
O006737,P006,3,5860,0.3
O006737,P008,1,5930,0.0
O006738,P008,1,5930,0.05
O006738,P033,1,2190,0.2
O006739,P096,1,260,0.0
O006739,P020,1,1760,0.1
O006740,P090,2,2690,0.05
O006740,P020,2,1760,0.0
O006740,P056,1,1440,0.0
O006740,P078,1,3260,0.05
O006741,P076,1,2640,0.0
O006742,P074,3,890,0.2
O006742,P054,1,480,0.0
O006742,P033,1,2190,0.05
O006743,P074,1,890,0.3
O006744,P043,1,1220,0.2
O006744,P079,1,630,0.0
O006745,P052,1,260,0.0
O006746,P047,1,1740,0.2
O006747,P052,2,260,0.1
O006747,P047,1,1740,0.0
O006747,P088,1,2510,0.3
O006748,P073,1,3790,0.0
O006748,P008,1,5930,0.1
O006749,P040,1,430,0.0
O006750,P006,1,5860,0.05
O006750,P054,1,480,0.0
O006750,P094,1,1100,0.0
O006751,P082,1,580,0.0
O006751,P006,1,5860,0.1
O006752,P002,1,4330,0.05
O006753,P089,1,530,0.0
O006754,P092,2,1210,0.05
O006754,P096,1,260,0.0
O006755,P033,1,2190,0.0
O006756,P052,1,260,0.05
O006757,P077,1,4260,0.1
O006758,P088,1,2510,0.0
O006759,P073,1,3790,0.0
O006760,P052,1,260,0.3
O006761,P062,1,400,0.1
O006762,P081,1,2850,0.0
O006762,P096,1,260,0.0
O006763,P043,1,1220,0.0
O006764,P012,1,1160,0.0
O006765,P055,2,210,0.05
O006765,P018,1,790,0.0
O006766,P008,1,5930,0.0
O006767,P007,2,1390,0.2
O006768,P080,2,660,0.0
O006769,P008,2,5930,0.0
O006770,P003,3,8480,0.0
O006771,P054,1,480,0.05
O006772,P083,3,710,0.0
O006772,P002,1,4330,0.0
O006773,P071,1,450,0.0
O006773,P096,2,260,
O006773,P051,1,700,0.1
O006774,P033,1,2190,0.0
O006775,P033,1,2190,0.0
O006775,P052,1,260,0.05
O006776,P025,3,1700,0.05
O006777,P018,1,790,0.05
O006777,P046,1,860,0.1
O006778,P002,1,4330,0.1
O006778,P091,1,2490,0.05
O006779,P063,2,500,0.1
O006780,P079,3,630,0.2
O006780,P053,1,310,0.0
O006781,P096,1,260,0.2
O006782,P096,3,260,0.3
O006783,P098,2,930,0.0
O006783,P008,1,5930,0.2
O006784,P096,2,260,0.0
O006785,P045,1,630,0.1
O006786,P048,1,600,0.0
O006787,P017,3,1030,0.0
O006788,P008,1,5930,0.0
O006788,P045,2,630,0.0
O006789,P003,1,8480,0.0
O006789,P023,2,2180,0.0
O006789,P057,1,360,0.2
O006790,P032,1,1590,0.05
O006790,P009,2,5010,0.0
O006791,P047,1,1740,0.2
O006791,P068,1,260,0.0
O006791,P069,1,250,0.2
O006792,P033,1,2190,0.3
O006793,P075,1,2130,0.3
O006793,P076,1,2640,0.0
O006793,P096,1,260,0.2
O006794,P020,1,1760,0.0
O006795,P039,1,1980,0.0
O006796,P098,2,930,0.0
O006797,P047,1,1740,0.1
O006798,P007,1,1390,0.0
O006798,P074,2,890,0.1
O006799,P085,1,1400,0.0
O006800,P054,1,480,0.0
O006800,P008,1,5930,0.0
O006801,P007,1,1390,0.0
O006802,P079,1,630,0.0
O006802,P052,1,260,0.0
O006803,P002,1,4330,0.0
O006804,P007,1,1390,0.0
O006805,P012,2,1160,0.0
O006805,P088,3,2510,0.1
O006806,P079,1,630,0.0
O006807,P082,1,580,0.2
O006808,P033,1,2190,0.0
O006809,P006,2,5860,0.1
O006810,P079,1,630,0.05
O006811,P070,1,800,0.0
O006811,P052,1,260,0.0
O006812,P024,1,540,0.05
O006812,P081,2,2850,0.0
O006813,P086,1,1840,0.1
O006814,P088,2,2510,0.0
O006815,P072,2,3800,0.1
O006815,P033,1,2190,0.1
O006816,P092,1,1210,0.3
O006817,P093,3,350,0.05
O006818,P093,1,350,0.05
O006818,P092,1,1210,0.0
O006819,P080,1,660,0.0
O006820,P020,1,1760,0.0
O006820,P030,1,600,0.1
O006820,P088,2,2510,0.0
O006820,P021,1,620,0.3
O006821,P052,2,260,0.3
O006822,P008,1,5930,0.3
O006823,P052,1,260,0.1
O006824,P033,1,2190,0.1
O006825,P010,1,6950,0.2
O006826,P090,1,2690,0.3
O006827,P077,1,4260,0.0
O006827,P081,1,2850,0.1
O006828,P050,1,570,0.3
O006828,P096,3,260,0.0
O006829,P040,2,430,0.2
O006830,P085,1,1400,0.0
O006831,P033,1,2190,0.0
O006832,P020,3,1760,0.3
O006833,P049,2,870,0.1
O006834,P053,1,310,0.2
O006835,P047,1,1740,0.1
O006836,P002,1,4330,0.2
O006837,P044,1,260,0.2
O006837,P007,1,1390,0.0
O006838,P043,1,1220,0.0
O006838,P051,1,700,0.1
O006839,P047,1,1740,0.1
O006840,P018,1,790,0.0
O006841,P089,1,530,0.0
O006842,P008,1,5930,0.2
O006843,P055,3,210,0.0
O006843,P008,1,5930,0.0
O006844,P018,1,790,0.2
O006845,P052,1,260,0.2
O006846,P012,1,1160,0.0
O006846,P033,1,2190,0.1
O006847,P008,3,5930,0.0
O006848,P053,1,310,0.0
O006849,P084,2,540,0.3
O006850,P062,1,400,0.1
O006850,P008,1,5930,0.0
O006851,P088,2,2510,0.0
O006851,P072,1,3800,0.0
O006851,P053,1,310,0.1
O006852,P092,1,1210,0.0
O006852,P012,1,1160,0.1
O006853,P094,1,1100,0.05
O006854,P001,1,5210,0.3
O006855,P073,2,3790,0.1
O006856,P043,1,1220,0.0
O006856,P045,1,630,0.3
O006857,P002,1,4330,0.0
O006858,P052,2,260,0.0
O006859,P094,1,1100,0.0
O006859,P061,1,660,0.05
O006859,P028,1,430,
O006860,P028,1,430,0.0
O006860,P033,1,2190,0.3
O006861,P080,1,660,0.05
O006862,P055,1,210,0.0
O006862,P069,1,250,0.1
O006863,P080,1,660,0.1
O006864,P033,3,2190,0.2
O006865,P049,2,870,0.05
O006865,P068,3,260,0.1
O006865,P090,1,2690,0.3
O006866,P001,2,5210,0.0
O006866,P043,1,1220,0.0
O006866,P007,1,1390,0.05
O006867,P070,1,800,0.1
O006868,P047,1,1740,0.1
O006869,P018,1,790,0.0
O006870,P092,2,1210,0.0
O006870,P096,1,260,0.05
O006870,P047,1,1740,0.05
O006870,P074,2,890,0.0
O006871,P010,1,6950,0.3
O006872,P058,2,420,0.3
O006872,P088,1,2510,0.3
O006873,P054,1,480,0.0
O006874,P033,1,2190,0.1
O006875,P019,2,2290,0.1
O006876,P024,1,540,0.1
O006877,P078,2,3260,0.3
O006877,P008,1,5930,0.0
O006878,P080,1,660,0.0
O006879,P051,1,700,0.0
O006880,P020,1,1760,0.1
O006881,P072,2,3800,0.0
O006881,P074,1,890,0.1
O006882,P062,1,400,0.2
O006882,P052,2,260,0.0
O006882,P078,1,3260,0.0
O006883,P012,3,1160,0.05
O006884,P071,2,450,
O006884,P070,1,800,0.0
O006885,P020,2,1760,0.0
O006886,P002,1,4330,0.0
O006887,P093,1,350,0.05
O006887,P001,1,5210,0.2
O006888,P028,2,430,0.1
O006889,P021,3,620,0.0
O006889,P020,1,1760,0.05
O006890,P017,1,1030,0.0
O006891,P072,3,3800,0.0
O006892,P063,2,500,0.1
O006893,P020,1,1760,0.2
O006893,P063,1,500,0.2
O006893,P049,1,870,0.05
O006894,P007,1,1390,0.0
O006895,P057,1,360,0.05
O006896,P001,1,5210,0.0
O006896,P079,3,630,0.0
O006896,P009,2,5010,0.05
O006897,P008,1,5930,0.0
O006897,P052,1,260,0.0
O006898,P050,1,570,0.0
O006899,P078,3,3260,0.0
O006900,P096,1,260,0.05
O006901,P054,1,480,0.05
O006902,P069,2,250,0.0
O006902,P052,2,260,0.0
O006903,P006,1,5860,0.0
O006903,P002,2,4330,0.0
O006903,P098,1,930,
O006904,P077,1,4260,0.1
O006905,P047,1,1740,0.2
O006905,P054,1,480,0.2
O006906,P020,1,1760,0.0
O006907,P052,1,260,0.0
O006908,P008,1,5930,0.0
O006908,P084,1,540,0.3
O006908,P012,1,1160,0.1
O006909,P043,1,1220,0.05
O006909,P013,1,4850,0.0
O006910,P073,2,3790,0.2
O006911,P022,1,1690,0.0
O006912,P020,1,1760,0.05
O006913,P008,1,5930,0.0
O006913,P051,2,700,0.05
O006914,P019,1,2290,0.2
O006915,P033,1,2190,0.0
O006915,P050,1,570,0.05
O006916,P056,1,1440,0.05
O006916,P051,1,700,0.2
O006916,P052,1,260,0.0
O006917,P042,1,5470,0.0
O006917,P074,1,890,0.0
O006917,P033,1,2190,0.0
O006917,P008,1,5930,0.05
O006918,P074,1,890,
O006918,P014,1,1960,0.0
O006919,P010,2,6950,0.3
O006920,P096,1,260,0.0
O006920,P045,3,630,0.0
O006921,P020,2,1760,0.05
O006921,P040,1,430,0.0
O006922,P033,3,2190,0.3
O006922,P020,1,1760,0.0
O006922,P029,3,570,0.0
O006923,P082,1,580,0.1
O006924,P052,1,260,0.05
O006925,P096,1,260,0.0
O006926,P096,1,260,0.05
O006927,P077,3,4260,0.3
O006928,P001,1,5210,0.3
O006929,P040,1,430,0.0
O006930,P054,1,480,0.0
O006930,P028,2,430,0.0
O006931,P052,1,260,0.0
O006931,P094,1,1100,0.05
O006932,P049,1,870,0.0
O006933,P055,1,210,0.1
O006934,P079,2,630,0.0
O006935,P088,1,2510,0.2
O006935,P096,1,260,0.0
O006935,P079,2,630,0.0
O006935,P052,1,260,0.0
O006936,P053,1,310,0.1
O006937,P023,1,2180,0.0
O006938,P034,1,490,0.2
O006938,P033,3,2190,0.1
O006939,P050,1,570,0.2
O006939,P062,3,400,0.1
O006940,P054,1,480,0.2
O006940,P020,2,1760,0.1
O006941,P080,1,660,0.0
O006942,P068,1,260,0.3
O006943,P079,1,630,0.3
O006943,P008,1,5930,0.0
O006944,P055,1,210,0.1
O006944,P096,1,260,0.0
O006945,P079,1,630,0.0
O006946,P052,1,260,0.2
O006946,P002,1,4330,0.05
O006947,P080,1,660,0.1
O006948,P072,1,3800,0.0
O006948,P096,1,260,0.1
O006949,P047,1,1740,0.3
O006949,P080,1,660,0.2
O006950,P047,2,1740,0.1
O006951,P086,1,1840,0.2
O006951,P020,1,1760,0.05
O006952,P080,2,660,0.1
O006953,P079,1,630,0.0
O006954,P010,1,6950,0.0
O006955,P010,1,6950,0.0
O006956,P096,3,260,0.1
O006956,P020,2,1760,0.0
O006957,P036,1,490,0.0
O006957,P085,2,1400,0.0
O006958,P007,1,1390,0.0
O006958,P001,1,5210,0.1
O006959,P062,1,400,0.05
O006960,P052,2,260,0.0
O006960,P053,1,310,0.05
O006961,P029,1,570,0.05
O006962,P026,1,2100,0.0
O006963,P033,1,2190,0.0
O006964,P078,1,3260,0.1
O006965,P018,1,790,0.0
O006965,P074,1,890,0.2
O006966,P034,2,490,0.1
O006966,P074,3,890,0.1
O006966,P088,3,2510,0.3
O006967,P079,1,630,0.0
O006968,P047,1,1740,0.2
O006968,P052,1,260,0.0
O006969,P052,1,260,0.0
O006969,P096,1,260,0.0
O006969,P092,1,1210,0.0
O006970,P055,1,210,0.05
O006971,P010,1,6950,0.0
O006971,P020,1,1760,0.05
O006972,P047,1,1740,0.0
O006972,P054,1,480,0.0
O006973,P020,1,1760,0.0
O006974,P079,3,630,0.2
O006975,P051,1,700,0.0
O006975,P092,1,1210,0.1
O006975,P006,1,5860,0.2
O006976,P081,2,2850,0.0
O006977,P048,1,600,0.0
O006978,P020,1,1760,0.0
O006978,P079,3,630,0.0
O006979,P022,2,1690,0.0
O006980,P080,1,660,0.0
O006980,P020,1,1760,0.1
O006981,P077,1,4260,0.1
O006982,P069,1,250,0.1
O006983,P096,1,260,0.0
O006983,P079,1,630,0.0
O006984,P051,1,700,0.3
O006985,P051,2,700,0.3
O006986,P004,1,1090,0.0
O006987,P028,2,430,0.1
O006987,P082,1,580,0.0
O006988,P028,2,430,0.2
O006989,P008,1,5930,0.0
O006990,P076,2,2640,0.0
O006991,P071,1,450,0.0
O006992,P074,3,890,0.05
O006992,P062,1,400,0.0
O006993,P040,1,430,0.2
O006994,P008,1,5930,0.0
O006994,P018,1,790,0.0
O006995,P007,2,1390,0.0
O006996,P094,1,1100,0.0
O006996,P047,1,1740,0.0
O006997,P003,2,8480,0.0
O006997,P047,1,1740,0.0
O006998,P072,1,3800,0.2
O006999,P096,2,260,0.0
O006999,P017,1,1030,0.0
O007000,P020,1,1760,0.0
O007000,P051,1,700,0.0
O007001,P018,3,790,0.05
O007001,P096,1,260,0.05
O007002,P051,1,700,0.0
O007002,P002,3,4330,0.0
O007002,P003,1,8480,0.0
O007003,P023,1,2180,0.0
O007003,P006,2,5860,0.0
O007003,P069,1,250,0.0
O007003,P054,1,480,0.2
O007004,P054,1,480,0.05
O007004,P079,1,630,0.1
O007005,P088,2,2510,0.05
O007006,P007,1,1390,0.0
O007006,P015,1,600,0.0
O007006,P052,1,260,0.05
O007007,P033,1,2190,0.0
O007008,P096,1,260,0.0
O007008,P076,2,2640,0.05
O007009,P078,1,3260,0.1
O007009,P041,2,4560,0.1
O007010,P034,1,490,0.0
O007011,P033,1,2190,0.0
O007012,P096,1,260,0.0
O007013,P028,1,430,0.0
O007014,P071,2,450,0.1
O007015,P041,1,4560,0.05
O007015,P079,1,630,0.1
O007015,P092,1,1210,0.0
O007016,P036,3,490,0.05
O007017,P033,1,2190,0.0
O007018,P010,3,6950,0.2
O007019,P080,1,660,0.0
O007020,P088,3,2510,0.0
O007020,P012,2,1160,0.0
O007020,P092,1,1210,0.1
O007021,P008,1,5930,0.1
O007021,P044,2,260,0.3
O007022,P074,1,890,0.0
O007023,P008,3,5930,0.0
O007024,P032,1,1590,0.0
O007025,P006,1,5860,0.2
O007026,P033,1,2190,0.1
O007027,P020,1,1760,0.3
O007027,P051,1,700,0.05
O007028,P047,2,1740,0.0
O007029,P050,1,570,0.0
O007029,P051,1,700,0.05
O007029,P041,1,4560,0.05
O007030,P047,1,1740,0.05
O007030,P028,1,430,0.0
O007030,P033,1,2190,0.0
O007031,P079,1,630,0.1
O007031,P052,1,260,
O007031,P020,1,1760,0.0
O007032,P009,1,5010,0.0
O007033,P052,1,260,0.1
O007033,P094,1,1100,0.2
O007034,P003,2,8480,0.0
O007034,P017,2,1030,0.0
O007035,P002,1,4330,0.05
O007035,P047,1,1740,0.0
O007036,P094,1,1100,0.0
O007036,P018,3,790,0.0
O007037,P002,1,4330,0.0
O007037,P012,3,1160,0.0
O007038,P080,1,660,0.1
O007038,P034,1,490,0.05
O007039,P033,1,2190,0.0
O007040,P080,1,660,0.2
O007040,P011,1,1280,0.0
O007040,P020,2,1760,
O007041,P085,1,1400,0.0
O007041,P057,1,360,0.05
O007042,P024,3,540,
O007043,P094,1,1100,0.0
O007044,P088,3,2510,0.0
O007045,P012,3,1160,0.05
O007046,P096,2,260,0.2
O007046,P033,1,2190,0.0
O007046,P054,1,480,0.05
O007047,P006,1,5860,0.3
O007048,P008,1,5930,0.0
O007049,P006,1,5860,0.0
O007050,P096,1,260,0.0
O007051,P001,1,5210,0.0
O007052,P033,2,2190,0.0
O007053,P045,1,630,0.2
O007054,P048,1,600,0.0
O007055,P051,2,700,0.0
O007056,P005,1,1960,0.3
O007056,P008,1,5930,0.05
O007057,P009,1,5010,0.3
O007057,P052,1,260,0.0
O007058,P071,1,450,0.0
O007059,P065,3,180,0.0
O007060,P052,1,260,0.1
O007061,P045,1,630,0.0
O007062,P062,1,400,0.05
O007063,P022,1,1690,0.0
O007064,P080,1,660,0.0
O007065,P049,1,870,0.05
O007066,P037,1,470,0.0
O007067,P088,1,2510,0.0
O007068,P033,2,2190,0.0
O007069,P088,1,2510,0.0
O007070,P014,1,1960,0.0
O007070,P087,1,1570,0.3
O007071,P052,1,260,0.0
O007072,P047,1,1740,0.1
O007072,P045,1,630,0.05
O007073,P020,1,1760,0.0
O007073,P012,1,1160,0.1
O007073,P043,1,1220,0.0
O007074,P096,1,260,0.0
O007074,P006,1,5860,0.1
O007075,P056,1,1440,0.2
O007076,P079,2,630,0.0
O007077,P013,1,4850,0.0
O007078,P007,1,1390,0.1
O007079,P047,1,1740,0.1
O007080,P093,1,350,0.0
O007080,P095,1,1840,0.0
O007081,P079,1,630,0.1
O007082,P082,1,580,0.1
O007083,P020,1,1760,0.0
O007084,P058,2,420,0.1
O007085,P033,1,2190,0.0
O007086,P051,2,700,0.1
O007087,P047,1,1740,0.1
O007087,P002,1,4330,0.3
O007087,P088,1,2510,0.0
O007088,P092,1,1210,0.0
O007088,P084,2,540,0.3
O007089,P047,1,1740,0.0
O007089,P052,1,260,0.1
O007090,P079,1,630,0.2
O007091,P079,2,630,0.0
O007092,P052,1,260,0.0
O007092,P047,1,1740,0.0
O007093,P079,1,630,0.0
O007094,P039,2,1980,0.0
O007094,P043,2,1220,0.2
O007095,P047,1,1740,0.3
O007096,P082,2,580,0.05
O007097,P096,1,260,0.05
O007098,P001,1,5210,0.2
O007098,P052,1,260,0.0
O007098,P082,1,580,0.05
O007099,P007,1,1390,0.0
O007100,P040,1,430,0.0
O007101,P088,1,2510,0.0
O007102,P051,1,700,0.0
O007103,P028,1,430,0.2
O007104,P015,2,600,0.0
O007105,P003,2,8480,0.2
O007105,P002,1,4330,0.0
O007106,P023,1,2180,0.05
O007107,P096,1,260,0.0
O007107,P012,1,1160,0.0
O007108,P086,1,1840,0.0
O007109,P020,1,1760,0.0
O007109,P012,2,1160,0.1
O007109,P025,1,1700,0.0
O007110,P008,1,5930,0.1
O007111,P076,1,2640,0.1
O007112,P096,1,260,0.1
O007113,P006,3,5860,0.0
O007114,P052,1,260,0.0
O007115,P015,1,600,0.3
O007116,P051,1,700,0.0
O007117,P085,1,1400,0.2
O007118,P047,1,1740,0.2
O007118,P002,3,4330,0.0
O007119,P002,1,4330,0.0
O007119,P033,1,2190,0.0
O007120,P092,3,1210,0.2
O007120,P007,2,1390,0.0
O007121,P021,3,620,0.3
O007121,P084,1,540,0.0
O007122,P033,1,2190,0.0
O007123,P052,1,260,0.1
O007124,P054,1,480,0.0
O007125,P085,1,1400,0.1
O007126,P008,3,5930,0.1
O007127,P032,1,1590,0.1
O007127,P012,1,1160,0.05
O007128,P007,1,1390,0.05
O007129,P079,2,630,0.05
O007130,P083,1,710,0.1
O007130,P059,1,240,0.0
O007130,P091,1,2490,0.0
O007130,P085,3,1400,0.0
O007131,P080,1,660,0.0
O007131,P008,1,5930,0.0
O007132,P022,2,1690,0.0
O007133,P056,1,1440,0.1
O007133,P079,3,630,0.2
O007134,P028,1,430,0.0
O007135,P097,1,1960,0.2
O007135,P080,2,660,0.0
O007135,P078,1,3260,0.1
O007136,P082,1,580,0.0
O007137,P028,1,430,0.0
O007137,P006,1,5860,0.0
O007138,P084,1,540,0.0
O007139,P079,3,630,0.3
O007139,P052,1,260,0.1
O007140,P047,1,1740,0.0
O007141,P088,1,2510,
O007142,P047,1,1740,0.05
O007142,P052,1,260,0.0
O007143,P085,1,1400,0.0
O007144,P096,1,260,0.05
O007145,P096,1,260,0.2
O007145,P033,1,2190,0.0
O007145,P080,1,660,0.1
O007146,P031,2,700,0.0
O007146,P010,1,6950,0.1
O007147,P033,1,2190,0.0
O007147,P042,3,5470,0.05
O007148,P052,3,260,0.0
O007149,P033,1,2190,0.1
O007150,P007,1,1390,0.0
O007150,P092,2,1210,0.0
O007150,P096,1,260,0.0
O007151,P012,1,1160,0.0
O007151,P036,1,490,0.0
O007152,P047,1,1740,0.05
O007152,P074,2,890,0.0
O007153,P055,1,210,0.2
O007153,P081,1,2850,0.0
O007154,P079,1,630,0.0
O007155,P024,1,540,0.0
O007156,P080,1,660,0.0
O007157,P096,1,260,0.3
O007157,P080,2,660,0.0
O007158,P008,1,5930,0.2
O007158,P052,1,260,0.1
O007158,P082,1,580,0.3
O007159,P034,1,490,0.2
O007160,P055,1,210,0.05
O007161,P082,1,580,0.05
O007161,P088,1,2510,0.05
O007162,P020,1,1760,0.1
O007163,P030,3,600,0.1
O007164,P052,2,260,0.3
O007164,P047,1,1740,0.05
O007165,P061,2,660,0.0
O007165,P052,2,260,0.0
O007166,P080,3,660,0.0
O007166,P033,1,2190,0.0
O007167,P057,2,360,0.0
O007168,P080,1,660,0.1
O007168,P094,1,1100,0.0
O007169,P009,1,5010,0.1
O007169,P076,1,2640,0.0
O007170,P007,1,1390,0.0
O007170,P078,1,3260,0.0
O007171,P075,2,2130,0.0
O007172,P020,1,1760,0.0
O007173,P054,1,480,0.05
O007173,P082,2,580,0.0
O007173,P020,1,1760,0.05
O007174,P020,1,1760,0.2
O007174,P096,1,260,0.0
O007175,P007,1,1390,0.0
O007175,P002,3,4330,0.0
O007176,P050,2,570,
O007177,P034,1,490,0.0
O007177,P096,1,260,0.1
O007178,P020,1,1760,0.0
O007178,P032,1,1590,0.0
O007178,P042,1,5470,0.05
O007179,P080,2,660,0.05
O007179,P008,1,5930,0.0
O007179,P033,1,2190,0.0
O007180,P042,1,5470,0.2
O007181,P043,1,1220,0.0
O007182,P042,1,5470,0.0
O007182,P090,1,2690,0.1
O007182,P096,1,260,0.1
O007183,P033,2,2190,0.2
O007184,P043,1,1220,0.0
O007185,P028,1,430,0.3
O007186,P096,1,260,0.2
O007186,P051,1,700,0.05
O007187,P002,1,4330,0.1
O007187,P078,1,3260,0.05
O007188,P020,2,1760,0.05
O007188,P096,1,260,0.0
O007189,P079,1,630,0.1
O007189,P056,1,1440,0.0
O007189,P080,1,660,0.0
O007189,P028,3,430,0.2
O007190,P036,1,490,0.05
O007191,P064,1,550,0.0
O007192,P004,3,1090,0.0
O007192,P074,1,890,0.2
O007193,P054,1,480,0.05
O007193,P031,1,700,0.0
O007193,P094,1,1100,0.0
O007194,P047,1,1740,0.0
O007195,P047,1,1740,0.3
O007196,P020,1,1760,0.05
O007197,P077,2,4260,0.0
O007198,P007,1,1390,0.3
O007199,P030,1,600,0.2
O007199,P034,1,490,0.0
O007200,P080,1,660,0.1
O007200,P028,2,430,0.2
O007200,P006,3,5860,0.0
O007201,P052,2,260,0.2
O007202,P052,2,260,0.05
O007203,P020,1,1760,0.0
O007204,P020,1,1760,0.0
O007204,P043,1,1220,0.2
O007205,P084,1,540,0.05
O007205,P052,2,260,0.0
O007206,P033,1,2190,0.0
O007206,P047,1,1740,0.0
O007207,P048,1,600,0.0
O007208,P045,1,630,0.05
O007208,P097,1,1960,0.0
O007209,P072,1,3800,0.0
O007210,P045,2,630,0.0
O007211,P096,1,260,0.2
O007212,P008,2,5930,0.05
O007212,P079,3,630,0.0
O007213,P047,1,1740,0.2
O007214,P008,1,5930,0.0
O007215,P020,1,1760,0.0
O007216,P007,2,1390,0.0
O007216,P047,1,1740,0.05
O007217,P062,2,400,0.2
O007217,P078,1,3260,0.0
O007218,P082,1,580,0.0
O007219,P007,1,1390,0.1
O007219,P092,1,1210,0.3
O007219,P033,1,2190,0.2
O007219,P095,2,1840,0.05
O007220,P044,1,260,0.0
O007221,P068,2,260,0.2
O007222,P092,1,1210,0.0
O007223,P020,3,1760,0.05
O007224,P059,2,240,0.1
O007224,P008,1,5930,0.05
O007225,P049,2,870,0.1
O007226,P012,1,1160,0.2
O007227,P030,1,600,0.0
O007228,P096,1,260,0.3
O007229,P008,2,5930,0.0
O007229,P043,1,1220,0.0
O007230,P078,3,3260,0.2
O007230,P052,1,260,0.0
O007231,P008,1,5930,0.2
O007231,P001,1,5210,0.0
O007232,P016,1,650,0.0
O007233,P050,1,570,0.0
O007233,P085,1,1400,0.0
O007234,P021,1,620,0.0
O007235,P008,1,5930,0.0
O007236,P097,1,1960,0.0
O007237,P047,1,1740,0.0
O007237,P002,1,4330,0.1
O007238,P020,1,1760,0.0
O007239,P096,1,260,0.1
O007239,P028,2,430,0.1
O007240,P080,1,660,0.0
O007240,P001,1,5210,0.2
O007241,P094,1,1100,0.0
O007242,P079,2,630,0.0
O007242,P074,2,890,0.05
O007242,P001,1,5210,0.0
O007243,P014,1,1960,0.05
O007243,P043,2,1220,0.05
O007243,P002,1,4330,0.1
O007244,P080,1,660,0.0
O007244,P052,1,260,0.0
O007244,P088,2,2510,0.1
O007245,P052,1,260,0.3
O007246,P057,1,360,0.0
O007247,P012,1,1160,0.2
O007247,P080,2,660,0.05
O007248,P047,1,1740,0.05
O007248,P053,1,310,0.1
O007248,P008,1,5930,0.05
O007248,P033,1,2190,0.05
O007249,P078,1,3260,0.3
O007249,P008,1,5930,0.3
O007250,P080,1,660,0.2
O007250,P020,1,1760,0.2
O007251,P086,1,1840,0.05
O007252,P072,1,3800,0.05
O007253,P045,1,630,0.2
O007254,P040,2,430,0.0
O007255,P052,1,260,0.2
O007256,P020,1,1760,0.1
O007256,P031,1,700,0.0
O007257,P022,1,1690,0.0
O007258,P028,1,430,0.05
O007259,P001,1,5210,0.0
O007259,P077,1,4260,0.0
O007260,P080,1,660,0.0
O007261,P079,1,630,0.0
O007262,P096,1,260,0.3
O007262,P010,1,6950,0.05
O007263,P052,1,260,0.05
O007264,P082,1,580,0.0
O007264,P043,1,1220,0.05
O007265,P033,1,2190,0.0
O007265,P020,1,1760,0.1
O007266,P079,1,630,0.0
O007266,P007,2,1390,0.2
O007267,P051,2,700,0.0
O007267,P031,1,700,0.0
O007268,P053,1,310,0.0
O007269,P020,3,1760,0.3
O007269,P087,1,1570,0.0
O007270,P047,1,1740,0.2
O007270,P008,1,5930,0.0
O007271,P045,1,630,0.2
O007272,P051,1,700,0.0
O007273,P074,1,890,0.2
O007274,P076,2,2640,0.0
O007275,P003,1,8480,0.0
O007275,P033,1,2190,0.0
O007275,P002,1,4330,0.05
O007276,P002,1,4330,0.1
O007277,P096,1,260,0.05
O007277,P063,1,500,0.2
O007278,P054,1,480,0.0
O007278,P033,1,2190,0.0
O007278,P056,1,1440,0.0
O007279,P096,1,260,0.1
O007280,P017,2,1030,0.0
O007281,P095,1,1840,0.0
O007282,P028,1,430,0.05
O007283,P047,1,1740,0.2
O007283,P033,1,2190,0.0
O007284,P043,1,1220,0.0
O007285,P047,1,1740,0.2
O007286,P040,2,430,0.0
O007286,P096,1,260,0.0
O007287,P088,1,2510,0.1
O007287,P020,1,1760,0.05
O007288,P079,1,630,0.0
O007289,P010,1,6950,0.1
O007290,P079,1,630,0.0
O007291,P069,2,250,0.1
O007292,P080,1,660,0.2
O007292,P051,1,700,0.0
O007293,P021,1,620,0.05
O007294,P033,1,2190,0.0
O007295,P047,1,1740,0.0
O007295,P084,1,540,0.05
O007295,P051,1,700,0.05
O007296,P004,1,1090,0.0
O007297,P082,1,580,0.05
O007297,P080,2,660,0.3
O007298,P072,1,3800,0.0
O007299,P098,1,930,0.0
O007300,P052,1,260,0.05
O007300,P055,2,210,0.1
O007301,P088,1,2510,0.0
O007301,P002,1,4330,0.1
O007302,P079,1,630,0.0
O007302,P030,1,600,0.0
O007302,P096,1,260,0.1
O007303,P088,2,2510,0.2
O007303,P012,1,1160,0.0
O007304,P016,1,650,0.0
O007305,P080,1,660,0.0
O007305,P020,1,1760,0.0
O007306,P055,2,210,0.1
O007306,P007,3,1390,0.0
O007306,P008,1,5930,0.0
O007307,P052,1,260,0.0
O007308,P092,1,1210,0.0
O007309,P079,1,630,0.05
O007310,P072,1,3800,0.1
O007310,P028,1,430,0.0
O007311,P010,3,6950,0.0
O007312,P008,2,5930,0.0
O007313,P075,1,2130,
O007314,P007,1,1390,0.0
O007315,P020,1,1760,0.1
O007316,P007,1,1390,0.0
O007317,P096,1,260,0.2
O007318,P091,1,2490,0.2
O007318,P050,1,570,0.0
O007319,P060,1,330,0.0
O007319,P012,1,1160,0.0
O007320,P002,2,4330,0.3
O007321,P052,1,260,0.05
O007322,P098,1,930,0.0
O007322,P043,1,1220,0.0
O007322,P042,2,5470,0.0
O007323,P066,1,160,0.0
O007324,P054,1,480,0.3
O007324,P083,1,710,0.2
O007325,P002,1,4330,0.0
O007325,P020,2,1760,0.1
O007326,P048,2,600,0.2
O007326,P011,2,1280,0.0
O007327,P022,2,1690,0.3
O007328,P043,3,1220,0.0
O007329,P008,1,5930,0.05
O007330,P094,1,1100,0.0
O007330,P008,1,5930,0.1
O007331,P020,2,1760,0.0
O007332,P079,1,630,0.0
O007333,P088,1,2510,0.0
O007333,P074,1,890,0.0
O007334,P094,1,1100,0.0
O007334,P082,1,580,0.2
O007335,P030,1,600,0.0
O007335,P020,2,1760,0.0
O007336,P033,1,2190,0.0
O007337,P001,1,5210,0.0
O007338,P082,1,580,0.3
O007338,P051,1,700,0.05
O007338,P033,1,2190,0.0
O007339,P052,1,260,0.0
O007339,P047,1,1740,0.1
O007339,P079,1,630,0.3
O007340,P044,1,260,0.0
O007341,P043,1,1220,0.1
O007342,P074,2,890,0.0
O007342,P049,1,870,0.3
O007342,P008,2,5930,0.0
O007343,P033,1,2190,0.0
O007343,P052,2,260,0.3
O007344,P076,1,2640,
O007345,P096,1,260,0.0
O007345,P053,1,310,0.0
O007346,P047,3,1740,0.0
O007347,P052,1,260,0.2
O007347,P079,1,630,0.0
O007348,P074,3,890,0.1
O007349,P038,1,940,0.1
O007349,P055,3,210,0.05
O007350,P037,1,470,0.1
O007351,P015,1,600,0.0
O007352,P088,1,2510,0.0
O007352,P043,1,1220,0.0
O007353,P052,1,260,0.1
O007353,P031,1,700,0.0
O007354,P008,2,5930,0.0
O007355,P003,3,8480,0.2
O007356,P052,2,260,0.0
O007356,P049,2,870,0.0
O007357,P079,1,630,0.1
O007357,P008,2,5930,0.1
O007357,P030,3,600,0.2
O007358,P044,2,260,0.0
O007359,P092,2,1210,0.0
O007360,P096,1,260,0.3
O007360,P085,1,1400,0.0
O007361,P009,3,5010,0.0
O007362,P096,1,260,0.0
O007363,P085,1,1400,0.0
O007364,P013,1,4850,0.05
O007364,P052,1,260,0.05
O007365,P023,1,2180,0.0
O007365,P028,1,430,0.0
O007366,P079,1,630,0.1
O007367,P047,2,1740,0.05
O007368,P096,1,260,0.1
O007368,P071,1,450,0.0
O007369,P079,1,630,0.0
O007370,P079,1,630,0.1
O007371,P052,1,260,0.2
O007372,P052,1,260,0.05
O007373,P020,2,1760,0.05
O007374,P053,2,310,0.1
O007374,P020,1,1760,0.3
O007375,P084,1,540,0.0
O007375,P047,1,1740,0.05
O007376,P079,1,630,0.2
O007376,P012,1,1160,0.1
O007376,P017,1,1030,0.0
O007377,P031,1,700,0.05
O007378,P052,1,260,0.05
O007379,P048,1,600,0.0
O007379,P033,1,2190,0.2
O007380,P052,2,260,0.2
O007381,P080,1,660,0.0
O007381,P071,1,450,0.0
O007382,P006,1,5860,0.1
O007383,P010,1,6950,0.05
O007384,P052,1,260,0.0
O007384,P047,1,1740,0.0
O007385,P010,1,6950,0.2
O007385,P030,2,600,0.0
O007385,P008,1,5930,0.0
O007385,P046,1,860,0.0
O007386,P043,1,1220,0.0
O007386,P075,1,2130,0.1
O007387,P007,1,1390,0.0
O007388,P079,1,630,0.1
O007389,P033,1,2190,0.2
O007389,P054,1,480,0.0
O007389,P074,1,890,0.0
O007390,P024,1,540,0.1
O007391,P080,2,660,0.0
O007392,P009,1,5010,0.1
O007392,P021,2,620,0.0
O007393,P096,1,260,0.0
O007393,P014,1,1960,0.05
O007394,P012,1,1160,0.0
O007395,P020,1,1760,0.0
O007395,P080,1,660,0.0
O007395,P007,1,1390,0.1
O007396,P053,2,310,0.0
O007397,P088,1,2510,0.05
O007398,P008,1,5930,0.2
O007399,P020,1,1760,0.05
O007400,P096,1,260,0.0
O007401,P069,1,250,0.2
O007402,P012,1,1160,0.2
O007402,P052,1,260,0.0
O007403,P015,2,600,0.0
O007403,P042,1,5470,0.2
O007404,P003,2,8480,0.2
O007405,P033,1,2190,0.0
O007405,P081,1,2850,0.3
O007406,P079,2,630,0.0
O007406,P010,1,6950,0.0
O007407,P051,1,700,0.1
O007407,P079,2,630,0.1
O007408,P096,2,260,0.0
O007408,P085,2,1400,0.0
O007408,P050,1,570,0.0
O007409,P015,1,600,0.1
O007410,P079,1,630,0.0
O007411,P019,1,2290,0.0
O007412,P047,1,1740,0.2
O007413,P029,2,570,0.1
O007413,P057,1,360,0.1
O007414,P094,1,1100,0.0
O007414,P055,1,210,0.0
O007414,P059,2,240,0.05
O007415,P096,1,260,0.0
O007416,P096,1,260,0.05
O007417,P096,1,260,0.0
O007418,P052,1,260,0.05
O007418,P001,1,5210,0.0
O007418,P028,1,430,0.1
O007419,P015,2,600,0.2
O007420,P096,1,260,0.0
O007420,P002,1,4330,0.0
O007420,P048,1,600,0.0
O007421,P042,1,5470,0.0
O007422,P033,1,2190,0.0
O007423,P033,1,2190,0.0
O007424,P002,1,4330,0.0
O007425,P070,1,800,0.05
O007425,P057,1,360,0.0
O007426,P033,1,2190,0.0
O007427,P076,1,2640,
O007428,P096,1,260,0.1
O007428,P020,1,1760,0.0
O007429,P092,3,1210,0.0
O007429,P054,1,480,0.05
O007429,P047,2,1740,0.0
O007430,P070,1,800,0.2
O007431,P053,1,310,0.0
O007431,P052,1,260,0.0
O007432,P063,2,500,0.0
O007433,P054,1,480,0.3
O007434,P088,3,2510,0.0
O007435,P088,1,2510,0.0
O007435,P049,1,870,0.0
O007436,P096,1,260,0.2
O007437,P047,2,1740,0.2
O007438,P096,2,260,0.0
O007439,P007,2,1390,0.0
O007440,P007,1,1390,0.0
O007441,P039,1,1980,0.0
O007442,P088,1,2510,0.0
O007443,P056,1,1440,0.2
O007443,P076,1,2640,0.05
O007443,P096,1,260,0.0
O007444,P024,1,540,0.1
O007445,P096,1,260,0.0
O007445,P008,3,5930,0.2
O007446,P037,2,470,0.05
O007446,P052,2,260,0.0
O007447,P096,2,260,0.0
O007448,P092,1,1210,
O007449,P004,1,1090,0.05
O007450,P020,1,1760,0.0
O007451,P079,1,630,0.0
O007452,P002,1,4330,0.0
O007453,P053,1,310,0.0
O007454,P052,1,260,0.0
O007454,P020,2,1760,0.0
O007455,P043,1,1220,0.05
O007456,P079,1,630,0.0
O007456,P031,3,700,0.0
O007456,P083,1,710,0.0
O007457,P008,1,5930,0.2
O007457,P096,1,260,0.0
O007457,P012,1,1160,0.05
O007458,P049,1,870,0.1
O007459,P051,1,700,0.2
O007459,P035,2,390,0.0
O007459,P033,1,2190,0.3
O007460,P096,2,260,0.0
O007460,P051,1,700,0.0
O007461,P052,2,260,0.05
O007462,P096,1,260,0.0
O007462,P047,2,1740,0.3
O007463,P053,1,310,0.0
O007464,P033,1,2190,0.0
O007464,P096,2,260,0.05
O007465,P052,1,260,0.0
O007466,P080,2,660,0.05
O007467,P020,1,1760,0.0
O007468,P051,1,700,0.0
O007469,P078,1,3260,0.2
O007470,P019,3,2290,0.1
O007470,P045,1,630,0.05
O007471,P071,1,450,0.05
O007471,P002,1,4330,0.0
O007471,P047,1,1740,0.2
O007472,P080,2,660,0.3
O007472,P040,1,430,0.1
O007473,P030,1,600,0.1
O007473,P028,1,430,0.2
O007474,P091,1,2490,0.0
O007475,P053,1,310,0.2
O007475,P008,1,5930,0.05
O007475,P055,1,210,0.0
O007476,P079,2,630,0.2
O007477,P079,2,630,0.0
O007477,P008,2,5930,0.1
O007478,P080,1,660,0.0
O007478,P092,1,1210,0.0
O007479,P085,1,1400,0.0
O007480,P096,1,260,0.05
O007480,P012,1,1160,0.1
O007481,P047,1,1740,0.0
O007481,P092,1,1210,0.0
O007482,P010,1,6950,0.0
O007482,P054,1,480,0.0
O007483,P008,2,5930,0.1
O007484,P020,1,1760,0.1
O007485,P069,1,250,0.0
O007486,P010,1,6950,0.0
O007487,P008,2,5930,0.2
O007488,P064,2,550,0.0
O007488,P047,2,1740,0.05
O007488,P012,1,1160,0.0
O007489,P043,1,1220,0.2
O007489,P080,1,660,0.0
O007489,P047,1,1740,0.2
O007490,P007,1,1390,0.0
O007490,P020,1,1760,0.1
O007491,P020,1,1760,0.0
O007491,P096,1,260,0.0
O007492,P079,3,630,0.0
O007492,P002,1,4330,0.0
O007493,P070,1,800,0.1
O007494,P047,2,1740,0.0
O007495,P051,1,700,0.2
O007496,P080,1,660,0.0
O007497,P096,1,260,0.1
O007498,P002,1,4330,0.05
O007498,P077,1,4260,0.3
O007499,P054,2,480,0.0
O007499,P076,1,2640,0.3
O007499,P048,1,600,0.05
O007500,P028,2,430,0.2
O007501,P002,1,4330,0.1
O007502,P020,1,1760,0.0
O007502,P092,1,1210,0.0
O007503,P031,1,700,0.0
O007503,P052,1,260,0.0
O007504,P020,2,1760,0.0
O007504,P052,2,260,0.0
O007504,P040,3,430,0.0
O007505,P079,1,630,0.0
O007505,P052,2,260,0.1
O007506,P096,1,260,0.1
O007506,P079,1,630,0.0
O007507,P019,2,2290,0.05
O007507,P082,1,580,0.1
O007507,P033,1,2190,0.0
O007507,P020,1,1760,0.0
O007508,P020,1,1760,0.0
O007508,P080,1,660,0.2
O007509,P047,1,1740,0.0
O007509,P085,1,1400,0.2
O007509,P052,1,260,0.2
O007510,P052,1,260,0.2
O007511,P002,1,4330,0.0
O007512,P092,2,1210,0.05
O007513,P033,1,2190,0.0
O007514,P069,1,250,0.05
O007515,P012,1,1160,0.1
O007516,P006,1,5860,0.1
O007516,P057,1,360,0.2
O007517,P047,1,1740,0.1
O007517,P093,1,350,0.05
O007518,P054,1,480,0.0
O007519,P085,1,1400,0.0
O007520,P053,1,310,0.3
O007520,P052,1,260,0.0
O007521,P047,1,1740,0.0
O007521,P096,1,260,0.0
O007522,P022,1,1690,0.0
O007523,P096,1,260,0.3
O007523,P051,1,700,0.0
O007523,P079,3,630,0.0
O007524,P010,1,6950,0.0
O007525,P010,2,6950,0.05
O007525,P022,1,1690,0.0
O007526,P008,1,5930,0.05
O007526,P052,1,260,0.1
O007527,P037,1,470,0.0
O007527,P052,3,260,0.0
O007528,P047,1,1740,0.1
O007529,P047,2,1740,0.0
O007530,P096,1,260,0.0
O007530,P033,2,2190,0.0
O007531,P054,1,480,0.1
O007532,P096,3,260,0.05
O007533,P047,1,1740,0.2
O007533,P031,2,700,0.0
O007533,P007,3,1390,0.0
O007534,P050,1,570,0.0
O007534,P011,2,1280,0.05
O007535,P001,1,5210,0.05
O007536,P022,2,1690,0.0
O007536,P003,1,8480,0.0
O007537,P043,1,1220,0.0
O007537,P007,1,1390,0.0
O007538,P080,1,660,0.05
O007539,P052,2,260,0.2
O007539,P020,2,1760,0.0
O007539,P031,1,700,0.0
O007540,P008,1,5930,0.0
O007540,P052,1,260,0.0
O007541,P051,1,700,0.0
O007541,P007,3,1390,0.3
O007542,P008,1,5930,0.05
O007543,P047,1,1740,0.2
O007543,P037,1,470,0.0
O007544,P098,1,930,0.0
O007544,P052,1,260,0.0
O007545,P020,1,1760,0.0
O007545,P043,1,1220,0.05
O007546,P082,3,580,0.3
O007546,P020,1,1760,0.05
O007547,P043,1,1220,0.05
O007548,P048,3,600,0.05
O007549,P091,1,2490,0.05
O007549,P008,1,5930,0.0
O007550,P009,1,5010,0.0
O007550,P048,1,600,0.0
O007551,P082,1,580,0.0
O007551,P096,2,260,0.2
O007552,P088,2,2510,
O007553,P022,2,1690,0.1
O007553,P044,1,260,0.0
O007554,P092,1,1210,0.05
O007554,P033,1,2190,0.2
O007555,P094,2,1100,0.2
O007555,P096,1,260,0.0
O007555,P052,1,260,0.0
O007555,P098,1,930,0.05
O007556,P092,1,1210,0.05
O007557,P080,1,660,0.05
O007558,P003,1,8480,0.05
O007559,P002,1,4330,0.1
O007559,P020,1,1760,0.0
O007560,P052,-1,260,0.1
O007561,P007,3,1390,0.05
O007561,P012,1,1160,0.0
O007561,P074,1,890,0.0
O007562,P041,1,4560,0.2
O007563,P020,2,1760,0.3
O007563,P032,1,1590,0.0
O007564,P079,2,630,0.05
O007565,P082,2,580,0.0
O007566,P096,2,260,0.0
O007566,P001,1,5210,0.0
O007567,P054,1,480,0.0
O007567,P018,1,790,0.1
O007567,P002,2,4330,0.0
O007568,P051,1,700,0.0
O007568,P052,2,260,0.0
O007568,P093,3,350,0.2
O007569,P045,1,630,0.0
O007570,P028,1,430,0.0
O007571,P018,2,790,0.05
O007572,P020,1,1760,0.3
O007572,P037,1,470,0.0
O007573,P090,1,2690,0.05
O007573,P033,1,2190,0.05
O007574,P053,1,310,0.05
O007575,P014,2,1960,0.0
O007575,P006,1,5860,0.0
O007575,P092,1,1210,0.3
O007575,P002,1,4330,0.0
O007575,P080,1,660,0.0
O007576,P051,3,700,0.2
O007576,P096,2,260,0.1
O007576,P076,1,2640,0.2
O007577,P008,1,5930,0.0
O007578,P010,2,6950,0.05
O007579,P028,1,430,0.1
O007580,P033,2,2190,0.0
O007581,P047,1,1740,0.0
O007582,P020,1,1760,0.05
O007583,P058,1,420,
O007584,P063,1,500,0.0
O007585,P082,3,580,0.1
O007585,P053,1,310,0.0
O007586,P003,1,8480,0.0
O007587,P057,1,360,0.3
O007587,P020,1,1760,0.3
O007587,P033,3,2190,0.0
O007588,P052,1,260,0.3
O007589,P070,2,800,0.2
O007589,P051,1,700,0.0
O007590,P072,3,3800,0.05
O007591,P006,1,5860,0.0
O007591,P008,1,5930,0.0
O007592,P008,1,5930,0.3
O007592,P039,1,1980,0.0
O007592,P043,2,1220,0.0
O007593,P001,1,5210,0.0
O007593,P037,1,470,0.0
O007594,P096,1,260,0.0
O007595,P082,1,580,0.0
O007596,P094,1,1100,0.3
O007596,P020,1,1760,0.05
O007597,P052,2,260,0.2
O007598,P073,2,3790,0.3
O007598,P012,1,1160,0.0
O007599,P033,2,2190,0.05
O007600,P047,1,1740,0.2
O007600,P031,1,700,0.2
O007600,P053,1,310,0.0
O007601,P051,1,700,0.0
O007602,P016,1,650,0.0
O007602,P017,1,1030,0.2
O007603,P079,2,630,0.1
O007604,P052,1,260,0.05
O007605,P055,1,210,0.0
O007606,P007,1,1390,0.05
O007607,P047,1,1740,0.3
O007607,P096,1,260,0.0
O007608,P041,1,4560,0.2
O007608,P052,1,260,0.3
O007609,P079,2,630,0.0
O007609,P039,2,1980,0.0
O007610,P084,1,540,0.0
O007611,P079,3,630,0.2
O007612,P051,1,700,0.0
O007613,P013,1,4850,0.0
O007614,P079,1,630,0.0
O007614,P003,1,8480,0.05
O007615,P081,2,2850,0.0
O007616,P055,1,210,0.0
O007616,P012,1,1160,0.0
O007617,P052,1,260,0.0
O007618,P093,2,350,0.05
O007618,P086,1,1840,0.0
O007619,P052,1,260,0.1
O007619,P075,2,2130,0.0
O007619,P059,1,240,0.05
O007620,P021,1,620,0.2
O007621,P027,1,1330,0.1
O007621,P002,2,4330,0.0
O007622,P051,3,700,0.05
O007622,P022,3,1690,0.2
O007622,P096,1,260,0.2
O007622,P079,1,630,0.1
O007623,P045,1,630,0.1
O007623,P018,1,790,0.0
O007624,P074,1,890,0.3
O007624,P008,3,5930,0.0
O007625,P049,1,870,0.0
O007626,P054,2,480,0.1
O007627,P006,1,5860,0.0
O007628,P083,1,710,0.0
O007629,P011,1,1280,0.0
O007630,P047,1,1740,0.1
O007631,P020,1,1760,0.1
O007632,P033,1,2190,0.0
O007632,P001,2,5210,
O007633,P096,1,260,0.3
O007633,P080,2,660,0.2
O007634,P016,1,650,0.0
O007635,P079,1,630,0.0
O007636,P059,2,240,0.0
O007636,P042,2,5470,0.0
O007637,P008,1,5930,0.1
O007638,P017,1,1030,0.0
O007639,P029,1,570,0.2
O007639,P050,1,570,0.3
O007640,P020,1,1760,0.0
O007641,P020,2,1760,0.0
O007642,P096,2,260,0.3
O007643,P019,1,2290,0.3
O007643,P079,1,630,0.2
O007644,P082,1,580,0.1
O007645,P033,2,2190,0.2
O007645,P053,1,310,0.0
O007646,P047,1,1740,0.2
O007646,P033,1,2190,0.0
O007647,P047,1,1740,0.3
O007647,P020,1,1760,0.05
O007648,P022,1,1690,0.05
O007649,P077,1,4260,0.0
O007649,P088,1,2510,0.0
O007649,P033,2,2190,0.0
O007650,P026,1,2100,0.0
O007651,P047,1,1740,0.0
O007651,P020,1,1760,0.2
O007652,P053,1,310,0.1
O007653,P005,1,1960,0.3
O007653,P036,1,490,0.0
O007654,P073,1,3790,0.2
O007655,P028,2,430,0.05
O007656,P051,1,700,0.1
O007656,P008,1,5930,0.2
O007657,P007,2,1390,0.05
O007658,P054,2,480,0.3
O007659,P053,1,310,0.0
O007659,P063,1,500,0.0
O007660,P042,1,5470,0.0
O007661,P052,2,260,0.0
O007661,P088,3,2510,0.0
O007662,P059,1,240,0.05
O007662,P008,3,5930,0.0
O007662,P012,1,1160,0.3
O007663,P010,1,6950,0.0
O007664,P079,1,630,0.0
O007664,P052,1,260,0.2
O007665,P033,1,2190,0.0
O007665,P002,1,4330,0.0
O007666,P045,1,630,0.05
O007666,P074,1,890,0.0
O007667,P002,3,4330,0.0
O007667,P096,1,260,0.0
O007667,P066,3,160,0.1
O007668,P079,1,630,0.0
O007669,P096,1,260,0.2
O007670,P096,1,260,0.0
O007670,P018,1,790,0.05
O007671,P080,1,660,0.0
O007671,P096,1,260,0.0
O007671,P051,1,700,0.0
O007672,P021,2,620,0.2
O007672,P044,1,260,0.05
O007673,P012,1,1160,0.2
O007674,P032,2,1590,0.0
O007674,P096,1,260,0.0
O007675,P033,1,2190,0.0
O007675,P008,1,5930,0.0
O007676,P096,2,260,0.0
O007677,P020,2,1760,0.05
O007677,P003,1,8480,0.2
O007678,P096,1,260,0.2
O007679,P045,2,630,0.0
O007680,P052,2,260,0.0
O007681,P042,1,5470,0.0
O007682,P022,1,1690,0.05
O007682,P096,1,260,0.0
O007683,P075,1,2130,0.0
O007683,P003,1,8480,0.3
O007684,P003,1,8480,0.0
O007685,P051,3,700,0.0
O007685,P096,1,260,0.0
O007686,P090,1,2690,0.05
O007687,P022,3,1690,0.05
O007688,P006,1,5860,0.2
O007689,P054,2,480,0.1
O007689,P096,1,260,0.3
O007690,P052,1,260,0.0
O007691,P086,1,1840,0.1
O007691,P006,1,5860,0.2
O007692,P079,1,630,0.0
O007693,P052,1,260,0.0
O007693,P011,1,1280,0.0
O007694,P080,3,660,0.1
O007694,P023,1,2180,0.0
O007695,P008,1,5930,
O007696,P096,1,260,0.0
O007697,P055,2,210,0.3
O007697,P096,1,260,0.0
O007698,P008,2,5930,0.3
O007699,P005,1,1960,0.05
O007700,P052,1,260,0.3
O007700,P085,2,1400,0.0
O007701,P008,1,5930,0.0
O007701,P002,1,4330,0.0
O007702,P052,1,260,0.0
O007702,P020,1,1760,0.0
O007702,P043,1,1220,0.0
O007703,P068,1,260,0.1
O007704,P020,2,1760,0.1
O007705,P059,1,240,0.0
O007705,P053,3,310,0.3
O007706,P039,1,1980,0.0
O007707,P059,1,240,0.0
O007708,P096,1,260,0.2
O007709,P028,1,430,0.05
O007709,P033,1,2190,0.0
O007709,P073,1,3790,0.0
O007710,P038,2,940,0.2
O007710,P096,1,260,0.05
O007711,P022,2,1690,0.05
O007711,P020,1,1760,
O007712,P044,1,260,0.2
O007713,P096,1,260,0.0
O007714,P052,1,260,0.3
O007715,P076,1,2640,0.0
O007715,P081,2,2850,0.3
O007715,P002,1,4330,0.2
O007716,P006,1,5860,0.0
O007716,P050,1,570,0.0
O007717,P089,3,530,0.3
O007718,P061,1,660,
O007719,P005,1,1960,0.0
O007720,P020,1,1760,0.1
O007720,P028,1,430,0.05
O007721,P077,1,4260,0.0
O007722,P043,1,1220,0.0
O007723,P070,1,800,0.1
O007724,P069,1,250,0.0
O007725,P020,1,1760,0.0
O007726,P037,1,470,0.05
O007726,P033,-1,2190,0.0
O007727,P001,1,5210,0.05
O007727,P072,1,3800,0.0
O007728,P074,1,890,0.3
O007729,P055,2,210,0.05
O007729,P051,2,700,0.2
O007730,P033,1,2190,0.1
O007731,P076,1,2640,0.2
O007731,P065,1,180,0.1
O007732,P079,2,630,0.0
O007733,P041,1,4560,0.0
O007734,P096,1,260,0.1
O007734,P063,3,500,0.0
O007735,P028,2,430,0.1
O007736,P025,1,1700,0.0
O007736,P051,2,700,0.0
O007737,P088,1,2510,0.3
O007738,P007,1,1390,0.0
O007739,P096,1,260,0.05
O007739,P082,2,580,0.1
O007740,P012,3,1160,0.0
O007740,P052,1,260,0.3
O007741,P008,1,5930,0.0
O007741,P010,1,6950,0.1
O007742,P038,2,940,0.0
O007742,P020,1,1760,0.0
O007743,P052,1,260,0.0
O007743,P051,1,700,0.05
O007744,P012,2,1160,0.2
O007745,P081,1,2850,0.0
O007745,P015,1,600,0.1
O007746,P020,3,1760,0.05
O007746,P052,1,260,0.1
O007747,P077,1,4260,0.1
O007748,P083,1,710,0.0
O007749,P040,1,430,0.1
O007749,P051,1,700,0.0
O007750,P002,2,4330,0.0
O007750,P012,1,1160,0.05
O007751,P084,1,540,0.3
O007751,P054,1,480,0.1
O007752,P012,1,1160,0.1
O007753,P055,1,210,0.05
O007754,P033,3,2190,0.05
O007754,P052,1,260,0.0
O007755,P033,1,2190,0.0
O007755,P022,1,1690,0.0
O007756,P050,1,570,0.0
O007756,P092,2,1210,0.0
O007757,P008,1,5930,0.0
O007758,P010,1,6950,0.1
O007758,P096,1,260,0.0
O007758,P072,2,3800,0.05
O007759,P034,1,490,0.2
O007760,P088,1,2510,0.0
O007761,P051,3,700,0.1
O007762,P096,1,260,0.0
O007763,P020,1,1760,0.0
O007763,P073,1,3790,0.0
O007764,P052,1,260,0.0
O007765,P007,1,1390,0.0
O007766,P096,2,260,0.0
O007767,P082,2,580,0.0
O007767,P043,1,1220,0.0
O007768,P018,1,790,0.0
O007768,P083,2,710,0.0
O007769,P042,1,5470,0.0
O007769,P052,2,260,0.1
O007770,P081,1,2850,0.0
O007771,P063,1,500,0.05
O007771,P016,1,650,0.0
O007772,P008,1,5930,0.05
O007773,P017,1,1030,0.0
O007773,P007,1,1390,0.0
O007774,P052,2,260,0.0
O007775,P088,1,2510,0.2
O007776,P017,1,1030,0.1
O007776,P073,3,3790,0.3
O007776,P013,1,4850,0.2
O007776,P031,1,700,0.0
O007776,P040,1,430,0.0
O007777,P028,1,430,0.05
O007777,P043,1,1220,0.2
O007778,P029,1,570,0.0
O007778,P008,1,5930,0.0
O007779,P007,3,1390,0.0
O007780,P052,3,260,0.2
O007781,P012,1,1160,0.2
O007781,P054,2,480,0.05
O007781,P057,1,360,0.0
O007782,P052,2,260,0.0
O007782,P001,1,5210,0.0
O007783,P079,1,630,0.2
O007783,P078,2,3260,0.0
O007783,P007,2,1390,0.0
O007783,P042,1,5470,0.0
O007784,P096,1,260,0.0
O007785,P090,1,2690,0.05
O007786,P056,1,1440,0.0
O007786,P039,1,1980,0.05
O007787,P080,3,660,0.05
O007787,P076,3,2640,0.2
O007788,P002,1,4330,0.0
O007789,P053,1,310,0.0
O007789,P088,1,2510,0.0
O007790,P079,1,630,0.0
O007790,P004,1,1090,0.0
O007790,P047,1,1740,0.0
O007791,P014,3,1960,0.1
O007791,P034,1,490,0.1
O007791,P033,2,2190,0.0
O007792,P006,3,5860,0.0
O007792,P044,2,260,0.2
O007793,P080,1,660,0.1
O007794,P052,1,260,0.0
O007795,P052,1,260,0.1
O007796,P074,3,890,0.0
O007796,P013,1,4850,0.0
O007797,P071,2,450,0.2
O007798,P004,2,1090,0.0
O007798,P020,1,1760,0.05
O007799,P057,1,360,0.0
O007800,P020,1,1760,0.0
O007800,P002,1,4330,0.1
O007800,P028,1,430,0.1
O007801,P001,1,5210,0.05
O007802,P020,2,1760,0.0
O007803,P096,1,260,0.0
O007803,P028,1,430,0.0
O007804,P011,3,1280,0.0
O007805,P080,1,660,0.0
O007806,P020,1,1760,0.1
O007807,P024,1,540,0.05
O007808,P029,1,570,0.0
O007809,P008,2,5930,0.0
O007810,P047,1,1740,0.2
O007810,P079,2,630,0.0
O007810,P022,2,1690,0.3
O007811,P088,1,2510,0.1
O007811,P043,3,1220,0.05
O007812,P076,2,2640,0.05
O007812,P040,1,430,0.05
O007812,P028,1,430,0.0
O007813,P020,2,1760,0.2
O007813,P063,1,500,0.0
O007814,P001,2,5210,0.0
O007815,P053,1,310,0.0
O007815,P008,1,5930,0.0
O007815,P050,1,570,0.0
O007816,P019,1,2290,0.3
O007816,P060,1,330,0.0
O007817,P014,1,1960,0.0
O007818,P019,1,2290,0.0
O007819,P040,2,430,0.1
O007820,P052,1,260,0.0
O007821,P045,2,630,0.0
O007821,P020,1,1760,0.2
O007822,P077,1,4260,0.3
O007823,P034,1,490,0.2
O007824,P033,1,2190,0.05
O007824,P051,1,700,0.0
O007824,P096,3,260,0.2
O007825,P007,1,1390,0.0
O007825,P008,1,5930,0.0
O007826,P080,2,660,0.0
O007826,P096,1,260,0.0
O007827,P050,2,570,0.2
O007828,P017,1,1030,0.0
O007828,P054,1,480,0.0
O007829,P094,1,1100,0.3
O007829,P051,1,700,0.1
O007830,P028,1,430,0.0
O007830,P013,1,4850,
O007831,P033,1,2190,0.05
O007831,P047,3,1740,0.05
O007832,P094,1,1100,0.0
O007832,P077,1,4260,0.2
O007833,P096,2,260,0.2
O007834,P079,1,630,0.0
O007834,P007,1,1390,0.0
O007835,P006,1,5860,0.05
O007836,P043,3,1220,0.2
O007836,P062,3,400,0.1
O007837,P050,1,570,0.0
O007838,P047,1,1740,0.0
O007838,P020,1,1760,0.05
O007839,P052,1,260,0.1
O007839,P012,1,1160,0.2
O007839,P080,1,660,0.0
O007839,P033,2,2190,0.0
O007840,P002,1,4330,0.2
O007840,P047,1,1740,
O007840,P053,1,310,0.1
O007841,P079,1,630,0.0
O007842,P052,1,260,0.2
O007843,P047,2,1740,0.3
O007844,P047,1,1740,0.0
O007844,P054,1,480,0.0
O007845,P050,1,570,0.1
O007845,P028,1,430,0.0
O007846,P080,2,660,0.0
O007847,P042,1,5470,0.3
O007847,P075,1,2130,0.2
O007848,P092,1,1210,0.2
O007849,P027,1,1330,0.0
O007850,P054,1,480,0.0
O007850,P074,1,890,0.05
O007850,P072,2,3800,0.0
O007851,P037,1,470,0.2
O007851,P052,1,260,0.0
O007851,P092,1,1210,0.0
O007852,P052,1,260,0.0
O007852,P001,2,5210,0.0
O007853,P079,1,630,0.0
O007853,P054,1,480,0.0
O007854,P083,3,710,0.0
O007855,P042,1,5470,0.1
O007856,P082,1,580,0.0
O007857,P062,1,400,0.0
O007857,P088,1,2510,0.0
O007857,P033,2,2190,0.2
O007858,P017,1,1030,0.0
O007859,P096,1,260,0.2
O007859,P020,1,1760,0.0
O007860,P033,1,2190,0.0
O007861,P071,1,450,0.05
O007862,P020,1,1760,0.0
O007863,P054,1,480,0.0
O007863,P096,1,260,0.0
O007863,P012,2,1160,0.2
O007864,P045,1,630,0.0
O007865,P051,1,700,0.2
O007865,P012,1,1160,0.0
O007866,P038,1,940,0.0
O007866,P012,1,1160,0.05
O007867,P047,1,1740,0.0
O007868,P096,1,260,0.0
O007868,P079,2,630,0.0
O007868,P040,1,430,0.0
O007869,P022,2,1690,0.05
O007870,P059,1,240,0.05
O007871,P002,1,4330,0.2
O007872,P002,1,4330,0.05
O007872,P096,2,260,0.0
O007873,P096,1,260,0.0
O007873,P007,2,1390,0.0
O007874,P018,1,790,0.2
O007875,P028,1,430,0.2
O007876,P072,1,3800,0.05
O007876,P076,1,2640,0.05
O007877,P082,3,580,0.0
O007878,P051,1,700,0.0
O007879,P079,1,630,0.05
O007879,P007,1,1390,0.0
O007880,P051,1,700,0.0
O007881,P020,1,1760,0.1
O007882,P008,1,5930,0.0
O007883,P079,1,630,0.2
O007883,P070,1,800,0.1
O007883,P092,3,1210,0.1
O007884,P029,1,570,0.3
O007884,P078,1,3260,0.0
O007884,P043,1,1220,0.0
O007885,P092,1,1210,0.0
O007886,P047,1,1740,0.05
O007887,P020,1,1760,0.1
O007888,P080,2,660,0.2
O007888,P008,1,5930,0.0
O007889,P082,2,580,0.0
O007890,P020,1,1760,0.0
O007891,P001,1,5210,0.0
O007892,P002,2,4330,0.05
O007893,P054,1,480,0.05
O007893,P079,1,630,0.0
O007894,P007,2,1390,0.2
O007894,P080,1,660,0.0
O007895,P007,1,1390,0.0
O007895,P001,2,5210,0.3
O007896,P082,2,580,0.05
O007897,P054,1,480,0.1
O007898,P096,1,260,0.05
O007898,P020,1,1760,0.2
O007899,P077,2,4260,0.0
O007900,P027,2,1330,0.0
O007901,P001,2,5210,0.3
O007901,P096,1,260,0.0
O007901,P017,1,1030,0.3
O007902,P033,1,2190,0.2
O007902,P054,1,480,0.0
O007902,P007,1,1390,0.0
O007903,P085,1,1400,0.0
O007904,P045,1,630,0.05
O007904,P055,1,210,0.3
O007905,P012,1,1160,0.0
O007906,P047,1,1740,0.05
O007906,P020,1,1760,0.1
O007907,P018,1,790,0.3
O007908,P008,1,5930,0.0
O007909,P091,1,2490,0.05
O007910,P054,1,480,0.0
O007911,P020,3,1760,0.2
O007912,P085,3,1400,0.2
O007913,P071,1,450,0.1
O007913,P037,2,470,0.2
O007913,P033,1,2190,0.0
O007913,P003,3,8480,
O007914,P025,3,1700,0.2
O007914,P074,1,890,0.3
O007915,P028,1,430,0.0
O007915,P022,1,1690,0.0
O007916,P050,1,570,0.05
O007917,P034,1,490,0.0
O007917,P040,1,430,0.0
O007918,P035,2,390,0.2
O007919,P020,1,1760,0.0
O007919,P035,1,390,0.0
O007919,P026,1,2100,0.3
O007920,P073,1,3790,0.0
O007921,P096,1,260,0.2
O007921,P020,1,1760,0.0
O007921,P051,2,700,0.2
O007922,P006,2,5860,0.1
O007923,P034,1,490,0.05
O007924,P085,1,1400,0.0
O007925,P093,2,350,0.0
O007926,P014,2,1960,0.1
O007927,P046,1,860,0.2
O007928,P020,1,1760,0.1
O007929,P008,1,5930,0.05
O007930,P020,2,1760,0.0
O007930,P082,1,580,0.05
O007931,P047,2,1740,0.1
O007931,P057,1,360,0.0
O007932,P054,1,480,0.0
O007933,P028,1,430,0.1
O007934,P096,1,260,0.0
O007935,P020,3,1760,0.05
O007935,P011,1,1280,0.0
O007936,P028,3,430,0.0
O007936,P074,2,890,0.0
O007936,P002,2,4330,0.0
O007937,P047,1,1740,0.0
O007938,P096,1,260,0.05
O007938,P079,1,630,0.1
O007938,P050,1,570,0.0
O007938,P084,1,540,0.05
O007939,P081,1,2850,0.1
O007940,P056,2,1440,0.2
O007940,P052,1,260,0.2
O007941,P034,3,490,0.0
O007942,P079,1,630,0.0
O007943,P012,1,1160,0.2
O007943,P059,1,240,0.0
O007944,P008,1,5930,0.0
O007944,P052,1,260,
O007945,P028,1,430,0.1
O007946,P055,1,210,
O007947,P030,1,600,0.0
O007947,P096,1,260,0.0
O007948,P015,1,600,0.0
O007949,P033,3,2190,0.0
O007949,P080,1,660,0.0
O007949,P052,1,260,0.0
O007949,P096,1,260,0.05
O007949,P074,1,890,0.0
O007950,P020,1,1760,0.0
O007950,P010,1,6950,0.0
O007951,P012,1,1160,0.05
O007951,P002,1,4330,0.2
O007952,P036,1,490,0.05
O007952,P076,1,2640,0.0
O007953,P069,1,250,0.0
O007954,P048,1,600,0.0
O007954,P079,2,630,0.0
O007955,P043,1,1220,0.3
O007955,P028,1,430,0.05
O007956,P020,1,1760,0.0
O007956,P006,1,5860,0.0
O007957,P096,3,260,0.1
O007957,P022,1,1690,0.0
O007957,P034,1,490,0.0
O007958,P076,1,2640,0.05
O007959,P085,1,1400,0.0
O007960,P073,1,3790,0.0
O007960,P012,1,1160,0.0
O007961,P094,2,1100,0.0
O007961,P096,1,260,0.3
O007962,P079,1,630,0.2
O007963,P047,2,1740,0.05
O007964,P051,2,700,0.05
O007964,P052,1,260,0.3
O007965,P092,1,1210,0.0
O007966,P081,1,2850,0.05
O007967,P005,3,1960,0.2
O007968,P096,2,260,0.1
O007968,P088,1,2510,0.05
O007969,P068,1,260,0.05
O007970,P080,1,660,0.0
O007970,P074,1,890,0.0
O007971,P033,2,2190,0.3
O007971,P064,1,550,0.3
O007972,P080,1,660,0.1
O007972,P088,1,2510,0.2
O007973,P043,1,1220,0.0
O007973,P096,1,260,0.2
O007974,P046,1,860,0.0
O007974,P077,1,4260,0.0
O007975,P003,1,8480,0.0
O007975,P079,1,630,0.1
O007976,P020,1,1760,0.0
O007976,P016,1,650,0.1
O007977,P052,1,260,0.05
O007978,P018,3,790,0.2
O007978,P096,1,260,0.0
O007978,P089,1,530,0.05
O007979,P008,1,5930,0.3
O007980,P080,1,660,0.0
O007981,P062,1,400,0.0
O007982,P015,1,600,0.3
O007983,P010,1,6950,0.0
O007984,P009,1,5010,0.0
O007984,P020,2,1760,0.1
O007985,P079,1,630,0.05
O007985,P020,1,1760,0.05
O007985,P009,1,5010,0.1
O007986,P098,1,930,
O007986,P079,1,630,0.0
O007986,P080,2,660,0.1
O007986,P050,2,570,0.2
O007987,P069,1,250,0.1
O007987,P052,1,260,0.0
O007987,P020,2,1760,0.0
O007987,P008,2,5930,0.3
O007988,P074,3,890,0.1
O007989,P043,1,1220,0.1
O007989,P028,1,430,0.1
O007990,P096,2,260,0.1
O007990,P052,1,260,0.2
O007991,P085,1,1400,0.2
O007992,P083,1,710,0.0
O007992,P052,1,260,0.0
O007992,P075,2,2130,0.1
O007992,P008,1,5930,0.0
O007993,P034,1,490,0.0
O007993,P079,1,630,0.3
O007994,P074,2,890,0.0
O007994,P032,1,1590,0.1
O007994,P006,1,5860,0.3
O007994,P033,1,2190,0.0
O007994,P073,2,3790,0.0
O007995,P076,2,2640,0.0
O007995,P088,1,2510,0.2
O007996,P067,1,290,0.0
O007997,P080,1,660,0.0
O007998,P080,3,660,0.1
O007998,P079,2,630,0.05
O007998,P037,1,470,0.3
O007999,P092,1,1210,0.0
O008000,P006,1,5860,0.0
O008000,P049,1,870,0.0
O008001,P096,1,260,0.1
O008002,P033,1,2190,0.0
O008003,P096,1,260,0.1
O008003,P079,1,630,0.0
O008004,P024,1,540,
O008005,P074,1,890,0.0
O008006,P033,1,2190,0.0
O008007,P013,2,4850,0.0
O008008,P001,1,5210,0.0
O008008,P047,2,1740,0.2
O008009,P080,1,660,0.0
O008009,P003,1,8480,0.0
O008009,P007,1,1390,0.0
O008010,P035,2,390,0.0
O008011,P009,1,5010,0.2
O008012,P051,1,700,0.1
O008013,P008,1,5930,0.1
O008013,P013,1,4850,0.0
O008014,P053,2,310,0.0
O008014,P079,1,630,0.1
O008014,P047,1,1740,0.0
O008015,P008,1,5930,0.2
O008016,P038,1,940,0.0
O008017,P096,1,260,0.2
O008018,P096,1,260,0.0
O008019,P074,1,890,0.1
O008019,P084,1,540,0.1
O008020,P088,1,2510,0.3
O008021,P080,1,660,0.05
O008022,P020,1,1760,0.05
O008022,P044,1,260,0.0
O008023,P002,3,4330,0.0
O008023,P045,2,630,0.0
O008024,P079,1,630,0.2
O008025,P047,1,1740,0.3
O008025,P055,1,210,0.0
O008026,P078,1,3260,0.3
O008027,P096,1,260,0.05
O008028,P051,2,700,0.1
O008029,P022,1,1690,0.0
O008030,P076,1,2640,0.3
O008030,P078,1,3260,0.05
O008031,P088,1,2510,0.0
O008032,P034,1,490,0.0
O008033,P022,1,1690,0.1
O008034,P010,1,6950,0.3
O008035,P008,1,5930,0.1
O008035,P020,1,1760,0.0
O008036,P008,2,5930,0.0
O008036,P079,3,630,0.0
O008037,P021,2,620,0.2
O008038,P045,1,630,0.1
O008038,P019,3,2290,0.0
O008039,P043,1,1220,0.2
O008040,P080,3,660,0.1
O008041,P052,1,260,0.2
O008041,P025,2,1700,0.0
O008041,P054,1,480,0.0
O008041,P008,1,5930,0.0
O008042,P052,1,260,0.0
O008042,P045,3,630,0.0
O008043,P051,2,700,0.0
O008044,P007,2,1390,0.1
O008045,P016,1,650,0.05
O008045,P033,1,2190,0.0
O008045,P096,1,260,0.0
O008046,P001,1,5210,0.0
O008046,P028,1,430,0.0
O008047,P090,1,2690,0.05
O008047,P001,1,5210,0.2
O008048,P079,2,630,0.3
O008049,P002,2,4330,0.2
O008050,P080,1,660,0.05
O008051,P028,1,430,0.0
O008051,P011,2,1280,0.2
O008051,P013,1,4850,0.0
O008052,P080,2,660,0.1
O008053,P020,1,1760,0.1
O008054,P035,2,390,
O008054,P052,1,260,0.1
O008055,P096,1,260,0.05
O008056,P062,1,400,0.0
O008057,P047,3,1740,0.1
O008057,P096,1,260,0.05
O008058,P094,1,1100,0.1
O008058,P008,1,5930,0.0
O008059,P033,1,2190,0.05
O008059,P020,1,1760,0.3
O008059,P003,1,8480,0.05
O008060,P079,1,630,0.0
O008060,P008,1,5930,0.0
O008061,P051,1,700,0.1
O008061,P092,1,1210,0.2
O008062,P033,1,2190,0.3
O008063,P073,1,3790,0.0
O008063,P020,1,1760,0.1
O008064,P047,1,1740,0.1
O008065,P057,2,360,0.2
O008066,P072,1,3800,0.05
O008067,P028,1,430,0.0
O008068,P078,1,3260,0.2
O008068,P080,1,660,0.3
O008068,P079,1,630,0.0
O008069,P052,1,260,0.3
O008069,P047,1,1740,0.1
O008069,P007,1,1390,0.0
O008070,P033,1,2190,0.0
O008070,P079,1,630,0.0
O008071,P010,1,6950,0.0
O008071,P083,1,710,0.0
O008071,P020,1,1760,0.1
O008071,P007,1,1390,0.0
O008072,P032,2,1590,0.1
O008073,P051,1,700,0.1
O008074,P054,2,480,0.0
O008074,P002,1,4330,0.0
O008075,P051,1,700,0.0
O008075,P052,1,260,0.3
O008076,P006,2,5860,0.1
O008076,P007,3,1390,0.1
O008076,P039,1,1980,0.0
O008077,P043,1,1220,0.1
O008078,P012,1,1160,0.0
O008079,P020,1,1760,0.1
O008080,P063,2,500,0.05
O008081,P061,1,660,0.2
O008082,P008,3,5930,0.0
O008082,P063,1,500,0.0
O008083,P079,1,630,0.1
O008083,P028,3,430,0.2
O008083,P015,1,600,0.3
O008083,P029,2,570,0.0
O008083,P054,2,480,
O008084,P076,1,2640,0.0
O008085,P020,2,1760,0.0
O008086,P008,2,5930,0.05
O008086,P096,2,260,0.1
O008086,P051,3,700,0.0
O008087,P047,2,1740,0.0
O008088,P079,1,630,0.0
O008089,P047,1,1740,0.2
O008090,P050,1,570,0.2
O008091,P096,1,260,0.2
O008092,P008,1,5930,0.1
O008092,P052,1,260,0.2
O008093,P048,2,600,0.0
O008094,P002,1,4330,0.0
O008094,P020,1,1760,0.0
O008095,P001,1,5210,0.0
O008096,P076,2,2640,0.0
O008096,P040,1,430,0.1
O008097,P008,1,5930,0.2
O008097,P034,1,490,0.3
O008098,P008,1,5930,0.0
O008099,P052,1,260,0.0
O008099,P029,2,570,0.0
O008100,P081,1,2850,0.05
O008100,P012,1,1160,0.0
O008101,P002,2,4330,0.05
O008101,P087,1,1570,0.2
O008102,P062,2,400,0.0
O008102,P096,1,260,0.05
O008103,P044,1,260,0.0
O008103,P015,1,600,0.0
O008104,P056,1,1440,0.0
O008105,P007,1,1390,0.2
O008106,P079,2,630,0.1
O008106,P054,1,480,0.0
O008107,P010,1,6950,0.05
O008108,P096,2,260,0.1
O008109,P052,1,260,0.0
O008109,P096,1,260,0.0
O008110,P053,1,310,0.0
O008111,P079,1,630,0.0
O008112,P035,1,390,0.1
O008113,P054,1,480,0.05
O008114,P047,1,1740,0.0
O008114,P088,1,2510,0.3
O008115,P033,1,2190,0.05
O008115,P079,1,630,0.1
O008116,P033,3,2190,0.3
O008117,P079,1,630,0.3
O008117,P096,3,260,0.05
O008118,P031,1,700,0.1
O008119,P070,1,800,0.0
O008119,P020,3,1760,0.1
O008120,P096,1,260,0.05
O008121,P028,1,430,0.0
O008122,P050,1,570,0.1
O008123,P033,1,2190,0.05
O008123,P079,1,630,0.2
O008124,P008,1,5930,0.05
O008125,P020,1,1760,0.05
O008126,P096,3,260,0.05
O008126,P051,2,700,0.2
O008127,P006,2,5860,0.1
O008127,P057,1,360,0.0
O008128,P031,2,700,0.0
O008128,P069,1,250,0.0
O008129,P008,1,5930,0.1
O008129,P066,3,160,0.05
O008130,P054,1,480,0.1
O008131,P052,1,260,0.0
O008131,P030,3,600,0.2
O008131,P054,1,480,0.0
O008132,P022,1,1690,0.0
O008132,P098,1,930,0.0
O008133,P051,1,700,0.05
O008133,P079,1,630,0.0
O008133,P047,1,1740,0.2
O008133,P018,1,790,0.0
O008134,P052,1,260,0.3
O008135,P088,1,2510,0.0
O008135,P037,1,470,0.3
O008136,P038,1,940,0.0
O008137,P062,1,400,0.1
O008138,P081,1,2850,0.3
O008138,P037,1,470,0.3
O008139,P056,1,1440,0.0
O008140,P007,1,1390,0.0
O008140,P002,1,4330,0.0
O008141,P027,1,1330,0.0
O008141,P086,1,1840,0.3
O008141,P012,1,1160,0.1
O008142,P028,3,430,0.0
O008142,P002,1,4330,0.0
O008142,P020,2,1760,0.0
O008143,P056,1,1440,0.05
O008144,P047,1,1740,0.3
O008144,P051,2,700,0.0
O008145,P003,1,8480,0.0
O008145,P047,1,1740,0.0
O008146,P070,1,800,0.0
O008147,P082,1,580,0.0
O008148,P010,1,6950,0.1
O008148,P023,1,2180,0.05
O008148,P008,1,5930,0.0
O008148,P002,1,4330,0.0
O008149,P008,1,5930,0.05
O008149,P002,1,4330,0.0
O008150,P043,1,1220,0.05
O008151,P013,1,4850,
O008152,P008,1,5930,0.2
O008153,P077,1,4260,0.1
O008153,P074,1,890,0.05
O008154,P096,1,260,0.0
O008154,P092,2,1210,0.1
O008155,P031,1,700,0.2
O008156,P050,1,570,0.0
O008157,P036,1,490,0.1
O008157,P096,1,260,0.2
O008158,P002,2,4330,0.1
O008159,P012,1,1160,0.2
O008159,P098,2,930,0.1
O008160,P032,1,1590,0.0
O008161,P051,1,700,0.1
O008161,P050,1,570,0.0
O008162,P096,2,260,0.0
O008163,P060,2,330,0.2
O008164,P074,2,890,0.1
O008164,P096,2,260,0.3
O008165,P092,1,1210,0.0
O008165,P007,1,1390,0.05
O008165,P052,1,260,0.0
O008166,P002,1,4330,0.3
O008167,P012,2,1160,0.3
O008168,P022,1,1690,0.2
O008169,P001,1,5210,0.0
O008169,P008,1,5930,0.3
O008169,P033,1,2190,0.0
O008170,P020,1,1760,0.0
O008171,P052,1,260,0.1
O008171,P012,1,1160,0.0
O008172,P073,2,3790,0.0
O008173,P088,1,2510,0.0
O008174,P079,1,630,0.0
O008174,P045,1,630,0.0
O008175,P009,1,5010,0.0
O008176,P042,1,5470,0.05
O008176,P054,1,480,0.3
O008177,P085,1,1400,0.2
O008178,P075,1,2130,0.05
O008179,P052,1,260,0.2
O008180,P015,1,600,0.2
O008181,P007,2,1390,0.1
O008182,P079,1,630,0.0
O008182,P059,1,240,0.2
O008183,P028,2,430,0.1
O008184,P074,1,890,0.2
O008184,P020,1,1760,0.0
O008185,P039,1,1980,0.0
O008185,P096,2,260,0.05
O008185,P045,1,630,0.1
O008186,P054,1,480,0.0
O008186,P096,1,260,0.3
O008187,P004,1,1090,0.0
O008188,P050,2,570,0.3
O008189,P050,1,570,0.1
O008189,P010,2,6950,0.2
O008189,P079,2,630,0.0
O008190,P062,2,400,0.05
O008191,P047,3,1740,0.1
O008191,P052,2,260,0.1
O008191,P002,1,4330,0.2
O008192,P007,1,1390,0.0
O008193,P006,1,5860,0.1
O008193,P096,1,260,0.2
O008193,P051,1,700,0.3
O008194,P021,1,620,0.0
O008194,P044,1,260,0.2
O008195,P096,3,260,0.0
O008195,P055,1,210,0.05
O008196,P051,2,700,0.3
O008196,P010,3,6950,0.05
O008197,P092,1,1210,0.0
O008198,P040,1,430,0.1
O008198,P070,1,800,0.1
O008198,P071,1,450,0.0
O008199,P018,1,790,0.05
O008200,P020,2,1760,0.1
O008201,P020,1,1760,0.0
O008202,P008,1,5930,0.1
O008202,P079,3,630,0.0
O008202,P001,1,5210,0.05
O008203,P007,1,1390,0.05
O008204,P026,3,2100,0.3
O008204,P058,1,420,0.0
O008204,P020,1,1760,0.1
O008204,P054,1,480,0.0
O008205,P071,1,450,0.0
O008205,P002,1,4330,0.0
O008206,P077,1,4260,0.2
O008206,P010,1,6950,0.0
O008207,P043,1,1220,0.0
O008208,P020,1,1760,0.0
O008209,P047,2,1740,0.0
O008210,P053,1,310,0.2
O008211,P020,1,1760,0.05
O008211,P061,1,660,0.05
O008211,P096,1,260,0.0
O008211,P033,1,2190,0.0
O008212,P031,1,700,0.0
O008212,P047,3,1740,0.2
O008213,P052,1,260,0.2
O008213,P047,1,1740,0.0
O008214,P030,1,600,0.05
O008214,P067,2,290,0.1
O008215,P092,1,1210,0.2
O008216,P052,1,260,0.0
O008216,P008,1,5930,0.1
O008217,P021,1,620,0.05
O008218,P054,1,480,0.3
O008218,P079,1,630,0.0
O008219,P018,1,790,0.1
O008220,P081,1,2850,0.0
O008221,P040,3,430,0.2
O008221,P092,2,1210,0.3
O008222,P011,3,1280,0.0
O008223,P040,1,430,0.05
O008223,P028,3,430,0.0
O008224,P020,1,1760,0.2
O008225,P093,1,350,0.0
O008225,P052,1,260,0.05
O008226,P085,1,1400,0.1
O008226,P012,1,1160,0.2
O008227,P020,3,1760,0.0
O008227,P028,1,430,0.1
O008228,P002,1,4330,0.2
O008229,P051,3,700,0.2
O008230,P040,1,430,0.0
O008231,P031,2,700,0.0
O008232,P096,1,260,0.0
O008232,P081,1,2850,0.0
O008233,P096,1,260,0.1
O008234,P076,3,2640,0.1
O008235,P008,2,5930,0.3
O008235,P064,1,550,0.1
O008236,P013,1,4850,0.1
O008237,P088,3,2510,0.3
O008238,P092,1,1210,0.2
O008239,P033,2,2190,0.05
O008240,P031,1,700,0.05
O008240,P008,1,5930,0.0
O008241,P033,3,2190,0.0
O008241,P080,1,660,0.0
O008241,P020,1,1760,0.05
O008242,P047,1,1740,0.05
O008242,P008,1,5930,0.1
O008243,P088,1,2510,0.0
O008244,P041,1,4560,0.0
O008244,P052,1,260,0.0
O008245,P096,1,260,0.05
O008246,P078,1,3260,0.0
O008246,P043,1,1220,0.3
O008247,P033,1,2190,0.05
O008248,P009,1,5010,0.0
O008248,P008,1,5930,0.05
O008249,P050,1,570,0.0
O008250,P031,2,700,0.05
O008251,P033,3,2190,0.05
O008251,P020,1,1760,0.0
O008252,P051,1,700,0.2
O008252,P038,1,940,0.2
O008253,P083,1,710,0.0
O008254,P024,1,540,0.05
O008254,P079,1,630,0.0
O008255,P047,1,1740,0.0
O008256,P033,2,2190,0.05
O008256,P096,1,260,0.0
O008257,P020,1,1760,0.2
O008258,P096,1,260,0.1
O008259,P020,1,1760,0.05
O008260,P051,1,700,0.0
O008261,P017,1,1030,0.05
O008261,P054,2,480,0.2
O008262,P022,1,1690,0.3
O008263,P086,1,1840,0.0
O008264,P007,1,1390,0.1
O008264,P004,1,1090,0.0
O008264,P012,1,1160,0.0
O008265,P047,1,1740,0.3
O008265,P017,1,1030,0.0
O008266,P055,1,210,0.0
O008266,P020,1,1760,0.1
O008267,P096,1,260,0.2
O008268,P051,1,700,0.0
O008269,P084,2,540,0.05
O008270,P096,2,260,0.0
O008270,P020,1,1760,0.3
O008270,P011,1,1280,0.2
O008271,P088,1,2510,0.2
O008271,P071,2,450,0.1
O008272,P088,1,2510,0.0
O008272,P051,2,700,0.0
O008273,P002,2,4330,0.1
O008274,P002,1,4330,0.0
O008274,P022,3,1690,0.0
O008275,P008,1,5930,0.05
O008276,P048,1,600,0.2
O008277,P006,1,5860,0.0
O008277,P052,1,260,0.0
O008277,P018,3,790,0.3
O008278,P096,1,260,0.2
O008278,P079,3,630,0.05
O008279,P007,1,1390,0.0
O008280,P079,1,630,0.0
O008281,P051,1,700,0.0
O008281,P054,2,480,0.3
O008281,P085,1,1400,0.0
O008282,P012,3,1160,0.0
O008283,P040,1,430,0.1
O008283,P033,1,2190,0.0
O008284,P043,1,1220,0.0
O008285,P047,3,1740,
O008286,P079,2,630,0.05
O008286,P012,1,1160,0.0
O008287,P064,2,550,0.3
O008288,P051,1,700,0.05
O008289,P020,1,1760,0.0
O008290,P008,1,5930,0.0
O008290,P077,2,4260,0.05
O008290,P096,1,260,0.0
O008291,P012,1,1160,0.0
O008292,P034,1,490,0.05
O008293,P006,2,5860,0.0
O008293,P052,1,260,0.0
O008293,P007,1,1390,0.05
O008293,P057,1,360,0.0
O008294,P079,1,630,0.05
O008295,P003,2,8480,0.0
O008296,P096,2,260,0.2
O008296,P002,1,4330,0.2
O008297,P096,1,260,0.0
O008298,P051,1,700,0.1
O008298,P046,3,860,0.0
O008299,P033,1,2190,0.3
O008300,P020,1,1760,0.0
O008301,P079,1,630,0.1
O008302,P079,1,630,0.05
O008302,P080,1,660,0.1
O008303,P012,1,1160,0.05
O008304,P088,2,2510,0.05
O008304,P033,1,2190,0.05
O008305,P007,1,1390,0.0
O008305,P096,1,260,0.0
O008305,P008,1,5930,0.1
O008306,P033,1,2190,0.0
O008307,P043,3,1220,0.2
O008307,P007,1,1390,0.0
O008308,P053,2,310,0.3
O008308,P028,1,430,0.0
O008309,P036,1,490,0.0
O008310,P022,1,1690,0.0
O008310,P096,1,260,0.3
O008310,P055,1,210,0.0
O008311,P052,1,260,0.0
O008312,P020,1,1760,0.05
O008312,P033,1,2190,0.0
O008313,P088,1,2510,0.0
O008314,P007,3,1390,0.05
O008314,P028,2,430,0.0
O008315,P012,2,1160,0.05
O008316,P013,1,4850,0.3
O008317,P008,1,5930,0.1
O008318,P096,1,260,0.0
O008319,P017,1,1030,0.0
O008320,P076,1,2640,0.0
O008321,P040,1,430,0.05
O008322,P096,1,260,0.0
O008322,P088,1,2510,0.05
O008322,P031,3,700,0.0
O008323,P002,1,4330,0.0
O008323,P088,1,2510,0.2
O008324,P072,1,3800,0.0
O008325,P007,1,1390,0.0
O008326,P033,1,2190,0.0
O008326,P047,1,1740,0.0
O008326,P002,1,4330,0.0
O008327,P043,1,1220,0.0
O008327,P007,1,1390,0.3
O008327,P014,1,1960,0.0
O008328,P080,1,660,0.1
O008329,P020,1,1760,0.05
O008330,P008,1,5930,0.2
O008330,P082,1,580,0.0
O008331,P033,1,2190,0.0
O008332,P096,2,260,0.0
O008333,P008,3,5930,0.2
O008333,P001,1,5210,0.3
O008334,P096,1,260,0.3
O008334,P083,1,710,0.1
O008335,P044,1,260,0.05
O008336,P082,1,580,0.0
O008337,P037,1,470,0.1
O008337,P007,1,1390,0.0
O008337,P062,1,400,0.0
O008338,P008,3,5930,0.05
O008339,P033,3,2190,0.3
O008339,P088,1,2510,0.0
O008340,P080,1,660,0.0
O008340,P047,1,1740,0.0
O008341,P012,1,1160,0.0
O008341,P028,1,430,0.2
O008342,P076,1,2640,0.1
O008343,P015,2,600,0.3
O008343,P092,1,1210,0.0
O008344,P047,1,1740,0.0
O008345,P002,1,4330,0.2
O008346,P047,1,1740,0.0
O008346,P069,2,250,0.3
O008347,P054,1,480,0.1
O008348,P004,1,1090,0.3
O008349,P008,1,5930,0.0
O008349,P043,1,1220,0.2
O008350,P008,2,5930,0.2
O008351,P036,1,490,0.1
O008352,P040,2,430,0.1
O008352,P074,1,890,0.1
O008352,P033,1,2190,0.05
O008353,P079,1,630,0.0
O008354,P033,1,2190,0.05
O008354,P096,1,260,0.0
O008354,P077,1,4260,0.05
O008355,P009,1,5010,0.0
O008356,P076,2,2640,0.0
O008357,P028,1,430,0.0
O008358,P007,1,1390,0.1
O008359,P008,1,5930,0.3
O008359,P024,1,540,0.05
O008360,P047,3,1740,0.3
O008360,P033,1,2190,0.0
O008361,P036,1,490,0.2
O008362,P033,1,2190,0.0
O008362,P096,1,260,0.0
O008362,P080,1,660,0.0
O008363,P079,1,630,0.2
O008364,P033,1,2190,0.1
O008364,P047,1,1740,0.0
O008365,P045,1,630,0.0
O008365,P079,1,630,0.3
O008366,P002,2,4330,0.0
O008366,P043,1,1220,
O008367,P098,2,930,0.1
O008368,P030,1,600,0.05
O008368,P053,1,310,0.0
O008369,P050,2,570,0.3
O008369,P069,1,250,0.0
O008370,P088,1,2510,0.0
O008370,P017,1,1030,0.0
O008371,P092,1,1210,0.05
O008372,P047,1,1740,0.3
O008372,P052,1,260,0.05
O008372,P022,1,1690,0.0
O008373,P080,1,660,0.0
O008374,P052,3,260,0.2
O008374,P012,2,1160,0.0
O008375,P020,1,1760,0.05
O008376,P018,1,790,0.0
O008376,P045,1,630,0.0
O008377,P011,1,1280,0.0
O008378,P053,1,310,0.0
O008379,P011,1,1280,0.0
O008380,P022,2,1690,0.0
O008380,P095,1,1840,0.0
O008380,P043,1,1220,0.0
O008381,P092,1,1210,0.0
O008382,P020,1,1760,0.0
O008382,P028,1,430,0.1
O008382,P081,1,2850,0.0
O008382,P092,1,1210,0.05
O008383,P020,3,1760,0.05
O008384,P076,2,2640,0.05
O008385,P090,1,2690,0.0
O008385,P071,3,450,0.1
O008385,P034,1,490,0.2
O008386,P073,1,3790,0.2
O008386,P052,1,260,0.3
O008387,P079,1,630,0.1
O008387,P088,1,2510,0.0
O008388,P058,2,420,0.05
O008389,P047,1,1740,0.0
O008389,P050,1,570,0.2
O008390,P096,2,260,0.1
O008390,P035,1,390,0.05
O008391,P096,1,260,0.2
O008391,P016,2,650,0.1
O008391,P047,1,1740,0.3
O008392,P047,2,1740,0.0
O008392,P002,1,4330,0.0
O008392,P079,1,630,0.0
O008393,P073,1,3790,0.05
O008394,P056,1,1440,0.2
O008394,P069,1,250,0.0
O008395,P052,1,260,0.2
O008395,P022,1,1690,0.1
O008396,P082,3,580,0.0
O008397,P010,2,6950,0.1
O008397,P020,3,1760,0.0
O008398,P033,1,2190,0.0
O008398,P092,1,1210,0.0
O008399,P096,1,260,0.0
O008399,P081,1,2850,0.1
O008400,P079,2,630,0.0
O008400,P028,2,430,0.2
O008401,P081,1,2850,0.3
O008401,P079,1,630,0.0
O008402,P088,1,2510,0.2
O008403,P082,1,580,0.2
O008404,P052,2,260,0.2
O008405,P094,1,1100,0.1
O008405,P039,2,1980,0.0
O008405,P076,1,2640,0.05
O008406,P020,1,1760,0.2
O008406,P012,3,1160,0.0
O008407,P033,1,2190,0.1
O008408,P096,2,260,0.05
O008409,P051,1,700,0.05
O008409,P079,1,630,
O008410,P090,1,2690,0.0
O008411,P079,2,630,0.0
O008411,P007,2,1390,0.05
O008412,P087,1,1570,0.0
O008413,P051,1,700,0.05
O008414,P092,2,1210,0.0
O008415,P081,1,2850,0.05
O008415,P079,1,630,0.3
O008415,P033,1,2190,
O008416,P033,1,2190,0.0
O008417,P006,3,5860,0.0
O008418,P007,1,1390,0.1
O008419,P041,1,4560,0.0
O008419,P084,1,540,0.0
O008419,P011,2,1280,0.0
O008420,P037,1,470,0.05
O008420,P096,1,260,0.0
O008421,P079,1,630,0.0
O008421,P033,1,2190,0.0
O008421,P028,1,430,0.3
O008422,P080,3,660,0.0
O008422,P012,1,1160,0.0
O008423,P079,1,630,0.1
O008424,P052,2,260,0.0
O008424,P053,1,310,0.0
O008424,P025,1,1700,0.0
O008425,P016,1,650,0.0
O008426,P007,3,1390,0.0
O008426,P074,1,890,0.0
O008426,P073,2,3790,0.0
O008427,P002,1,4330,0.0
O008427,P097,2,1960,0.0
O008428,P052,1,260,0.05
O008428,P007,1,1390,0.0
O008429,P081,2,2850,0.2
O008429,P088,1,2510,0.2
O008429,P020,1,1760,0.2
O008430,P082,1,580,0.05
O008431,P096,1,260,0.1
O008432,P010,1,6950,0.0
O008433,P002,1,4330,0.0
O008434,P052,1,260,0.0
O008434,P088,3,2510,0.0
O008434,P096,1,260,0.0
O008435,P047,3,1740,0.2
O008436,P080,1,660,0.0
O008437,P032,2,1590,0.0
O008438,P001,1,5210,0.2
O008439,P052,1,260,0.1
O008440,P012,1,1160,0.1
O008441,P022,1,1690,0.05
O008442,P047,1,1740,0.0
O008442,P032,2,1590,0.1
O008442,P006,2,5860,0.05
O008443,P082,1,580,0.05
O008443,P073,1,3790,0.2
O008444,P054,3,480,0.1
O008445,P020,1,1760,0.0
O008445,P050,1,570,0.1
O008446,P024,1,540,0.0
O008447,P033,1,2190,0.05
O008448,P002,1,4330,0.1
O008449,P096,1,260,0.3
O008450,P079,2,630,0.0
O008451,P069,3,250,0.0
O008452,P055,1,210,0.2
O008453,P027,1,1330,0.0
O008454,P026,1,2100,0.0
O008455,P012,3,1160,0.0
O008456,P050,3,570,0.2
O008457,P003,1,8480,0.0
O008457,P053,1,310,0.0
O008458,P092,1,1210,0.05
O008458,P096,1,260,0.05
O008459,P053,1,310,0.0
O008460,P085,1,1400,0.2
O008460,P002,1,4330,0.05
O008461,P010,2,6950,0.0
O008462,P020,1,1760,0.0
O008463,P078,1,3260,0.0
O008464,P061,1,660,0.0
O008465,P020,2,1760,0.0
O008465,P085,2,1400,0.0
O008465,P002,1,4330,
O008465,P089,1,530,0.0
O008466,P092,2,1210,0.05
O008466,P052,3,260,0.0
O008467,P076,1,2640,0.0
O008467,P080,2,660,0.0
O008467,P031,1,700,0.3
O008468,P007,1,1390,0.1
O008468,P053,1,310,0.0
O008469,P020,1,1760,0.05
O008469,P088,1,2510,0.05
O008469,P096,1,260,0.0
O008469,P054,1,480,0.1
O008470,P096,2,260,0.0
O008471,P052,1,260,0.0
O008472,P096,1,260,
O008472,P079,1,630,0.05
O008473,P028,1,430,0.3
O008474,P096,3,260,
O008475,P096,1,260,0.0
O008475,P084,1,540,0.2
O008476,P026,1,2100,0.0
O008476,P047,1,1740,0.0
O008477,P092,2,1210,0.2
O008477,P014,1,1960,0.1
O008477,P020,1,1760,0.0
O008478,P070,1,800,0.0
O008479,P073,1,3790,0.0
O008479,P051,1,700,0.0
O008480,P071,1,450,0.0
O008481,P053,1,310,0.0
O008481,P095,1,1840,0.1
O008482,P047,2,1740,0.2
O008482,P080,1,660,0.0
O008483,P021,2,620,0.0
O008483,P052,2,260,0.3
O008484,P008,1,5930,0.0
O008485,P082,1,580,0.1
O008486,P020,1,1760,0.1
O008486,P050,2,570,0.1
O008487,P088,2,2510,0.0
O008487,P047,2,1740,0.0
O008487,P052,1,260,0.0
O008488,P044,1,260,0.1
O008488,P081,1,2850,0.1
O008489,P008,1,5930,0.0
O008490,P054,1,480,0.0
O008491,P005,1,1960,0.0
O008492,P043,1,1220,0.2
O008492,P092,1,1210,0.0
O008492,P033,1,2190,0.0
O008493,P008,1,5930,0.0
O008494,P028,1,430,0.05
O008494,P016,2,650,0.05
O008495,P010,1,6950,0.0
O008496,P006,2,5860,0.05
O008497,P012,3,1160,0.3
O008497,P079,1,630,0.05
O008497,P088,1,2510,0.0
O008498,P080,2,660,0.2
O008499,P096,3,260,0.2
O008499,P020,1,1760,0.05
O008500,P079,1,630,0.3
O008500,P054,1,480,0.1
O008500,P096,2,260,0.05
O008500,P009,1,5010,0.3
O008501,P033,1,2190,0.0
O008502,P020,1,1760,0.0
O008502,P052,1,260,0.0
O008503,P062,1,400,0.0
O008504,P096,3,260,0.1
O008504,P007,1,1390,0.0
O008505,P008,1,5930,0.0
O008505,P079,2,630,0.1
O008506,P076,2,2640,0.0
O008507,P008,1,5930,0.0
O008507,P096,1,260,0.0
O008508,P007,2,1390,0.0
O008508,P052,2,260,0.2
O008509,P096,1,260,0.0
O008510,P090,1,2690,0.2
O008511,P051,1,700,0.0
O008511,P020,1,1760,0.0
O008512,P037,1,470,0.2
O008513,P022,3,1690,0.0
O008514,P043,2,1220,0.05
O008514,P035,2,390,0.05
O008515,P096,1,260,0.1
O008516,P081,3,2850,0.05
O008517,P020,2,1760,0.2
O008518,P002,1,4330,0.0
O008518,P044,1,260,0.1
O008519,P044,2,260,0.0
O008519,P034,1,490,0.0
O008520,P020,1,1760,0.0
O008521,P046,1,860,0.1
O008522,P040,1,430,0.0
O008523,P070,1,800,0.2
O008524,P088,1,2510,0.0
O008525,P020,1,1760,0.3
O008526,P069,2,250,0.0
O008526,P033,1,2190,0.0
O008527,P005,1,1960,0.0
O008527,P035,1,390,0.3
O008528,P045,1,630,0.0
O008528,P050,1,570,0.0
O008528,P055,1,210,0.05
O008529,P033,1,2190,0.2
O008530,P006,1,5860,0.1
O008531,P050,1,570,0.2
O008531,P092,3,1210,0.05
O008532,P044,1,260,0.2
O008533,P052,1,260,0.0
O008534,P015,1,600,0.0
O008535,P055,1,210,0.1
O008535,P064,1,550,0.1
O008536,P008,1,5930,0.0
O008537,P052,1,260,0.1
O008538,P045,1,630,0.0
O008538,P052,1,260,0.0
O008539,P068,3,260,0.2
O008539,P052,1,260,0.0
O008540,P008,1,5930,0.1
O008540,P002,2,4330,0.0
O008541,P079,1,630,0.2
O008541,P013,1,4850,0.1
O008541,P012,1,1160,0.0
O008541,P060,1,330,0.0
O008542,P021,1,620,0.2
O008543,P020,1,1760,0.05
O008543,P088,2,2510,0.05
O008544,P079,1,630,0.0
O008545,P056,1,1440,0.2
O008546,P002,1,4330,0.1
O008547,P085,1,1400,0.1
O008547,P028,1,430,0.0
O008548,P029,2,570,0.1
O008548,P030,1,600,0.0
O008549,P096,1,260,0.1
O008550,P088,3,2510,0.0
O008550,P041,1,4560,0.0
O008551,P033,2,2190,0.0
O008552,P010,1,6950,0.1
O008553,P089,1,530,0.0
O008553,P096,1,260,0.2
O008553,P088,1,2510,0.0
O008553,P006,1,5860,0.0
O008554,P020,1,1760,0.0
O008554,P002,1,4330,0.05
O008554,P081,1,2850,0.0
O008555,P020,1,1760,0.1
O008556,P096,1,260,0.1
O008557,P079,1,630,0.0
O008557,P047,1,1740,0.3
O008558,P052,1,260,0.3
O008559,P050,1,570,0.0
O008559,P052,2,260,0.0
O008560,P031,1,700,0.05
O008560,P090,2,2690,0.05
O008561,P033,1,2190,0.3
O008561,P012,1,1160,0.0
O008562,P079,1,630,0.0
O008563,P039,2,1980,0.0
O008563,P020,3,1760,0.0
O008564,P051,2,700,0.05
O008564,P073,2,3790,0.2
O008565,P052,1,260,0.0
O008566,P033,1,2190,0.0
O008566,P048,1,600,0.0
O008567,P079,1,630,0.2
O008568,P008,1,5930,0.2
O008569,P071,1,450,0.1
O008570,P096,1,260,0.1
O008571,P034,1,490,0.0
O008571,P028,1,430,0.3
O008571,P043,1,1220,0.0
O008572,P033,1,2190,0.3
O008572,P076,1,2640,0.0
O008572,P019,1,2290,0.0
O008572,P023,1,2180,0.0
O008573,P028,1,430,0.1
O008573,P080,3,660,0.3
O008574,P047,1,1740,0.0
O008575,P014,1,1960,0.0
O008575,P020,1,1760,0.0
O008575,P001,1,5210,0.0
O008576,P080,1,660,0.2
O008577,P043,2,1220,0.2
O008578,P020,1,1760,0.3
O008579,P045,1,630,0.05
O008579,P040,1,430,0.2
O008580,P033,2,2190,0.0
O008580,P072,1,3800,0.05
O008580,P010,3,6950,0.2
O008581,P008,2,5930,0.0
O008581,P033,1,2190,0.05
O008582,P085,3,1400,0.0
O008583,P032,1,1590,0.0
O008584,P033,1,2190,0.0
O008584,P035,1,390,0.1
O008585,P076,1,2640,0.0
O008585,P077,3,4260,0.1
O008586,P057,1,360,0.0
O008587,P096,1,260,0.0
O008587,P090,1,2690,0.3
O008588,P020,1,1760,0.0
O008588,P031,1,700,0.1
O008589,P094,2,1100,0.1
O008590,P082,1,580,0.0
O008590,P079,1,630,0.0
O008591,P020,1,1760,0.05
O008592,P006,2,5860,0.0
O008593,P009,1,5010,0.05
O008594,P088,2,2510,0.1
O008595,P067,1,290,0.05
O008596,P047,1,1740,0.0
O008596,P008,1,5930,0.0
O008597,P055,1,210,0.3
O008598,P007,2,1390,0.3
O008599,P096,1,260,0.0
O008599,P008,1,5930,0.2
O008599,P052,2,260,0.1
O008600,P022,1,1690,0.3
O008601,P096,3,260,0.0
O008601,P069,1,250,0.05
O008601,P012,1,1160,0.1
O008601,P080,1,660,0.0
O008601,P008,2,5930,0.0
O008601,P054,1,480,0.1
O008602,P012,1,1160,0.0
O008602,P097,1,1960,0.0
O008603,P013,2,4850,
O008604,P033,1,2190,0.0
O008604,P087,1,1570,0.0
O008605,P062,1,400,0.0
O008605,P007,1,1390,0.0
O008605,P002,2,4330,0.1
O008606,P020,1,1760,0.0
O008607,P028,2,430,0.05
O008608,P047,1,1740,0.3
O008608,P085,1,1400,0.0
O008609,P088,1,2510,0.0
O008609,P080,1,660,0.0
O008610,P019,2,2290,0.0
O008610,P013,1,4850,0.0
O008611,P079,2,630,0.0
O008612,P051,1,700,0.3
O008613,P007,1,1390,0.0
O008613,P022,1,1690,0.1
O008614,P079,1,630,0.0
O008615,P082,1,580,
O008615,P006,1,5860,0.05
O008615,P002,1,4330,0.0
O008616,P007,1,1390,0.2
O008616,P033,1,2190,0.05
O008616,P065,1,180,0.0
O008617,P047,1,1740,0.0
O008618,P034,2,490,0.0
O008619,P028,1,430,0.05
O008620,P074,1,890,0.0
O008621,P096,1,260,0.05
O008622,P054,1,480,0.3
O008623,P084,1,540,0.0
O008624,P022,1,1690,0.1
O008624,P045,1,630,0.3
O008624,P053,1,310,0.3
O008624,P003,1,8480,0.0
O008624,P052,2,260,0.05
O008625,P052,1,260,0.1
O008626,P045,1,630,0.3
O008627,P040,2,430,0.0
O008627,P020,1,1760,0.1
O008627,P009,1,5010,0.2
O008628,P052,1,260,0.05
O008629,P092,1,1210,0.0
O008629,P053,1,310,0.2
O008630,P082,1,580,0.1
O008630,P056,1,1440,0.0
O008631,P052,1,260,0.05
O008632,P047,3,1740,0.2
O008633,P003,1,8480,0.0
O008633,P083,1,710,0.3
O008634,P052,1,260,0.0
O008634,P083,2,710,0.1
O008635,P086,2,1840,0.1
O008635,P096,1,260,0.1
O008636,P079,1,630,0.0
O008637,P003,2,8480,0.0
O008637,P053,1,310,0.0
O008638,P033,2,2190,0.1
O008639,P047,1,1740,0.0
O008639,P078,2,3260,0.0
O008639,P007,1,1390,0.0
O008640,P055,1,210,0.1
O008641,P054,1,480,0.0
O008642,P033,1,2190,0.2
O008643,P008,2,5930,0.0
O008644,P052,1,260,0.05
O008644,P082,1,580,0.0
O008645,P006,1,5860,0.05
O008645,P020,1,1760,0.1
O008646,P079,1,630,0.0
O008647,P061,1,660,0.2
O008647,P050,1,570,0.2
O008648,P008,1,5930,0.3
O008649,P008,1,5930,0.2
O008649,P007,2,1390,0.0
O008649,P053,1,310,0.2
O008650,P025,2,1700,0.3
O008650,P052,2,260,0.2
O008651,P079,2,630,0.0
O008652,P002,3,4330,0.0
O008653,P094,3,1100,0.05
O008653,P082,1,580,0.0
O008654,P021,2,620,0.0
O008655,P018,1,790,0.05
O008656,P012,1,1160,0.0
O008657,P034,1,490,0.0
O008657,P052,1,260,
O008657,P079,1,630,0.0
O008658,P071,1,450,0.0
O008658,P020,3,1760,0.1
O008659,P096,2,260,0.0
O008660,P011,1,1280,0.0
O008660,P085,1,1400,0.0
O008661,P052,2,260,0.05
O008662,P051,1,700,0.1
O008663,P079,2,630,0.2
O008664,P019,1,2290,0.0
O008664,P052,1,260,0.1
O008665,P096,1,260,0.3
O008666,P050,2,570,0.0
O008667,P074,2,890,0.2
O008667,P008,3,5930,0.0
O008668,P024,1,540,0.3
O008669,P052,1,260,0.0
O008670,P085,1,1400,0.0
O008670,P022,1,1690,0.05
O008671,P052,1,260,0.0
O008671,P047,1,1740,0.2
O008671,P036,1,490,0.1
O008672,P074,1,890,0.0
O008672,P059,1,240,0.0
O008672,P096,1,260,0.2
O008673,P012,1,1160,0.0
O008673,P006,1,5860,0.0
O008674,P012,1,1160,0.0
O008675,P086,1,1840,0.2
O008675,P033,1,2190,0.1
O008676,P022,1,1690,0.2
O008677,P045,2,630,0.05
O008678,P002,3,4330,0.0
O008679,P063,1,500,0.1
O008679,P088,1,2510,0.0
O008679,P033,1,2190,0.0
O008679,P007,2,1390,0.0
O008680,P052,1,260,0.0
O008681,P045,1,630,0.0
O008682,P033,2,2190,0.1
O008683,P051,2,700,0.05
O008684,P033,1,2190,0.0
O008685,P022,1,1690,0.05
O008686,P077,1,4260,0.2
O008687,P057,1,360,
O008687,P096,3,260,0.1
O008688,P040,1,430,0.0
O008689,P094,1,1100,0.2
O008690,P074,1,890,0.1
O008690,P077,2,4260,0.1
O008691,P088,2,2510,0.0
O008691,P029,3,570,0.0
O008692,P018,3,790,0.0
O008692,P042,2,5470,0.0
O008693,P001,1,5210,0.0
O008693,P010,1,6950,0.1
O008694,P033,1,2190,0.0
O008695,P020,3,1760,0.0
O008695,P082,1,580,0.0
O008695,P009,2,5010,0.1
O008696,P020,1,1760,0.0
O008696,P096,1,260,0.0
O008697,P020,1,1760,0.05
O008697,P008,1,5930,0.0
O008698,P070,1,800,0.05
O008699,P033,1,2190,0.0
O008700,P009,1,5010,0.2
O008700,P024,3,540,0.0
O008701,P043,2,1220,0.2
O008702,P053,1,310,0.05
O008703,P080,1,660,0.0
O008703,P007,1,1390,0.05
O008704,P016,1,650,0.05
O008705,P052,2,260,0.1
O008706,P073,1,3790,0.3
O008707,P085,1,1400,0.0
O008707,P094,1,1100,0.2
O008708,P010,3,6950,0.2
O008708,P033,1,2190,0.0
O008709,P055,1,210,0.0
O008709,P021,2,620,0.1
O008710,P028,3,430,0.0
O008711,P052,1,260,0.05
O008712,P047,3,1740,0.0
O008713,P045,1,630,0.1
O008713,P023,1,2180,0.05
O008714,P018,1,790,0.0
O008714,P003,1,8480,0.0
O008714,P020,1,1760,0.1
O008715,P047,1,1740,0.0
O008715,P018,1,790,0.3
O008715,P096,1,260,0.2
O008716,P079,1,630,0.05
O008717,P088,1,2510,0.1
O008717,P022,2,1690,0.2
O008718,P052,3,260,0.1
O008719,P047,1,1740,0.0
O008720,P052,1,260,0.3
O008721,P079,1,630,0.0
O008722,P006,2,5860,0.2
O008722,P057,2,360,0.0
O008723,P092,1,1210,0.0
O008724,P031,1,700,0.3
O008724,P034,1,490,0.3
O008725,P088,1,2510,0.3
O008726,P046,1,860,0.0
O008726,P032,1,1590,0.2
O008727,P041,1,4560,0.0
O008728,P076,1,2640,0.05
O008728,P052,1,260,0.0
O008729,P031,1,700,0.0
O008730,P047,1,1740,0.05
O008730,P025,1,1700,0.0
O008731,P085,1,1400,0.1
O008732,P012,1,1160,0.05
O008733,P002,1,4330,0.0
O008734,P033,2,2190,0.0
O008735,P010,2,6950,0.05
O008735,P045,1,630,0.0
O008735,P050,2,570,0.1
O008736,P043,1,1220,0.0
O008737,P008,1,5930,0.0
O008738,P060,1,330,0.1
O008738,P080,1,660,0.05
O008738,P003,1,8480,0.05
O008739,P072,1,3800,0.05
O008740,P008,1,5930,0.05
O008741,P076,1,2640,0.0
O008741,P090,1,2690,0.05
O008742,P038,1,940,0.0
O008743,P020,1,1760,0.3
O008743,P050,1,570,0.0
O008743,P012,1,1160,0.1
O008744,P007,2,1390,0.1
O008744,P033,1,2190,0.3
O008744,P020,1,1760,0.1
O008745,P008,2,5930,0.0
O008746,P029,1,570,0.0
O008747,P051,1,700,0.1
O008748,P075,1,2130,0.0
O008748,P080,1,660,0.1
O008749,P029,1,570,0.0
O008750,P052,1,260,0.2
O008751,P096,1,260,0.2
O008752,P030,1,600,0.0
O008753,P070,1,800,0.0
O008754,P075,1,2130,0.1
O008754,P052,1,260,0.0
O008755,P080,1,660,0.0
O008756,P094,2,1100,0.3
O008756,P007,1,1390,0.3
O008756,P057,1,360,0.05
O008757,P071,2,450,0.0
O008758,P031,1,700,0.0
O008759,P013,2,4850,0.0
O008759,P080,1,660,0.0
O008759,P002,1,4330,0.0
O008759,P053,1,310,0.1
O008760,P033,3,2190,0.0
O008760,P096,2,260,0.0
O008761,P024,2,540,0.0
O008762,P017,1,1030,0.3
O008763,P040,1,430,0.2
O008764,P006,3,5860,0.0
O008764,P028,1,430,0.1
O008765,P065,1,180,0.05
O008766,P085,1,1400,0.3
O008766,P008,1,5930,0.05
O008767,P096,3,260,0.0
O008767,P008,1,5930,0.0
O008768,P006,1,5860,0.05
O008769,P020,1,1760,0.05
O008769,P076,1,2640,0.3
O008769,P085,3,1400,0.0
O008770,P030,1,600,0.1
O008771,P043,1,1220,0.0
O008771,P027,1,1330,0.1
O008772,P048,1,600,0.05
O008773,P033,1,2190,0.0
O008774,P003,1,8480,0.2
O008775,P020,3,1760,0.0
O008776,P030,1,600,0.05
O008777,P012,2,1160,0.0
O008778,P031,1,700,0.0
O008779,P012,1,1160,0.1
O008780,P053,2,310,0.05
O008781,P081,1,2850,0.1
O008782,P047,2,1740,0.0
O008783,P008,1,5930,0.0
O008784,P031,1,700,0.0
O008784,P007,1,1390,0.0
O008785,P026,1,2100,0.0
O008786,P001,1,5210,0.2
O008786,P096,1,260,0.0
O008787,P052,1,260,0.0
O008787,P047,1,1740,0.0
O008788,P053,1,310,0.05
O008788,P051,1,700,0.0
O008788,P047,2,1740,0.0
O008789,P022,1,1690,0.0
O008790,P035,1,390,0.3
O008791,P032,1,1590,0.0
O008791,P017,2,1030,0.0
O008792,P053,1,310,0.1
O008793,P021,1,620,0.2
O008794,P096,1,260,0.0
O008794,P054,1,480,0.1
O008795,P033,1,2190,0.0
O008796,P013,3,4850,0.3
O008796,P002,1,4330,0.0
O008797,P052,1,260,0.0
O008798,P047,1,1740,0.0
O008799,P047,1,1740,0.0
O008800,P020,3,1760,0.05
O008801,P052,2,260,0.0
O008802,P052,1,260,0.0
O008802,P079,1,630,0.0
O008803,P085,1,1400,0.0
O008803,P079,3,630,0.05
O008803,P007,1,1390,0.05
O008804,P055,2,210,0.2
O008805,P040,2,430,0.1
O008806,P069,3,250,0.0
O008806,P052,1,260,0.1
O008807,P008,1,5930,0.05
O008808,P006,1,5860,0.0
O008809,P050,1,570,0.0
O008809,P022,1,1690,0.05
O008810,P071,1,450,0.3
O008811,P052,1,260,0.0
O008811,P085,1,1400,0.2
O008812,P043,1,1220,0.0
O008812,P012,1,1160,0.0
O008812,P020,1,1760,0.2
O008813,P006,1,5860,0.0
O008814,P096,2,260,0.0
O008815,P023,1,2180,0.0
O008815,P088,1,2510,0.05
O008816,P044,1,260,0.0
O008816,P071,1,450,0.0
O008816,P052,1,260,0.0
O008816,P079,1,630,0.0
O008817,P028,1,430,0.0
O008817,P020,1,1760,0.0
O008818,P029,1,570,0.0
O008819,P079,1,630,0.0
O008819,P096,1,260,0.05
O008819,P037,3,470,
O008819,P080,1,660,0.3
O008820,P005,1,1960,0.1
O008821,P033,1,2190,0.0
O008821,P047,1,1740,0.05
O008822,P090,1,2690,0.0
O008823,P088,1,2510,0.2
O008824,P068,1,260,0.1
O008825,P028,1,430,0.0
O008826,P047,1,1740,0.1
O008827,P020,1,1760,0.0
O008827,P096,3,260,0.0
O008828,P055,1,210,0.2
O008828,P098,1,930,0.0
O008828,P059,2,240,0.05
O008828,P006,1,5860,0.2
O008829,P092,1,1210,
O008830,P052,1,260,0.0
O008830,P096,1,260,0.0
O008831,P020,1,1760,0.3
O008832,P051,1,700,0.05
O008833,P043,2,1220,0.0
O008834,P096,1,260,0.1
O008834,P020,1,1760,0.0
O008835,P052,2,260,0.0
O008836,P092,1,1210,0.0
O008837,P045,1,630,0.05
O008838,P008,1,5930,0.0
O008839,P020,1,1760,0.0
O008839,P008,1,5930,0.0
O008839,P079,1,630,0.0
O008839,P028,2,430,0.0
O008840,P032,1,1590,0.0
O008841,P051,1,700,0.0
O008841,P082,1,580,0.0
O008841,P006,2,5860,0.2
O008841,P054,1,480,0.0
O008841,P092,1,1210,0.0
O008842,P012,1,1160,0.1
O008843,P048,1,600,0.2
O008843,P079,1,630,0.1
O008844,P080,1,660,0.1
O008845,P020,1,1760,0.2
O008845,P004,1,1090,0.0
O008845,P043,1,1220,0.0
O008846,P020,1,1760,0.0
O008847,P052,3,260,0.1
O008847,P001,1,5210,0.0
O008848,P020,1,1760,0.2
O008848,P030,1,600,0.0
O008849,P033,1,2190,0.0
O008849,P043,1,1220,0.0
O008849,P054,2,480,0.0
O008850,P096,1,260,0.2
O008851,P088,2,2510,0.0
O008852,P001,1,5210,0.1
O008852,P006,1,5860,0.05
O008853,P012,1,1160,0.3
O008853,P095,1,1840,0.3
O008854,P018,1,790,0.0
O008855,P079,1,630,0.3
O008855,P090,1,2690,0.0
O008856,P043,1,1220,0.05
O008856,P088,1,2510,0.0
O008857,P096,1,260,0.0
O008858,P008,2,5930,0.1
O008859,P052,2,260,0.05
O008860,P082,1,580,0.2
O008861,P051,2,700,0.0
O008862,P075,1,2130,0.05
O008862,P070,1,800,0.0
O008862,P072,1,3800,0.1
O008863,P063,1,500,0.0
O008864,P007,1,1390,0.1
O008865,P043,1,1220,0.0
O008865,P052,1,260,0.2
O008866,P013,3,4850,0.05
O008867,P074,1,890,0.2
O008867,P096,1,260,0.3
O008867,P098,1,930,0.2
O008867,P047,1,1740,0.0
O008868,P094,1,1100,0.0
O008868,P075,2,2130,0.1
O008868,P008,1,5930,0.1
O008868,P079,1,630,0.3
O008869,P047,1,1740,0.0
O008869,P024,1,540,0.0
O008869,P043,1,1220,0.0
O008870,P053,1,310,0.0
O008871,P020,1,1760,0.0
O008872,P047,1,1740,0.0
O008873,P032,1,1590,0.05
O008873,P008,1,5930,0.2
O008874,P033,2,2190,0.1
O008875,P081,1,2850,0.1
O008876,P063,1,500,0.2
O008877,P020,3,1760,0.0
O008877,P024,1,540,0.0
O008878,P077,1,4260,0.3
O008878,P004,1,1090,0.1
O008879,P002,2,4330,0.3
O008880,P064,1,550,0.05
O008881,P055,3,210,0.1
O008881,P052,1,260,0.0
O008881,P047,1,1740,0.0
O008882,P028,1,430,0.0
O008883,P017,1,1030,0.05
O008884,P020,3,1760,0.1
O008885,P052,1,260,0.0
O008885,P010,1,6950,0.0
O008886,P013,1,4850,0.2
O008887,P079,1,630,0.3
O008888,P038,1,940,0.0
O008888,P008,1,5930,0.0
O008889,P002,1,4330,0.0
O008889,P017,1,1030,0.05
O008889,P069,2,250,0.1
O008889,P011,1,1280,0.0
O008890,P032,1,1590,0.2
O008890,P011,1,1280,0.1
O008891,P096,1,260,0.1
O008891,P022,1,1690,0.05
O008892,P038,1,940,0.0
O008892,P024,1,540,0.0
O008892,P091,2,2490,0.0
O008893,P080,1,660,0.0
O008893,P010,2,6950,0.3
O008893,P092,1,1210,0.0
O008893,P040,1,430,0.0
O008893,P033,1,2190,0.0
O008894,P096,2,260,0.0
O008895,P053,1,310,0.2
O008895,P056,3,1440,0.2
O008896,P020,1,1760,0.0
O008896,P024,2,540,0.1
O008896,P003,2,8480,0.1
O008896,P031,1,700,0.3
O008897,P013,1,4850,0.3
O008898,P083,1,710,0.0
O008899,P033,1,2190,0.2
O008899,P021,1,620,0.0
O008900,P096,1,260,0.0
O008901,P033,2,2190,0.2
O008902,P079,1,630,0.05
O008903,P047,1,1740,0.1
O008904,P033,2,2190,0.0
O008905,P022,1,1690,0.05
O008905,P009,1,5010,0.2
O008906,P008,3,5930,0.3
O008907,P096,1,260,0.0
O008907,P008,1,5930,0.1
O008908,P080,1,660,0.0
O008908,P045,1,630,0.2
O008908,P079,1,630,0.0
O008908,P047,1,1740,0.1
O008909,P008,1,5930,0.3
O008910,P063,1,500,0.1
O008911,P057,1,360,0.0
O008912,P052,2,260,0.2
O008913,P043,1,1220,0.05
O008913,P019,1,2290,0.2
O008914,P096,2,260,0.0
O008915,P047,2,1740,0.0
O008916,P003,1,8480,0.05
O008917,P096,1,260,0.0
O008917,P064,1,550,0.1
O008918,P096,2,260,0.0
O008919,P008,1,5930,0.0
O008920,P079,2,630,0.2
O008920,P052,1,260,0.1
O008920,P084,1,540,0.0
O008921,P030,1,600,0.0
O008921,P079,1,630,0.0
O008921,P066,1,160,0.0
O008922,P069,1,250,0.1
O008922,P030,2,600,0.05
O008923,P017,1,1030,0.0
O008924,P036,1,490,0.3
O008925,P051,1,700,0.0
O008925,P007,2,1390,0.2
O008926,P002,1,4330,0.0
O008926,P004,1,1090,0.2
O008927,P051,1,700,0.0
O008927,P052,3,260,0.1
O008927,P079,2,630,0.2
O008928,P043,3,1220,0.0
O008929,P050,3,570,0.0
O008929,P043,1,1220,0.0
O008930,P076,1,2640,0.0
O008930,P082,1,580,0.05
O008931,P076,3,2640,0.05
O008932,P033,1,2190,0.05
O008932,P080,1,660,0.0
O008933,P008,2,5930,0.3
O008934,P047,3,1740,0.05
O008935,P025,3,1700,0.2
O008935,P077,1,4260,0.0
O008936,P055,1,210,0.1
O008937,P031,1,700,0.0
O008937,P052,1,260,0.1
O008938,P057,1,360,0.0
O008938,P028,1,430,0.1
O008939,P001,3,5210,0.05
O008939,P017,1,1030,0.0
O008940,P079,1,630,0.1
O008941,P049,1,870,0.2
O008942,P088,2,2510,0.2
O008942,P010,1,6950,0.0
O008943,P080,3,660,0.0
O008944,P046,1,860,0.0
O008945,P095,1,1840,0.0
O008945,P034,2,490,0.0
O008946,P088,1,2510,0.1
O008947,P072,1,3800,0.0
O008947,P087,1,1570,0.3
O008948,P008,1,5930,0.0
O008949,P033,1,2190,0.2
O008949,P024,2,540,0.1
O008949,P090,1,2690,0.0
O008950,P052,1,260,0.0
O008950,P047,1,1740,0.1
O008950,P003,3,8480,0.0
O008951,P053,1,310,0.0
O008951,P079,2,630,0.0
O008952,P032,1,1590,0.0
O008952,P029,1,570,0.0
O008952,P096,1,260,0.1
O008953,P004,1,1090,0.0
O008953,P020,1,1760,0.2
O008953,P007,1,1390,0.2
O008954,P028,1,430,0.0
O008954,P058,1,420,0.0
O008954,P052,1,260,0.0
O008955,P020,1,1760,0.05
O008956,P033,2,2190,0.1
O008957,P043,3,1220,0.1
O008958,P078,1,3260,0.1
O008959,P052,1,260,0.0
O008960,P096,2,260,0.2
O008961,P022,3,1690,0.0
O008962,P079,3,630,0.0
O008963,P040,1,430,0.0
O008964,P051,1,700,0.3
O008965,P080,1,660,0.1
O008965,P074,1,890,0.0
O008965,P053,1,310,0.1
O008966,P034,1,490,0.1
O008966,P088,1,2510,0.05
O008967,P020,1,1760,0.1
O008967,P057,2,360,0.1
O008968,P079,1,630,0.0
O008969,P047,1,1740,0.05
O008970,P052,1,260,0.2
O008970,P033,1,2190,0.0
O008971,P098,1,930,0.0
O008972,P047,1,1740,0.05
O008973,P028,1,430,0.1
O008974,P043,1,1220,0.0
O008974,P020,1,1760,0.3
O008975,P022,1,1690,0.05
O008975,P053,2,310,0.0
O008976,P010,2,6950,0.2
O008977,P071,1,450,0.0
O008978,P020,1,1760,0.2
O008978,P033,1,2190,0.0
O008979,P007,2,1390,0.0
O008980,P007,1,1390,0.0
O008981,P065,1,180,0.0
O008982,P080,1,660,0.2
O008982,P075,3,2130,0.05
O008983,P034,1,490,0.0
O008983,P017,1,1030,0.05
O008983,P033,1,2190,0.0
O008984,P020,1,1760,0.05
O008984,P003,1,8480,0.05
O008984,P074,1,890,0.0
O008985,P084,1,540,0.0
O008985,P020,1,1760,0.2
O008986,P013,2,4850,0.1
O008987,P007,1,1390,0.0
O008988,P033,1,2190,0.0
O008989,P096,1,260,0.0
O008989,P071,2,450,0.1
O008990,P083,1,710,0.1
O008991,P043,3,1220,0.05
O008992,P080,2,660,0.05
O008993,P052,1,260,0.1
O008994,P076,1,2640,0.2
O008994,P077,2,4260,0.3
O008994,P096,3,260,0.0
O008994,P006,1,5860,0.0
O008995,P004,1,1090,0.0
O008995,P055,1,210,0.05
O008996,P088,1,2510,0.1
O008996,P040,1,430,0.05
O008997,P062,2,400,0.1
O008998,P043,1,1220,0.05
O008999,P051,1,700,0.05
O008999,P007,1,1390,0.1
O009000,P019,1,2290,0.3
O009000,P033,1,2190,0.0
O009001,P082,1,580,0.3
O009002,P007,1,1390,0.2
O009003,P017,1,1030,0.3
O009004,P096,1,260,0.3
O009005,P002,1,4330,0.0
O009006,P079,1,630,0.0
O009007,P079,2,630,0.1
O009007,P047,2,1740,0.1
O009008,P002,1,4330,0.0
O009008,P015,1,600,0.2
O009009,P055,1,210,0.3
O009010,P043,1,1220,0.1
O009010,P090,1,2690,0.0
O009011,P031,1,700,0.0
O009011,P044,1,260,0.0
O009012,P080,2,660,0.05
O009012,P096,1,260,0.0
O009013,P047,1,1740,0.0
O009014,P079,1,630,0.1
O009015,P020,1,1760,0.2
O009016,P054,1,480,0.1
O009017,P007,1,1390,0.0
O009017,P054,2,480,0.0
O009018,P079,2,630,0.0
O009018,P071,3,450,0.1
O009019,P079,1,630,0.0
O009019,P034,1,490,0.2
O009019,P011,3,1280,0.0
O009020,P028,1,430,0.05
O009021,P033,1,2190,0.0
O009021,P096,1,260,0.1
O009022,P096,1,260,0.1
O009022,P001,1,5210,0.0
O009023,P079,1,630,0.1
O009024,P030,1,600,0.1
O009025,P085,1,1400,0.1
O009026,P047,1,1740,0.0
O009027,P088,1,2510,0.2
O009028,P009,1,5010,0.2
O009028,P088,1,2510,0.0
O009028,P003,1,8480,0.0
O009029,P082,1,580,0.3
O009029,P047,1,1740,0.0
O009030,P088,3,2510,0.1
O009031,P006,1,5860,0.2
O009032,P010,2,6950,0.3
O009033,P096,3,260,0.1
O009034,P044,2,260,0.0
O009034,P047,1,1740,0.05
O009035,P085,1,1400,0.2
O009035,P091,1,2490,0.0
O009036,P021,3,620,0.1
O009037,P020,1,1760,0.05
O009037,P008,2,5930,0.0
O009038,P054,1,480,
O009039,P008,1,5930,0.0
O009040,P026,2,2100,0.05
O009040,P088,1,2510,0.0
O009040,P096,1,260,0.05
O009041,P096,1,260,0.0
O009042,P011,1,1280,0.2
O009043,P052,1,260,0.1
O009044,P060,2,330,0.0
O009045,P033,2,2190,0.0
O009045,P036,1,490,0.0
O009045,P096,1,260,0.0
O009046,P001,1,5210,0.0
O009046,P028,1,430,0.05
O009047,P045,1,630,0.0
O009048,P029,1,570,0.0
O009049,P088,1,2510,0.0
O009049,P004,2,1090,0.0
O009050,P020,1,1760,0.2
O009051,P020,2,1760,0.3
O009051,P092,1,1210,0.2
O009052,P037,1,470,0.0
O009053,P052,1,260,0.0
O009054,P088,1,2510,0.0
O009055,P085,1,1400,0.0
O009056,P063,2,500,0.2
O009056,P036,1,490,0.0
O009056,P079,1,630,0.2
O009057,P045,1,630,0.1
O009058,P088,1,2510,0.1
O009059,P028,1,430,0.3
O009059,P094,3,1100,0.3
O009059,P096,2,260,0.05
O009060,P017,2,1030,0.1
O009061,P079,1,630,0.3
O009062,P033,1,2190,0.05
O009062,P020,2,1760,0.0
O009063,P049,3,870,0.0
O009063,P085,1,1400,0.05
O009063,P030,1,600,0.0
O009064,P033,2,2190,0.0
O009065,P006,1,5860,0.0
O009066,P007,1,1390,0.0
O009067,P003,1,8480,0.1
O009067,P014,1,1960,0.3
O009067,P007,1,1390,0.2
O009068,P020,1,1760,0.05
O009069,P048,1,600,0.05
O009070,P079,1,630,0.3
O009071,P080,2,660,0.0
O009071,P079,2,630,0.0
O009072,P081,1,2850,0.2
O009073,P060,1,330,0.0
O009074,P008,1,5930,0.05
O009074,P020,1,1760,0.3
O009075,P078,1,3260,0.05
O009076,P008,1,5930,0.3
O009077,P033,3,2190,0.0
O009078,P096,1,260,0.0
O009078,P023,1,2180,0.0
O009079,P096,1,260,0.1
O009080,P079,1,630,0.0
O009081,P007,1,1390,0.05
O009082,P047,1,1740,0.0
O009083,P022,3,1690,0.1
O009083,P082,1,580,0.05
O009084,P088,1,2510,0.3
O009085,P074,3,890,0.05
O009086,P080,2,660,0.3
O009087,P052,1,260,0.0
O009088,P088,1,2510,0.3
O009089,P096,1,260,0.05
O009090,P008,2,5930,0.1
O009091,P033,1,2190,0.3
O009092,P068,1,260,0.0
O009093,P024,2,540,0.0
O009093,P014,3,1960,0.0
O009094,P047,2,1740,0.0
O009095,P007,1,1390,0.2
O009096,P080,1,660,0.2
O009096,P007,2,1390,0.0
O009097,P079,2,630,0.0
O009098,P070,2,800,0.3
O009098,P069,1,250,0.1
O009098,P020,2,1760,0.2
O009099,P033,2,2190,0.05
O009100,P076,1,2640,0.0
O009101,P079,1,630,0.0
O009102,P047,1,1740,0.0
O009103,P076,1,2640,0.0
O009103,P088,1,2510,0.1
O009104,P054,1,480,
O009105,P002,1,4330,0.05
O009106,P066,1,160,0.1
O009107,P049,1,870,0.0
O009108,P072,2,3800,0.1
O009109,P045,1,630,0.3
O009110,P090,1,2690,0.0
O009111,P079,1,630,0.05
O009111,P007,1,1390,0.0
O009112,P033,1,2190,0.0
O009112,P004,3,1090,0.1
O009112,P008,2,5930,0.2
O009113,P033,3,2190,0.0
O009113,P080,1,660,0.05
O009114,P007,1,1390,0.05
O009115,P001,3,5210,0.0
O009115,P018,3,790,0.0
O009116,P033,1,2190,0.2
O009117,P031,1,700,0.3
O009118,P042,2,5470,0.3
O009119,P053,1,310,0.0
O009119,P034,3,490,0.2
O009120,P076,1,2640,0.05
O009120,P002,1,4330,0.1
O009120,P039,2,1980,0.3
O009121,P078,3,3260,0.0
O009122,P008,1,5930,0.2
O009123,P081,1,2850,0.1
O009123,P012,1,1160,0.1
O009124,P052,1,260,0.1
O009125,P031,1,700,0.2
O009126,P052,1,260,0.1
O009126,P080,1,660,0.0
O009127,P029,2,570,0.0
O009128,P006,1,5860,0.2
O009128,P048,1,600,
O009128,P033,1,2190,0.0
O009128,P038,1,940,0.2
O009129,P047,1,1740,0.0
O009130,P045,1,630,0.0
O009131,P062,1,400,0.0
O009132,P055,3,210,
O009133,P012,1,1160,0.0
O009134,P081,3,2850,0.0
O009135,P010,1,6950,0.0
O009136,P050,1,570,0.0
O009136,P047,1,1740,0.0
O009137,P007,1,1390,0.2
O009137,P052,1,260,0.0
O009138,P050,1,570,0.0
O009139,P051,2,700,0.0
O009140,P012,1,1160,0.05
O009141,P042,3,5470,0.05
O009142,P002,1,4330,0.0
O009142,P020,2,1760,0.0
O009143,P002,1,4330,0.0
O009144,P007,1,1390,0.0
O009145,P073,1,3790,0.05
O009145,P043,1,1220,0.05
O009146,P079,1,630,
O009147,P057,1,360,0.1
O009148,P080,1,660,0.0
O009149,P037,1,470,0.0
O009149,P096,1,260,0.0
O009150,P053,1,310,0.2
O009150,P024,1,540,0.0
O009150,P054,1,480,0.2
O009151,P060,1,330,0.2
O009151,P079,2,630,0.3
O009152,P047,2,1740,0.3
O009153,P074,1,890,0.1
O009153,P020,1,1760,0.0
O009153,P092,2,1210,0.05
O009153,P029,2,570,0.05
O009154,P002,2,4330,0.1
O009155,P020,1,1760,0.0
O009156,P096,1,260,0.05
O009156,P046,1,860,0.0
O009157,P053,1,310,0.0
O009157,P033,1,2190,0.1
O009157,P040,1,430,0.0
O009158,P033,1,2190,0.1
O009159,P008,1,5930,0.0
O009160,P039,1,1980,0.05
O009161,P096,1,260,0.1
O009161,P033,2,2190,0.05
O009162,P018,2,790,0.0
O009163,P040,2,430,0.1
O009164,P012,1,1160,0.05
O009165,P030,1,600,0.2
O009165,P092,1,1210,0.2
O009165,P052,1,260,0.0
O009166,P062,1,400,
O009166,P020,2,1760,0.1
O009167,P022,3,1690,0.0
O009167,P033,1,2190,0.2
O009168,P047,1,1740,0.0
O009169,P021,1,620,0.2
O009169,P076,1,2640,0.0
O009170,P096,2,260,0.1
O009170,P008,1,5930,0.0
O009171,P054,3,480,0.05
O009171,P096,3,260,0.0
O009172,P020,1,1760,0.05
O009172,P011,3,1280,0.2
O009173,P056,2,1440,0.05
O009173,P079,2,630,0.0
O009174,P057,2,360,0.0
O009174,P079,1,630,0.1
O009175,P033,1,2190,0.1
O009175,P010,1,6950,0.0
O009176,P003,3,8480,0.3
O009176,P012,1,1160,0.2
O009176,P008,1,5930,0.05
O009177,P029,1,570,0.3
O009177,P032,1,1590,0.1
O009177,P037,1,470,0.0
O009178,P053,1,310,0.0
O009178,P003,2,8480,0.2
O009179,P088,3,2510,0.0
O009179,P030,2,600,0.2
O009180,P020,3,1760,0.05
O009180,P051,1,700,0.05
O009181,P096,1,260,0.0
O009182,P051,1,700,0.05
O009183,P017,1,1030,0.0
O009183,P096,1,260,0.1
O009184,P047,1,1740,0.0
O009184,P071,1,450,0.05
O009185,P050,1,570,
O009186,P006,1,5860,0.0
O009187,P007,1,1390,0.0
O009188,P010,1,6950,0.0
O009188,P078,1,3260,0.2
O009189,P052,1,260,0.0
O009189,P002,1,4330,0.0
O009190,P072,1,3800,0.05
O009190,P012,1,1160,0.0
O009191,P054,1,480,0.3
O009191,P061,1,660,0.3
O009192,P050,1,570,0.0
O009193,P096,1,260,0.05
O009194,P052,2,260,0.1
O009194,P008,2,5930,0.1
O009195,P020,1,1760,0.2
O009195,P052,1,260,0.1
O009196,P033,1,2190,0.0
O009197,P052,3,260,0.2
O009198,P010,1,6950,0.0
O009198,P020,2,1760,0.1
O009199,P035,1,390,0.0
O009200,P070,1,800,0.0
O009201,P046,1,860,0.0
O009202,P007,1,1390,0.0
O009202,P047,1,1740,0.05
O009203,P026,3,2100,0.05
O009203,P052,1,260,0.0
O009204,P058,2,420,0.1
O009205,P045,1,630,0.3
O009205,P081,1,2850,0.0
O009206,P033,-1,2190,0.2
O009207,P005,1,1960,0.1
O009208,P092,3,1210,0.0
O009208,P002,1,4330,0.1
O009209,P049,1,870,0.3
O009210,P008,1,5930,0.05
O009211,P052,1,260,0.2
O009212,P020,3,1760,0.05
O009212,P040,1,430,0.0
O009213,P043,1,1220,0.2
O009214,P043,1,1220,0.0
O009215,P062,1,400,0.0
O009216,P028,1,430,0.0
O009217,P092,1,1210,0.0
O009217,P033,1,2190,0.0
O009218,P082,2,580,0.05
O009219,P008,1,5930,0.2
O009219,P096,1,260,0.05
O009220,P013,1,4850,0.0
O009221,P004,1,1090,0.3
O009222,P096,1,260,0.0
O009223,P008,1,5930,0.0
O009224,P082,2,580,0.0
O009224,P034,1,490,0.0
O009225,P079,1,630,0.05
O009226,P003,1,8480,0.05
O009227,P047,1,1740,0.0
O009227,P096,1,260,0.3
O009228,P051,1,700,0.0
O009228,P096,1,260,0.1
O009229,P080,1,660,0.0
O009229,P001,1,5210,0.2
O009230,P006,1,5860,0.0
O009230,P002,1,4330,0.0
O009231,P051,1,700,0.2
O009232,P085,1,1400,0.1
O009233,P074,1,890,0.1
O009234,P057,3,360,0.0
O009234,P052,1,260,0.1
O009235,P020,1,1760,0.2
O009236,P020,2,1760,0.0
O009236,P033,1,2190,0.0
O009236,P061,1,660,0.05
O009236,P013,1,4850,0.0
O009237,P010,1,6950,0.0
O009238,P062,2,400,
O009238,P059,1,240,0.1
O009239,P079,1,630,0.2
O009240,P051,1,700,0.0
O009240,P030,1,600,0.1
O009241,P054,1,480,0.0
O009242,P082,1,580,0.0
O009243,P069,1,250,0.1
O009244,P072,1,3800,0.1
O009244,P005,1,1960,0.0
O009245,P096,1,260,0.0
O009246,P050,1,570,0.0
O009246,P017,2,1030,0.0
O009246,P020,1,1760,0.05
O009247,P043,1,1220,0.3
O009247,P072,1,3800,0.3
O009248,P008,1,5930,0.05
O009249,P047,1,1740,0.0
O009250,P035,1,390,0.2
O009251,P038,2,940,0.0
O009252,P086,1,1840,0.2
O009253,P052,2,260,0.0
O009253,P080,1,660,0.0
O009254,P055,3,210,0.3
O009255,P052,1,260,0.0
O009256,P033,1,2190,0.2
O009257,P078,1,3260,0.0
O009258,P086,3,1840,
O009259,P082,2,580,0.0
O009259,P025,1,1700,0.3
O009260,P053,1,310,0.1
O009261,P047,2,1740,0.0
O009262,P047,1,1740,0.1
O009262,P008,1,5930,0.2
O009262,P094,1,1100,0.2
O009263,P045,2,630,0.05
O009264,P052,1,260,0.0
O009265,P020,1,1760,0.2
O009266,P032,2,1590,0.0
O009267,P051,3,700,0.1
O009267,P033,1,2190,0.3
O009268,P043,1,1220,0.0
O009269,P082,1,580,0.05
O009270,P051,1,700,0.2
O009270,P033,1,2190,0.0
O009270,P096,1,260,0.1
O009271,P080,1,660,0.0
O009272,P047,3,1740,0.2
O009273,P052,2,260,0.3
O009274,P061,3,660,0.0
O009275,P033,1,2190,0.0
O009276,P060,1,330,0.0
O009276,P042,1,5470,0.0
O009277,P028,1,430,0.2
O009278,P069,1,250,0.0
O009278,P006,1,5860,0.2
O009279,P047,2,1740,0.0
O009279,P079,3,630,0.1
O009280,P052,1,260,0.2
O009280,P078,1,3260,0.05
O009280,P057,1,360,0.05
O009281,P008,2,5930,0.0
O009282,P092,2,1210,0.3
O009282,P047,1,1740,0.1
O009283,P007,1,1390,0.0
O009283,P080,1,660,0.05
O009284,P057,1,360,0.3
O009285,P030,1,600,0.1
O009286,P007,2,1390,0.0
O009286,P029,1,570,0.1
O009287,P022,1,1690,0.05
O009287,P086,3,1840,0.05
O009288,P071,2,450,0.0
O009289,P012,3,1160,0.1
O009289,P076,2,2640,0.2
O009290,P075,1,2130,0.0
O009290,P071,1,450,0.0
O009291,P002,1,4330,0.05
O009292,P057,1,360,0.05
O009293,P035,3,390,0.1
O009294,P010,1,6950,0.0
O009295,P077,1,4260,0.05
O009295,P004,2,1090,0.2
O009296,P012,1,1160,0.2
O009297,P003,2,8480,0.1
O009297,P019,1,2290,0.3
O009298,P059,2,240,0.05
O009298,P051,1,700,0.0
O009299,P008,1,5930,0.0
O009299,P096,1,260,0.05
O009299,P080,1,660,0.0
O009300,P060,1,330,0.0
O009301,P096,1,260,0.0
O009302,P080,1,660,0.2
O009303,P052,1,260,0.3
O009303,P047,1,1740,0.3
O009304,P029,1,570,0.0
O009305,P097,1,1960,0.1
O009306,P040,2,430,0.0
O009306,P008,1,5930,0.0
O009307,P029,1,570,0.0
O009308,P079,1,630,0.1
O009309,P047,1,1740,0.0
O009309,P030,1,600,0.0
O009310,P088,1,2510,0.0
O009311,P008,1,5930,0.1
O009311,P080,2,660,0.0
O009312,P010,1,6950,0.0
O009313,P088,1,2510,0.0
O009314,P025,1,1700,0.1
O009315,P084,1,540,0.1
O009316,P029,1,570,0.0
O009317,P067,2,290,0.0
O009317,P056,1,1440,
O009318,P053,1,310,0.1
O009318,P050,1,570,0.2
O009318,P016,2,650,0.0
O009319,P029,1,570,0.0
O009319,P001,1,5210,0.0
O009320,P067,1,290,0.0
O009321,P035,1,390,0.0
O009322,P010,1,6950,0.0
O009322,P036,1,490,0.2
O009323,P079,2,630,0.05
O009323,P035,1,390,0.1
O009323,P048,1,600,0.0
O009324,P054,2,480,0.0
O009325,P097,3,1960,0.2
O009326,P062,1,400,0.0
O009327,P088,3,2510,0.0
O009327,P052,3,260,0.0
O009328,P094,2,1100,0.0
O009328,P007,1,1390,0.0
O009328,P077,1,4260,0.0
O009329,P080,3,660,0.0
O009329,P002,1,4330,0.1
O009330,P052,1,260,0.1
O009331,P028,1,430,0.05
O009332,P079,1,630,0.05
O009333,P047,2,1740,0.0
O009333,P079,1,630,0.05
O009334,P033,1,2190,0.0
O009335,P096,1,260,0.3
O009335,P020,1,1760,0.05
O009336,P006,3,5860,0.3
O009337,P008,1,5930,0.1
O009338,P039,1,1980,0.0
O009338,P008,1,5930,0.2
O009339,P082,1,580,0.3
O009340,P020,1,1760,
O009340,P088,1,2510,0.05
O009341,P096,2,260,0.0
O009341,P052,1,260,0.05
O009341,P034,1,490,0.0
O009341,P079,1,630,0.0
O009342,P072,1,3800,0.05
O009343,P047,3,1740,0.05
O009344,P030,3,600,
O009344,P089,1,530,0.0
O009344,P007,1,1390,0.1
O009345,P024,1,540,0.05
O009345,P002,1,4330,0.0
O009346,P047,1,1740,0.1
O009347,P067,1,290,0.1
O009348,P008,1,5930,0.0
O009349,P084,1,540,0.3
O009350,P079,1,630,0.1
O009351,P020,3,1760,0.0
O009351,P096,1,260,0.0
O009352,P033,2,2190,0.0
O009353,P005,1,1960,0.2
O009354,P076,1,2640,0.05
O009354,P030,1,600,0.3
O009355,P033,1,2190,0.0
O009356,P054,1,480,0.2
O009356,P079,1,630,0.0
O009356,P050,1,570,0.0
O009356,P096,2,260,0.0
O009357,P010,1,6950,0.0
O009358,P052,1,260,0.0
O009359,P080,2,660,
O009360,P085,1,1400,0.1
O009361,P039,1,1980,0.0
O009361,P052,1,260,0.0
O009362,P022,1,1690,0.1
O009362,P038,1,940,0.0
O009363,P050,1,570,0.0
O009363,P074,1,890,0.0
O009364,P078,2,3260,0.0
O009365,P074,1,890,0.2
O009366,P052,1,260,0.0
O009367,P043,1,1220,0.0
O009368,P012,1,1160,0.2
O009368,P096,1,260,0.1
O009369,P076,1,2640,0.2
O009369,P020,1,1760,0.1
O009369,P007,1,1390,0.3
O009370,P008,1,5930,0.0
O009371,P081,1,2850,0.0
O009371,P055,1,210,0.0
O009372,P008,1,5930,0.05
O009373,P075,1,2130,0.2
O009374,P013,1,4850,0.1
O009375,P096,1,260,0.1
O009375,P053,2,310,0.0
O009375,P079,1,630,0.2
O009376,P052,2,260,0.0
O009376,P096,1,260,0.0
O009376,P027,1,1330,0.3
O009377,P079,2,630,0.05
O009378,P047,2,1740,0.05
O009379,P084,1,540,0.0
O009379,P052,3,260,0.0
O009380,P054,3,480,0.3
O009381,P012,2,1160,0.0
O009382,P084,2,540,0.0
O009383,P092,1,1210,0.0
O009383,P050,2,570,0.0
O009383,P006,1,5860,0.05
O009383,P078,1,3260,0.05
O009384,P065,1,180,0.0
O009384,P079,2,630,0.0
O009385,P008,2,5930,0.3
O009386,P096,1,260,0.2
O009386,P028,1,430,0.0
O009387,P002,2,4330,0.3
O009388,P028,1,430,0.0
O009389,P079,1,630,0.0
O009390,P003,1,8480,0.0
O009391,P002,1,4330,0.0
O009392,P079,1,630,0.2
O009393,P034,3,490,0.0
O009394,P054,1,480,0.05
O009394,P055,1,210,0.2
O009395,P061,1,660,0.0
O009395,P006,1,5860,0.0
O009396,P047,1,1740,0.3
O009396,P081,1,2850,0.0
O009397,P096,1,260,0.0
O009397,P088,1,2510,0.2
O009398,P020,1,1760,0.1
O009398,P008,1,5930,0.05
O009399,P096,1,260,0.0
O009399,P075,1,2130,0.1
O009399,P026,1,2100,0.0
O009400,P020,2,1760,0.1
O009400,P052,2,260,0.1
O009401,P096,1,260,0.0
O009402,P003,1,8480,0.0
O009403,P001,1,5210,0.2
O009404,P011,1,1280,0.0
O009405,P052,3,260,
O009405,P028,1,430,0.3
O009405,P033,1,2190,0.2
O009406,P007,1,1390,0.0
O009407,P070,3,800,0.0
O009407,P020,1,1760,0.0
O009408,P077,1,4260,0.05
O009409,P077,1,4260,0.0
O009409,P079,1,630,0.0
O009409,P040,3,430,0.0
O009409,P094,1,1100,0.0
O009409,P051,1,700,0.05
O009409,P006,1,5860,0.0
O009410,P033,2,2190,0.0
O009411,P052,1,260,0.1
O009412,P084,1,540,0.0
O009412,P086,1,1840,0.05
O009413,P024,3,540,0.2
O009414,P038,1,940,0.05
O009415,P052,1,260,0.0
O009416,P052,1,260,0.05
O009417,P008,1,5930,0.1
O009417,P053,2,310,0.0
O009417,P026,1,2100,0.05
O009418,P077,1,4260,0.0
O009419,P024,1,540,0.0
O009419,P020,1,1760,0.0
O009420,P018,1,790,0.0
O009421,P079,3,630,0.0
O009422,P042,1,5470,0.2
O009422,P033,2,2190,0.0
O009423,P050,1,570,0.3
O009424,P073,2,3790,0.0
O009424,P045,1,630,0.0
O009425,P085,1,1400,0.0
O009425,P047,2,1740,0.0
O009426,P079,1,630,0.3
O009427,P054,1,480,0.0
O009428,P037,1,470,0.05
O009428,P006,1,5860,0.1
O009428,P033,1,2190,0.0
O009429,P086,2,1840,0.0
O009430,P007,1,1390,0.2
O009431,P083,1,710,0.2
O009431,P015,1,600,0.2
O009432,P008,1,5930,0.1
O009433,P096,1,260,0.0
O009434,P028,1,430,0.05
O009434,P020,1,1760,
O009435,P096,1,260,0.0
O009435,P070,1,800,0.2
O009435,P082,1,580,0.1
O009436,P062,1,400,0.2
O009437,P017,1,1030,0.05
O009438,P028,1,430,0.05
O009438,P090,1,2690,0.05
O009439,P047,1,1740,0.3
O009440,P059,1,240,0.3
O009440,P033,3,2190,0.0
O009441,P039,2,1980,0.0
O009442,P090,1,2690,0.0
O009442,P020,1,1760,0.0
O009443,P052,1,260,0.0
O009444,P096,2,260,0.0
O009445,P045,1,630,0.3
O009446,P081,1,2850,0.0
O009446,P096,2,260,0.1
O009446,P020,1,1760,0.0
O009446,P057,1,360,0.05
O009447,P079,1,630,0.1
O009448,P032,2,1590,0.3
O009449,P038,3,940,0.0
O009449,P020,1,1760,0.0
O009450,P008,1,5930,0.2
O009451,P054,1,480,0.0
O009452,P033,1,2190,0.1
O009453,P079,1,630,0.1
O009454,P047,1,1740,0.05
O009454,P002,1,4330,0.0
O009455,P082,1,580,0.1
O009455,P047,1,1740,0.0
O009456,P081,1,2850,0.0
O009457,P066,2,160,0.0
O009458,P020,1,1760,0.0
O009459,P084,1,540,0.0
O009459,P033,3,2190,0.0
O009459,P091,1,2490,0.2
O009460,P007,1,1390,0.0
O009460,P076,2,2640,0.3
O009460,P028,3,430,0.1
O009460,P033,1,2190,0.0
O009461,P034,1,490,0.2
O009462,P045,1,630,0.0
O009462,P063,1,500,0.05
O009462,P079,3,630,0.0
O009463,P055,3,210,0.0
O009464,P076,1,2640,0.3
O009464,P092,3,1210,0.0
O009465,P028,1,430,0.2
O009465,P013,1,4850,0.0
O009465,P080,2,660,0.0
O009466,P054,1,480,0.2
O009467,P006,1,5860,0.0
O009467,P022,1,1690,0.3
O009468,P020,1,1760,0.0
O009469,P028,1,430,0.0
O009469,P080,1,660,0.2
O009470,P022,1,1690,0.3
O009471,P020,1,1760,0.05
O009471,P072,1,3800,0.1
O009471,P047,1,1740,0.0
O009472,P006,1,5860,0.0
O009472,P052,1,260,0.1
O009472,P076,1,2640,0.0
O009473,P020,2,1760,0.1
O009473,P079,1,630,0.0
O009473,P050,1,570,0.0
O009474,P008,1,5930,0.0
O009475,P079,1,630,0.0
O009475,P009,1,5010,0.0
O009475,P054,1,480,0.0
O009476,P031,1,700,0.0
O009477,P051,1,700,0.1
O009477,P020,3,1760,0.0
O009478,P008,1,5930,0.1
O009479,P033,1,2190,0.1
O009480,P080,1,660,0.2
O009480,P003,3,8480,0.0
O009481,P074,1,890,0.3
O009482,P028,1,430,0.0
O009482,P033,1,2190,0.0
O009483,P047,2,1740,0.05
O009484,P028,1,430,0.3
O009485,P082,1,580,0.0
O009486,P033,3,2190,0.3
O009486,P002,1,4330,0.1
O009487,P031,1,700,0.2
O009488,P063,3,500,0.0
O009488,P052,1,260,0.1
O009489,P033,1,2190,0.0
O009489,P079,1,630,0.3
O009489,P074,3,890,0.0
O009490,P010,1,6950,0.0
O009491,P001,1,5210,0.2
O009492,P092,1,1210,0.2
O009493,P092,1,1210,0.2
O009494,P050,1,570,0.0
O009495,P033,1,2190,0.1
O009495,P008,1,5930,0.05
O009496,P053,1,310,0.0
O009497,P033,1,2190,0.0
O009497,P094,1,1100,0.1
O009497,P060,1,330,0.2
O009498,P088,1,2510,0.0
O009498,P047,1,1740,0.3
O009499,P028,1,430,0.05
O009500,P096,1,260,0.0
O009501,P052,1,260,0.0
O009502,P080,1,660,0.0
O009503,P052,1,260,0.0
O009504,P079,3,630,0.2
O009505,P096,2,260,0.2
O009505,P055,1,210,0.0
O009506,P078,1,3260,0.05
O009507,P020,1,1760,0.05
O009507,P079,1,630,0.0
O009508,P002,2,4330,0.0
O009508,P071,1,450,0.0
O009509,P041,2,4560,0.3
O009509,P054,2,480,0.0
O009510,P007,1,1390,0.0
O009511,P022,1,1690,0.0
O009512,P080,1,660,
O009513,P002,1,4330,0.05
O009513,P010,1,6950,0.0
O009513,P011,1,1280,0.3
O009514,P005,2,1960,0.0
O009515,P079,2,630,0.0
O009515,P071,1,450,0.0
O009516,P041,1,4560,0.05
O009516,P035,2,390,0.05
O009517,P008,3,5930,0.0
O009518,P042,1,5470,0.0
O009518,P054,2,480,0.3
O009519,P052,1,260,0.0
O009519,P074,3,890,0.2
O009520,P097,2,1960,0.1
O009520,P073,3,3790,0.05
O009521,P095,1,1840,0.0
O009521,P007,1,1390,0.3
O009522,P088,3,2510,0.2
O009522,P080,1,660,0.0
O009523,P043,1,1220,0.0
O009524,P032,3,1590,0.0
O009525,P047,1,1740,0.0
O009525,P059,1,240,0.3
O009526,P033,1,2190,0.0
O009527,P050,1,570,0.05
O009528,P010,1,6950,0.2
O009528,P030,1,600,0.05
O009529,P070,1,800,0.2
O009529,P002,1,4330,0.2
O009530,P005,1,1960,0.0
O009530,P088,1,2510,0.0
O009531,P008,2,5930,0.0
O009531,P079,2,630,0.0
O009532,P051,2,700,0.3
O009532,P083,1,710,0.0
O009532,P020,1,1760,0.0
O009533,P079,1,630,0.0
O009534,P088,1,2510,0.0
O009535,P008,1,5930,0.0
O009536,P079,3,630,0.05
O009537,P072,3,3800,0.2
O009537,P025,3,1700,0.0
O009538,P047,1,1740,0.0
O009538,P006,1,5860,0.1
O009539,P094,1,1100,0.05
O009540,P008,1,5930,0.1
O009540,P096,1,260,0.0
O009541,P092,1,1210,0.05
O009542,P087,1,1570,0.0
O009543,P081,1,2850,0.0
O009544,P082,2,580,0.0
O009544,P096,1,260,0.0
O009544,P047,2,1740,0.2
O009545,P047,1,1740,0.0
O009545,P052,2,260,0.0
O009545,P007,1,1390,0.3
O009546,P052,1,260,0.0
O009547,P022,2,1690,0.0
O009548,P096,2,260,0.05
O009549,P078,1,3260,0.2
O009549,P092,1,1210,0.0
O009550,P047,1,1740,0.2
O009550,P004,2,1090,0.0
O009551,P047,2,1740,0.1
O009552,P070,1,800,0.0
O009553,P080,1,660,0.05
O009554,P055,2,210,0.0
O009555,P047,1,1740,0.0
O009555,P033,1,2190,0.05
O009556,P096,1,260,0.2
O009556,P094,1,1100,0.0
O009556,P022,2,1690,0.1
O009557,P004,1,1090,0.05
O009558,P094,2,1100,0.0
O009559,P008,1,5930,0.2
O009560,P008,1,5930,0.0
O009560,P059,1,240,0.0
O009561,P033,1,2190,0.05
O009561,P006,3,5860,0.05
O009561,P020,1,1760,0.2
O009562,P087,1,1570,0.0
O009562,P038,1,940,0.05
O009562,P015,1,600,0.05
O009563,P009,1,5010,0.2
O009564,P052,1,260,0.0
O009565,P077,1,4260,0.1
O009566,P088,2,2510,0.3
O009566,P027,1,1330,0.0
O009567,P003,1,8480,0.05
O009568,P084,1,540,0.2
O009569,P002,2,4330,0.0
O009569,P037,1,470,0.2
O009570,P052,1,260,0.05
O009570,P020,1,1760,0.3
O009570,P081,1,2850,0.0
O009571,P028,2,430,0.0
O009572,P020,1,1760,0.2
O009572,P079,1,630,0.05
O009572,P088,2,2510,0.1
O009573,P020,1,1760,0.0
O009573,P036,1,490,0.0
O009574,P024,2,540,0.3
O009575,P096,1,260,0.3
O009575,P052,2,260,0.0
O009576,P096,1,260,0.0
O009576,P073,3,3790,0.05
O009577,P096,1,260,0.0
O009578,P055,2,210,0.0
O009578,P028,1,430,0.05
O009579,P079,1,630,0.1
O009579,P040,2,430,0.2
O009580,P003,1,8480,0.0
O009580,P028,3,430,0.05
O009580,P087,1,1570,0.1
O009581,P074,3,890,0.0
O009581,P096,3,260,0.0
O009582,P033,1,2190,0.05
O009583,P022,1,1690,0.1
O009584,P037,1,470,0.0
O009584,P055,1,210,
O009585,P079,1,630,0.05
O009586,P077,1,4260,0.2
O009587,P053,1,310,0.2
O009587,P079,1,630,0.0
O009587,P007,1,1390,0.1
O009588,P086,1,1840,0.05
O009589,P048,2,600,0.2
O009590,P069,1,250,0.0
O009590,P047,1,1740,0.0
O009591,P092,1,1210,0.2
O009591,P052,1,260,0.3
O009592,P005,1,1960,0.3
O009592,P037,1,470,0.0
O009593,P066,2,160,0.05
O009594,P082,2,580,0.0
O009595,P012,1,1160,0.0
O009595,P007,2,1390,0.2
O009596,P054,2,480,0.0
O009597,P008,2,5930,0.0
O009598,P096,1,260,0.05
O009599,P020,1,1760,0.1
O009599,P008,1,5930,0.3
O009599,P007,2,1390,0.05
O009600,P056,2,1440,0.0
O009600,P020,1,1760,0.0
O009600,P051,1,700,0.3
O009601,P025,1,1700,0.2
O009602,P079,1,630,0.1
O009602,P052,1,260,0.0
O009603,P052,1,260,0.1
O009603,P073,2,3790,0.1
O009604,P096,1,260,0.1
O009604,P092,1,1210,0.2
O009604,P053,1,310,0.0
O009605,P040,1,430,0.05
O009606,P073,1,3790,0.1
O009607,P033,3,2190,0.2
O009608,P096,1,260,0.1
O009609,P088,1,2510,0.2
O009610,P096,2,260,0.3
O009610,P055,2,210,0.05
O009610,P052,1,260,0.0
O009611,P079,1,630,0.2
O009612,P081,1,2850,0.2
O009613,P096,1,260,0.05
O009613,P020,2,1760,0.3
O009614,P047,1,1740,0.1
O009614,P094,1,1100,0.0
O009615,P051,1,700,0.05
O009616,P080,1,660,0.0
O009617,P047,1,1740,0.0
O009617,P008,1,5930,0.1
O009618,P050,1,570,0.1
O009619,P051,1,700,0.1
O009620,P011,1,1280,0.05
O009621,P002,1,4330,0.05
O009621,P077,1,4260,0.0
O009622,P049,1,870,0.0
O009622,P033,1,2190,0.1
O009623,P088,1,2510,0.0
O009624,P079,1,630,0.0
O009625,P079,1,630,0.0
O009625,P020,1,1760,0.0
O009626,P010,1,6950,0.0
O009626,P030,1,600,0.0
O009626,P020,1,1760,0.05
O009627,P079,1,630,0.0
O009627,P003,2,8480,0.05
O009627,P052,1,260,0.2
O009628,P008,1,5930,0.0
O009628,P011,1,1280,0.05
O009629,P096,1,260,0.0
O009630,P001,1,5210,0.0
O009631,P074,3,890,0.1
O009632,P052,1,260,0.2
O009633,P088,1,2510,0.0
O009633,P096,1,260,0.0
O009633,P002,2,4330,0.0
O009634,P082,1,580,0.2
O009634,P028,1,430,0.0
O009635,P047,2,1740,0.3
O009635,P031,2,700,0.1
O009636,P092,2,1210,0.05
O009637,P096,1,260,0.3
O009638,P037,1,470,0.0
O009639,P003,2,8480,0.0
O009639,P096,1,260,0.0
O009640,P052,3,260,0.2
O009641,P035,1,390,0.1
O009641,P096,1,260,
O009641,P052,1,260,0.3
O009642,P052,1,260,0.1
O009642,P031,1,700,0.0
O009643,P088,1,2510,0.1
O009643,P052,1,260,0.05
O009643,P028,1,430,0.0
O009644,P096,1,260,0.0
O009644,P027,1,1330,0.05
O009645,P088,1,2510,0.2
O009646,P002,2,4330,0.2
O009647,P051,1,700,0.3
O009648,P096,1,260,0.05
O009649,P008,1,5930,0.3
O009649,P031,1,700,0.1
O009649,P040,1,430,0.0
O009650,P079,2,630,0.1
O009651,P044,1,260,0.0
O009651,P056,2,1440,0.0
O009652,P039,1,1980,0.0
O009652,P053,1,310,0.2
O009653,P008,1,5930,0.05
O009654,P006,1,5860,0.0
O009655,P033,1,2190,0.05
O009655,P052,1,260,0.2
O009656,P085,1,1400,0.0
O009656,P096,1,260,0.0
O009657,P001,1,5210,0.2
O009658,P005,1,1960,0.0
O009659,P030,1,600,0.05
O009659,P045,2,630,0.0
O009660,P020,2,1760,0.2
O009660,P057,1,360,0.3
O009661,P029,3,570,0.0
O009661,P051,1,700,0.05
O009662,P013,1,4850,0.0
O009663,P096,1,260,0.1
O009663,P055,1,210,0.0
O009664,P003,1,8480,0.2
O009665,P096,3,260,0.0
O009665,P006,1,5860,0.05
O009666,P072,3,3800,0.0
O009666,P036,1,490,0.0
O009667,P024,1,540,0.0
O009667,P033,3,2190,0.3
O009668,P092,1,1210,0.05
O009668,P020,1,1760,0.2
O009669,P012,2,1160,0.0
O009670,P033,3,2190,0.0
O009670,P096,1,260,0.0
O009670,P057,2,360,0.05
O009671,P004,2,1090,0.0
O009672,P057,1,360,0.0
O009672,P087,1,1570,0.05
O009672,P052,1,260,0.0
O009673,P051,3,700,0.3
O009674,P081,1,2850,0.05
O009674,P054,1,480,0.05
O009674,P012,1,1160,0.05
O009675,P010,2,6950,0.05
O009676,P088,1,2510,0.1
O009677,P068,2,260,0.05
O009678,P088,3,2510,0.3
O009679,P047,1,1740,0.0
O009680,P075,3,2130,0.0
O009681,P096,1,260,0.0
O009682,P050,1,570,0.0
O009683,P034,1,490,0.0
O009683,P012,2,1160,0.0
O009683,P001,2,5210,0.2
O009684,P096,1,260,0.3
O009684,P031,2,700,0.0
O009684,P004,1,1090,0.0
O009685,P051,2,700,0.05
O009686,P080,1,660,0.2
O009686,P033,1,2190,0.2
O009686,P051,1,700,0.2
O009687,P081,1,2850,0.3
O009688,P079,1,630,0.0
O009689,P020,1,1760,0.0
O009690,P028,3,430,0.1
O009690,P052,1,260,0.2
O009691,P010,1,6950,0.2
O009692,P012,1,1160,0.0
O009692,P028,2,430,0.05
O009693,P034,2,490,0.3
O009693,P096,2,260,0.1
O009693,P033,1,2190,0.0
O009694,P074,1,890,0.05
O009695,P043,1,1220,0.0
O009695,P020,1,1760,0.0
O009696,P092,1,1210,0.05
O009696,P054,1,480,0.2
O009696,P028,3,430,0.1
O009697,P053,1,310,0.0
O009698,P020,3,1760,0.05
O009698,P033,1,2190,0.1
O009699,P039,1,1980,0.0
O009700,P096,3,260,0.0
O009700,P053,1,310,0.1
O009701,P003,2,8480,0.05
O009702,P043,1,1220,0.0
O009702,P098,1,930,0.0
O009703,P006,3,5860,0.05
O009703,P003,1,8480,0.05
O009704,P033,1,2190,0.0
O009705,P088,1,2510,0.0
O009705,P043,1,1220,0.3
O009706,P003,2,8480,0.0
O009707,P055,1,210,0.1
O009708,P086,1,1840,0.2
O009708,P055,1,210,0.0
O009709,P092,1,1210,0.0
O009710,P017,1,1030,0.0
O009710,P096,1,260,0.1
O009711,P018,1,790,0.1
O009711,P054,1,480,0.3
O009712,P082,1,580,0.1
O009712,P071,1,450,0.0
O009712,P033,1,2190,0.3
O009713,P069,2,250,0.0
O009714,P008,1,5930,0.3
O009715,P096,1,260,0.2
O009715,P052,1,260,0.1
O009716,P029,1,570,0.0
O009716,P076,1,2640,0.1
O009716,P033,1,2190,0.2
O009717,P043,1,1220,0.3
O009718,P079,1,630,0.0
O009719,P053,1,310,0.0
O009719,P033,2,2190,0.1
O009719,P096,2,260,0.0
O009719,P092,1,1210,0.3
O009720,P088,1,2510,0.0
O009721,P002,1,4330,0.0
O009721,P033,1,2190,0.0
O009721,P079,1,630,0.0
O009722,P002,1,4330,0.3
O009723,P073,1,3790,0.0
O009724,P039,1,1980,0.05
O009724,P006,1,5860,0.0
O009725,P007,1,1390,0.0
O009726,P052,2,260,0.0
O009726,P076,2,2640,0.05
O009727,P004,1,1090,0.0
O009728,P088,1,2510,0.0
O009728,P070,1,800,0.0
O009729,P022,1,1690,0.3
O009729,P094,1,1100,0.0
O009730,P033,2,2190,0.1
O009731,P033,3,2190,0.05
O009732,P047,1,1740,0.1
O009733,P004,1,1090,0.0
O009733,P079,1,630,0.3
O009734,P043,1,1220,0.0
O009734,P059,1,240,0.0
O009735,P020,1,1760,0.0
O009736,P055,1,210,0.05
O009737,P041,1,4560,0.1
O009738,P064,1,550,0.1
O009739,P075,1,2130,0.0
O009739,P032,1,1590,0.0
O009740,P033,1,2190,0.1
O009741,P059,2,240,0.0
O009741,P079,1,630,0.0
O009741,P092,2,1210,0.0
O009742,P049,1,870,0.0
O009743,P097,1,1960,0.0
O009744,P002,1,4330,0.0
O009744,P057,1,360,0.1
O009744,P079,1,630,0.1
O009745,P012,2,1160,0.0
O009745,P047,1,1740,0.05
O009746,P047,1,1740,0.1
O009747,P079,1,630,0.0
O009747,P020,1,1760,0.1
O009747,P012,1,1160,0.0
O009748,P088,1,2510,0.0
O009748,P026,1,2100,0.05
O009749,P042,3,5470,0.05
O009749,P033,1,2190,0.0
O009749,P008,3,5930,0.0
O009749,P088,2,2510,0.3
O009750,P051,1,700,0.0
O009750,P027,2,1330,0.1
O009751,P063,1,500,0.0
O009751,P064,1,550,0.0
O009752,P030,1,600,0.0
O009753,P080,1,660,0.3
O009753,P033,1,2190,0.05
O009754,P052,2,260,0.05
O009755,P076,1,2640,0.05
O009756,P010,1,6950,0.0
O009757,P045,1,630,0.1
O009758,P014,1,1960,0.3
O009758,P080,1,660,0.0
O009759,P090,1,2690,0.3
O009759,P051,3,700,0.0
O009759,P028,1,430,0.2
O009760,P022,2,1690,0.0
O009760,P080,2,660,0.05
O009761,P004,1,1090,0.2
O009762,P012,2,1160,0.0
O009763,P071,1,450,0.0
O009763,P020,1,1760,0.3
O009763,P085,1,1400,0.0
O009764,P054,1,480,0.0
O009765,P020,2,1760,0.05
O009765,P017,3,1030,0.05
O009766,P020,1,1760,0.0
O009767,P051,1,700,0.0
O009768,P054,1,480,0.0
O009769,P079,2,630,0.05
O009770,P033,1,2190,0.0
O009770,P002,1,4330,0.0
O009771,P037,1,470,0.0
O009771,P049,2,870,0.05
O009772,P077,1,4260,0.0
O009773,P051,2,700,0.0
O009774,P030,1,600,0.0
O009774,P041,1,4560,0.2
O009775,P075,1,2130,0.2
O009775,P047,1,1740,0.2
O009776,P079,2,630,0.2
O009776,P020,1,1760,0.0
O009777,P096,1,260,0.0
O009778,P096,1,260,0.0
O009779,P080,2,660,0.2
O009779,P008,2,5930,0.0
O009779,P096,1,260,0.0
O009780,P056,1,1440,0.0
O009781,P032,1,1590,0.3
O009781,P076,3,2640,0.3
O009781,P002,2,4330,0.2
O009781,P003,1,8480,0.05
O009781,P061,3,660,0.2
O009782,P008,1,5930,0.0
O009783,P020,1,1760,0.2
O009783,P054,2,480,0.0
O009784,P015,3,600,0.1
O009785,P079,1,630,0.0
O009786,P060,1,330,0.3
O009787,P047,1,1740,0.0
O009788,P008,1,5930,0.0
O009789,P008,3,5930,0.0
O009789,P084,1,540,0.0
O009790,P002,1,4330,0.1
O009791,P052,1,260,0.3
O009791,P079,1,630,0.0
O009792,P033,1,2190,0.0
O009792,P054,1,480,0.0
O009793,P047,1,1740,0.2
O009794,P043,2,1220,
O009795,P033,1,2190,0.0
O009795,P067,1,290,0.2
O009796,P053,1,310,0.0
O009796,P096,1,260,0.3
O009797,P052,1,260,0.0
O009798,P065,1,180,0.3
O009799,P050,3,570,0.3
O009800,P088,2,2510,0.3
O009801,P084,2,540,0.05
O009801,P088,1,2510,0.05
O009802,P020,3,1760,0.1
O009802,P052,1,260,0.0
O009802,P082,1,580,0.0
O009802,P079,1,630,0.3
O009803,P085,2,1400,0.2
O009804,P052,1,260,0.3
O009805,P080,1,660,0.0
O009806,P070,1,800,0.05
O009806,P055,1,210,0.0
O009806,P047,1,1740,0.0
O009807,P057,1,360,0.0
O009807,P079,1,630,0.3
O009807,P027,1,1330,0.0
O009808,P008,1,5930,0.1
O009808,P076,1,2640,0.1
O009809,P045,2,630,0.2
O009809,P080,1,660,0.0
O009810,P088,1,2510,0.2
O009810,P004,2,1090,0.0
O009811,P096,1,260,0.0
O009812,P052,1,260,0.2
O009813,P007,1,1390,0.0
O009814,P006,1,5860,0.3
O009814,P003,2,8480,0.0
O009815,P056,1,1440,0.0
O009816,P082,1,580,0.0
O009817,P096,1,260,0.0
O009817,P080,2,660,0.05
O009817,P081,1,2850,0.1
O009818,P016,2,650,0.05
O009819,P022,1,1690,0.1
O009820,P020,1,1760,0.1
O009821,P052,2,260,0.0
O009821,P081,3,2850,0.0
O009821,P076,2,2640,0.0
O009822,P024,1,540,0.05
O009822,P010,1,6950,0.05
O009823,P048,1,600,0.0
O009823,P038,1,940,0.2
O009823,P096,2,260,0.0
O009823,P098,1,930,0.2
O009823,P003,1,8480,0.0
O009824,P074,1,890,0.3
O009825,P028,1,430,0.0
O009825,P088,2,2510,0.0
O009826,P086,1,1840,0.0
O009827,P078,1,3260,0.0
O009828,P044,1,260,0.05
O009828,P007,1,1390,0.05
O009829,P050,1,570,0.0
O009830,P096,1,260,0.05
O009831,P020,1,1760,0.2
O009831,P077,2,4260,0.0
O009831,P049,1,870,0.1
O009831,P086,3,1840,0.0
O009832,P020,1,1760,
O009833,P045,1,630,0.3
O009833,P002,1,4330,0.2
O009833,P096,1,260,0.3
O009834,P088,2,2510,0.0
O009835,P038,1,940,0.0
O009835,P008,2,5930,0.0
O009836,P009,1,5010,0.0
O009837,P082,3,580,0.1
O009837,P001,1,5210,0.3
O009838,P047,1,1740,0.1
O009839,P010,1,6950,0.0
O009840,P007,1,1390,0.1
O009840,P030,1,600,0.0
O009841,P096,2,260,0.05
O009842,P008,1,5930,0.0
O009842,P062,1,400,0.1
O009843,P080,1,660,0.05
O009844,P042,3,5470,0.3
O009844,P074,1,890,0.0
O009845,P051,3,700,0.2
O009845,P088,1,2510,0.0
O009845,P052,1,260,0.0
O009846,P082,1,580,0.2
O009846,P029,1,570,0.0
O009846,P054,3,480,0.3
O009847,P051,1,700,0.0
O009847,P079,1,630,0.1
O009848,P020,1,1760,0.3
O009849,P080,1,660,0.0
O009849,P020,1,1760,0.1
O009849,P022,1,1690,0.3
O009850,P033,2,2190,0.0
O009850,P053,1,310,0.3
O009851,P096,1,260,0.0
O009852,P080,1,660,0.0
O009853,P088,1,2510,0.3
O009854,P050,1,570,0.0
O009854,P033,2,2190,0.2
O009854,P056,2,1440,0.0
O009855,P052,3,260,0.0
O009856,P082,1,580,0.0
O009857,P022,1,1690,0.1
O009857,P002,1,4330,0.0
O009858,P006,1,5860,0.05
O009858,P052,1,260,0.0
O009859,P096,2,260,0.1
O009860,P096,1,260,0.2
O009860,P043,1,1220,0.0
O009861,P043,1,1220,0.1
O009862,P017,1,1030,0.0
O009863,P033,1,2190,0.05
O009864,P052,2,260,0.0
O009864,P030,1,600,0.05
O009865,P053,1,310,0.0
O009866,P043,1,1220,0.1
O009867,P054,1,480,0.3
O009867,P096,1,260,0.2
O009868,P078,1,3260,0.0
O009868,P017,1,1030,0.2
O009869,P012,1,1160,0.0
O009870,P052,1,260,0.1
O009871,P036,1,490,0.05
O009872,P015,2,600,0.1
O009873,P096,1,260,0.3
O009874,P047,3,1740,0.1
O009875,P043,1,1220,0.1
O009875,P081,1,2850,0.1
O009875,P020,1,1760,0.0
O009875,P053,1,310,0.0
O009876,P059,1,240,0.0
O009876,P088,2,2510,0.3
O009876,P052,1,260,0.0
O009877,P005,1,1960,0.0
O009877,P018,3,790,0.05
O009878,P082,2,580,0.0
O009879,P047,1,1740,0.0
O009880,P088,1,2510,0.2
O009880,P034,1,490,0.0
O009880,P007,1,1390,0.1
O009880,P010,1,6950,0.0
O009881,P026,2,2100,0.05
O009882,P015,2,600,0.0
O009883,P042,1,5470,0.0
O009883,P015,2,600,0.0
O009883,P007,1,1390,0.0
O009884,P008,2,5930,0.0
O009885,P002,1,4330,0.05
O009885,P077,1,4260,0.05
O009886,P007,1,1390,0.1
O009886,P002,1,4330,0.0
O009887,P052,1,260,0.1
O009888,P054,1,480,0.2
O009888,P036,1,490,0.05
O009889,P080,1,660,0.0
O009890,P096,1,260,0.05
O009890,P089,2,530,0.05
O009891,P087,1,1570,0.1
O009892,P096,1,260,0.0
O009893,P020,1,1760,0.1
O009894,P020,1,1760,0.2
O009895,P018,1,790,0.2
O009895,P052,1,260,0.3
O009896,P023,2,2180,0.1
O009897,P007,1,1390,0.3
O009898,P079,1,630,0.0
O009898,P070,1,800,0.0
O009899,P017,1,1030,0.2
O009900,P047,1,1740,0.0
O009900,P080,2,660,0.3
O009900,P096,1,260,0.05
O009901,P007,1,1390,0.1
O009901,P070,1,800,0.3
O009902,P020,1,1760,0.1
O009903,P053,2,310,0.05
O009904,P033,1,2190,0.0
O009904,P039,1,1980,0.2
O009904,P003,1,8480,0.05
O009904,P029,1,570,0.2
O009905,P049,1,870,0.05
O009906,P003,1,8480,0.3
O009907,P079,1,630,0.05
O009908,P043,1,1220,0.0
O009908,P020,1,1760,
O009909,P052,3,260,0.0
O009909,P047,1,1740,0.0
O009909,P074,1,890,0.1
O009910,P017,1,1030,0.3
O009911,P010,1,6950,0.2
O009912,P076,1,2640,0.0
O009913,P002,1,4330,0.05
O009914,P047,1,1740,0.0
O009914,P090,3,2690,0.1
O009915,P021,2,620,0.0
O009916,P071,1,450,0.2
O009917,P020,1,1760,0.1
O009917,P050,1,570,0.0
O009918,P084,1,540,0.0
O009918,P006,3,5860,0.1
O009918,P080,2,660,0.0
O009919,P033,1,2190,0.0
O009920,P028,1,430,0.0
O009921,P008,1,5930,0.0
O009922,P088,1,2510,0.0
O009923,P012,3,1160,0.2
O009923,P077,1,4260,0.1
O009923,P079,2,630,0.2
O009924,P040,1,430,0.05
O009925,P047,1,1740,0.1
O009926,P054,2,480,0.0
O009926,P086,1,1840,0.1
O009927,P075,1,2130,0.05
O009927,P004,1,1090,0.0
O009928,P033,1,2190,0.0
O009928,P095,1,1840,0.0
O009929,P019,1,2290,0.0
O009929,P071,1,450,0.0
O009929,P046,1,860,0.05
O009930,P096,1,260,0.1
O009931,P008,1,5930,0.1
O009931,P079,1,630,0.2
O009931,P072,3,3800,0.0
O009932,P069,1,250,0.05
O009932,P012,1,1160,0.0
O009932,P088,3,2510,0.0
O009932,P051,3,700,0.0
O009933,P052,1,260,0.0
O009933,P007,1,1390,0.0
O009933,P081,1,2850,
O009933,P088,2,2510,0.3
O009933,P020,1,1760,0.0
O009934,P008,2,5930,0.0
O009934,P051,1,700,0.3
O009934,P037,1,470,0.0
O009935,P054,3,480,0.1
O009935,P051,2,700,0.1
O009936,P096,1,260,0.1
O009937,P084,2,540,0.0
O009937,P020,1,1760,0.0
O009938,P072,2,3800,0.0
O009939,P034,1,490,0.05
O009940,P084,1,540,0.1
O009940,P074,1,890,0.0
O009941,P079,1,630,0.2
O009942,P096,1,260,0.05
O009943,P007,1,1390,0.0
O009944,P092,2,1210,0.2
O009944,P052,1,260,0.05
O009945,P078,3,3260,0.0
O009946,P029,1,570,0.05
O009946,P023,2,2180,0.0
O009947,P096,1,260,0.0
O009948,P002,2,4330,0.0
O009949,P081,1,2850,0.0
O009949,P053,1,310,0.2
O009950,P020,1,1760,0.05
O009951,P052,1,260,0.0
O009952,P021,1,620,0.0
O009952,P088,1,2510,0.0
O009952,P096,2,260,0.1
O009953,P028,1,430,0.1
O009953,P094,1,1100,0.0
O009954,P064,1,550,0.05
O009954,P002,1,4330,0.0
O009954,P085,3,1400,0.0
O009955,P080,1,660,0.1
O009955,P052,1,260,0.0
O009956,P006,1,5860,0.0
O009957,P002,1,4330,0.0
O009958,P060,2,330,0.0
O009959,P096,1,260,0.1
O009960,P012,1,1160,0.0
O009961,P076,1,2640,0.05
O009961,P072,1,3800,0.3
O009961,P007,1,1390,0.0
O009962,P033,1,2190,0.0
O009962,P079,1,630,0.0
O009963,P087,1,1570,0.0
O009964,P094,1,1100,0.0
O009965,P079,1,630,0.05
O009965,P096,1,260,0.2
O009966,P028,1,430,0.0
O009966,P047,1,1740,0.0
O009966,P051,1,700,0.0
O009967,P097,1,1960,0.2
O009968,P018,1,790,0.0
O009969,P096,3,260,0.0
O009969,P020,2,1760,0.0
O009969,P025,1,1700,0.0
O009970,P059,1,240,0.0
O009970,P016,1,650,0.0
O009970,P028,1,430,0.2
O009971,P096,1,260,0.0
O009972,P079,2,630,0.1
O009972,P065,1,180,0.0
O009973,P045,3,630,0.2
O009974,P096,1,260,0.3
O009975,P079,1,630,0.2
O009975,P020,1,1760,0.3
O009975,P077,1,4260,0.0
O009975,P003,1,8480,0.0
O009976,P004,2,1090,0.0
O009976,P057,1,360,0.2
O009977,P087,2,1570,0.05
O009978,P080,1,660,0.2
O009979,P024,1,540,0.0
O009979,P069,2,250,0.0
O009980,P096,1,260,0.0
O009981,P054,3,480,0.05
O009982,P003,2,8480,0.0
O009983,P047,1,1740,0.0
O009983,P002,1,4330,0.2
O009984,P055,1,210,0.2
O009985,P023,1,2180,0.0
O009986,P096,3,260,0.2
O009987,P033,1,2190,0.2
O009988,P043,1,1220,0.1
O009989,P096,1,260,0.05
O009989,P053,2,310,0.0
O009990,P033,3,2190,0.0
O009991,P055,1,210,0.0
O009992,P069,1,250,0.05
O009992,P097,1,1960,0.3
O009992,P056,1,1440,0.0
O009993,P070,1,800,0.3
O009994,P011,1,1280,0.3
O009995,P084,2,540,0.0
O009995,P082,1,580,0.1
O009996,P082,1,580,0.0
O009996,P007,1,1390,0.05
O009996,P047,2,1740,0.05
O009997,P056,1,1440,0.0
O009998,P096,1,260,0.0
O009999,P002,1,4330,0.1
O010000,P043,1,1220,0.0
O010000,P096,1,260,0.0
O010000,P052,2,260,0.0
O010001,P070,2,800,0.3
O010002,P096,1,260,0.2
O010002,P094,1,1100,0.0
O010003,P052,1,260,0.0
O010004,P052,1,260,0.05
O010005,P053,1,310,0.0
O010006,P088,2,2510,0.3
O010006,P081,1,2850,0.0
O010007,P071,1,450,0.05
O010008,P088,1,2510,0.05
O010008,P075,1,2130,0.0
O010008,P052,1,260,0.3
O010009,P082,1,580,0.3
O010009,P043,1,1220,0.1
O010009,P034,3,490,0.1
O010010,P051,1,700,0.0
O010010,P028,1,430,0.1
O010011,P098,1,930,0.3
O010011,P079,1,630,0.1
O010012,P008,1,5930,0.1
O010013,P050,1,570,0.0
O010014,P029,1,570,0.1
O010014,P008,1,5930,0.05
O010015,P052,1,260,0.05
O010016,P028,3,430,0.3
O010016,P041,1,4560,0.2
O010017,P047,1,1740,0.0
O010017,P068,1,260,0.0
O010018,P066,1,160,0.05
O010018,P012,2,1160,0.3
O010018,P008,3,5930,0.0
O010019,P007,3,1390,0.3
O010019,P072,2,3800,0.0
O010020,P088,1,2510,0.0
O010021,P047,1,1740,0.0
O010022,P024,1,540,0.2
O010022,P052,1,260,0.0
O010023,P020,1,1760,0.0
O010023,P052,3,260,0.05
O010023,P079,1,630,0.1
O010024,P002,1,4330,0.1
O010025,P035,2,390,0.1
O010026,P085,1,1400,0.3
O010026,P054,2,480,0.0
O010027,P049,1,870,0.0
O010028,P008,2,5930,0.0
O010029,P072,1,3800,0.1
O010029,P032,1,1590,0.2
O010029,P022,2,1690,0.0
O010029,P052,1,260,0.0
O010030,P026,2,2100,0.0
O010031,P072,1,3800,0.05
O010032,P020,1,1760,0.1
O010032,P096,1,260,0.1
O010033,P012,1,1160,0.2
O010034,P012,1,1160,0.0
O010034,P079,1,630,0.2
O010034,P096,2,260,0.0
O010035,P033,1,2190,0.0
O010035,P079,1,630,0.0
O010036,P052,2,260,0.05
O010037,P018,2,790,0.0
O010037,P079,2,630,0.1
O010038,P046,1,860,0.0
O010038,P041,1,4560,0.0
O010039,P094,2,1100,0.0
O010039,P033,2,2190,0.1
O010039,P059,1,240,0.05
O010040,P096,1,260,0.0
O010041,P098,2,930,0.2
O010042,P074,1,890,0.3
O010043,P096,1,260,0.0
O010043,P052,1,260,0.0
O010044,P079,1,630,0.2
O010044,P020,1,1760,0.0
O010045,P055,1,210,0.2
O010045,P054,2,480,0.05
O010046,P039,1,1980,0.0
O010046,P013,1,4850,0.05
O010047,P008,2,5930,0.2
O010048,P020,1,1760,0.0
O010049,P077,1,4260,0.2
O010050,P009,3,5010,0.1
O010051,P079,1,630,0.0
O010051,P008,1,5930,0.05
O010052,P074,1,890,0.05
O010053,P047,3,1740,0.0
O010053,P085,1,1400,0.0
O010054,P005,1,1960,0.2
O010055,P096,1,260,0.0
O010055,P062,1,400,0.0
O010056,P020,1,1760,0.1
O010057,P024,1,540,0.05
O010057,P005,1,1960,0.1
O010057,P096,2,260,0.0
O010058,P044,2,260,0.05
O010059,P003,1,8480,0.0
O010059,P019,1,2290,0.2
O010060,P020,3,1760,0.3
O010060,P047,1,1740,0.0
O010061,P052,1,260,0.0
O010061,P039,1,1980,0.0
O010062,P036,1,490,0.0
O010063,P006,2,5860,0.1
O010064,P052,1,260,0.0
O010065,P007,1,1390,0.2
O010065,P078,2,3260,0.0
O010065,P079,1,630,0.1
O010066,P017,1,1030,0.0
O010067,P013,1,4850,0.0
O010067,P045,1,630,0.3
O010068,P086,1,1840,0.05
O010069,P054,2,480,0.0
O010069,P009,1,5010,0.0
O010070,P090,1,2690,0.0
O010070,P004,1,1090,0.0
O010071,P081,1,2850,0.2
O010071,P010,1,6950,0.3
O010072,P007,1,1390,0.05
O010073,P033,2,2190,0.0
O010074,P005,1,1960,0.0
O010075,P051,1,700,0.0
O010075,P007,3,1390,0.1
O010076,P079,1,630,0.1
O010077,P056,1,1440,0.2
O010077,P008,1,5930,0.0
O010077,P076,2,2640,0.05
O010078,P088,1,2510,0.0
O010078,P012,1,1160,0.0
O010078,P047,3,1740,0.0
O010079,P052,1,260,0.0
O010079,P079,1,630,0.2
O010080,P004,2,1090,0.0
O010081,P022,1,1690,0.2
O010081,P033,1,2190,0.0
O010082,P002,1,4330,0.05
O010083,P012,1,1160,0.0
O010084,P017,1,1030,0.1
O010085,P081,1,2850,0.0
O010085,P096,1,260,0.0
O010086,P055,1,210,0.0
O010086,P096,1,260,0.0
O010087,P002,1,4330,0.1
O010088,P041,1,4560,0.1
O010089,P047,1,1740,0.0
O010089,P052,1,260,0.2
O010090,P033,1,2190,0.0
O010090,P052,1,260,0.0
O010091,P055,1,210,0.0
O010091,P047,1,1740,0.0
O010092,P008,1,5930,0.0
O010093,P034,2,490,0.0
O010093,P027,1,1330,0.1
O010094,P028,2,430,0.05
O010094,P046,1,860,0.0
O010095,P052,1,260,0.1
O010095,P054,1,480,0.0
O010096,P052,2,260,0.2
O010097,P037,1,470,0.2
O010098,P051,1,700,0.2
O010098,P011,1,1280,0.1
O010098,P005,1,1960,0.0
O010099,P085,1,1400,0.1
O010099,P092,1,1210,0.05
O010099,P008,3,5930,0.0
O010100,P088,1,2510,0.05
O010100,P006,1,5860,0.0
O010100,P057,2,360,0.05
O010101,P020,1,1760,0.0
O010101,P007,1,1390,0.0
O010102,P051,1,700,0.1
O010102,P043,1,1220,0.0
O010103,P020,2,1760,0.05
O010103,P003,2,8480,0.0
O010103,P014,2,1960,0.0
O010104,P079,1,630,0.05
O010105,P047,1,1740,0.2
O010105,P007,2,1390,0.0
O010106,P047,2,1740,0.1
O010107,P053,2,310,0.1
O010108,P037,1,470,0.0
O010109,P020,1,1760,0.05
O010110,P052,1,260,0.0
O010111,P033,1,2190,0.3
O010112,P052,1,260,0.2
O010113,P051,1,700,0.3
O010113,P063,1,500,0.0
O010113,P018,2,790,0.1
O010113,P006,1,5860,
O010114,P097,1,1960,0.0
O010114,P026,1,2100,0.0
O010114,P052,3,260,0.0
O010115,P074,1,890,0.05
O010115,P020,1,1760,0.1
O010116,P051,2,700,0.0
O010117,P054,1,480,0.2
O010118,P081,1,2850,0.2
O010118,P079,1,630,0.1
O010119,P029,2,570,0.0
O010120,P059,3,240,0.05
O010121,P047,1,1740,0.0
O010121,P051,2,700,0.1
O010122,P052,1,260,0.0
O010123,P028,3,430,0.2
O010123,P070,1,800,0.0
O010123,P071,1,450,0.05
O010124,P054,1,480,0.05
O010125,P051,1,700,0.0
O010126,P055,1,210,0.0
O010126,P012,2,1160,0.3
O010127,P020,1,1760,0.0
O010127,P050,1,570,0.05
O010128,P024,2,540,0.0
O010129,P096,1,260,0.0
O010130,P053,1,310,0.0
O010131,P043,1,1220,0.0
O010132,P080,1,660,0.2
O010133,P050,1,570,0.0
O010134,P083,1,710,0.0
O010135,P045,1,630,0.0
O010135,P020,1,1760,0.0
O010136,P028,2,430,0.05
O010137,P021,1,620,0.0
O010137,P052,1,260,0.3
O010138,P040,1,430,0.1
O010138,P020,1,1760,0.0
O010139,P053,2,310,0.3
O010140,P082,2,580,0.3
O010140,P092,1,1210,0.05
O010141,P020,1,1760,0.0
O010141,P093,1,350,0.3
O010142,P051,1,700,0.0
O010143,P020,1,1760,0.05
O010144,P076,1,2640,0.05
O010144,P021,2,620,0.0
O010145,P072,1,3800,0.0
O010145,P051,1,700,0.0
O010146,P020,1,1760,0.0
O010146,P024,2,540,0.0
O010147,P052,1,260,0.05
O010147,P050,1,570,0.1
O010148,P096,1,260,0.0
O010149,P081,3,2850,0.0
O010150,P020,1,1760,0.3
O010150,P042,1,5470,0.3
O010151,P043,1,1220,0.05
O010152,P020,2,1760,0.1
O010153,P042,1,5470,0.3
O010154,P070,1,800,0.0
O010155,P054,2,480,0.05
O010156,P003,1,8480,0.0
O010157,P055,1,210,0.3
O010158,P069,3,250,0.3
O010158,P049,1,870,0.05
O010159,P002,1,4330,
O010159,P008,1,5930,0.2
O010160,P059,1,240,0.05
O010161,P078,1,3260,0.2
O010162,P096,1,260,0.0
O010162,P071,2,450,0.0
O010163,P029,1,570,0.05
O010164,P020,1,1760,0.3
O010164,P079,2,630,0.05
O010165,P007,1,1390,0.0
O010166,P088,1,2510,0.3
O010167,P085,1,1400,0.0
O010168,P074,1,890,0.0
O010169,P012,1,1160,0.3
O010170,P088,1,2510,0.3
O010170,P044,1,260,0.0
O010171,P047,1,1740,0.0
O010171,P012,2,1160,0.2
O010172,P053,1,310,0.0
O010172,P069,1,250,0.05
O010173,P011,1,1280,0.1
O010173,P020,1,1760,0.3
O010174,P031,1,700,0.1
O010174,P097,1,1960,0.0
O010175,P057,1,360,0.05
O010176,P079,1,630,0.0
O010177,P055,1,210,0.05
O010178,P080,2,660,0.0
O010178,P047,2,1740,0.05
O010179,P079,1,630,0.3
O010180,P040,1,430,0.0
O010181,P013,1,4850,0.05
O010182,P054,1,480,0.1
O010183,P030,1,600,0.0
O010183,P092,1,1210,0.05
O010183,P047,1,1740,0.05
O010184,P064,2,550,0.0
O010184,P012,1,1160,0.0
O010185,P088,2,2510,0.2
O010186,P033,1,2190,0.1
O010186,P071,2,450,0.05
O010186,P008,1,5930,0.0
O010186,P074,2,890,0.1
O010187,P096,1,260,0.0
O010188,P096,1,260,0.05
O010189,P081,1,2850,0.3
O010189,P051,3,700,0.0
O010190,P082,1,580,0.1
O010191,P050,1,570,0.0
O010192,P008,1,5930,0.2
O010192,P009,2,5010,0.0
O010193,P068,2,260,0.0
O010193,P084,1,540,0.1
O010194,P029,1,570,
O010195,P079,1,630,0.0
O010195,P012,2,1160,0.05
O010196,P008,2,5930,0.1
O010196,P096,1,260,0.0
O010197,P009,1,5010,0.0
O010198,P020,1,1760,0.3
O010199,P054,2,480,0.2
O010199,P002,1,4330,0.05
O010199,P081,1,2850,0.1
O010200,P030,1,600,0.0
O010200,P001,1,5210,0.05
O010200,P035,2,390,0.05
O010201,P018,1,790,0.1
O010201,P075,1,2130,0.2
O010202,P092,1,1210,0.1
O010203,P047,1,1740,0.0
O010203,P028,3,430,0.3
O010203,P051,1,700,0.0
O010204,P013,1,4850,0.05
O010205,P002,2,4330,0.2
O010206,P002,2,4330,0.0
O010206,P055,1,210,0.0
O010207,P020,1,1760,0.0
O010208,P012,1,1160,0.0
O010208,P047,2,1740,0.0
O010209,P009,1,5010,0.05
O010209,P020,1,1760,0.05
O010210,P020,1,1760,0.0
O010210,P052,1,260,0.0
O010211,P033,1,2190,0.0
O010211,P090,1,2690,0.0
O010211,P014,1,1960,0.05
O010211,P096,1,260,
O010212,P094,1,1100,0.1
O010212,P007,2,1390,0.1
O010212,P075,1,2130,0.0
O010213,P081,1,2850,0.3
O010214,P012,2,1160,0.3
O010215,P079,1,630,0.1
O010216,P053,2,310,0.0
O010217,P010,1,6950,0.0
O010218,P043,1,1220,0.05
O010219,P043,1,1220,0.0
O010220,P098,3,930,0.0
O010220,P043,3,1220,0.0
O010221,P091,1,2490,0.0
O010221,P007,1,1390,0.2
O010222,P077,2,4260,0.0
O010223,P047,2,1740,0.05
O010224,P096,1,260,0.05
O010224,P079,1,630,0.0
O010225,P007,1,1390,0.3
O010225,P020,3,1760,0.0
O010225,P045,1,630,0.05
O010226,P043,1,1220,0.2
O010226,P096,1,260,0.0
O010227,P049,1,870,0.0
O010227,P076,1,2640,0.0
O010228,P096,1,260,0.0
O010228,P088,2,2510,0.0
O010229,P073,1,3790,0.0
O010229,P077,1,4260,0.3
O010230,P045,2,630,0.0
O010231,P039,1,1980,0.0
O010231,P012,1,1160,0.1
O010232,P048,1,600,0.05
O010233,P069,2,250,0.2
O010233,P075,3,2130,0.0
O010234,P051,1,700,0.1
O010235,P081,3,2850,0.1
O010236,P053,1,310,0.0
O010237,P080,1,660,0.05
O010238,P064,2,550,0.1
O010239,P096,1,260,0.0
O010240,P044,2,260,0.2
O010241,P047,1,1740,0.2
O010241,P028,1,430,0.0
O010242,P002,2,4330,0.0
O010242,P051,2,700,0.0
O010242,P035,1,390,0.3
O010243,P053,1,310,0.0
O010244,P007,2,1390,0.0
O010244,P069,1,250,0.0
O010245,P047,1,1740,0.2
O010245,P033,1,2190,0.0
O010246,P048,1,600,0.0
O010247,P033,1,2190,0.0
O010247,P017,1,1030,0.0
O010248,P096,1,260,0.0
O010248,P037,1,470,0.1
O010249,P007,1,1390,0.0
O010250,P080,1,660,0.05
O010251,P045,3,630,0.0
O010251,P098,3,930,0.2
O010252,P079,1,630,0.1
O010252,P096,1,260,0.0
O010253,P007,1,1390,0.3
O010254,P042,1,5470,0.05
O010255,P047,1,1740,0.3
O010256,P006,1,5860,0.1
O010257,P092,1,1210,0.2
O010258,P053,1,310,0.3
O010258,P001,1,5210,0.0
O010259,P087,1,1570,0.3
O010260,P020,1,1760,0.0
O010261,P080,1,660,0.0
O010262,P071,2,450,0.0
O010263,P047,2,1740,0.05
O010264,P047,1,1740,0.0
O010264,P031,1,700,0.0
O010265,P033,1,2190,0.05
O010266,P086,1,1840,0.0
O010266,P033,1,2190,0.2
O010266,P003,1,8480,0.1
O010267,P096,1,260,0.0
O010267,P081,1,2850,0.0
O010268,P012,1,1160,0.2
O010269,P079,1,630,0.1
O010270,P051,1,700,0.0
O010270,P012,1,1160,0.0
O010270,P007,2,1390,0.05
O010271,P096,1,260,0.0
O010271,P082,1,580,0.05
O010272,P047,1,1740,0.0
O010272,P096,1,260,0.3
O010273,P041,2,4560,0.0
O010274,P008,1,5930,0.0
O010275,P020,1,1760,0.0
O010276,P086,1,1840,0.0
O010277,P001,3,5210,0.3
O010278,P047,1,1740,0.2
O010279,P020,1,1760,0.1
O010280,P020,1,1760,0.0
O010281,P098,2,930,0.0
O010282,P033,1,2190,0.0
O010283,P020,1,1760,0.0
O010283,P003,1,8480,0.0
O010284,P032,1,1590,0.3
O010284,P052,1,260,0.3
O010285,P096,3,260,0.0
O010286,P053,1,310,0.0
O010286,P033,1,2190,0.0
O010287,P001,1,5210,0.05
O010287,P063,1,500,0.1
O010288,P051,1,700,0.0
O010288,P080,1,660,0.1
O010289,P080,1,660,0.05
O010289,P052,1,260,0.0
O010290,P022,1,1690,0.1
O010291,P061,1,660,0.05
O010291,P045,3,630,0.1
O010291,P020,1,1760,0.1
O010292,P004,3,1090,0.0
O010292,P003,1,8480,0.1
O010293,P070,1,800,0.0
O010294,P071,1,450,0.2
O010295,P008,1,5930,0.0
O010296,P096,2,260,0.1
O010296,P020,2,1760,0.2
O010297,P005,2,1960,0.0
O010297,P096,1,260,0.2
O010298,P020,1,1760,0.1
O010299,P008,1,5930,0.0
O010300,P073,1,3790,0.0
O010300,P053,3,310,0.0
O010301,P033,1,2190,0.0
O010301,P008,1,5930,0.1
O010302,P002,1,4330,0.0
O010303,P008,3,5930,0.05
O010303,P042,1,5470,0.0
O010303,P092,2,1210,0.3
O010304,P052,3,260,0.05
O010304,P051,2,700,0.0
O010304,P096,1,260,0.0
O010305,P096,1,260,0.2
O010306,P045,1,630,0.0
O010307,P007,2,1390,0.0
O010307,P033,1,2190,0.1
O010308,P011,1,1280,0.0
O010309,P009,1,5010,0.0
O010309,P082,2,580,0.0
O010310,P033,1,2190,0.2
O010311,P079,1,630,0.1
O010311,P047,1,1740,0.0
O010312,P047,1,1740,0.0
O010312,P095,1,1840,0.0
O010312,P003,1,8480,0.0
O010313,P051,3,700,0.05
O010314,P079,1,630,0.05
O010314,P090,1,2690,0.0
O010314,P007,1,1390,0.0
O010314,P047,1,1740,0.1
O010315,P032,1,1590,0.0
O010316,P063,1,500,0.0
O010316,P033,1,2190,0.2
O010317,P051,1,700,0.05
O010318,P031,3,700,0.0
O010319,P094,1,1100,0.2
O010319,P077,1,4260,0.0
O010320,P033,1,2190,0.0
O010321,P033,2,2190,0.0
O010321,P063,1,500,0.1
O010322,P020,1,1760,0.0
O010323,P002,1,4330,0.2
O010324,P056,1,1440,0.2
O010324,P052,1,260,0.1
O010325,P079,3,630,0.1
O010326,P020,1,1760,0.2
O010326,P052,1,260,0.0
O010327,P096,2,260,0.0
O010328,P082,1,580,0.0
O010329,P088,1,2510,0.3
O010329,P052,2,260,0.0
O010329,P022,1,1690,0.3
O010330,P085,1,1400,0.05
O010330,P052,3,260,0.05
O010331,P051,1,700,0.0
O010331,P046,3,860,0.3
O010332,P020,1,1760,0.3
O010333,P062,1,400,0.0
O010333,P033,1,2190,0.0
O010333,P003,3,8480,0.1
O010334,P096,1,260,0.0
O010335,P052,3,260,0.0
O010335,P012,1,1160,0.0
O010336,P047,1,1740,0.05
O010337,P055,1,210,0.0
O010337,P052,1,260,0.0
O010338,P088,1,2510,0.0
O010338,P040,1,430,0.0
O010338,P033,1,2190,0.0
O010339,P094,2,1100,0.0
O010339,P052,1,260,0.0
O010339,P022,1,1690,0.05
O010340,P048,1,600,0.0
O010341,P005,1,1960,0.0
O010341,P008,1,5930,0.1
O010341,P080,1,660,0.0
O010342,P052,1,260,0.1
O010343,P028,2,430,0.0
O010344,P070,2,800,0.0
O010345,P055,2,210,0.3
O010345,P054,2,480,0.3
O010346,P007,1,1390,0.05
O010346,P053,1,310,0.05
O010347,P034,1,490,0.0
O010348,P020,1,1760,0.0
O010348,P031,1,700,0.0
O010349,P028,1,430,0.0
O010349,P079,2,630,0.0
O010350,P080,2,660,0.1
O010351,P079,1,630,0.2
O010351,P042,1,5470,0.0
O010351,P070,1,800,0.0
O010352,P044,1,260,0.3
O010352,P033,1,2190,0.1
O010353,P088,1,2510,0.0
O010354,P048,1,600,0.2
O010355,P006,1,5860,0.3
O010355,P092,1,1210,0.1
O010356,P044,2,260,0.0
O010356,P079,1,630,0.0
O010357,P096,3,260,0.2
O010357,P052,1,260,0.2
O010357,P036,2,490,0.0
O010358,P021,1,620,0.2
O010358,P012,1,1160,0.05
O010358,P096,1,260,0.0
O010358,P052,1,260,0.0
O010359,P096,3,260,0.1
O010359,P016,1,650,0.3
O010360,P058,1,420,0.05
O010360,P084,1,540,0.2
O010361,P024,1,540,0.05
O010362,P092,1,1210,0.0
O010362,P080,1,660,0.1
O010362,P016,1,650,0.0
O010363,P012,2,1160,0.0
O010363,P033,1,2190,0.0
O010364,P047,1,1740,0.0
O010365,P048,1,600,0.1
O010366,P033,1,2190,0.0
O010367,P003,3,8480,0.3
O010367,P079,1,630,0.2
O010368,P005,1,1960,0.1
O010369,P047,1,1740,0.2
O010370,P052,1,260,0.1
O010371,P006,1,5860,0.0
O010371,P009,1,5010,0.0
O010372,P096,1,260,0.0
O010372,P052,1,260,0.0
O010373,P096,2,260,0.0
O010374,P063,1,500,0.0
O010375,P045,1,630,0.0
O010375,P008,1,5930,0.05
O010376,P028,1,430,0.0
O010377,P047,1,1740,0.3
O010378,P039,1,1980,0.2
O010378,P080,1,660,0.2
O010379,P067,3,290,0.0
O010379,P075,1,2130,0.05
O010379,P002,1,4330,0.1
O010380,P020,1,1760,0.1
O010381,P022,1,1690,0.05
O010381,P094,3,1100,0.0
O010382,P082,1,580,0.0
O010383,P055,3,210,0.1
O010383,P078,1,3260,0.2
O010384,P052,1,260,0.1
O010384,P028,1,430,0.2
O010385,P033,1,2190,0.0
O010386,P096,3,260,0.0
O010386,P047,1,1740,0.05
O010387,P078,1,3260,0.0
O010387,P037,1,470,0.3
O010388,P060,1,330,0.2
O010388,P051,2,700,0.1
O010388,P047,1,1740,0.2
O010388,P079,1,630,0.0
O010389,P051,2,700,0.3
O010390,P010,3,6950,0.0
O010391,P008,1,5930,0.05
O010391,P047,1,1740,0.2
O010391,P096,1,260,0.1
O010392,P051,1,700,0.3
O010393,P069,1,250,0.0
O010394,P006,3,5860,0.0
O010394,P052,1,260,0.2
O010395,P051,1,700,0.0
O010395,P007,1,1390,0.05
O010396,P096,2,260,0.0
O010397,P082,1,580,
O010398,P052,1,260,0.0
O010398,P074,2,890,0.2
O010398,P044,1,260,0.3
O010398,P036,1,490,0.2
O010399,P086,3,1840,0.1
O010399,P012,1,1160,0.0
O010400,P051,1,700,0.1
O010401,P008,1,5930,0.0
O010401,P016,3,650,0.2
O010402,P064,1,550,0.0
O010402,P020,1,1760,0.0
O010403,P050,1,570,
O010403,P028,1,430,0.05
O010404,P051,2,700,0.3
O010404,P088,2,2510,0.0
O010405,P052,2,260,0.0
O010405,P054,1,480,0.1
O010406,P008,1,5930,0.1
O010406,P033,1,2190,
O010407,P096,1,260,0.0
O010408,P055,1,210,0.2
O010409,P040,1,430,0.0
O010410,P080,1,660,0.0
O010410,P047,1,1740,0.05
O010411,P079,1,630,0.2
O010412,P096,1,260,0.05
O010412,P028,1,430,0.1
O010413,P096,1,260,0.2
O010413,P033,2,2190,0.2
O010414,P081,1,2850,0.0
O010415,P022,1,1690,0.05
O010416,P051,2,700,0.1
O010416,P073,1,3790,0.0
O010417,P033,1,2190,0.0
O010417,P051,1,700,0.2
O010418,P050,1,570,0.0
O010418,P079,1,630,0.05
O010419,P096,3,260,0.0
O010420,P010,1,6950,0.1
O010421,P004,1,1090,0.0
O010422,P076,1,2640,0.05
O010422,P067,1,290,0.2
O010423,P069,1,250,0.0
O010424,P088,1,2510,0.0
O010425,P029,1,570,0.2
O010425,P020,1,1760,0.2
O010425,P033,1,2190,0.0
O010426,P051,1,700,0.0
O010427,P096,2,260,0.0
O010428,P088,1,2510,0.0
O010429,P052,1,260,0.2
O010430,P022,2,1690,0.05
O010431,P012,3,1160,0.0
O010432,P080,1,660,0.0
O010433,P020,1,1760,0.2
O010434,P006,3,5860,0.0
O010435,P006,1,5860,0.0
O010436,P060,3,330,0.0
O010437,P085,1,1400,0.0
O010437,P044,3,260,0.0
O010438,P042,1,5470,0.0
O010438,P098,1,930,0.2
O010439,P054,2,480,0.2
O010439,P008,1,5930,0.0
O010440,P070,1,800,0.0
O010441,P055,1,210,0.0
O010441,P054,1,480,0.0
O010441,P052,1,260,0.0
O010442,P043,1,1220,0.1
O010443,P047,1,1740,0.0
O010444,P012,1,1160,0.0
O010445,P033,1,2190,0.0
O010445,P086,1,1840,0.0
O010446,P033,2,2190,0.05
O010446,P055,1,210,0.05
O010447,P077,1,4260,0.2
O010447,P046,1,860,0.0
O010447,P052,3,260,0.0
O010448,P030,1,600,0.1
O010448,P098,3,930,0.0
O010448,P038,1,940,0.0
O010449,P020,1,1760,0.0
O010450,P096,1,260,0.0
O010450,P052,3,260,0.2
O010451,P011,2,1280,0.0
O010451,P086,1,1840,0.0
O010452,P016,1,650,0.05
O010453,P010,1,6950,0.2
O010454,P007,2,1390,0.0
O010454,P088,1,2510,0.0
O010455,P081,1,2850,0.05
O010455,P023,1,2180,0.3
O010456,P045,1,630,0.0
O010457,P020,1,1760,0.0
O010458,P054,1,480,0.0
O010459,P078,1,3260,0.0
O010460,P073,1,3790,0.2
O010461,P054,1,480,0.3
O010462,P003,1,8480,0.1
O010462,P013,1,4850,0.05
O010462,P052,1,260,0.0
O010463,P096,1,260,0.05
O010463,P002,1,4330,0.05
O010464,P079,1,630,0.1
O010464,P052,1,260,0.1
O010465,P024,1,540,0.3
O010465,P079,3,630,0.3
O010466,P025,1,1700,0.0
O010466,P098,1,930,0.3
O010466,P054,1,480,0.2
O010467,P080,2,660,0.0
O010467,P059,1,240,0.05
O010468,P096,1,260,0.0
O010469,P015,1,600,0.05
O010469,P077,1,4260,0.0
O010470,P096,1,260,0.1
O010470,P060,2,330,0.0
O010471,P096,1,260,0.0
O010472,P080,3,660,0.0
O010473,P024,1,540,0.05
O010474,P082,1,580,0.0
O010475,P096,3,260,0.3
O010475,P079,1,630,0.2
O010475,P012,1,1160,0.0
O010476,P002,3,4330,0.1
O010476,P003,1,8480,0.0
O010477,P020,1,1760,0.0
O010477,P058,1,420,0.2
O010477,P008,1,5930,0.05
O010478,P055,1,210,
O010479,P096,3,260,0.0
O010480,P007,1,1390,0.1
O010480,P008,1,5930,0.0
O010481,P043,1,1220,0.1
O010481,P008,1,5930,0.0
O010482,P047,1,1740,0.0
O010482,P096,1,260,0.2
O010482,P039,1,1980,0.1
O010482,P029,1,570,0.0
O010482,P079,2,630,0.2
O010483,P006,3,5860,0.0
O010483,P025,2,1700,0.3
O010483,P080,2,660,0.2
O010484,P079,1,630,0.0
O010485,P052,1,260,0.0
O010486,P092,2,1210,0.1
O010487,P002,1,4330,0.0
O010488,P055,1,210,0.3
O010489,P008,3,5930,0.0
O010490,P016,1,650,0.0
O010490,P008,1,5930,0.2
O010491,P024,1,540,0.0
O010491,P008,3,5930,0.0
O010492,P037,1,470,0.1
O010493,P074,2,890,0.05
O010494,P027,1,1330,0.0
O010495,P054,1,480,0.1
O010496,P088,1,2510,0.1
O010496,P052,2,260,0.0
O010497,P020,2,1760,0.0
O010498,P033,1,2190,0.0
O010498,P053,1,310,0.05
O010499,P080,2,660,0.1
O010499,P092,2,1210,0.1
O010500,P052,1,260,0.05
O010500,P047,2,1740,0.05
O010501,P006,1,5860,0.1
O010502,P071,1,450,0.2
O010503,P033,1,2190,0.0
O010503,P007,1,1390,0.05
O010504,P007,1,1390,0.0
O010505,P004,1,1090,0.0
O010506,P092,1,1210,0.05
O010506,P011,3,1280,0.2
O010507,P092,1,1210,0.0
O010507,P047,1,1740,0.0
O010508,P096,3,260,0.0
O010509,P053,1,310,0.05
O010509,P008,1,5930,0.0
O010510,P096,1,260,0.2
O010510,P007,1,1390,0.0
O010511,P096,1,260,0.2
O010512,P051,1,700,0.1
O010512,P054,1,480,0.0
O010513,P053,2,310,0.1
O010513,P096,1,260,0.2
O010514,P008,1,5930,0.05
O010514,P006,2,5860,0.0
O010515,P021,1,620,0.0
O010515,P079,1,630,0.05
O010516,P092,3,1210,0.0
O010517,P069,1,250,0.05
O010517,P079,2,630,0.0
O010517,P054,1,480,0.0
O010518,P079,1,630,
O010519,P051,2,700,0.05
O010519,P092,1,1210,0.1
O010519,P028,1,430,0.3
O010520,P042,2,5470,0.0
O010521,P051,1,700,0.2
O010521,P096,2,260,0.0
O010522,P032,1,1590,0.1
O010522,P004,2,1090,0.05
O010522,P008,1,5930,0.05
O010522,P052,1,260,0.05
O010523,P020,2,1760,0.0
O010524,P002,1,4330,0.1
O010525,P055,1,210,0.2
O010525,P038,1,940,0.2
O010526,P079,1,630,0.0
O010527,P033,1,2190,0.2
O010528,P050,1,570,0.0
O010528,P022,1,1690,0.0
O010528,P024,1,540,0.0
O010529,P001,1,5210,0.3
O010529,P020,2,1760,0.1
O010529,P088,2,2510,0.0
O010530,P070,1,800,
O010531,P040,1,430,0.3
O010532,P008,1,5930,0.0
O010533,P054,1,480,0.0
O010534,P020,1,1760,0.0
O010535,P097,1,1960,
O010536,P066,2,160,0.0
O010537,P071,2,450,0.0
O010537,P088,2,2510,0.1
O010538,P043,3,1220,0.1
O010539,P030,2,600,0.1
O010540,P070,1,800,0.1
O010540,P019,1,2290,0.0
O010540,P028,1,430,0.1
O010541,P052,1,260,0.0
O010542,P046,1,860,0.0
O010543,P027,1,1330,0.3
O010544,P040,1,430,0.0
O010544,P068,2,260,0.05
O010545,P002,1,4330,0.1
O010545,P079,1,630,0.0
O010545,P013,1,4850,0.0
O010546,P033,1,2190,0.0
O010547,P056,1,1440,0.3
O010547,P052,1,260,0.1
O010548,P033,1,2190,0.3
O010549,P057,1,360,0.0
O010550,P085,1,1400,0.0
O010550,P050,2,570,0.0
O010551,P059,1,240,0.0
O010552,P031,1,700,0.1
O010552,P014,2,1960,0.0
O010552,P079,1,630,0.1
O010553,P097,1,1960,0.0
O010554,P096,1,260,0.0
O010555,P052,1,260,0.0
O010555,P018,1,790,0.3
O010556,P096,1,260,0.05
O010557,P047,1,1740,0.0
O010557,P072,1,3800,0.0
O010558,P073,1,3790,0.0
O010558,P052,1,260,0.0
O010559,P045,1,630,0.2
O010560,P037,1,470,0.05
O010560,P047,1,1740,0.0
O010561,P081,2,2850,0.3
O010562,P002,3,4330,0.3
O010562,P096,1,260,0.2
O010563,P072,1,3800,0.0
O010564,P076,1,2640,0.1
O010564,P051,1,700,0.1
O010565,P079,1,630,0.0
O010566,P052,1,260,0.0
O010566,P085,1,1400,0.0
O010566,P063,1,500,0.2
O010566,P096,1,260,0.0
O010567,P007,1,1390,0.0
O010568,P026,1,2100,0.0
O010568,P097,1,1960,0.1
O010569,P007,1,1390,0.1
O010569,P080,3,660,0.3
O010570,P096,1,260,0.1
O010571,P083,1,710,0.2
O010571,P047,1,1740,0.0
O010572,P052,1,260,0.0
O010573,P033,3,2190,0.1
O010574,P007,2,1390,0.0
O010575,P020,1,1760,0.2
O010576,P092,1,1210,0.0
O010576,P030,1,600,0.1
O010577,P020,1,1760,0.1
O010578,P002,2,4330,0.0
O010578,P037,1,470,0.0
O010579,P039,1,1980,0.0
O010580,P088,2,2510,0.05
O010580,P083,1,710,0.3
O010581,P033,1,2190,0.1
O010582,P077,1,4260,0.0
O010582,P002,1,4330,0.2
O010583,P052,1,260,0.0
O010583,P096,1,260,0.05
O010584,P098,2,930,0.1
O010585,P059,1,240,0.05
O010586,P074,2,890,0.0
O010586,P007,3,1390,0.2
O010586,P053,2,310,0.0
O010587,P002,1,4330,0.0
O010588,P053,1,310,0.3
O010588,P002,2,4330,0.2
O010589,P020,1,1760,0.05
O010590,P040,1,430,0.0
O010590,P028,1,430,0.0
O010590,P005,3,1960,0.1
O010591,P082,2,580,0.0
O010591,P096,1,260,0.1
O010592,P092,3,1210,0.0
O010592,P028,1,430,0.1
O010593,P050,3,570,0.1
O010594,P018,2,790,0.0
O010595,P075,2,2130,0.0
O010596,P074,1,890,0.0
O010596,P008,1,5930,0.05
O010597,P037,1,470,0.3
O010598,P010,1,6950,0.05
O010598,P052,1,260,0.0
O010599,P003,1,8480,0.1
O010600,P012,1,1160,0.0
O010601,P050,1,570,0.1
O010601,P003,1,8480,0.0
O010602,P092,2,1210,0.3
O010602,P052,1,260,0.3
O010602,P008,3,5930,0.0
O010603,P020,2,1760,0.05
O010604,P033,1,2190,0.05
O010605,P028,2,430,0.0
O010606,P094,1,1100,0.2
O010606,P018,3,790,0.2
O010607,P077,1,4260,0.0
O010608,P038,1,940,0.1
O010608,P092,2,1210,0.05
O010608,P008,1,5930,0.0
O010609,P031,1,700,0.3
O010610,P080,1,660,
O010610,P096,1,260,0.0
O010610,P062,1,400,0.0
O010611,P014,1,1960,0.3
O010611,P024,1,540,0.0
O010612,P062,3,400,0.0
O010613,P007,1,1390,0.0
O010613,P054,1,480,0.05
O010614,P052,1,260,0.0
O010614,P002,1,4330,0.0
O010615,P080,1,660,0.05
O010616,P051,1,700,0.0
O010616,P022,1,1690,0.1
O010617,P079,1,630,0.3
O010617,P077,1,4260,0.2
O010618,P001,1,5210,0.1
O010619,P047,1,1740,0.1
O010620,P008,1,5930,0.3
O010621,P001,2,5210,0.1
O010622,P053,1,310,0.0
O010622,P047,1,1740,0.1
O010623,P052,1,260,0.0
O010624,P096,1,260,0.0
O010625,P047,1,1740,0.0
O010626,P009,2,5010,0.2
O010626,P020,2,1760,0.0
O010627,P052,1,260,0.2
O010628,P020,1,1760,0.1
O010628,P079,1,630,0.2
O010629,P028,1,430,0.2
O010629,P089,1,530,0.1
O010629,P021,1,620,0.1
O010630,P020,1,1760,0.0
O010631,P035,3,390,0.0
O010631,P007,2,1390,0.05
O010632,P060,1,330,0.05
O010632,P036,1,490,0.05
O010633,P014,1,1960,0.05
O010633,P029,1,570,0.2
O010633,P038,3,940,0.1
O010634,P045,1,630,0.0
O010635,P033,1,2190,0.0
O010636,P048,1,600,0.0
O010637,P081,1,2850,0.0
O010637,P021,1,620,0.0
O010638,P047,2,1740,0.0
O010638,P020,1,1760,0.3
O010639,P071,1,450,0.0
O010640,P043,1,1220,0.05
O010640,P002,1,4330,0.0
O010641,P065,2,180,0.05
O010642,P048,1,600,0.05
O010642,P020,1,1760,0.1
O010643,P022,1,1690,0.0
O010643,P033,1,2190,0.0
O010644,P053,1,310,0.05
O010645,P033,1,2190,0.0
O010645,P051,1,700,0.0
O010646,P041,1,4560,0.1
O010646,P044,3,260,0.0
O010647,P014,2,1960,0.2
O010647,P008,1,5930,0.3
O010648,P055,1,210,0.05
O010649,P054,1,480,0.3
O010649,P066,1,160,0.0
O010650,P092,1,1210,0.0
O010650,P082,1,580,0.05
O010651,P028,1,430,0.0
O010652,P002,1,4330,0.0
O010652,P008,1,5930,0.2
O010652,P051,1,700,0.0
O010653,P028,1,430,0.05
O010653,P008,1,5930,0.0
O010654,P007,1,1390,0.05
O010655,P080,1,660,0.0
O010656,P053,1,310,0.1
O010657,P008,1,5930,0.0
O010657,P052,1,260,0.0
O010658,P047,1,1740,0.0
O010659,P070,2,800,0.2
O010660,P049,1,870,0.05
O010660,P033,1,2190,0.05
O010660,P016,1,650,0.0
O010661,P096,3,260,0.05
O010662,P033,1,2190,0.2
O010663,P010,3,6950,0.3
O010663,P008,1,5930,0.2
O010664,P054,2,480,0.3
O010665,P088,3,2510,0.0
O010666,P090,1,2690,0.0
O010666,P009,2,5010,0.0
O010667,P090,1,2690,0.05
O010667,P080,1,660,0.0
O010668,P081,1,2850,0.3
O010669,P045,3,630,0.0
O010670,P020,1,1760,0.0
O010670,P097,1,1960,0.1
O010671,P047,2,1740,0.05
O010671,P008,1,5930,
O010672,P033,1,2190,0.3
O010673,P011,2,1280,0.0
O010674,P007,1,1390,0.0
O010674,P052,3,260,0.3
O010675,P051,1,700,0.0
O010676,P079,1,630,0.0
O010676,P052,1,260,0.0
O010676,P028,1,430,0.05
O010676,P053,1,310,0.0
O010677,P017,3,1030,0.0
O010678,P048,1,600,0.0
O010679,P079,3,630,0.0
O010679,P069,1,250,0.0
O010680,P033,1,2190,0.0
O010680,P022,1,1690,0.3
O010680,P023,2,2180,0.3
O010680,P037,1,470,0.0
O010680,P066,1,160,0.0
O010680,P079,1,630,0.05
O010681,P096,2,260,0.0
O010682,P089,1,530,0.1
O010683,P008,1,5930,0.0
O010683,P080,1,660,0.0
O010684,P052,3,260,0.05
O010684,P020,1,1760,0.0
O010685,P020,1,1760,0.3
O010686,P079,1,630,0.0
O010687,P084,1,540,0.1
O010687,P081,3,2850,0.1
O010688,P040,1,430,0.3
O010688,P007,1,1390,0.1
O010689,P063,3,500,0.05
O010689,P021,1,620,0.05
O010690,P011,1,1280,0.0
O010690,P008,2,5930,0.0
O010691,P052,3,260,
O010692,P055,1,210,0.3
O010692,P056,1,1440,0.1
O010693,P054,1,480,0.0
O010693,P002,1,4330,
O010694,P003,1,8480,0.0
O010695,P080,1,660,0.0
O010695,P033,1,2190,0.0
O010695,P010,3,6950,0.05
O010696,P054,1,480,0.05
O010697,P052,1,260,0.05
O010697,P003,1,8480,0.2
O010698,P054,2,480,0.0
O010698,P085,1,1400,0.3
O010699,P017,1,1030,0.2
O010699,P096,1,260,0.1
O010700,P015,3,600,0.05
O010701,P052,2,260,0.0
O010702,P019,1,2290,0.0
O010702,P030,1,600,0.2
O010702,P086,1,1840,0.2
O010703,P069,1,250,0.2
O010704,P054,1,480,0.0
O010704,P059,1,240,0.3
O010704,P096,1,260,
O010705,P007,2,1390,0.1
O010705,P020,1,1760,0.0
O010706,P020,2,1760,0.0
O010707,P071,1,450,0.0
O010708,P092,1,1210,0.0
O010709,P052,1,260,0.0
O010710,P043,1,1220,0.0
O010711,P003,1,8480,0.1
O010712,P035,1,390,0.0
O010713,P033,1,2190,0.0
O010714,P051,1,700,0.0
O010715,P078,1,3260,0.0
O010715,P007,1,1390,0.3
O010715,P008,1,5930,0.0
O010716,P096,2,260,0.1
O010717,P096,1,260,0.0
O010718,P080,2,660,0.05
O010718,P096,1,260,0.0
O010719,P053,2,310,0.0
O010720,P011,3,1280,0.0
O010720,P096,1,260,0.0
O010721,P079,2,630,0.05
O010721,P033,1,2190,0.05
O010722,P096,1,260,0.1
O010723,P053,2,310,0.3
O010724,P047,1,1740,0.05
O010724,P033,2,2190,0.2
O010725,P079,1,630,0.1
O010726,P006,1,5860,0.0
O010727,P052,1,260,0.05
O010727,P054,1,480,0.2
O010727,P043,2,1220,0.05
O010728,P079,1,630,0.3
O010729,P047,3,1740,0.0
O010730,P067,1,290,
O010730,P075,1,2130,0.1
O010730,P047,2,1740,0.0
O010731,P072,1,3800,0.0
O010732,P074,1,890,0.1
O010733,P079,1,630,0.1
O010734,P043,1,1220,0.3
O010735,P047,1,1740,0.0
O010736,P022,1,1690,0.0
O010736,P052,1,260,0.05
O010737,P020,2,1760,0.1
O010738,P006,1,5860,0.0
O010739,P022,1,1690,0.0
O010739,P044,1,260,0.0
O010740,P080,1,660,0.0
O010741,P047,1,1740,0.05
O010742,P008,2,5930,0.3
O010742,P043,1,1220,0.3
O010743,P077,2,4260,0.1
O010744,P096,1,260,0.3
O010745,P052,1,260,0.0
O010746,P092,2,1210,0.0
O010746,P051,1,700,0.2
O010747,P006,1,5860,0.0
O010748,P034,1,490,0.0
O010748,P031,1,700,0.3
O010749,P079,2,630,0.1
O010750,P020,1,1760,0.0
O010750,P088,1,2510,0.0
O010751,P088,1,2510,0.0
O010752,P010,1,6950,0.0
O010753,P034,1,490,0.05
O010754,P060,1,330,0.0
O010755,P025,2,1700,0.0
O010756,P090,2,2690,0.0
O010756,P045,1,630,0.05
O010757,P033,1,2190,0.3
O010757,P008,2,5930,0.3
O010758,P008,3,5930,0.05
O010759,P047,1,1740,0.1
O010759,P052,1,260,0.3
O010760,P013,1,4850,0.3
O010760,P058,1,420,0.05
O010761,P033,1,2190,0.0
O010761,P056,1,1440,0.3
O010762,P096,2,260,0.0
O010763,P036,1,490,0.0
O010763,P078,1,3260,0.05
O010764,P077,1,4260,0.0
O010765,P065,1,180,0.0
O010766,P048,3,600,0.05
O010766,P006,1,5860,0.0
O010766,P035,1,390,0.1
O010767,P092,1,1210,0.1
O010768,P012,1,1160,0.0
O010769,P052,2,260,0.0
O010769,P074,1,890,0.0
O010769,P028,1,430,0.2
O010769,P020,1,1760,0.0
O010769,P079,2,630,0.0
O010769,P013,1,4850,0.3
O010770,P022,2,1690,0.2
O010770,P068,1,260,0.05
O010770,P041,1,4560,0.0
O010771,P052,1,260,0.05
O010771,P079,1,630,0.3
O010772,P033,1,2190,0.1
O010772,P096,1,260,0.0
O010772,P015,1,600,0.0
O010773,P033,2,2190,0.0
O010773,P062,1,400,0.0
O010773,P008,2,5930,0.0
O010774,P047,1,1740,0.3
O010775,P020,1,1760,0.2
O010776,P033,1,2190,0.2
O010777,P050,2,570,0.1
O010777,P033,1,2190,0.3
O010778,P020,1,1760,0.3
O010778,P096,1,260,0.0
O010779,P088,1,2510,0.0
O010780,P057,1,360,0.2
O010781,P050,1,570,0.05
O010782,P082,1,580,0.0
O010783,P088,1,2510,0.2
O010784,P056,1,1440,0.0
O010785,P028,3,430,0.1
O010785,P096,1,260,0.05
O010786,P003,2,8480,0.05
O010787,P036,2,490,0.0
O010788,P052,1,260,0.0
O010789,P043,1,1220,0.1
O010789,P052,1,260,0.0
O010790,P053,1,310,0.2
O010790,P050,1,570,0.0
O010791,P051,2,700,0.0
O010791,P094,3,1100,0.0
O010792,P079,1,630,0.1
O010792,P018,1,790,0.0
O010793,P021,2,620,0.1
O010794,P012,2,1160,0.0
O010795,P047,1,1740,0.1
O010795,P083,1,710,0.0
O010796,P020,1,1760,0.05
O010797,P071,1,450,0.0
O010798,P020,1,1760,0.0
O010798,P057,1,360,0.1
O010799,P004,3,1090,0.0
O010800,P052,1,260,0.0
O010801,P063,1,500,0.0
O010801,P029,1,570,0.0
O010801,P022,1,1690,0.2
O010801,P020,1,1760,0.0
O010802,P001,1,5210,0.2
O010803,P045,1,630,0.0
O010804,P092,2,1210,0.2
O010804,P096,1,260,0.05
O010805,P031,3,700,0.05
O010806,P096,1,260,0.0
O010807,P052,3,260,0.0
O010808,P008,1,5930,0.0
O010808,P028,2,430,0.0
O010809,P080,2,660,0.1
O010809,P081,1,2850,0.0
O010810,P020,1,1760,0.0
O010811,P033,1,2190,0.1
O010812,P012,2,1160,0.0
O010813,P088,1,2510,0.0
O010814,P096,2,260,0.0
O010815,P029,1,570,0.1
O010815,P028,1,430,0.0
O010816,P052,1,260,0.1
O010817,P007,2,1390,0.05
O010818,P051,1,700,0.1
O010818,P005,1,1960,0.0
O010819,P001,1,5210,0.0
O010819,P029,2,570,0.1
O010819,P041,1,4560,0.3
O010819,P037,1,470,0.0
O010820,P065,1,180,0.05
O010820,P079,3,630,0.2
O010821,P052,1,260,0.3
O010821,P087,1,1570,0.0
O010822,P070,3,800,0.0
O010823,P082,2,580,0.3
O010823,P091,1,2490,0.2
O010823,P012,1,1160,0.0
O010824,P052,1,260,0.0
O010825,P088,1,2510,0.0
O010825,P096,1,260,0.0
O010826,P092,1,1210,0.1
O010827,P089,1,530,0.0
O010827,P026,1,2100,0.3
O010828,P080,2,660,0.05
O010828,P020,3,1760,0.0
O010829,P079,2,630,0.0
O010829,P092,1,1210,0.1
O010829,P020,2,1760,0.0
O010830,P054,1,480,0.0
O010830,P027,1,1330,0.05
O010830,P096,3,260,0.0
O010831,P052,1,260,0.05
O010831,P077,1,4260,0.0
O010832,P079,1,630,0.0
O010832,P008,1,5930,0.0
O010832,P004,3,1090,0.3
O010833,P010,2,6950,0.0
O010834,P051,1,700,0.0
O010835,P020,1,1760,0.1
O010835,P046,1,860,0.1
O010835,P053,1,310,0.3
O010836,P051,1,700,0.3
O010837,P086,1,1840,0.2
O010838,P043,1,1220,0.0
O010838,P051,1,700,0.0
O010839,P052,3,260,0.05
O010839,P073,3,3790,0.0
O010840,P096,1,260,0.0
O010841,P074,3,890,0.05
O010842,P094,1,1100,0.3
O010843,P055,1,210,0.0
O010844,P047,3,1740,0.0
O010844,P052,1,260,0.3
O010845,P018,1,790,0.05
O010845,P047,2,1740,0.0
O010845,P023,1,2180,0.0
O010846,P096,2,260,0.05
O010846,P051,3,700,0.0
O010847,P076,1,2640,0.0
O010847,P007,1,1390,0.0
O010848,P020,1,1760,0.05
O010849,P080,1,660,0.2
O010849,P081,1,2850,0.0
O010850,P003,1,8480,0.1
O010850,P033,1,2190,0.0
O010851,P020,1,1760,0.05
O010851,P043,1,1220,0.0
O010851,P038,1,940,0.1
O010852,P079,1,630,0.2
O010852,P085,2,1400,0.0
O010853,P028,2,430,0.0
O010854,P096,2,260,0.0
O010855,P047,1,1740,0.3
O010856,P007,1,1390,0.0
O010857,P059,1,240,0.0
O010858,P062,1,400,0.3
O010859,P014,1,1960,0.0
O010860,P006,1,5860,0.0
O010860,P022,3,1690,0.1
O010861,P052,3,260,0.1
O010861,P045,2,630,0.3
O010862,P007,1,1390,0.1
O010862,P008,1,5930,0.2
O010863,P082,2,580,0.0
O010864,P074,1,890,0.0
O010865,P088,1,2510,0.2
O010865,P052,2,260,0.0
O010866,P007,1,1390,0.0
O010867,P074,3,890,0.05
O010868,P088,1,2510,0.0
O010869,P071,3,450,0.2
O010870,P015,1,600,0.0
O010870,P002,1,4330,0.0
O010871,P048,1,600,0.0
O010872,P033,1,2190,0.1
O010873,P002,2,4330,0.1
O010873,P024,2,540,0.2
O010874,P030,1,600,0.0
O010875,P068,1,260,0.0
O010876,P074,1,890,0.0
O010876,P050,1,570,0.05
O010877,P047,1,1740,0.2
O010878,P051,1,700,0.0
O010878,P043,1,1220,0.05
O010879,P033,1,2190,0.0
O010879,P079,2,630,0.1
O010880,P052,2,260,0.2
O010880,P086,1,1840,0.0
O010881,P031,1,700,0.0
O010881,P079,1,630,0.0
O010882,P079,3,630,0.0
O010883,P043,1,1220,0.05
O010883,P075,1,2130,0.1
O010883,P020,1,1760,0.2
O010884,P043,1,1220,0.0
O010885,P078,1,3260,0.0
O010885,P028,1,430,0.0
O010886,P052,1,260,0.0
O010886,P071,3,450,0.1
O010887,P053,1,310,0.1
O010888,P049,1,870,0.05
O010889,P098,1,930,
O010890,P045,1,630,0.2
O010891,P062,1,400,0.0
O010892,P096,1,260,0.0
O010892,P047,1,1740,0.1
O010893,P033,1,2190,0.0
O010894,P044,2,260,0.1
O010894,P080,2,660,0.1
O010894,P092,3,1210,0.3
O010895,P071,2,450,0.1
O010895,P089,1,530,0.0
O010896,P053,1,310,0.0
O010897,P054,1,480,0.0
O010897,P002,1,4330,0.0
O010897,P018,1,790,0.1
O010898,P096,1,260,0.2
O010898,P052,2,260,0.1
O010898,P012,1,1160,0.0
O010898,P048,1,600,0.2
O010899,P096,1,260,0.0
O010899,P084,1,540,0.1
O010900,P010,1,6950,0.0
O010900,P011,3,1280,0.0
O010900,P001,2,5210,0.2
O010901,P026,1,2100,0.1
O010902,P060,3,330,0.1
O010903,P052,1,260,0.0
O010903,P005,1,1960,0.05
O010904,P052,3,260,0.2
O010904,P063,1,500,0.05
O010905,P020,2,1760,0.2
O010905,P050,1,570,0.1
O010905,P042,2,5470,0.05
O010906,P094,3,1100,0.3
O010907,P053,1,310,0.05
O010908,P047,1,1740,0.0
O010908,P033,1,2190,0.1
O010908,P051,1,700,0.0
O010908,P018,1,790,0.2
O010909,P028,2,430,
O010910,P077,1,4260,0.0
O010911,P020,1,1760,0.0
O010911,P004,1,1090,0.05
O010912,P096,2,260,0.0
O010913,P096,1,260,0.2
O010913,P080,1,660,0.0
O010914,P003,1,8480,0.2
O010914,P022,2,1690,0.3
O010914,P040,1,430,0.3
O010914,P052,1,260,0.0
O010915,P002,3,4330,0.3
O010915,P043,1,1220,0.0
O010916,P039,1,1980,0.2
O010917,P080,1,660,0.1
O010917,P085,1,1400,0.05
O010917,P008,1,5930,0.1
O010918,P052,1,260,0.0
O010918,P020,3,1760,0.3
O010918,P003,1,8480,0.2
O010919,P096,1,260,0.1
O010920,P029,1,570,
O010921,P079,1,630,0.0
O010922,P018,1,790,0.05
O010922,P033,1,2190,0.2
O010922,P092,1,1210,0.0
O010923,P047,2,1740,0.05
O010924,P005,1,1960,0.0
O010924,P008,1,5930,0.1
O010925,P079,1,630,0.2
O010926,P028,1,430,0.0
O010926,P007,1,1390,0.0
O010927,P020,2,1760,0.05
O010928,P080,1,660,0.3
O010929,P051,1,700,0.0
O010930,P036,1,490,0.0
O010931,P096,2,260,0.1
O010931,P020,1,1760,0.3
O010932,P060,1,330,0.0
O010933,P084,1,540,0.0
O010933,P055,2,210,0.0
O010934,P002,1,4330,0.05
O010934,P022,1,1690,0.0
O010935,P076,1,2640,0.0
O010935,P036,1,490,0.3
O010936,P096,1,260,0.0
O010937,P080,1,660,0.0
O010938,P007,2,1390,0.2
O010939,P088,2,2510,0.0
O010939,P052,2,260,0.05
O010940,P055,1,210,0.3
O010941,P062,1,400,0.0
O010942,P052,3,260,0.2
O010942,P055,1,210,0.0
O010943,P047,1,1740,0.0
O010944,P052,1,260,0.0
O010944,P088,1,2510,0.0
O010945,P080,3,660,0.0
O010946,P079,1,630,0.2
O010947,P053,1,310,0.05
O010948,P072,1,3800,0.0
O010949,P007,1,1390,0.0
O010950,P051,1,700,0.1
O010951,P006,1,5860,0.0
O010952,P003,1,8480,0.0
O010952,P053,1,310,0.0
O010953,P033,1,2190,0.1
O010954,P092,1,1210,0.1
O010954,P097,1,1960,0.0
O010955,P051,1,700,0.3
O010956,P047,1,1740,0.0
O010957,P074,3,890,0.0
O010957,P008,1,5930,0.05
O010958,P033,2,2190,0.0
O010958,P097,3,1960,0.1
O010959,P053,3,310,0.0
O010960,P084,1,540,0.0
O010961,P019,1,2290,0.2
O010962,P030,1,600,0.0
O010962,P052,1,260,0.0
O010963,P019,1,2290,0.0
O010964,P052,3,260,0.05
O010965,P031,1,700,0.05
O010965,P088,2,2510,0.0
O010965,P006,1,5860,0.2
O010965,P072,1,3800,0.0
O010966,P033,2,2190,0.0
O010967,P022,1,1690,0.3
O010967,P079,1,630,0.1
O010968,P048,1,600,0.0
O010969,P075,1,2130,0.0
O010969,P096,1,260,0.0
O010969,P057,1,360,0.1
O010970,P002,2,4330,0.0
O010970,P088,1,2510,0.1
O010971,P010,1,6950,0.05
O010972,P090,1,2690,0.0
O010973,P055,1,210,0.0
O010974,P069,1,250,0.1
O010975,P008,1,5930,0.0
O010975,P052,3,260,0.0
O010976,P008,1,5930,0.3
O010976,P092,1,1210,0.2
O010977,P052,1,260,0.0
O010977,P074,3,890,0.1
O010978,P020,1,1760,0.05
O010979,P055,1,210,0.0
O010979,P088,2,2510,0.0
O010980,P033,1,2190,0.0
O010981,P037,2,470,0.05
O010981,P051,1,700,0.05
O010981,P046,3,860,0.1
O010982,P050,1,570,0.0
O010983,P051,3,700,0.3
O010984,P051,1,700,0.1
O010985,P008,1,5930,0.0
O010985,P029,1,570,0.0
O010986,P005,2,1960,0.0
O010987,P007,1,1390,0.2
O010987,P050,3,570,0.0
O010987,P046,1,860,0.0
O010988,P024,1,540,0.1
O010989,P007,1,1390,0.0
O010990,P007,1,1390,0.1
O010991,P038,1,940,0.0
O010991,P002,1,4330,0.0
O010992,P096,3,260,0.0
O010992,P077,1,4260,0.0
O010993,P097,1,1960,
O010994,P079,1,630,0.1
O010995,P088,1,2510,0.0
O010996,P051,2,700,0.0
O010996,P047,1,1740,0.1
O010997,P096,1,260,0.2
O010997,P008,2,5930,0.1
O010998,P039,1,1980,0.0
O010998,P051,1,700,0.0
O010999,P014,1,1960,0.2
O010999,P059,3,240,0.0
O010999,P008,3,5930,0.2
O011000,P096,1,260,0.1
O011000,P022,1,1690,0.2
O011001,P090,1,2690,0.0
O011001,P096,1,260,0.0
O011002,P047,1,1740,0.0
O011002,P096,1,260,0.0
O011003,P019,2,2290,0.0
O011004,P017,2,1030,0.0
O011005,P031,1,700,0.0
O011006,P085,3,1400,0.0
O011007,P007,1,1390,0.2
O011008,P060,1,330,0.0
O011009,P008,1,5930,0.1
O011009,P024,3,540,0.3
O011010,P047,1,1740,0.1
O011011,P021,1,620,0.0
O011011,P081,2,2850,0.3
O011012,P096,1,260,0.0
O011013,P022,2,1690,0.1
O011014,P007,1,1390,0.2
O011014,P054,1,480,0.1
O011014,P079,2,630,0.0
O011014,P020,2,1760,0.3
O011014,P096,1,260,0.0
O011015,P022,1,1690,0.0
O011015,P070,3,800,0.05
O011016,P079,1,630,0.0
O011016,P047,1,1740,0.0
O011017,P050,2,570,0.0
O011017,P088,2,2510,0.0
O011017,P061,1,660,0.0
O011018,P096,1,260,0.05
O011018,P074,1,890,0.3
O011019,P036,2,490,0.0
O011020,P092,1,1210,0.1
O011020,P052,2,260,0.0
O011021,P020,1,1760,0.0
O011021,P042,1,5470,0.1
O011022,P043,2,1220,0.0
O011023,P079,1,630,0.0
O011024,P018,1,790,0.0
O011024,P078,2,3260,0.0
O011025,P055,2,210,0.2
O011026,P034,1,490,0.1
O011027,P033,1,2190,0.3
O011027,P082,1,580,0.2
O011028,P031,1,700,0.05
O011029,P081,1,2850,0.1
O011029,P008,1,5930,0.0
O011030,P076,1,2640,0.0
O011030,P057,1,360,0.0
O011031,P051,2,700,0.0
O011032,P052,2,260,0.0
O011033,P033,1,2190,0.1
O011033,P018,3,790,0.0
O011033,P073,2,3790,0.1
O011034,P096,1,260,0.05
O011034,P003,1,8480,0.0
O011035,P007,1,1390,0.2
O011035,P075,1,2130,0.2
O011036,P079,1,630,0.0
O011037,P008,2,5930,0.0
O011038,P070,1,800,0.3
O011039,P076,1,2640,0.1
O011040,P058,2,420,0.3
O011040,P022,1,1690,0.05
O011040,P088,3,2510,0.05
O011041,P033,2,2190,0.05
O011042,P030,2,600,0.0
O011043,P002,1,4330,0.0
O011044,P043,1,1220,0.1
O011044,P098,1,930,0.2
O011044,P047,1,1740,0.1
O011045,P045,1,630,0.1
O011045,P088,1,2510,0.2
O011046,P052,1,260,0.0
O011046,P050,1,570,0.0
O011047,P055,2,210,0.0
O011047,P086,1,1840,0.2
O011048,P042,1,5470,0.0
O011048,P045,1,630,0.0
O011049,P033,1,2190,0.0
O011049,P079,1,630,0.2
O011050,P007,1,1390,0.1
O011050,P043,3,1220,0.0
O011051,P078,1,3260,0.0
O011052,P052,2,260,0.1
O011053,P078,1,3260,0.3
O011054,P028,1,430,0.0
O011054,P029,1,570,0.0
O011055,P051,1,700,0.05
O011056,P088,1,2510,0.0
O011057,P033,2,2190,0.2
O011058,P058,1,420,0.2
O011059,P054,2,480,0.1
O011060,P012,2,1160,0.3
O011060,P006,1,5860,0.05
O011061,P028,1,430,0.0
O011062,P051,3,700,0.0
O011062,P026,1,2100,0.2
O011062,P054,1,480,0.05
O011063,P098,2,930,0.0
O011064,P038,1,940,0.0
O011065,P020,1,1760,0.0
O011066,P076,2,2640,0.0
O011066,P042,1,5470,0.0
O011067,P007,2,1390,0.2
O011067,P079,1,630,0.1
O011067,P080,3,660,0.05
O011068,P052,2,260,0.1
O011069,P092,2,1210,0.0
O011070,P053,2,310,0.2
O011070,P052,1,260,0.0
O011071,P072,1,3800,0.0
O011072,P078,1,3260,0.05
O011073,P040,1,430,0.2
O011073,P071,1,450,0.0
O011073,P033,1,2190,0.1
O011073,P002,2,4330,0.05
O011073,P020,1,1760,0.1
O011074,P013,1,4850,0.0
O011074,P012,1,1160,0.1
O011075,P092,3,1210,0.0
O011075,P001,1,5210,0.1
O011076,P069,3,250,0.0
O011076,P002,1,4330,0.05
O011076,P049,1,870,0.0
O011076,P070,2,800,0.0
O011077,P055,1,210,0.1
O011077,P033,1,2190,0.1
O011078,P096,2,260,0.3
O011078,P059,1,240,0.0
O011079,P040,1,430,0.1
O011080,P020,3,1760,0.1
O011081,P028,1,430,0.3
O011082,P018,2,790,0.0
O011083,P052,2,260,0.1
O011083,P092,1,1210,0.0
O011083,P079,1,630,0.2
O011084,P062,1,400,0.1
O011085,P096,1,260,0.0
O011085,P028,2,430,0.0
O011086,P020,1,1760,0.0
O011086,P052,1,260,0.3
O011087,P025,1,1700,0.2
O011088,P043,1,1220,0.0
O011088,P025,1,1700,0.0
O011089,P081,3,2850,0.0
O011089,P004,2,1090,0.05
O011090,P053,2,310,0.05
O011091,P050,1,570,0.05
O011092,P024,1,540,0.0
O011092,P020,1,1760,0.05
O011093,P037,1,470,0.0
O011094,P018,1,790,0.0
O011095,P015,1,600,0.1
O011096,P096,1,260,0.05
O011097,P096,1,260,0.0
O011097,P009,1,5010,0.05
O011097,P007,1,1390,0.0
O011098,P043,3,1220,0.0
O011098,P028,1,430,0.3
O011098,P079,1,630,0.1
O011099,P054,1,480,0.0
O011099,P007,1,1390,0.0
O011099,P020,1,1760,0.1
O011100,P079,1,630,0.0
O011100,P028,1,430,0.0
O011100,P034,2,490,0.0
O011101,P037,3,470,0.0
O011102,P052,1,260,0.05
O011103,P017,2,1030,0.2
O011104,P033,2,2190,0.2
O011105,P033,1,2190,0.0
O011106,P043,1,1220,0.2
O011107,P020,1,1760,0.0
O011108,P052,1,260,0.0
O011108,P033,2,2190,0.2
O011108,P032,2,1590,0.2
O011108,P092,1,1210,0.0
O011109,P007,1,1390,0.2
O011109,P024,1,540,0.0
O011109,P081,1,2850,0.2
O011110,P034,1,490,0.0
O011110,P088,1,2510,0.2
O011111,P079,1,630,0.05
O011112,P025,3,1700,0.0
O011113,P014,1,1960,0.05
O011113,P096,1,260,0.05
O011113,P051,1,700,0.0
O011114,P096,1,260,0.0
O011115,P054,1,480,0.0
O011116,P074,1,890,0.0
O011117,P047,2,1740,0.0
O011117,P057,2,360,0.0
O011117,P021,1,620,0.0
O011118,P047,1,1740,0.0
O011119,P080,1,660,0.0
O011120,P069,1,250,0.0
O011120,P056,1,1440,
O011121,P007,1,1390,0.1
O011122,P086,1,1840,0.2
O011122,P056,2,1440,0.0
O011123,P096,1,260,0.0
O011123,P052,1,260,0.2
O011123,P054,1,480,0.0
O011124,P033,1,2190,0.0
O011124,P004,1,1090,0.2
O011124,P051,2,700,0.3
O011125,P020,1,1760,0.05
O011125,P033,1,2190,0.1
O011126,P045,1,630,0.2
O011126,P079,1,630,0.0
O011127,P009,2,5010,0.05
O011127,P022,1,1690,0.05
O011128,P035,1,390,0.2
O011128,P052,1,260,0.0
O011129,P061,1,660,0.0
O011130,P096,1,260,0.05
O011130,P033,1,2190,0.2
O011131,P084,1,540,0.3
O011132,P081,2,2850,0.0
O011133,P053,1,310,0.0
O011134,P015,1,600,0.05
O011135,P022,3,1690,0.0
O011135,P054,2,480,0.05
O011135,P008,2,5930,0.2
O011136,P052,1,260,0.0
O011137,P003,1,8480,0.0
O011137,P052,1,260,0.1
O011138,P082,1,580,0.3
O011138,P047,1,1740,0.05
O011138,P080,1,660,0.2
O011139,P008,1,5930,0.0
O011140,P003,1,8480,0.05
O011141,P053,1,310,0.3
O011142,P047,1,1740,0.3
O011142,P053,1,310,0.0
O011143,P006,1,5860,0.3
O011143,P020,1,1760,0.05
O011144,P022,1,1690,0.0
O011145,P008,1,5930,0.3
O011145,P054,2,480,0.2
O011146,P010,3,6950,0.2
O011147,P001,3,5210,0.1
O011147,P054,1,480,0.0
O011148,P047,1,1740,0.1
O011148,P002,2,4330,0.0
O011149,P033,1,2190,0.0
O011149,P015,1,600,0.1
O011149,P098,1,930,0.0
O011150,P031,1,700,0.1
O011150,P020,1,1760,0.05
O011150,P012,1,1160,0.3
O011151,P045,1,630,0.3
O011152,P096,1,260,0.05
O011152,P012,1,1160,0.05
O011153,P028,3,430,0.0
O011154,P096,1,260,0.2
O011155,P079,2,630,0.0
O011155,P020,1,1760,0.0
O011156,P096,1,260,0.2
O011156,P070,1,800,0.3
O011156,P051,1,700,0.1
O011157,P020,2,1760,0.0
O011158,P047,1,1740,0.0
O011158,P079,1,630,0.0
O011158,P008,1,5930,0.05
O011158,P060,2,330,0.2
O011158,P028,1,430,0.1
O011159,P033,1,2190,0.1
O011160,P091,1,2490,0.3
O011160,P015,3,600,0.0
O011161,P030,1,600,0.0
O011162,P082,3,580,0.0
O011162,P031,1,700,0.3
O011163,P020,1,1760,0.1
O011163,P080,1,660,0.0
O011164,P069,1,250,0.0
O011165,P022,1,1690,0.0
O011165,P088,1,2510,0.0
O011166,P030,1,600,0.2
O011167,P081,1,2850,0.0
O011168,P078,2,3260,0.05
O011168,P079,1,630,0.0
O011168,P082,1,580,0.0
O011169,P018,2,790,0.0
O011170,P080,1,660,0.0
O011170,P092,2,1210,0.3
O011171,P050,1,570,0.1
O011171,P001,1,5210,0.0
O011172,P006,1,5860,0.1
O011173,P020,2,1760,
O011174,P053,1,310,0.3
O011174,P092,1,1210,0.0
O011175,P026,2,2100,0.05
O011175,P053,2,310,0.0
O011176,P040,1,430,0.2
O011176,P079,1,630,0.0
O011177,P096,1,260,0.0
O011178,P059,2,240,0.3
O011178,P028,1,430,0.0
O011178,P042,1,5470,0.3
O011179,P052,3,260,0.2
O011179,P053,1,310,0.3
O011180,P096,1,260,0.0
O011181,P039,2,1980,0.1
O011181,P088,1,2510,0.1
O011182,P028,1,430,0.0
O011183,P096,1,260,0.3
O011184,P053,1,310,0.05
O011184,P079,2,630,0.0
O011184,P080,1,660,0.0
O011185,P020,2,1760,0.0
O011185,P096,2,260,0.0
O011186,P085,3,1400,0.3
O011186,P006,1,5860,0.2
O011187,P010,1,6950,0.05
O011187,P036,2,490,0.0
O011188,P050,1,570,0.0
O011189,P052,1,260,0.2
O011190,P054,2,480,0.3
O011191,P096,1,260,0.0
O011191,P035,2,390,0.3
O011192,P001,3,5210,0.0
O011193,P036,1,490,0.1
O011194,P051,1,700,0.2
O011194,P079,3,630,0.0
O011194,P052,1,260,0.0
O011194,P031,1,700,0.1
O011195,P096,1,260,0.0
O011195,P020,2,1760,0.2
O011196,P002,1,4330,0.0
O011197,P054,1,480,0.2
O011197,P051,3,700,0.0
O011197,P080,1,660,0.1
O011198,P080,1,660,0.0
O011198,P006,1,5860,0.05
O011199,P025,1,1700,0.3
O011199,P008,1,5930,0.0
O011200,P078,1,3260,0.2
O011201,P047,1,1740,0.1
O011202,P043,1,1220,0.0
O011202,P088,2,2510,0.0
O011203,P033,2,2190,0.0
O011203,P092,1,1210,0.0
O011204,P054,2,480,0.05
O011204,P022,1,1690,0.3
O011205,P082,1,580,0.3
O011206,P051,1,700,0.05
O011207,P001,1,5210,0.1
O011207,P071,1,450,0.05
O011208,P047,1,1740,0.0
O011209,P028,3,430,0.3
O011209,P050,1,570,0.1
O011210,P062,1,400,0.2
O011211,P047,1,1740,0.0
O011211,P088,1,2510,0.0
O011211,P054,3,480,0.0
O011212,P096,2,260,0.1
O011213,P079,1,630,0.2
O011214,P053,1,310,0.0
O011215,P041,1,4560,0.2
O011215,P033,1,2190,0.05
O011215,P047,1,1740,0.05
O011216,P022,1,1690,0.2
O011216,P020,1,1760,0.2
O011217,P071,1,450,0.3
O011218,P080,3,660,0.0
O011219,P078,2,3260,0.0
O011219,P029,2,570,0.05
O011220,P038,1,940,0.2
O011220,P080,3,660,0.0
O011220,P096,2,260,0.0
O011221,P079,1,630,0.05
O011222,P047,1,1740,0.05
O011223,P080,1,660,0.1
O011223,P007,1,1390,0.1
O011224,P060,1,330,0.0
O011225,P022,1,1690,0.1
O011225,P079,2,630,0.0
O011225,P082,1,580,0.3
O011226,P050,1,570,0.0
O011227,P035,1,390,0.0
O011228,P096,2,260,0.3
O011229,P051,1,700,0.05
O011230,P047,1,1740,0.05
O011231,P017,1,1030,0.0
O011231,P006,2,5860,0.0
O011232,P002,2,4330,0.0
O011232,P012,1,1160,0.1
O011233,P096,1,260,0.0
O011233,P079,2,630,0.0
O011234,P096,1,260,0.05
O011234,P068,1,260,0.0
O011235,P033,3,2190,0.1
O011236,P080,2,660,0.1
O011237,P077,2,4260,0.2
O011237,P096,1,260,0.2
O011238,P002,1,4330,0.0
O011238,P086,1,1840,0.0
O011239,P047,1,1740,0.0
O011240,P050,1,570,0.3
O011240,P033,3,2190,
O011241,P051,1,700,0.2
O011241,P007,1,1390,0.2
O011242,P012,1,1160,0.0
O011243,P092,1,1210,0.05
O011243,P032,2,1590,0.0
O011244,P033,1,2190,0.05
O011244,P096,1,260,0.2
O011245,P057,1,360,0.0
O011246,P080,1,660,0.0
O011247,P028,1,430,0.05
O011248,P096,1,260,0.0
O011248,P031,1,700,0.3
O011249,P096,1,260,0.05
O011250,P032,2,1590,0.1
O011250,P079,1,630,0.1
O011250,P008,1,5930,0.0
O011251,P047,1,1740,0.2
O011251,P079,1,630,0.3
O011252,P071,1,450,0.0
O011252,P006,1,5860,0.1
O011253,P052,1,260,0.1
O011253,P008,1,5930,0.1
O011254,P030,1,600,0.3
O011255,P090,1,2690,0.05
O011255,P020,1,1760,0.0
O011256,P047,1,1740,0.0
O011256,P033,1,2190,0.0
O011257,P080,1,660,0.0
O011258,P040,1,430,0.0
O011259,P047,1,1740,0.1
O011259,P013,1,4850,0.1
O011260,P090,2,2690,0.0
O011261,P033,2,2190,0.3
O011261,P086,1,1840,0.0
O011261,P061,1,660,0.0
O011261,P069,1,250,0.2
O011262,P051,1,700,0.2
O011263,P063,1,500,0.2
O011264,P053,1,310,0.05
O011265,P096,2,260,0.2
O011266,P098,1,930,0.2
O011266,P040,1,430,0.1
O011266,P020,1,1760,0.0
O011266,P078,1,3260,0.05
O011267,P033,1,2190,0.0
O011268,P076,1,2640,0.0
O011268,P079,1,630,0.1
O011269,P034,3,490,0.0
O011270,P086,1,1840,0.2
O011271,P022,1,1690,0.0
O011271,P033,1,2190,0.0
O011271,P052,1,260,0.0
O011272,P096,2,260,0.0
O011273,P007,1,1390,0.0
O011273,P096,1,260,0.1
O011274,P008,1,5930,0.0
O011275,P043,1,1220,0.1
O011276,P079,2,630,0.3
O011276,P007,1,1390,0.0
O011277,P020,1,1760,0.0
O011277,P083,1,710,0.0
O011278,P008,1,5930,0.0
O011279,P096,1,260,0.1
O011280,P079,1,630,0.0
O011280,P051,1,700,0.1
O011281,P033,1,2190,0.0
O011282,P060,1,330,0.0
O011283,P075,1,2130,0.0
O011283,P053,1,310,0.0
O011284,P005,1,1960,0.05
O011284,P081,1,2850,0.05
O011285,P010,1,6950,0.0
O011286,P020,1,1760,0.05
O011287,P074,1,890,0.0
O011288,P052,2,260,0.0
O011289,P079,2,630,0.05
O011289,P007,3,1390,0.0
O011290,P078,1,3260,0.0
O011290,P090,1,2690,0.05
O011290,P092,1,1210,0.0
O011291,P021,1,620,0.3
O011292,P033,1,2190,0.1
O011293,P079,2,630,0.0
O011294,P026,1,2100,0.0
O011295,P070,1,800,0.05
O011296,P024,1,540,0.1
O011296,P097,1,1960,0.1
O011297,P078,2,3260,0.2
O011297,P005,1,1960,0.0
O011298,P079,1,630,0.1
O011298,P033,1,2190,0.0
O011299,P079,2,630,0.0
O011300,P020,1,1760,0.0
O011300,P079,2,630,0.1
O011301,P068,2,260,0.0
O011302,P092,1,1210,0.1
O011302,P012,1,1160,0.0
O011303,P002,1,4330,0.0
O011303,P096,2,260,0.1
O011303,P026,1,2100,0.0
O011304,P069,1,250,0.3
O011304,P096,1,260,0.0
O011304,P088,1,2510,0.2
O011305,P052,3,260,0.1
O011305,P065,2,180,0.0
O011306,P002,1,4330,0.1
O011306,P077,1,4260,0.1
O011307,P079,1,630,0.05
O011308,P052,1,260,0.0
O011309,P080,1,660,0.0
O011310,P088,1,2510,0.05
O011310,P008,1,5930,0.1
O011311,P028,1,430,0.0
O011312,P050,3,570,0.0
O011313,P096,1,260,0.05
O011314,P096,1,260,0.1
O011314,P033,1,2190,0.2
O011314,P008,2,5930,0.05
O011314,P020,1,1760,0.2
O011315,P008,1,5930,0.1
O011316,P033,1,2190,0.1
O011316,P096,1,260,0.2
O011317,P008,1,5930,0.05
O011317,P088,1,2510,0.0
O011318,P061,1,660,0.0
O011318,P054,1,480,0.0
O011319,P080,1,660,0.05
O011319,P074,1,890,0.0
O011320,P005,1,1960,0.3
O011320,P096,1,260,0.0
O011321,P088,1,2510,0.1
O011322,P034,1,490,0.1
O011323,P002,1,4330,0.2
O011323,P012,1,1160,0.1
O011324,P096,1,260,0.0
O011325,P053,1,310,0.1
O011326,P088,2,2510,0.0
O011327,P034,1,490,0.0
O011327,P033,1,2190,0.1
O011327,P092,1,1210,0.0
O011328,P006,1,5860,0.1
O011329,P007,1,1390,0.05
O011330,P072,1,3800,0.05
O011330,P051,1,700,0.0
O011331,P081,1,2850,0.0
O011331,P051,3,700,0.0
O011331,P069,2,250,0.0
O011332,P096,1,260,0.0
O011332,P031,1,700,0.0
O011332,P054,1,480,0.05
O011332,P074,1,890,0.0
O011333,P020,1,1760,0.0
O011333,P055,1,210,0.05
O011334,P053,1,310,0.1
O011334,P059,1,240,0.0
O011335,P008,2,5930,0.0
O011335,P012,1,1160,0.2
O011336,P036,1,490,0.0
O011336,P073,1,3790,0.3
O011337,P074,1,890,0.2
O011338,P054,1,480,0.0
O011339,P002,1,4330,0.0
O011339,P030,1,600,0.0
O011339,P006,2,5860,0.3
O011340,P085,3,1400,0.05
O011340,P030,1,600,0.0
O011341,P050,1,570,0.05
O011342,P001,1,5210,0.0
O011343,P063,1,500,0.0
O011344,P027,1,1330,0.0
O011344,P020,1,1760,0.0
O011345,P028,2,430,0.0
O011346,P092,1,1210,0.1
O011346,P081,1,2850,0.1
O011347,P033,2,2190,0.0
O011347,P014,1,1960,0.2
O011348,P042,1,5470,0.1
O011348,P080,1,660,0.1
O011348,P052,1,260,0.0
O011349,P020,2,1760,0.1
O011350,P033,1,2190,0.2
O011351,P003,2,8480,0.1
O011352,P020,1,1760,0.0
O011353,P052,2,260,0.05
O011354,P006,2,5860,0.0
O011355,P049,3,870,0.05
O011355,P096,1,260,0.0
O011356,P053,1,310,0.05
O011356,P005,1,1960,0.0
O011357,P073,1,3790,0.05
O011357,P039,1,1980,0.0
O011358,P090,1,2690,0.05
O011359,P004,1,1090,0.0
O011359,P079,3,630,0.0
O011360,P017,2,1030,0.2
O011361,P096,1,260,0.0
O011362,P008,1,5930,0.2
O011362,P019,1,2290,0.1
O011363,P047,2,1740,0.05
O011364,P018,2,790,0.05
O011364,P079,1,630,0.0
O011365,P092,1,1210,0.0
O011365,P014,1,1960,0.0
O011366,P094,1,1100,0.0
O011367,P033,1,2190,0.2
O011367,P045,3,630,0.05
O011368,P096,2,260,0.1
O011369,P091,1,2490,0.1
O011369,P020,1,1760,0.0
O011370,P096,1,260,0.2
O011370,P033,3,2190,0.2
O011371,P052,1,260,0.1
O011371,P096,1,260,0.0
O011371,P003,1,8480,0.0
O011372,P079,1,630,0.05
O011373,P092,2,1210,0.0
O011373,P020,1,1760,0.1
O011373,P052,2,260,0.0
O011374,P079,2,630,0.0
O011375,P045,1,630,0.2
O011375,P052,3,260,0.0
O011376,P075,1,2130,0.0
O011377,P047,1,1740,0.0
O011377,P030,1,600,0.2
O011378,P054,1,480,0.1
O011379,P003,1,8480,0.3
O011380,P079,1,630,0.0
O011381,P080,1,660,0.1
O011382,P008,1,5930,0.1
O011383,P085,1,1400,0.05
O011383,P082,3,580,0.0
O011384,P028,1,430,0.0
O011385,P082,1,580,0.1
O011385,P080,3,660,0.05
O011386,P070,2,800,0.0
O011387,P075,2,2130,0.1
O011387,P042,1,5470,0.0
O011388,P053,1,310,0.0
O011389,P043,1,1220,0.1
O011389,P080,1,660,0.05
O011390,P022,1,1690,0.05
O011390,P079,2,630,0.0
O011390,P054,1,480,0.2
O011391,P076,1,2640,0.05
O011391,P070,1,800,0.05
O011392,P028,1,430,0.0
O011392,P047,1,1740,0.0
O011392,P059,1,240,0.0
O011393,P033,1,2190,0.2
O011393,P020,1,1760,0.05
O011394,P092,1,1210,0.05
O011395,P082,1,580,0.2
O011395,P051,1,700,0.0
O011396,P096,2,260,0.0
O011396,P010,1,6950,0.0
O011397,P020,2,1760,0.0
O011397,P033,1,2190,0.0
O011398,P096,1,260,0.0
O011399,P051,1,700,0.0
O011400,P080,2,660,0.0
O011401,P033,1,2190,0.05
O011401,P028,1,430,0.05
O011402,P012,2,1160,0.3
O011403,P043,1,1220,0.1
O011403,P080,1,660,0.05
O011404,P092,2,1210,0.0
O011404,P052,2,260,0.0
O011404,P015,1,600,
O011405,P052,3,260,0.1
O011406,P022,2,1690,0.0
O011406,P028,1,430,0.3
O011407,P051,1,700,0.0
O011408,P042,1,5470,0.05
O011408,P014,1,1960,0.1
O011409,P034,1,490,0.1
O011410,P060,1,330,0.0
O011410,P052,1,260,0.3
O011411,P035,1,390,0.1
O011412,P008,1,5930,0.0
O011412,P054,1,480,0.0
O011413,P082,1,580,0.05
O011413,P078,1,3260,0.0
O011414,P033,1,2190,0.1
O011414,P032,2,1590,0.0
O011414,P094,1,1100,0.0
O011415,P085,1,1400,0.1
O011416,P007,1,1390,0.1
O011417,P006,1,5860,0.0
O011418,P096,1,260,0.2
O011418,P052,1,260,0.3
O011419,P033,1,2190,0.0
O011420,P033,1,2190,0.05
O011420,P008,1,5930,0.3
O011421,P008,1,5930,0.05
O011422,P052,2,260,0.3
O011423,P052,3,260,0.05
O011424,P014,1,1960,0.0
O011424,P018,1,790,0.0
O011425,P075,1,2130,0.05
O011426,P033,3,2190,0.05
O011426,P040,1,430,0.2
O011427,P079,2,630,0.0
O011427,P080,1,660,0.0
O011428,P080,1,660,0.0
O011429,P044,1,260,0.1
O011430,P054,2,480,0.1
O011431,P047,1,1740,0.0
O011432,P080,1,660,0.1
O011432,P024,1,540,0.3
O011433,P012,1,1160,0.1
O011434,P008,1,5930,0.05
O011435,P073,2,3790,0.0
O011436,P018,3,790,0.0
O011437,P055,1,210,0.2
O011438,P079,3,630,0.2
O011439,P094,1,1100,0.1
O011440,P088,1,2510,0.1
O011440,P033,1,2190,0.2
O011441,P047,1,1740,0.3
O011442,P096,1,260,0.0
O011443,P088,1,2510,0.0
O011444,P069,1,250,0.3
O011445,P033,3,2190,
O011446,P088,1,2510,0.0
O011447,P021,1,620,0.0
O011448,P051,1,700,0.0
O011448,P042,1,5470,0.3
O011448,P002,1,4330,0.0
O011449,P007,1,1390,0.3
O011450,P027,2,1330,0.2
O011451,P079,1,630,0.1
O011452,P080,1,660,0.0
O011453,P051,1,700,0.0
O011453,P002,1,4330,0.2
O011453,P033,1,2190,0.0
O011454,P008,3,5930,0.2
O011455,P011,2,1280,0.05
O011455,P052,1,260,0.05
O011456,P043,1,1220,0.0
O011456,P010,1,6950,0.05
O011456,P051,1,700,0.0
O011457,P002,1,4330,0.0
O011458,P007,3,1390,0.3
O011458,P079,1,630,0.0
O011459,P033,2,2190,0.3
O011459,P076,2,2640,0.1
O011460,P078,1,3260,0.1
O011461,P053,3,310,0.0
O011462,P001,1,5210,0.1
O011462,P033,3,2190,0.0
O011463,P054,1,480,0.05
O011463,P047,1,1740,0.0
O011463,P096,1,260,0.0
O011464,P029,1,570,0.1
O011465,P047,1,1740,0.3
O011466,P009,1,5010,0.05
O011467,P020,1,1760,0.0
O011468,P006,1,5860,0.0
O011468,P096,1,260,0.0
O011468,P002,1,4330,0.0
O011469,P074,1,890,0.0
O011469,P005,2,1960,0.0
O011470,P043,2,1220,0.0
O011470,P042,1,5470,0.1
O011471,P040,1,430,0.0
O011471,P002,1,4330,0.1
O011472,P001,1,5210,0.05
O011472,P063,1,500,0.2
O011473,P002,1,4330,0.2
O011474,P020,1,1760,0.0
O011475,P020,1,1760,0.0
O011475,P053,1,310,0.0
O011476,P045,1,630,0.2
O011477,P012,1,1160,0.3
O011478,P077,3,4260,0.0
O011478,P042,1,5470,0.2
O011479,P051,1,700,0.0
O011479,P054,1,480,0.0
O011480,P047,1,1740,0.1
O011481,P031,2,700,0.0
O011482,P002,1,4330,0.0
O011483,P029,1,570,0.05
O011484,P079,1,630,0.0
O011485,P009,2,5010,0.0
O011486,P081,1,2850,0.05
O011487,P020,1,1760,0.0
O011487,P062,1,400,0.05
O011488,P088,1,2510,0.05
O011488,P012,1,1160,0.0
O011488,P079,1,630,0.3
O011489,P042,2,5470,0.3
O011490,P007,1,1390,0.05
O011490,P008,1,5930,0.1
O011491,P051,1,700,0.0
O011492,P054,3,480,0.0
O011493,P090,1,2690,0.05
O011493,P096,3,260,0.1
O011494,P043,1,1220,0.05
O011495,P052,1,260,0.05
O011495,P079,1,630,0.0
O011495,P057,2,360,0.0
O011496,P092,1,1210,0.0
O011496,P080,1,660,0.05
O011496,P097,1,1960,0.3
O011497,P034,1,490,0.0
O011498,P086,1,1840,0.05
O011498,P088,1,2510,0.0
O011499,P013,1,4850,0.2
O011499,P033,1,2190,0.3
O011499,P071,1,450,0.3
O011499,P028,1,430,0.1
O011500,P020,1,1760,0.0
O011500,P019,1,2290,0.0
O011500,P053,2,310,0.2
O011501,P077,1,4260,0.2
O011502,P020,1,1760,0.0
O011503,P007,2,1390,0.0
O011504,P004,1,1090,0.2
O011504,P052,1,260,0.2
O011504,P030,3,600,0.2
O011505,P014,1,1960,0.0
O011506,P040,1,430,0.0
O011506,P007,1,1390,0.0
O011506,P031,1,700,0.1
O011506,P033,1,2190,0.0
O011507,P056,1,1440,0.1
O011508,P043,1,1220,0.1
O011509,P096,2,260,0.2
O011510,P012,1,1160,0.3
O011510,P070,1,800,0.0
O011510,P029,1,570,0.0
O011511,P052,1,260,0.0
O011512,P007,2,1390,0.3
O011513,P096,1,260,0.05
O011513,P040,2,430,0.2
O011514,P096,2,260,0.05
O011515,P054,2,480,0.2
O011516,P018,1,790,0.0
O011516,P008,1,5930,0.05
O011517,P022,1,1690,0.0
O011517,P062,1,400,0.0
O011518,P052,1,260,0.1
O011518,P081,3,2850,0.05
O011519,P007,2,1390,0.05
O011519,P079,3,630,0.0
O011519,P020,1,1760,0.0
O011520,P051,1,700,0.1
O011521,P073,1,3790,0.05
O011521,P079,3,630,0.1
O011522,P096,1,260,0.1
O011523,P079,1,630,0.1
O011523,P003,1,8480,0.05
O011524,P031,2,700,0.0
O011525,P096,1,260,0.05
O011525,P043,1,1220,0.0
O011526,P077,1,4260,0.0
O011527,P091,1,2490,0.0
O011528,P082,1,580,0.0
O011529,P080,2,660,0.0
O011529,P047,1,1740,0.05
O011530,P098,1,930,0.0
O011531,P096,1,260,0.0
O011532,P088,3,2510,0.0
O011532,P087,2,1570,0.0
O011532,P080,3,660,0.1
O011533,P076,3,2640,0.0
O011534,P041,1,4560,0.1
O011534,P068,1,260,0.0
O011534,P073,3,3790,0.0
O011535,P080,1,660,0.2
O011535,P043,1,1220,0.0
O011536,P008,3,5930,0.0
O011537,P092,1,1210,0.2
O011538,P022,1,1690,0.0
O011538,P052,1,260,0.0
O011538,P015,1,600,0.0
O011539,P052,1,260,0.0
O011540,P008,1,5930,0.0
O011541,P002,3,4330,0.0
O011541,P048,1,600,0.1
O011542,P079,1,630,0.2
O011542,P022,2,1690,0.3
O011543,P071,1,450,0.0
O011544,P008,1,5930,0.0
O011545,P020,1,1760,0.0
O011545,P043,1,1220,0.05
O011546,P052,2,260,0.2
O011546,P016,3,650,0.1
O011546,P082,1,580,0.2
O011547,P033,1,2190,0.3
O011548,P088,1,2510,0.0
O011549,P030,1,600,0.2
O011550,P047,3,1740,0.0
O011551,P033,1,2190,0.0
O011551,P012,1,1160,0.0
O011552,P002,1,4330,0.3
O011553,P057,2,360,0.05
O011554,P012,2,1160,0.0
O011555,P033,1,2190,0.05
O011556,P047,1,1740,0.1
O011556,P080,1,660,0.05
O011557,P008,1,5930,0.0
O011557,P077,1,4260,0.2
O011558,P033,1,2190,0.0
O011558,P070,1,800,0.3
O011559,P051,1,700,0.0
O011559,P008,1,5930,0.05
O011560,P022,1,1690,0.05
O011561,P077,1,4260,0.0
O011562,P052,2,260,0.0
O011563,P047,1,1740,0.0
O011563,P023,2,2180,0.2
O011564,P081,1,2850,0.1
O011565,P096,2,260,0.1
O011566,P033,1,2190,0.0
O011566,P047,1,1740,0.0
O011567,P062,1,400,0.0
O011568,P009,1,5010,0.05
O011568,P088,3,2510,0.0
O011569,P020,1,1760,0.0
O011570,P079,1,630,0.0
O011571,P008,1,5930,0.2
O011572,P066,2,160,0.0
O011572,P003,1,8480,0.05
O011573,P007,1,1390,0.0
O011573,P011,1,1280,0.3
O011574,P094,3,1100,0.05
O011575,P020,2,1760,0.0
O011576,P088,3,2510,0.05
O011577,P004,1,1090,0.1
O011578,P081,3,2850,0.0
O011579,P080,3,660,0.0
O011580,P022,1,1690,0.0
O011581,P024,1,540,0.0
O011581,P033,1,2190,0.0
O011581,P004,2,1090,0.0
O011582,P038,1,940,0.0
O011582,P033,1,2190,0.3
O011583,P096,1,260,0.05
O011584,P020,2,1760,0.1
O011585,P008,1,5930,0.0
O011586,P052,1,260,0.0
O011587,P002,2,4330,0.0
O011587,P084,2,540,0.0
O011588,P030,1,600,0.05
O011589,P075,2,2130,0.0
O011589,P054,1,480,0.2
O011589,P096,1,260,0.2
O011590,P009,1,5010,0.1
O011591,P020,1,1760,0.3
O011591,P088,1,2510,0.3
O011592,P052,1,260,0.0
O011593,P045,1,630,0.0
O011594,P065,1,180,0.0
O011595,P076,1,2640,0.0
O011596,P012,1,1160,0.0
O011596,P047,1,1740,0.0
O011597,P053,1,310,0.0
O011597,P050,1,570,0.0
O011597,P082,1,580,0.2
O011597,P059,1,240,0.0
O011597,P020,2,1760,0.0
O011598,P003,2,8480,0.3
O011599,P033,1,2190,0.0
O011599,P006,2,5860,0.0
O011600,P057,1,360,0.0
O011600,P012,2,1160,0.1
O011601,P064,2,550,0.0
O011602,P082,2,580,0.2
O011603,P006,1,5860,0.0
O011604,P051,1,700,0.05
O011605,P022,1,1690,0.0
O011606,P080,1,660,0.05
O011607,P006,3,5860,0.2
O011607,P052,1,260,0.3
O011608,P076,1,2640,0.1
O011609,P078,1,3260,0.1
O011609,P045,1,630,0.1
O011610,P057,1,360,0.05
O011611,P043,1,1220,
O011611,P096,3,260,0.0
O011612,P077,2,4260,0.05
O011612,P042,1,5470,0.0
O011613,P011,2,1280,0.1
O011613,P079,1,630,0.0
O011613,P002,1,4330,0.0
O011614,P008,1,5930,0.2
O011614,P047,1,1740,0.05
O011615,P011,2,1280,0.0
O011615,P008,1,5930,0.0
O011615,P096,1,260,0.3
O011616,P020,1,1760,0.05
O011616,P028,2,430,0.0
O011616,P096,1,260,0.0
O011617,P078,1,3260,0.05
O011618,P020,3,1760,0.3
O011619,P025,1,1700,0.2
O011619,P087,1,1570,0.1
O011620,P033,1,2190,0.1
O011621,P052,1,260,0.0
O011622,P022,1,1690,0.0
O011622,P076,2,2640,0.05
O011623,P067,1,290,0.0
O011623,P007,1,1390,0.0
O011623,P052,1,260,0.1
O011623,P008,1,5930,0.05
O011624,P052,1,260,0.0
O011624,P047,1,1740,0.0
O011625,P022,1,1690,0.0
O011625,P020,1,1760,0.0
O011626,P052,1,260,0.0
O011627,P021,3,620,0.2
O011628,P003,3,8480,0.3
O011628,P020,1,1760,0.05
O011628,P064,1,550,0.0
O011629,P077,1,4260,0.3
O011630,P042,1,5470,0.0
O011630,P028,1,430,0.2
O011630,P008,1,5930,0.1
O011631,P074,1,890,0.0
O011631,P030,1,600,0.3
O011632,P050,1,570,0.0
O011633,P079,1,630,0.0
O011634,P088,1,2510,0.0
O011635,P054,1,480,0.1
O011636,P002,2,4330,0.0
O011637,P034,1,490,0.05
O011637,P007,2,1390,0.0
O011638,P096,2,260,0.0
O011639,P050,1,570,0.0
O011640,P079,1,630,0.05
O011640,P008,1,5930,0.0
O011640,P007,2,1390,0.0
O011641,P043,1,1220,0.0
O011641,P079,2,630,0.05
O011642,P008,1,5930,0.0
O011643,P016,1,650,0.2
O011643,P031,2,700,0.05
O011644,P050,1,570,0.1
O011644,P048,1,600,0.0
O011645,P079,1,630,0.2
O011645,P033,3,2190,0.0
O011646,P024,1,540,0.05
O011647,P077,1,4260,0.0
O011647,P096,1,260,0.0
O011648,P033,1,2190,0.3
O011649,P008,1,5930,0.1
O011650,P096,1,260,0.0
O011651,P090,1,2690,0.0
O011651,P043,3,1220,0.0
O011651,P022,1,1690,0.2
O011652,P030,1,600,0.05
O011653,P052,1,260,0.0
O011653,P074,1,890,0.05
O011654,P081,2,2850,0.0
O011655,P012,1,1160,0.1
O011655,P020,1,1760,0.0
O011655,P052,1,260,0.05
O011656,P053,1,310,0.0
O011657,P033,1,2190,0.3
O011657,P054,1,480,0.0
O011657,P005,1,1960,0.0
O011658,P033,2,2190,0.0
O011659,P012,1,1160,0.0
O011659,P094,1,1100,0.1
O011660,P077,1,4260,0.0
O011660,P081,1,2850,0.0
O011660,P043,1,1220,0.05
O011661,P054,1,480,0.0
O011662,P092,1,1210,0.0
O011663,P016,3,650,0.2
O011664,P080,1,660,0.1
O011664,P066,1,160,0.0
O011665,P007,2,1390,0.0
O011666,P053,1,310,0.0
O011667,P096,2,260,0.0
O011667,P047,2,1740,0.0
O011668,P020,1,1760,0.0
O011669,P072,1,3800,0.2
O011670,P096,1,260,0.05
O011671,P010,1,6950,0.0
O011671,P007,1,1390,0.0
O011672,P088,1,2510,0.0
O011673,P079,1,630,0.05
O011673,P008,1,5930,0.2
O011674,P002,1,4330,0.1
O011674,P054,1,480,0.0
O011674,P062,2,400,0.05
O011675,P052,1,260,0.1
O011676,P074,1,890,0.3
O011677,P022,1,1690,0.3
O011677,P033,1,2190,0.0
O011678,P085,1,1400,0.05
O011678,P015,3,600,0.0
O011679,P054,1,480,0.1
O011680,P023,1,2180,0.2
O011681,P033,1,2190,0.0
O011681,P079,1,630,0.0
O011682,P096,1,260,0.1
O011682,P012,1,1160,0.0
O011682,P033,3,2190,0.0
O011683,P007,1,1390,0.0
O011684,P033,2,2190,0.0
O011685,P052,1,260,0.1
O011685,P080,1,660,0.3
O011686,P074,1,890,0.2
O011686,P080,1,660,0.0
O011686,P020,3,1760,0.0
O011687,P008,1,5930,0.0
O011688,P002,2,4330,0.0
O011689,P096,1,260,0.0
O011689,P030,1,600,0.0
O011689,P052,1,260,0.3
O011689,P049,1,870,0.0
O011690,P088,1,2510,0.1
O011690,P008,1,5930,0.3
O011690,P017,3,1030,0.2
O011690,P033,1,2190,0.0
O011691,P055,2,210,0.05
O011692,P007,1,1390,0.1
O011692,P003,2,8480,0.0
O011693,P028,1,430,0.0
O011694,P085,3,1400,0.2
O011695,P008,1,5930,0.2
O011696,P047,1,1740,0.3
O011697,P047,2,1740,0.0
O011697,P025,2,1700,0.0
O011698,P008,1,5930,0.0
O011698,P017,1,1030,0.0
O011699,P032,2,1590,0.0
O011699,P043,1,1220,0.0
O011700,P005,1,1960,0.0
O011701,P035,1,390,0.0
O011702,P020,2,1760,0.0
O011702,P032,3,1590,0.2
O011702,P051,2,700,0.05
O011703,P051,1,700,0.3
O011703,P042,1,5470,0.2
O011703,P020,1,1760,0.0
O011704,P077,1,4260,0.0
O011705,P094,1,1100,0.0
O011705,P004,1,1090,0.05
O011705,P002,1,4330,0.0
O011706,P088,1,2510,0.05
O011707,P076,1,2640,0.0
O011707,P048,1,600,0.1
O011707,P006,1,5860,0.0
O011708,P052,1,260,0.0
O011708,P018,2,790,0.0
O011708,P047,2,1740,0.0
O011708,P055,1,210,0.0
O011709,P033,1,2190,0.2
O011709,P043,1,1220,0.3
O011710,P081,1,2850,0.1
O011710,P024,1,540,0.0
O011710,P020,1,1760,0.1
O011711,P096,1,260,0.2
O011712,P052,1,260,0.0
O011713,P088,1,2510,0.0
O011714,P075,1,2130,0.0
O011714,P050,2,570,0.3
O011714,P027,2,1330,0.05
O011715,P089,1,530,0.05
O011716,P010,2,6950,0.05
O011716,P076,2,2640,0.1
O011717,P052,2,260,0.05
O011718,P012,2,1160,0.0
O011719,P020,1,1760,0.0
O011719,P002,1,4330,0.0
O011720,P042,3,5470,0.0
O011720,P030,1,600,0.0
O011721,P056,1,1440,0.3
O011721,P008,1,5930,0.1
O011722,P072,1,3800,0.0
O011723,P003,1,8480,0.2
O011723,P079,1,630,0.0
O011724,P008,1,5930,0.0
O011724,P051,1,700,0.1
O011725,P043,1,1220,0.0
O011726,P054,1,480,0.0
O011727,P085,1,1400,0.0
O011727,P008,1,5930,0.0
O011728,P074,2,890,0.0
O011729,P037,2,470,0.0
O011729,P051,1,700,0.05
O011730,P020,1,1760,0.05
O011731,P020,1,1760,0.05
O011732,P081,1,2850,0.0
O011733,P021,1,620,0.0
O011734,P086,1,1840,0.3
O011734,P033,2,2190,0.0
O011734,P077,1,4260,0.05
O011735,P033,1,2190,0.0
O011736,P020,2,1760,0.0
O011737,P085,1,1400,0.05
O011738,P022,2,1690,0.2
O011739,P035,1,390,0.1
O011739,P001,1,5210,0.0
O011739,P008,1,5930,0.0
O011740,P025,1,1700,0.1
O011741,P053,1,310,0.1
O011741,P043,2,1220,0.0
O011741,P042,3,5470,0.0
O011742,P033,1,2190,0.0
O011742,P074,1,890,0.0
O011742,P063,1,500,0.0
O011743,P034,2,490,0.0
O011744,P008,2,5930,0.2
O011744,P052,1,260,0.0
O011745,P084,1,540,0.2
O011745,P052,1,260,0.0
O011746,P063,1,500,0.05
O011746,P006,1,5860,0.05
O011747,P051,3,700,0.05
O011747,P088,1,2510,0.2
O011747,P031,1,700,0.0
O011748,P082,1,580,0.2
O011748,P079,1,630,0.0
O011749,P020,1,1760,
O011750,P025,2,1700,0.2
O011751,P036,2,490,0.0
O011752,P056,1,1440,0.3
O011753,P082,1,580,0.0
O011754,P069,1,250,0.3
O011754,P090,1,2690,0.0
O011755,P033,1,2190,0.0
O011756,P020,1,1760,0.2
O011756,P096,3,260,0.3
O011757,P007,1,1390,0.2
O011757,P053,1,310,0.3
O011757,P094,2,1100,0.2
O011758,P088,1,2510,0.0
O011759,P041,1,4560,0.3
O011760,P079,2,630,0.05
O011761,P020,1,1760,0.0
O011762,P079,1,630,0.05
O011763,P033,1,2190,0.05
O011763,P020,1,1760,0.0
O011764,P033,1,2190,0.0
O011765,P023,1,2180,0.3
O011766,P033,1,2190,0.05
O011766,P047,1,1740,0.05
O011766,P052,1,260,0.0
O011766,P051,1,700,0.0
O011767,P080,1,660,0.05
O011768,P014,1,1960,0.1
O011769,P055,1,210,0.05
O011769,P038,1,940,0.0
O011770,P012,2,1160,0.0
O011771,P035,1,390,0.2
O011771,P033,1,2190,0.0
O011772,P094,1,1100,0.1
O011773,P028,1,430,0.0
O011774,P007,1,1390,0.0
O011775,P023,1,2180,0.2
O011775,P096,2,260,0.0
O011776,P053,1,310,0.0
O011776,P082,1,580,0.05
O011777,P096,1,260,0.0
O011778,P045,2,630,0.0
O011778,P052,1,260,0.0
O011778,P096,1,260,0.2
O011778,P030,1,600,0.0
O011779,P033,1,2190,0.0
O011779,P055,1,210,0.2
O011780,P021,2,620,0.2
O011781,P088,1,2510,0.1
O011782,P006,2,5860,0.0
O011783,P004,2,1090,
O011784,P096,2,260,0.1
O011785,P012,1,1160,0.0
O011785,P069,2,250,0.0
O011786,P052,1,260,0.05
O011787,P017,3,1030,0.1
O011788,P043,1,1220,0.2
O011788,P063,1,500,0.0
O011788,P003,1,8480,0.0
O011789,P053,1,310,0.3
O011789,P094,1,1100,0.0
O011789,P088,1,2510,0.1
O011790,P022,2,1690,0.1
O011791,P092,1,1210,0.0
O011792,P030,1,600,0.0
O011792,P017,1,1030,0.1
O011792,P079,1,630,0.0
O011792,P033,1,2190,0.2
O011793,P007,1,1390,0.2
O011794,P096,2,260,0.3
O011795,P047,1,1740,0.0
O011796,P050,1,570,0.0
O011797,P021,1,620,0.0
O011797,P028,1,430,0.0
O011797,P031,1,700,0.1
O011798,P007,1,1390,0.0
O011798,P027,1,1330,0.05
O011799,P033,2,2190,0.0
O011799,P053,1,310,0.0
O011800,P080,3,660,0.0
O011801,P033,1,2190,0.0
O011802,P012,1,1160,0.1
O011802,P096,1,260,0.2
O011802,P066,1,160,0.0
O011803,P021,1,620,0.0
O011804,P080,1,660,0.0
O011804,P052,1,260,0.05
O011804,P012,1,1160,0.3
O011805,P088,1,2510,0.0
O011805,P032,1,1590,0.0
O011805,P043,1,1220,0.1
O011806,P045,1,630,0.0
O011806,P016,1,650,0.0
O011807,P033,1,2190,
O011808,P008,1,5930,0.0
O011809,P033,3,2190,0.2
O011810,P007,1,1390,0.2
O011811,P028,1,430,0.0
O011811,P012,1,1160,0.0
O011812,P004,1,1090,0.0
O011813,P073,1,3790,0.0
O011813,P052,1,260,0.3
O011814,P088,1,2510,0.1
O011814,P011,1,1280,0.1
O011815,P018,1,790,0.05
O011815,P088,2,2510,0.05
O011816,P070,2,800,0.0
O011816,P017,1,1030,0.0
O011816,P051,1,700,0.0
O011817,P088,1,2510,0.0
O011817,P096,1,260,0.2
O011818,P033,1,2190,0.0
O011819,P011,1,1280,0.0
O011820,P096,1,260,0.0
O011821,P047,1,1740,0.2
O011822,P007,3,1390,0.05
O011823,P098,3,930,0.0
O011824,P015,1,600,0.05
O011824,P020,3,1760,0.05
O011824,P045,3,630,0.0
O011825,P049,1,870,0.05
O011826,P019,1,2290,0.3
O011826,P011,2,1280,0.0
O011827,P038,1,940,0.0
O011828,P079,1,630,0.2
O011829,P033,1,2190,0.0
O011830,P079,2,630,0.05
O011831,P020,1,1760,0.2
O011831,P034,1,490,0.05
O011832,P019,2,2290,0.05
O011833,P028,1,430,0.0
O011834,P075,1,2130,0.0
O011835,P090,1,2690,0.0
O011836,P052,1,260,0.05
O011836,P010,1,6950,0.0
O011836,P096,1,260,0.1
O011837,P003,1,8480,0.2
O011838,P088,1,2510,0.0
O011838,P007,2,1390,0.0
O011839,P052,1,260,0.3
O011839,P079,2,630,0.0
O011839,P092,1,1210,0.05
O011840,P033,3,2190,0.0
O011840,P057,1,360,0.0
O011841,P053,1,310,0.0
O011841,P033,1,2190,0.0
O011842,P052,2,260,0.1
O011843,P052,2,260,0.1
O011843,P047,1,1740,0.0
O011844,P094,1,1100,0.0
O011844,P098,3,930,0.1
O011844,P054,1,480,0.05
O011844,P043,1,1220,0.3
O011845,P006,1,5860,0.0
O011846,P047,2,1740,0.0
O011847,P075,2,2130,0.1
O011848,P041,1,4560,0.2
O011848,P051,1,700,0.05
O011849,P080,1,660,0.0
O011849,P022,1,1690,0.05
O011850,P096,1,260,0.0
O011850,P092,1,1210,0.0
O011851,P006,1,5860,
O011852,P052,2,260,0.2
O011853,P076,2,2640,0.0
O011853,P080,1,660,0.2
O011854,P033,1,2190,0.1
O011855,P033,1,2190,0.0
O011856,P079,2,630,0.3
O011857,P017,2,1030,0.2
O011858,P051,3,700,0.3
O011859,P096,1,260,0.1
O011859,P063,1,500,0.0
O011860,P096,1,260,0.05
O011861,P034,1,490,0.3
O011862,P007,1,1390,0.0
O011862,P078,1,3260,0.0
O011862,P008,1,5930,0.0
O011862,P020,1,1760,0.1
O011862,P012,1,1160,0.0
O011863,P002,1,4330,0.0
O011863,P079,2,630,0.3
O011864,P096,1,260,0.05
O011864,P055,3,210,0.0
O011865,P096,1,260,0.3
O011865,P045,2,630,0.0
O011866,P030,2,600,0.05
O011867,P064,1,550,0.3
O011867,P002,1,4330,0.0
O011867,P020,1,1760,0.05
O011868,P088,1,2510,0.0
O011869,P020,1,1760,0.0
O011870,P079,1,630,0.0
O011870,P051,1,700,0.0
O011870,P052,1,260,0.05
O011871,P008,1,5930,0.3
O011872,P096,1,260,0.05
O011873,P020,2,1760,0.1
O011874,P011,1,1280,0.0
O011875,P002,2,4330,0.1
O011875,P082,1,580,0.0
O011876,P090,2,2690,0.0
O011877,P018,1,790,0.0
O011878,P076,1,2640,0.0
O011878,P008,1,5930,0.1
O011879,P074,2,890,0.0
O011880,P082,2,580,0.05
O011880,P031,3,700,0.0
O011880,P052,1,260,0.1
O011881,P001,1,5210,0.0
O011881,P045,1,630,0.0
O011882,P038,1,940,0.2
O011883,P028,1,430,0.0
O011883,P088,2,2510,0.0
O011884,P033,1,2190,0.2
O011884,P020,1,1760,0.1
O011885,P052,1,260,0.0
O011886,P031,1,700,0.0
O011886,P070,1,800,0.05
O011887,P057,1,360,0.2
O011888,P002,1,4330,0.0
O011889,P016,1,650,0.0
O011889,P096,3,260,0.1
O011890,P020,2,1760,0.1
O011890,P079,1,630,0.0
O011890,P022,1,1690,0.1
O011891,P045,2,630,0.2
O011892,P096,1,260,0.05
O011892,P008,1,5930,0.0
O011893,P054,1,480,0.2
O011894,P008,1,5930,0.05
O011895,P092,1,1210,0.1
O011896,P007,1,1390,0.05
O011897,P047,1,1740,0.0
O011898,P008,1,5930,0.05
O011899,P047,3,1740,0.05
O011900,P020,2,1760,0.0
O011900,P079,1,630,0.05
O011901,P015,1,600,0.0
O011902,P082,1,580,0.0
O011902,P012,2,1160,0.3
O011903,P054,1,480,0.1
O011904,P052,1,260,0.05
O011905,P012,1,1160,0.0
O011906,P028,1,430,0.0
O011906,P012,1,1160,0.05
O011907,P088,2,2510,0.1
O011907,P008,1,5930,0.3
O011908,P030,1,600,0.0
O011908,P076,1,2640,0.0
O011908,P047,1,1740,0.05
O011909,P001,3,5210,0.0
O011909,P096,1,260,0.0
O011910,P078,2,3260,0.05
O011910,P002,1,4330,0.0
O011911,P096,3,260,0.0
O011911,P047,1,1740,0.2
O011912,P047,1,1740,0.0
O011913,P088,1,2510,0.3
O011913,P084,1,540,0.0
O011914,P088,1,2510,0.0
O011915,P079,3,630,0.3
O011915,P045,1,630,0.2
O011916,P014,1,1960,0.05
O011916,P018,1,790,0.1
O011916,P029,1,570,0.1
O011917,P035,2,390,0.1
O011918,P054,1,480,0.0
O011919,P001,1,5210,0.0
O011919,P002,1,4330,0.0
O011920,P008,1,5930,0.2
O011920,P001,1,5210,0.1
O011920,P020,1,1760,0.0
O011921,P017,1,1030,0.0
O011922,P036,1,490,0.05
O011922,P054,1,480,0.0
O011923,P031,1,700,0.05
O011923,P092,1,1210,0.0
O011924,P008,1,5930,0.2
O011924,P078,3,3260,0.0
O011925,P081,1,2850,0.1
O011926,P087,1,1570,0.0
O011927,P084,1,540,0.05
O011927,P040,1,430,0.0
O011928,P007,1,1390,0.0
O011929,P016,1,650,0.05
O011929,P079,1,630,0.1
O011930,P020,1,1760,0.0
O011931,P009,3,5010,0.1
O011932,P017,2,1030,0.0
O011933,P055,1,210,0.0
O011933,P088,1,2510,0.0
O011933,P052,1,260,0.0
O011934,P008,1,5930,0.0
O011935,P033,2,2190,0.0
O011936,P014,3,1960,0.0
O011937,P052,1,260,0.0
O011937,P045,1,630,0.0
O011937,P033,1,2190,0.0
O011938,P020,1,1760,0.0
O011938,P022,1,1690,0.0
O011939,P004,1,1090,0.1
O011940,P088,1,2510,0.3
O011941,P074,1,890,0.0
O011941,P008,2,5930,0.0
O011941,P043,2,1220,0.0
O011941,P088,1,2510,0.0
O011941,P024,1,540,0.2
O011942,P056,3,1440,0.0
O011943,P019,1,2290,0.0
O011944,P051,1,700,0.05
O011945,P007,1,1390,0.0
O011946,P010,1,6950,0.2
O011947,P054,1,480,0.0
O011948,P094,1,1100,0.0
O011948,P040,1,430,0.05
O011949,P033,1,2190,0.0
O011949,P051,2,700,0.05
O011949,P076,1,2640,0.3
O011950,P045,2,630,0.2
O011951,P007,1,1390,0.0
O011951,P002,1,4330,0.0
O011952,P011,1,1280,0.3
O011952,P012,1,1160,0.0
O011953,P010,1,6950,0.0
O011953,P043,3,1220,0.05
O011954,P007,1,1390,0.05
O011955,P052,1,260,0.2
O011955,P048,1,600,0.0
O011956,P040,1,430,0.0
O011957,P084,1,540,0.3
O011958,P020,1,1760,0.05
O011959,P052,1,260,0.1
O011959,P018,1,790,0.3
O011960,P002,1,4330,0.05
O011961,P086,1,1840,0.2
O011962,P005,1,1960,0.0
O011963,P031,1,700,0.2
O011964,P007,1,1390,0.2
O011965,P040,3,430,0.1
O011966,P074,1,890,0.0
O011966,P092,1,1210,0.1
O011967,P020,3,1760,0.0
O011967,P001,1,5210,0.2
O011968,P028,1,430,0.0
O011968,P053,1,310,0.05
O011969,P057,2,360,0.1
O011970,P076,1,2640,0.05
O011970,P039,2,1980,0.2
O011971,P006,1,5860,0.0
O011972,P021,2,620,0.0
O011973,P008,1,5930,0.1
O011974,P054,1,480,0.2
O011975,P078,1,3260,0.0
O011976,P074,1,890,0.0
O011976,P051,2,700,0.2
O011977,P096,1,260,0.0
O011978,P060,1,330,0.0
O011979,P033,3,2190,0.05
O011979,P015,2,600,0.0
O011979,P096,2,260,0.05
O011980,P096,3,260,0.1
O011980,P061,1,660,0.05
O011981,P052,2,260,0.3
O011981,P002,2,4330,0.0
O011982,P060,1,330,0.0
O011983,P096,1,260,0.05
O011984,P096,1,260,0.0
O011985,P074,1,890,0.05
O011985,P051,1,700,0.0
O011986,P006,1,5860,0.0
O011987,P047,2,1740,0.0
O011987,P007,3,1390,0.0
O011987,P096,1,260,0.0
O011988,P012,1,1160,0.0
O011989,P096,1,260,0.0
O011990,P094,1,1100,0.1
O011991,P032,1,1590,0.05
O011992,P075,1,2130,0.05
O011993,P088,1,2510,0.1
O011994,P097,1,1960,0.0
O011995,P020,2,1760,0.2
O011996,P038,1,940,0.0
O011997,P080,2,660,0.0
O011998,P051,1,700,0.0
O011999,P020,1,1760,0.0
O012000,P052,1,260,0.05
O012001,P007,1,1390,0.0
O012001,P039,2,1980,0.0
O012002,P037,2,470,0.3
O012002,P070,1,800,0.1
O012003,P084,1,540,0.2
O012004,P039,1,1980,0.1
O012004,P022,1,1690,0.05
O012004,P082,1,580,0.0
O012005,P003,1,8480,0.0
O012006,P052,1,260,0.0
O012007,P024,1,540,0.0
O012007,P003,1,8480,0.0
O012007,P045,2,630,0.0
O012007,P033,1,2190,0.0
O012008,P079,3,630,0.0
O012009,P043,1,1220,0.0
O012010,P008,2,5930,0.05
O012011,P002,1,4330,0.0
O012011,P033,1,2190,0.3
O012011,P062,2,400,0.05
O012012,P096,1,260,0.2
O012012,P020,1,1760,0.1
O012013,P023,2,2180,0.05
O012014,P022,1,1690,0.1
O012015,P032,1,1590,0.2
O012015,P081,1,2850,0.2
O012016,P020,1,1760,0.0
O012016,P036,3,490,0.2
O012016,P046,2,860,0.05
O012017,P031,1,700,0.3
O012017,P080,1,660,0.2
O012017,P096,1,260,0.05
O012018,P096,1,260,0.0
O012018,P079,2,630,0.1
O012018,P057,1,360,0.2
O012018,P077,2,4260,0.3
O012018,P073,1,3790,0.05
O012019,P096,1,260,0.0
O012019,P092,1,1210,0.0
O012019,P003,1,8480,0.3
O012020,P052,1,260,0.0
O012021,P022,2,1690,0.0
O012022,P043,1,1220,0.0
O012023,P079,1,630,0.1
O012024,P094,1,1100,0.05
O012024,P040,3,430,0.1
O012024,P047,1,1740,0.3
O012025,P096,1,260,0.05
O012026,P063,1,500,0.0
O012026,P012,1,1160,0.0
O012027,P082,1,580,0.0
O012027,P002,1,4330,0.0
O012028,P088,2,2510,0.0
O012029,P007,1,1390,0.0
O012030,P047,2,1740,0.0
O012031,P096,1,260,0.0
O012032,P011,3,1280,0.05
O012033,P033,1,2190,0.1
O012034,P096,1,260,0.1
O012034,P006,3,5860,0.0
O012034,P044,1,260,0.05
O012035,P028,2,430,0.05
O012036,P096,1,260,0.0
O012036,P008,1,5930,0.0
O012037,P044,3,260,0.2
O012037,P090,2,2690,0.0
O012038,P008,1,5930,0.1
O012038,P080,2,660,0.05
O012039,P096,1,260,0.05
O012039,P091,1,2490,0.3
O012040,P067,1,290,0.0
O012040,P080,1,660,0.0
O012041,P076,1,2640,0.2
O012041,P059,1,240,0.05
O012041,P096,1,260,0.0
O012042,P053,3,310,0.0
O012042,P079,1,630,0.1
O012043,P028,2,430,0.05
O012044,P002,1,4330,0.0
O012045,P006,1,5860,0.2
O012046,P020,1,1760,0.0
O012046,P047,1,1740,0.3
O012047,P088,1,2510,0.0
O012048,P038,1,940,0.2
O012049,P031,3,700,0.0
O012050,P020,1,1760,0.0
O012050,P007,2,1390,0.1
O012050,P088,2,2510,
O012051,P096,1,260,0.0
O012051,P054,2,480,0.0
O012052,P051,1,700,
O012053,P079,1,630,0.0
O012053,P054,1,480,0.1
O012054,P096,1,260,0.0
O012054,P020,1,1760,0.0
O012055,P083,1,710,0.0
O012056,P052,1,260,0.0
O012056,P022,1,1690,0.0
O012056,P051,3,700,0.0
O012057,P045,1,630,0.0
O012058,P081,1,2850,0.05
O012059,P096,1,260,0.1
O012059,P081,1,2850,0.2
O012060,P079,1,630,0.05
O012060,P047,1,1740,0.0
O012060,P094,1,1100,0.05
O012061,P031,1,700,0.2
O012061,P011,1,1280,0.0
O012062,P047,1,1740,0.2
O012063,P019,1,2290,0.0
O012064,P052,1,260,0.0
O012065,P024,2,540,0.0
O012065,P053,1,310,0.05
O012066,P077,1,4260,0.2
O012066,P096,3,260,0.05
O012067,P029,2,570,0.2
O012068,P012,1,1160,
O012069,P003,1,8480,0.05
O012070,P025,1,1700,0.0
O012070,P051,1,700,0.0
O012071,P003,1,8480,0.2
O012072,P055,1,210,0.05
O012072,P033,2,2190,0.3
O012073,P011,1,1280,0.1
O012073,P087,1,1570,0.0
O012074,P076,3,2640,0.0
O012074,P080,1,660,0.05
O012075,P096,1,260,0.05
O012075,P079,2,630,0.05
O012075,P003,1,8480,0.3
O012076,P096,1,260,0.0
O012076,P044,1,260,0.0
O012076,P002,1,4330,0.0
O012077,P052,1,260,0.0
O012078,P047,1,1740,0.05
O012078,P092,2,1210,0.05
O012078,P020,1,1760,0.05
O012079,P008,1,5930,0.0
O012079,P020,1,1760,0.0
O012079,P094,1,1100,0.05
O012080,P061,3,660,0.05
O012080,P051,1,700,0.0
O012081,P053,3,310,0.0
O012081,P096,1,260,0.0
O012082,P033,1,2190,0.0
O012082,P088,1,2510,0.05
O012083,P076,1,2640,0.0
O012084,P065,1,180,0.3
O012085,P025,1,1700,0.1
O012086,P096,2,260,0.0
O012087,P096,1,260,0.3
O012087,P072,3,3800,0.05
O012088,P063,1,500,0.0
O012088,P052,3,260,0.0
O012089,P008,1,5930,0.0
O012090,P047,1,1740,0.05
O012090,P096,1,260,0.0
O012091,P096,1,260,0.0
O012092,P040,1,430,0.0
O012093,P035,1,390,0.0
O012093,P028,2,430,0.05
O012094,P040,1,430,0.3
O012094,P012,1,1160,0.0
O012095,P047,1,1740,0.0
O012096,P044,1,260,0.1
O012097,P060,1,330,0.0
O012097,P074,1,890,0.0
O012097,P013,2,4850,0.3
O012098,P042,1,5470,0.0
O012099,P096,1,260,0.0
O012100,P033,1,2190,0.1
O012101,P079,1,630,0.05
O012102,P033,1,2190,0.0
O012102,P060,1,330,0.2
O012103,P006,1,5860,0.0
O012103,P079,1,630,0.05
O012104,P096,1,260,0.0
O012104,P029,3,570,0.0
O012105,P096,1,260,0.0
O012106,P051,3,700,0.05
O012106,P007,1,1390,0.0
O012107,P022,1,1690,0.2
O012108,P053,2,310,0.0
O012109,P020,1,1760,0.05
O012109,P051,1,700,0.3
O012110,P002,1,4330,0.05
O012110,P079,2,630,0.3
O012111,P072,1,3800,0.0
O012112,P054,1,480,0.2
O012113,P052,1,260,0.3
O012114,P088,1,2510,0.2
O012114,P041,3,4560,0.0
O012114,P096,1,260,0.1
O012115,P008,1,5930,0.0
O012116,P096,1,260,0.0
O012117,P002,1,4330,0.0
O012117,P047,1,1740,0.1
O012118,P024,1,540,0.3
O012118,P033,1,2190,0.1
O012119,P081,1,2850,0.0
O012120,P033,2,2190,0.1
O012121,P054,1,480,0.2
O012122,P096,1,260,0.0
O012123,P096,1,260,0.1
O012124,P052,2,260,0.0
O012124,P033,1,2190,0.0
O012125,P051,1,700,0.0
O012125,P079,1,630,0.05
O012125,P006,1,5860,0.0
O012126,P074,1,890,0.0
O012126,P053,1,310,0.0
O012127,P030,1,600,0.05
O012127,P077,1,4260,0.0
O012128,P010,1,6950,0.0
O012129,P020,1,1760,0.0
O012130,P096,1,260,0.0
O012131,P084,1,540,0.0
O012132,P002,1,4330,0.0
O012132,P074,1,890,0.0
O012132,P084,1,540,0.2
O012133,P033,1,2190,0.05
O012133,P030,2,600,0.05
O012133,P004,2,1090,
O012134,P072,1,3800,0.0
O012134,P020,1,1760,0.2
O012135,P084,1,540,0.1
O012136,P096,3,260,0.0
O012136,P010,1,6950,0.1
O012137,P075,1,2130,
O012138,P002,1,4330,0.0
O012139,P075,1,2130,0.05
O012140,P053,1,310,0.0
O012140,P096,3,260,0.1
O012141,P051,1,700,0.0
O012142,P088,1,2510,0.1
O012142,P020,2,1760,0.05
O012143,P048,2,600,0.1
O012143,P062,1,400,0.0
O012144,P056,1,1440,0.1
O012144,P052,1,260,0.2
O012145,P080,1,660,0.0
O012145,P096,1,260,0.05
O012146,P047,1,1740,0.0
O012146,P020,1,1760,0.1
O012147,P028,1,430,0.2
O012148,P008,1,5930,0.1
O012149,P043,1,1220,0.1
O012150,P047,1,1740,0.2
O012151,P051,2,700,0.0
O012152,P047,1,1740,0.0
O012153,P020,1,1760,0.3
O012154,P068,2,260,0.05
O012155,P047,1,1740,0.3
O012156,P018,1,790,0.2
O012156,P008,1,5930,0.0
O012156,P086,1,1840,0.0
O012156,P096,2,260,0.0
O012156,P028,1,430,0.1
O012157,P054,1,480,0.0
O012157,P002,1,4330,0.3
O012157,P008,2,5930,0.3
O012158,P088,1,2510,0.0
O012159,P079,2,630,0.1
O012159,P080,1,660,0.1
O012160,P006,1,5860,0.3
O012160,P079,1,630,0.0
O012161,P088,1,2510,0.1
O012162,P047,1,1740,0.0
O012163,P092,1,1210,0.0
O012164,P028,3,430,0.2
O012165,P007,1,1390,0.3
O012166,P043,1,1220,0.0
O012167,P012,1,1160,0.0
O012168,P045,1,630,
O012169,P084,1,540,0.0
O012170,P072,1,3800,0.1
O012170,P040,1,430,0.0
O012171,P020,1,1760,0.0
O012172,P047,1,1740,0.2
O012172,P003,1,8480,0.1
O012173,P074,1,890,0.0
O012174,P037,1,470,0.2
O012175,P052,1,260,0.2
O012176,P033,1,2190,0.0
O012176,P041,1,4560,0.0
O012176,P073,2,3790,0.2
O012177,P052,3,260,0.0
O012178,P039,2,1980,0.1
O012178,P033,1,2190,0.3
O012179,P018,1,790,0.0
O012179,P055,1,210,0.0
O012179,P054,3,480,0.0
O012180,P053,2,310,0.0
O012181,P022,1,1690,0.0
O012181,P078,1,3260,0.3
O012182,P051,1,700,0.05
O012183,P047,1,1740,0.3
O012184,P077,3,4260,
O012184,P054,2,480,0.0
O012185,P020,1,1760,0.2
O012186,P008,1,5930,0.0
O012186,P071,1,450,0.0
O012187,P096,1,260,0.0
O012187,P048,1,600,0.0
O012188,P069,1,250,0.2
O012188,P012,1,1160,0.0
O012188,P052,1,260,0.0
O012189,P088,1,2510,0.0
O012190,P079,3,630,0.0
O012191,P033,1,2190,0.0
O012191,P020,1,1760,0.1
O012192,P024,2,540,0.0
O012193,P014,2,1960,0.0
O012193,P055,1,210,0.1
O012193,P085,1,1400,0.0
O012194,P053,1,310,0.05
O012194,P033,2,2190,0.0
O012194,P002,1,4330,0.0
O012194,P096,1,260,0.0
O012195,P052,1,260,0.0
O012195,P007,1,1390,0.3
O012196,P008,1,5930,0.05
O012197,P009,2,5010,0.1
O012198,P020,1,1760,0.05
O012198,P077,2,4260,0.0
O012199,P052,3,260,0.0
O012199,P047,2,1740,0.05
O012199,P045,1,630,0.0
O012200,P080,1,660,0.1
O012201,P030,1,600,0.1
O012201,P051,1,700,0.1
O012202,P052,1,260,0.0
O012203,P041,1,4560,0.3
O012204,P008,1,5930,0.0
O012205,P078,1,3260,0.0
O012206,P096,3,260,0.0
O012206,P020,3,1760,0.05
O012206,P074,1,890,0.0
O012206,P081,1,2850,0.1
O012207,P002,1,4330,0.3
O012207,P076,1,2640,0.2
O012207,P022,2,1690,0.1
O012208,P092,2,1210,0.0
O012209,P047,1,1740,0.0
O012210,P096,3,260,0.05
O012211,P013,1,4850,0.0
O012212,P020,3,1760,0.0
O012213,P033,1,2190,0.0
O012213,P034,1,490,0.0
O012214,P090,1,2690,0.0
O012215,P096,1,260,0.0
O012215,P020,1,1760,0.1
O012216,P055,1,210,0.05
O012217,P039,2,1980,0.0
O012217,P050,1,570,0.05
O012218,P028,1,430,0.2
O012219,P096,1,260,0.1
O012219,P036,1,490,0.0
O012220,P022,1,1690,0.1
O012221,P024,1,540,0.0
O012222,P009,1,5010,0.0
O012223,P032,1,1590,0.0
O012224,P010,1,6950,0.05
O012225,P022,1,1690,0.0
O012225,P047,2,1740,0.1
O012226,P019,1,2290,0.0
O012227,P051,1,700,0.0
O012228,P007,2,1390,0.0
O012228,P033,1,2190,0.2
O012228,P046,1,860,0.0
O012229,P075,2,2130,0.1
O012229,P096,3,260,0.2
O012230,P057,1,360,0.05
O012230,P052,1,260,0.0
O012231,P020,2,1760,0.0
O012231,P088,3,2510,0.0
O012232,P040,2,430,0.0
O012233,P019,1,2290,0.0
O012234,P080,3,660,0.1
O012234,P094,1,1100,0.1
O012235,P088,1,2510,0.1
O012235,P035,1,390,0.2
O012235,P054,1,480,0.0
O012236,P047,1,1740,0.05
O012237,P001,2,5210,0.1
O012237,P060,2,330,0.2
O012238,P013,1,4850,0.0
O012238,P028,3,430,0.0
O012238,P019,1,2290,0.0
O012238,P053,1,310,0.3
O012239,P003,3,8480,0.0
O012239,P030,1,600,0.05
O012240,P040,1,430,0.1
O012240,P020,1,1760,0.1
O012240,P008,1,5930,0.1
O012241,P033,1,2190,0.0
O012242,P035,1,390,0.0
O012242,P052,1,260,0.05
O012243,P033,1,2190,0.2
O012243,P065,1,180,0.0
O012243,P054,1,480,0.2
O012244,P079,1,630,0.2
O012245,P057,1,360,0.05
O012246,P069,1,250,0.2
O012246,P020,1,1760,0.0
O012247,P096,1,260,0.05
O012247,P052,1,260,0.1
O012248,P022,1,1690,0.0
O012248,P052,1,260,0.05
O012249,P012,1,1160,0.0
O012249,P052,1,260,0.0
O012250,P098,1,930,0.0
O012251,P070,2,800,0.0
O012252,P020,1,1760,0.0
O012252,P033,1,2190,0.1
O012253,P060,1,330,0.0
O012254,P081,1,2850,0.0
O012254,P047,2,1740,0.0
O012255,P079,1,630,0.05
O012255,P020,1,1760,0.05
O012256,P079,2,630,0.1
O012257,P002,1,4330,0.1
O012258,P005,1,1960,0.0
O012258,P096,1,260,0.2
O012258,P079,1,630,0.1
O012259,P052,1,260,0.1
O012260,P047,1,1740,0.0
O012260,P040,1,430,0.0
O012261,P044,1,260,0.0
O012262,P028,1,430,0.0
O012262,P019,1,2290,0.3
O012262,P080,1,660,0.0
O012263,P020,2,1760,0.1
O012264,P028,1,430,0.1
O012265,P033,1,2190,0.0
O012266,P060,2,330,0.1
O012267,P096,2,260,0.0
O012268,P033,2,2190,0.0
O012269,P096,1,260,0.3
O012270,P033,1,2190,0.0
O012270,P020,2,1760,0.2
O012271,P015,1,600,0.0
O012272,P028,1,430,0.0
O012273,P020,1,1760,0.0
O012274,P096,2,260,0.0
O012274,P008,1,5930,0.2
O012275,P052,1,260,0.0
O012276,P045,1,630,0.05
O012276,P007,2,1390,0.1
O012277,P042,1,5470,0.1
O012277,P037,2,470,0.2
O012278,P080,1,660,0.05
O012278,P020,1,1760,0.05
O012279,P016,1,650,0.3
O012280,P034,1,490,0.2
O012280,P079,1,630,0.0
O012280,P044,1,260,0.05
O012281,P071,1,450,0.3
O012281,P072,1,3800,0.0
O012282,P079,1,630,0.0
O012283,P033,1,2190,0.0
O012283,P054,2,480,0.3
O012283,P077,2,4260,0.0
O012284,P047,1,1740,0.05
O012284,P052,1,260,0.05
O012285,P052,1,260,0.05
O012286,P020,1,1760,0.0
O012287,P054,1,480,0.0
O012288,P096,1,260,0.2
O012289,P002,1,4330,0.05
O012290,P014,1,1960,0.2
O012290,P037,2,470,0.0
O012291,P031,3,700,
O012292,P052,1,260,0.0
O012293,P078,1,3260,0.3
O012293,P096,1,260,
O012294,P055,1,210,0.05
O012295,P007,3,1390,0.0
O012295,P052,1,260,0.0
O012296,P077,1,4260,0.0
O012296,P023,2,2180,0.05
O012296,P028,1,430,0.05
O012297,P056,1,1440,0.0
O012297,P069,2,250,0.1
O012298,P096,3,260,0.1
O012299,P002,1,4330,0.1
O012299,P017,2,1030,0.0
O012300,P054,1,480,0.0
O012301,P020,1,1760,0.0
O012301,P096,1,260,0.05
O012302,P047,2,1740,0.0
O012303,P079,1,630,0.0
O012303,P037,2,470,0.1
O012304,P079,1,630,0.05
O012305,P002,1,4330,0.05
O012305,P033,1,2190,0.0
O012306,P040,2,430,0.0
O012307,P083,1,710,0.0
O012307,P008,2,5930,0.0
O012308,P033,1,2190,0.0
O012309,P017,1,1030,0.0
O012309,P026,3,2100,0.0
O012309,P079,1,630,0.0
O012310,P034,1,490,0.0
O012311,P070,1,800,0.0
O012312,P051,3,700,0.0
O012313,P081,1,2850,0.0
O012314,P092,1,1210,0.0
O012314,P024,1,540,0.0
O012315,P053,1,310,0.05
O012316,P028,1,430,0.0
O012316,P092,1,1210,0.1
O012317,P094,2,1100,0.2
O012318,P042,2,5470,0.3
O012319,P002,1,4330,0.0
O012319,P031,2,700,0.0
O012320,P052,2,260,0.0
O012321,P079,2,630,0.0
O012322,P053,1,310,0.1
O012323,P074,1,890,0.1
O012323,P047,1,1740,
O012324,P016,1,650,0.1
O012324,P002,1,4330,
O012325,P080,3,660,0.0
O012325,P020,1,1760,0.0
O012325,P033,2,2190,0.05
O012325,P079,1,630,0.0
O012326,P063,2,500,0.0
O012326,P076,1,2640,0.05
O012327,P096,1,260,0.0
O012328,P069,1,250,0.1
O012328,P034,1,490,0.2
O012329,P052,1,260,0.05
O012330,P090,1,2690,0.0
O012330,P047,1,1740,0.2
O012330,P054,2,480,0.0
O012330,P043,1,1220,0.3
O012331,P045,1,630,0.0
O012331,P012,1,1160,0.0
O012332,P033,1,2190,0.1
O012333,P051,2,700,0.0
O012334,P012,1,1160,0.0
O012335,P096,1,260,0.05
O012335,P039,1,1980,0.05
O012335,P076,1,2640,0.0
O012336,P006,2,5860,0.1
O012336,P022,1,1690,0.3
O012336,P079,3,630,0.0
O012337,P012,2,1160,0.0
O012338,P020,1,1760,0.2
O012338,P007,2,1390,0.3
O012339,P010,1,6950,0.0
O012339,P031,3,700,0.1
O012340,P007,3,1390,0.1
O012340,P096,1,260,0.05
O012341,P090,1,2690,0.0
O012342,P080,2,660,0.0
O012342,P033,1,2190,0.0
O012342,P082,1,580,0.0
O012343,P058,1,420,0.05
O012344,P007,1,1390,0.3
O012345,P066,1,160,0.05
O012346,P080,1,660,0.3
O012347,P072,1,3800,0.0
O012348,P083,1,710,0.05
O012349,P018,1,790,0.0
O012349,P019,1,2290,0.0
O012350,P088,1,2510,0.0
O012351,P096,1,260,0.0
O012352,P096,1,260,0.05
O012353,P009,1,5010,0.05
O012354,P092,1,1210,0.3
O012355,P034,3,490,0.2
O012356,P002,1,4330,0.2
O012357,P096,2,260,0.0
O012358,P020,1,1760,0.2
O012359,P078,1,3260,0.0
O012359,P022,2,1690,0.1
O012360,P020,1,1760,0.3
O012360,P040,1,430,0.05
O012361,P047,3,1740,0.0
O012361,P048,1,600,0.2
O012362,P006,1,5860,0.0
O012363,P019,1,2290,0.0
O012363,P024,1,540,0.0
O012364,P008,1,5930,0.2
O012365,P088,1,2510,0.0
O012366,P002,1,4330,0.1
O012367,P043,2,1220,0.2
O012368,P003,1,8480,0.0
O012368,P052,1,260,0.0
O012369,P054,1,480,0.1
O012369,P002,2,4330,0.05
O012369,P079,1,630,0.2
O012370,P035,1,390,0.3
O012370,P041,1,4560,0.1
O012371,P084,1,540,0.05
O012372,P047,2,1740,0.3
O012372,P080,1,660,0.0
O012373,P018,3,790,0.3
O012373,P096,1,260,0.05
O012374,P047,1,1740,0.0
O012374,P007,1,1390,0.3
O012375,P084,1,540,0.1
O012376,P055,1,210,0.05
O012377,P052,1,260,0.0
O012378,P040,1,430,0.0
O012379,P007,1,1390,0.1
O012380,P098,1,930,0.1
O012380,P047,1,1740,0.0
O012381,P033,1,2190,0.1
O012382,P050,3,570,0.3
O012383,P006,1,5860,0.2
O012384,P016,1,650,0.1
O012384,P079,1,630,0.0
O012385,P062,1,400,0.1
O012386,P037,1,470,0.0
O012386,P047,1,1740,0.3
O012386,P089,1,530,0.05
O012386,P087,1,1570,0.2
O012386,P069,1,250,0.0
O012387,P092,1,1210,0.05
O012387,P096,1,260,0.05
O012387,P052,1,260,0.0
O012388,P079,1,630,0.2
O012388,P047,1,1740,0.2
O012388,P020,3,1760,0.2
O012389,P047,1,1740,0.0
O012389,P020,1,1760,0.1
O012390,P065,3,180,0.0
O012391,P022,1,1690,0.2
O012392,P002,1,4330,0.0
O012393,P033,1,2190,0.1
O012394,P043,3,1220,0.0
O012395,P069,3,250,0.0
O012395,P052,1,260,0.0
O012396,P011,1,1280,0.05
O012397,P028,1,430,0.0
O012397,P060,2,330,0.0
O012398,P020,1,1760,0.3
O012399,P027,1,1330,0.2
O012399,P051,1,700,0.0
O012399,P075,1,2130,0.0
O012399,P057,1,360,0.0
O012400,P078,2,3260,0.05
O012400,P047,1,1740,0.05
O012401,P080,2,660,0.0
O012401,P052,1,260,0.0
O012402,P002,1,4330,0.1
O012402,P050,1,570,0.2
O012403,P042,1,5470,0.3
O012404,P052,1,260,0.0
O012405,P032,1,1590,0.1
O012405,P010,1,6950,0.1
O012406,P070,1,800,0.1
O012406,P047,2,1740,0.05
O012407,P045,1,630,0.1
O012407,P068,1,260,0.0
O012408,P052,1,260,0.1
O012408,P033,1,2190,0.0
O012409,P020,1,1760,0.05
O012409,P008,2,5930,0.05
O012410,P079,2,630,0.3
O012411,P025,1,1700,0.05
O012411,P069,1,250,0.0
O012412,P022,1,1690,0.0
O012413,P013,1,4850,0.0
O012414,P047,1,1740,0.0
O012415,P052,1,260,0.1
O012415,P047,2,1740,0.0
O012416,P008,1,5930,0.0
O012416,P052,1,260,0.2
O012417,P007,1,1390,0.0
O012417,P092,1,1210,0.0
O012417,P019,2,2290,0.0
O012418,P033,2,2190,0.0
O012418,P080,2,660,0.05
O012419,P022,1,1690,0.3
O012419,P020,1,1760,0.0
O012419,P026,2,2100,0.3
O012420,P020,1,1760,0.2
O012421,P052,1,260,0.0
O012422,P054,1,480,0.05
O012422,P022,1,1690,0.0
O012423,P080,1,660,0.0
O012423,P047,3,1740,0.05
O012423,P052,3,260,0.0
O012423,P094,1,1100,0.0
O012424,P052,1,260,0.0
O012425,P030,1,600,0.0
O012426,P080,3,660,0.2
O012427,P010,1,6950,0.0
O012428,P028,1,430,0.3
O012429,P096,1,260,0.0
O012430,P090,1,2690,0.0
O012431,P002,2,4330,0.0
O012431,P008,1,5930,0.1
O012431,P074,1,890,0.1
O012432,P096,1,260,0.1
O012433,P052,1,260,0.1
O012434,P008,3,5930,0.0
O012434,P063,3,500,0.1
O012435,P088,1,2510,0.05
O012436,P022,1,1690,0.2
O012436,P079,1,630,0.2
O012437,P051,1,700,0.1
O012437,P054,2,480,0.0
O012438,P076,1,2640,0.2
O012438,P008,1,5930,0.0
O012439,P033,3,2190,0.0
O012440,P096,1,260,0.0
O012440,P092,1,1210,0.0
O012441,P051,1,700,0.05
O012442,P068,1,260,0.05
O012443,P095,1,1840,0.0
O012443,P005,2,1960,0.05
O012444,P075,1,2130,0.0
O012444,P094,1,1100,0.05
O012445,P040,1,430,0.1
O012445,P017,1,1030,0.05
O012446,P086,1,1840,0.0
O012446,P021,3,620,0.3
O012447,P096,1,260,0.0
O012447,P094,1,1100,0.0
O012448,P096,1,260,0.1
O012449,P010,1,6950,0.05
O012450,P007,1,1390,0.0
O012451,P052,1,260,0.05
O012452,P082,2,580,0.0
O012453,P028,1,430,0.2
O012454,P097,3,1960,0.3
O012454,P060,1,330,0.05
O012455,P008,3,5930,0.0
O012456,P052,1,260,0.3
O012456,P008,2,5930,0.0
O012456,P020,1,1760,0.0
O012457,P079,1,630,0.0
O012458,P052,1,260,0.0
O012459,P082,1,580,0.0
O012460,P006,2,5860,0.0
O012461,P001,1,5210,0.0
O012462,P007,2,1390,0.0
O012462,P014,2,1960,0.0
O012463,P088,1,2510,0.0
O012464,P085,1,1400,0.05
O012465,P028,1,430,0.0
O012465,P094,2,1100,0.3
O012465,P008,1,5930,0.05
O012465,P012,1,1160,0.2
O012466,P047,1,1740,0.2
O012466,P002,1,4330,0.0
O012467,P073,1,3790,0.0
O012468,P047,1,1740,0.05
O012469,P081,2,2850,0.0
O012469,P028,2,430,0.0
O012470,P092,1,1210,0.0
O012470,P033,1,2190,0.1
O012471,P040,1,430,0.0
O012471,P020,1,1760,0.0
O012472,P005,1,1960,0.0
O012472,P096,1,260,0.0
O012472,P033,2,2190,0.0
O012473,P096,2,260,0.2
O012474,P094,1,1100,0.3
O012475,P053,1,310,0.1
O012475,P006,1,5860,0.05
O012476,P020,1,1760,0.1
O012476,P039,1,1980,0.0
O012477,P094,1,1100,0.3
O012478,P052,1,260,0.0
O012478,P008,1,5930,0.1
O012479,P052,1,260,0.1
O012479,P002,3,4330,0.0
O012480,P079,1,630,0.0
O012481,P020,1,1760,0.0
O012481,P098,1,930,0.0
O012482,P069,1,250,0.0
O012482,P053,2,310,0.3
O012483,P010,2,6950,0.0
O012484,P033,1,2190,0.0
O012484,P047,2,1740,0.0
O012485,P052,2,260,0.0
O012486,P081,2,2850,0.0
O012486,P002,1,4330,0.0
O012486,P041,2,4560,0.0
O012487,P043,1,1220,0.0
O012488,P094,1,1100,0.0
O012489,P081,1,2850,0.2
O012489,P020,1,1760,0.0
O012490,P007,1,1390,0.0
O012490,P002,2,4330,0.0
O012491,P051,1,700,0.05
O012491,P055,1,210,0.1
O012492,P051,1,700,0.1
O012492,P055,1,210,0.2
O012493,P088,1,2510,0.0
O012494,P096,1,260,0.1
O012495,P052,1,260,0.0
O012496,P052,1,260,0.2
O012496,P035,1,390,0.3
O012497,P003,1,8480,0.05
O012497,P081,1,2850,0.0
O012498,P053,1,310,0.0
O012498,P020,2,1760,0.05
O012498,P012,1,1160,0.1
O012499,P096,1,260,0.0
O012500,P033,1,2190,0.0
O012501,P071,2,450,0.1
O012501,P052,1,260,0.2
O012501,P043,2,1220,0.0
O012502,P079,2,630,0.0
O012503,P001,1,5210,0.0
O012504,P008,1,5930,0.0
O012505,P052,1,260,0.0
O012506,P018,3,790,0.2
O012506,P003,2,8480,0.0
O012507,P057,1,360,0.0
O012507,P092,1,1210,0.05
O012508,P033,1,2190,0.2
O012508,P071,2,450,0.3
O012509,P080,1,660,0.0
O012510,P079,1,630,0.3
O012511,P079,1,630,0.05
O012512,P039,1,1980,0.05
O012512,P023,1,2180,0.1
O012513,P079,1,630,0.0
O012513,P054,1,480,0.0
O012514,P048,2,600,0.05
O012514,P006,1,5860,0.0
O012515,P033,1,2190,0.0
O012516,P079,1,630,0.2
O012517,P087,1,1570,0.3
O012518,P031,1,700,0.05
O012519,P047,2,1740,0.1
O012520,P048,1,600,0.2
O012520,P020,1,1760,0.0
O012521,P047,1,1740,0.3
O012521,P030,1,600,0.0
O012522,P082,3,580,0.05
O012523,P052,1,260,0.2
O012523,P032,1,1590,0.1
O012523,P063,1,500,0.2
O012524,P052,1,260,0.05
O012525,P020,1,1760,0.0
O012526,P096,1,260,0.3
O012527,P052,1,260,0.0
O012528,P096,1,260,0.0
O012528,P020,1,1760,0.0
O012528,P060,2,330,0.2
O012529,P033,1,2190,0.0
O012530,P006,3,5860,0.3
O012531,P092,1,1210,0.0
O012532,P048,1,600,0.3
O012533,P033,2,2190,0.3
O012533,P043,1,1220,0.05
O012534,P008,1,5930,0.0
O012534,P033,1,2190,0.2
O012535,P040,1,430,0.1
O012535,P094,1,1100,0.0
O012536,P047,1,1740,0.1
O012536,P012,1,1160,0.0
O012537,P017,3,1030,0.0
O012538,P092,1,1210,0.3
O012539,P079,1,630,0.3
O012539,P020,2,1760,
O012540,P020,3,1760,0.0
O012541,P017,1,1030,0.0
O012541,P007,3,1390,0.0
O012541,P080,1,660,0.0
O012542,P096,1,260,0.05
O012543,P034,1,490,0.2
O012543,P069,1,250,0.0
O012544,P082,2,580,0.3
O012544,P050,1,570,0.0
O012544,P080,3,660,0.0
O012545,P096,1,260,0.0
O012545,P024,1,540,0.05
O012546,P047,1,1740,0.05
O012546,P091,2,2490,0.0
O012546,P076,2,2640,0.3
O012546,P079,1,630,0.2
O012547,P020,1,1760,0.2
O012547,P079,1,630,0.2
O012548,P051,1,700,0.0
O012549,P047,1,1740,0.1
O012550,P071,1,450,0.05
O012551,P090,1,2690,0.0
O012551,P030,1,600,0.2
O012551,P080,1,660,0.1
O012552,P096,2,260,0.05
O012552,P033,1,2190,0.2
O012553,P052,1,260,0.0
O012553,P053,1,310,0.2
O012554,P020,1,1760,0.2
O012554,P009,2,5010,0.3
O012555,P020,1,1760,0.0
O012555,P052,1,260,0.3
O012556,P042,1,5470,0.0
O012557,P020,1,1760,0.0
O012558,P013,2,4850,0.3
O012558,P079,1,630,0.0
O012558,P055,1,210,0.1
O012559,P012,1,1160,0.0
O012559,P042,1,5470,0.0
O012560,P004,3,1090,0.0
O012560,P020,1,1760,0.0
O012561,P003,1,8480,0.3
O012562,P007,1,1390,0.1
O012562,P080,1,660,0.3
O012563,P045,1,630,0.0
O012563,P004,1,1090,0.0
O012564,P024,3,540,0.0
O012564,P094,1,1100,0.0
O012565,P006,2,5860,0.1
O012566,P047,1,1740,0.0
O012566,P080,1,660,0.2
O012567,P082,1,580,0.1
O012567,P009,1,5010,0.2
O012568,P079,1,630,0.0
O012568,P020,1,1760,0.05
O012569,P053,1,310,0.0
O012569,P020,2,1760,0.0
O012570,P020,1,1760,0.1
O012570,P051,3,700,0.1
O012571,P037,2,470,0.0
O012571,P031,1,700,0.05
O012572,P096,1,260,0.0
O012572,P008,1,5930,0.0
O012572,P020,3,1760,0.0
O012573,P010,1,6950,0.0
O012574,P079,1,630,0.0
O012575,P002,1,4330,0.0
O012576,P053,1,310,0.0
O012577,P052,1,260,0.2
O012577,P003,2,8480,0.0
O012577,P096,1,260,0.1
O012578,P029,1,570,0.1
O012579,P076,1,2640,0.3
O012579,P045,1,630,0.2
O012579,P074,2,890,0.05
O012579,P079,1,630,0.0
O012580,P020,1,1760,0.2
O012580,P079,2,630,0.0
O012581,P022,1,1690,0.0
O012581,P096,1,260,0.05
O012581,P079,1,630,0.2
O012582,P078,1,3260,0.2
O012582,P006,1,5860,0.0
O012583,P023,3,2180,0.0
O012583,P020,1,1760,0.0
O012584,P005,1,1960,0.05
O012584,P013,1,4850,0.0
O012584,P037,1,470,0.05
O012585,P031,2,700,0.0
O012585,P033,1,2190,0.0
O012586,P005,1,1960,0.0
O012586,P073,1,3790,0.05
O012586,P071,2,450,0.0
O012587,P076,1,2640,0.0
O012587,P052,1,260,0.0
O012588,P068,2,260,0.05
O012589,P008,1,5930,0.0
O012589,P088,1,2510,0.0
O012590,P076,1,2640,0.0
O012590,P082,1,580,0.05
O012590,P074,1,890,0.0
O012591,P042,2,5470,0.05
O012592,P096,2,260,0.0
O012593,P097,2,1960,0.2
O012594,P051,1,700,0.1
O012595,P071,1,450,0.0
O012596,P051,1,700,0.3
O012596,P036,1,490,0.2
O012597,P074,1,890,0.0
O012597,P051,1,700,0.0
O012598,P018,1,790,0.1
O012599,P077,1,4260,0.2
O012599,P052,1,260,0.0
O012600,P096,1,260,0.1
O012600,P079,1,630,0.05
O012601,P033,1,2190,0.1
O012602,P081,1,2850,0.05
O012603,P044,2,260,0.0
O012603,P008,3,5930,0.1
O012604,P047,1,1740,0.3
O012605,P031,2,700,0.2
O012606,P096,1,260,0.0
O012607,P004,1,1090,0.0
O012607,P022,2,1690,0.1
O012608,P014,1,1960,0.2
O012608,P092,1,1210,
O012609,P002,1,4330,0.0
O012609,P026,1,2100,0.0
O012610,P044,1,260,0.3
O012610,P052,1,260,0.0
O012611,P033,1,2190,0.0
O012612,P058,1,420,0.0
O012612,P033,1,2190,0.0
O012612,P008,2,5930,0.1
O012613,P032,3,1590,0.0
O012614,P086,2,1840,0.0
O012614,P028,1,430,0.0
O012614,P051,1,700,0.0
O012615,P034,3,490,0.0
O012616,P033,1,2190,0.05
O012616,P022,3,1690,0.1
O012617,P028,1,430,0.1
O012617,P050,1,570,0.0
O012617,P042,1,5470,0.1
O012618,P080,1,660,0.0
O012618,P009,1,5010,0.0
O012619,P026,1,2100,0.05
O012620,P020,1,1760,0.05
O012621,P052,1,260,0.0
O012622,P033,2,2190,0.2
O012623,P008,1,5930,0.0
O012623,P082,1,580,0.0
O012624,P033,1,2190,0.2
O012624,P052,1,260,0.0
O012625,P084,2,540,0.0
O012626,P020,3,1760,0.0
O012626,P038,2,940,0.0
O012627,P012,1,1160,0.0
O012628,P008,1,5930,0.0
O012628,P047,3,1740,0.3
O012629,P006,1,5860,0.0
O012630,P051,1,700,0.0
O012631,P020,1,1760,0.2
O012631,P011,1,1280,0.0
O012631,P063,1,500,0.3
O012632,P051,1,700,0.0
O012633,P079,1,630,0.0
O012634,P053,1,310,0.1
O012634,P079,2,630,0.1
O012635,P011,1,1280,0.3
O012636,P007,3,1390,0.05
O012636,P079,2,630,0.0
O012637,P033,1,2190,0.1
O012638,P008,1,5930,0.0
O012639,P022,1,1690,0.0
O012640,P007,1,1390,0.3
O012641,P079,1,630,0.05
O012642,P085,1,1400,0.2
O012643,P039,1,1980,0.05
O012644,P023,1,2180,0.0
O012645,P054,2,480,0.0
O012646,P096,1,260,0.05
O012646,P052,2,260,0.0
O012646,P046,1,860,0.3
O012647,P088,1,2510,0.05
O012647,P047,1,1740,
O012648,P052,1,260,0.05
O012648,P054,1,480,0.0
O012648,P033,1,2190,0.0
O012649,P030,1,600,0.1
O012649,P008,1,5930,0.0
O012649,P080,1,660,0.0
O012650,P052,2,260,0.3
O012650,P007,1,1390,0.0
O012651,P052,1,260,0.0
O012651,P082,1,580,0.05
O012652,P080,1,660,0.05
O012652,P079,1,630,0.05
O012653,P081,2,2850,0.0
O012654,P007,1,1390,0.0
O012655,P003,1,8480,0.2
O012655,P018,1,790,0.05
O012655,P086,1,1840,0.1
O012656,P002,1,4330,0.0
O012656,P096,1,260,0.2
O012657,P035,1,390,0.0
O012658,P048,1,600,0.1
O012659,P010,1,6950,0.05
O012659,P064,1,550,0.0
O012659,P092,1,1210,0.0
O012660,P080,3,660,0.0
O012661,P082,1,580,0.0
O012661,P079,2,630,0.0
O012662,P020,1,1760,0.0
O012663,P045,1,630,0.0
O012664,P071,1,450,0.0
O012664,P002,2,4330,0.0
O012665,P068,1,260,0.1
O012665,P052,1,260,0.0
O012666,P052,2,260,0.0
O012667,P007,1,1390,0.05
O012668,P002,1,4330,0.0
O012669,P022,1,1690,0.0
O012670,P092,1,1210,0.0
O012670,P052,1,260,0.0
O012671,P047,1,1740,0.0
O012672,P030,1,600,0.2
O012673,P042,1,5470,0.3
O012674,P054,1,480,0.05
O012675,P002,1,4330,0.0
O012675,P054,1,480,0.05
O012676,P096,1,260,0.1
O012677,P088,1,2510,0.05
O012678,P074,1,890,0.0
O012678,P028,3,430,0.0
O012679,P021,2,620,0.05
O012679,P008,2,5930,0.0
O012680,P020,2,1760,0.0
O012681,P050,1,570,0.0
O012682,P007,1,1390,0.3
O012683,P008,1,5930,0.3
O012683,P042,1,5470,0.05
O012683,P079,1,630,0.0
O012684,P033,1,2190,0.2
O012685,P016,1,650,0.1
O012685,P020,1,1760,0.05
O012685,P054,1,480,0.0
O012686,P028,3,430,0.0
O012686,P079,1,630,0.0
O012687,P079,1,630,0.0
O012688,P080,3,660,0.3
O012689,P020,1,1760,0.05
O012689,P034,2,490,0.05
O012690,P096,2,260,0.0
O012691,P082,1,580,0.1
O012692,P074,3,890,0.05
O012692,P060,2,330,0.1
O012692,P008,1,5930,0.05
O012693,P021,1,620,0.0
O012693,P096,2,260,0.3
O012694,P020,1,1760,0.3
O012694,P052,2,260,0.2
O012695,P043,1,1220,0.0
O012695,P051,1,700,0.3
O012695,P096,1,260,0.3
O012696,P024,1,540,0.2
O012696,P088,2,2510,0.1
O012697,P008,1,5930,0.05
O012698,P052,1,260,0.1
O012699,P092,1,1210,0.05
O012700,P043,1,1220,0.05
O012701,P052,1,260,0.0
O012701,P007,1,1390,0.3
O012702,P008,3,5930,0.0
O012703,P082,1,580,0.2
O012703,P092,2,1210,0.2
O012704,P052,1,260,0.0
O012705,P008,1,5930,0.1
O012706,P033,1,2190,0.3
O012707,P096,1,260,0.0
O012708,P086,1,1840,0.3
O012709,P037,1,470,0.1
O012710,P092,2,1210,0.0
O012710,P096,1,260,0.0
O012711,P079,1,630,0.0
O012711,P031,1,700,0.1
O012712,P052,3,260,0.0
O012713,P080,1,660,0.2
O012714,P047,1,1740,0.0
O012715,P006,1,5860,0.0
O012716,P033,1,2190,0.2
O012717,P052,1,260,0.3
O012718,P050,1,570,0.1
O012719,P096,1,260,0.3
O012719,P029,2,570,0.0
O012720,P080,1,660,0.0
O012720,P031,1,700,0.05
O012721,P018,2,790,0.2
O012721,P096,1,260,0.0
O012722,P012,1,1160,0.1
O012723,P040,1,430,0.3
O012724,P020,3,1760,0.0
O012724,P014,1,1960,0.3
O012725,P006,1,5860,0.0
O012725,P052,2,260,0.0
O012726,P020,1,1760,0.0
O012726,P010,1,6950,0.0
O012727,P035,1,390,0.2
O012728,P009,1,5010,0.0
O012728,P051,2,700,0.2
O012728,P007,3,1390,0.0
O012728,P012,1,1160,0.0
O012729,P071,1,450,0.2
O012729,P072,1,3800,0.1
O012730,P028,2,430,0.0
O012731,P033,1,2190,0.0
O012732,P033,3,2190,0.2
O012733,P050,1,570,0.0
O012734,P080,1,660,0.0
O012735,P060,1,330,0.0
O012735,P007,1,1390,0.05
O012736,P096,2,260,0.3
O012737,P096,2,260,0.0
O012737,P004,1,1090,0.1
O012738,P021,2,620,0.0
O012738,P074,2,890,0.0
O012738,P006,1,5860,0.3
O012739,P020,2,1760,0.0
O012739,P052,2,260,0.1
O012739,P039,1,1980,0.2
O012740,P092,1,1210,0.1
O012741,P052,1,260,0.0
O012742,P032,1,1590,0.3
O012743,P016,1,650,0.0
O012743,P084,1,540,0.0
O012744,P031,1,700,0.05
O012745,P090,3,2690,0.0
O012746,P020,1,1760,0.05
O012747,P033,1,2190,0.0
O012748,P071,2,450,0.0
O012749,P033,1,2190,0.1
O012749,P044,1,260,0.0
O012750,P096,1,260,0.05
O012751,P007,2,1390,0.05
O012752,P052,1,260,0.3
O012752,P079,1,630,0.0
O012753,P007,1,1390,0.05
O012754,P040,1,430,0.0
O012754,P028,1,430,0.0
O012755,P008,1,5930,0.2
O012756,P096,1,260,0.0
O012757,P020,1,1760,0.0
O012757,P051,1,700,0.0
O012757,P008,1,5930,0.1
O012758,P098,1,930,0.1
O012758,P050,1,570,0.0
O012759,P047,3,1740,0.0
O012759,P033,1,2190,0.1
O012760,P006,1,5860,0.1
O012760,P021,1,620,0.0
O012761,P050,2,570,0.0
O012762,P012,1,1160,0.0
O012763,P020,1,1760,0.1
O012764,P047,1,1740,0.3
O012765,P059,1,240,0.1
O012765,P037,1,470,0.0
O012766,P078,1,3260,0.0
O012767,P026,1,2100,0.0
O012768,P006,1,5860,0.0
O012769,P073,1,3790,0.0
O012769,P040,3,430,0.05
O012770,P028,1,430,0.0
O012771,P020,1,1760,0.0
O012771,P092,2,1210,0.1
O012772,P076,1,2640,0.1
O012773,P078,1,3260,0.05
O012774,P088,3,2510,0.05
O012775,P012,1,1160,0.0
O012776,P005,1,1960,0.0
O012776,P008,1,5930,0.0
O012776,P020,1,1760,0.0
O012777,P079,2,630,0.1
O012778,P002,1,4330,0.3
O012778,P081,1,2850,0.1
O012779,P096,3,260,0.0
O012779,P056,1,1440,0.0
O012780,P010,2,6950,0.1
O012780,P019,1,2290,0.3
O012781,P053,1,310,0.0
O012781,P008,1,5930,0.05
O012782,P071,1,450,0.0
O012782,P033,2,2190,0.05
O012782,P080,1,660,0.0
O012783,P028,1,430,0.0
O012784,P075,1,2130,0.1
O012784,P028,1,430,0.2
O012785,P069,1,250,0.1
O012786,P085,1,1400,0.0
O012787,P032,1,1590,0.2
O012787,P082,2,580,0.05
O012788,P051,2,700,0.0
O012789,P060,1,330,0.0
O012789,P034,1,490,0.3
O012790,P094,2,1100,0.0
O012791,P010,1,6950,0.0
O012792,P035,1,390,0.0
O012792,P071,1,450,0.1
O012793,P027,1,1330,0.2
O012793,P020,1,1760,0.3
O012793,P033,1,2190,0.0
O012794,P096,1,260,0.0
O012795,P047,1,1740,0.0
O012796,P002,1,4330,0.2
O012797,P006,1,5860,0.05
O012797,P092,1,1210,0.3
O012797,P055,1,210,0.1
O012798,P006,1,5860,0.05
O012799,P045,3,630,0.3
O012799,P008,1,5930,0.0
O012800,P004,1,1090,0.0
O012800,P033,1,2190,0.05
O012800,P030,1,600,0.0
O012800,P010,1,6950,0.0
O012800,P062,1,400,0.1
O012801,P020,1,1760,0.1
O012802,P051,1,700,0.0
O012803,P096,1,260,0.1
O012803,P055,3,210,0.0
O012804,P055,1,210,0.05
O012805,P055,1,210,0.0
O012806,P081,1,2850,0.0
O012807,P047,1,1740,0.0
O012807,P028,1,430,0.2
O012808,P062,1,400,0.1
O012809,P022,1,1690,0.0
O012810,P055,1,210,0.0
O012810,P052,1,260,0.05
O012810,P008,1,5930,0.0
O012810,P086,1,1840,0.3
O012811,P092,1,1210,0.0
O012811,P008,1,5930,0.1
O012812,P002,1,4330,0.05
O012812,P020,1,1760,0.0
O012813,P088,1,2510,0.0
O012814,P028,1,430,0.0
O012815,P002,1,4330,0.0
O012816,P007,1,1390,0.0
O012817,P096,1,260,0.0
O012818,P096,1,260,0.3
O012819,P012,2,1160,0.0
O012820,P075,1,2130,0.05
O012820,P092,2,1210,0.0
O012821,P034,2,490,0.0
O012822,P028,1,430,0.0
O012822,P020,1,1760,0.0
O012823,P021,1,620,0.0
O012824,P018,1,790,0.1
O012824,P078,1,3260,0.1
O012824,P092,1,1210,0.0
O012825,P051,1,700,0.0
O012826,P030,1,600,0.1
O012826,P052,2,260,0.05
O012826,P096,1,260,0.05
O012827,P011,1,1280,0.05
O012828,P028,1,430,0.2
O012829,P012,2,1160,0.05
O012829,P015,1,600,0.0
O012830,P096,1,260,0.2
O012831,P079,1,630,0.2
O012832,P008,2,5930,0.05
O012833,P079,2,630,0.3
O012833,P017,1,1030,0.0
O012834,P059,1,240,0.2
O012834,P051,1,700,0.0
O012835,P076,1,2640,0.3
O012835,P056,1,1440,0.1
O012836,P096,1,260,0.1
O012837,P047,1,1740,0.05
O012838,P024,3,540,0.0
O012839,P008,1,5930,0.0
O012840,P031,1,700,0.0
O012841,P008,2,5930,0.0
O012842,P055,1,210,0.05
O012842,P096,1,260,0.05
O012842,P031,1,700,0.0
O012843,P047,3,1740,0.0
O012843,P052,2,260,0.0
O012843,P069,1,250,0.0
O012843,P079,3,630,0.3
O012844,P096,1,260,0.2
O012844,P082,1,580,0.1
O012845,P080,1,660,0.2
O012846,P031,3,700,0.0
O012847,P079,1,630,0.0
O012847,P010,1,6950,0.05
O012847,P052,1,260,0.05
O012848,P047,1,1740,0.0
O012849,P033,1,2190,0.0
O012850,P028,1,430,0.05
O012850,P042,1,5470,0.0
O012851,P020,1,1760,0.05
O012851,P047,2,1740,0.0
O012852,P075,1,2130,0.05
O012852,P047,1,1740,0.3
O012852,P028,1,430,0.1
O012853,P056,2,1440,0.1
O012854,P020,1,1760,0.1
O012855,P052,1,260,0.0
O012856,P081,1,2850,0.05
O012856,P028,3,430,0.3
O012857,P047,1,1740,0.3
O012857,P046,1,860,0.0
O012858,P020,1,1760,0.2
O012859,P009,1,5010,0.0
O012860,P088,1,2510,0.0
O012861,P052,2,260,0.2
O012861,P080,3,660,0.0
O012862,P007,2,1390,0.3
O012862,P079,1,630,0.1
O012863,P097,1,1960,0.0
O012863,P047,3,1740,0.0
O012864,P043,1,1220,0.3
O012864,P055,1,210,0.3
O012865,P043,1,1220,0.05
O012865,P011,1,1280,0.0
O012866,P029,1,570,0.05
O012866,P033,2,2190,0.0
O012867,P076,1,2640,0.0
O012868,P010,3,6950,0.2
O012869,P079,1,630,0.2
O012870,P045,1,630,0.0
O012870,P082,1,580,0.05
O012871,P054,2,480,0.1
O012872,P033,1,2190,0.3
O012872,P079,3,630,0.0
O012873,P029,3,570,0.05
O012874,P051,2,700,0.05
O012874,P033,1,2190,0.0
O012875,P072,1,3800,0.0
O012876,P092,2,1210,0.0
O012876,P097,1,1960,0.0
O012877,P008,3,5930,0.0
O012877,P020,1,1760,0.0
O012878,P007,2,1390,0.0
O012879,P022,3,1690,0.0
O012879,P033,2,2190,0.0
O012880,P028,1,430,0.0
O012880,P020,2,1760,0.0
O012881,P052,3,260,0.0
O012881,P080,1,660,0.05
O012882,P020,1,1760,0.2
O012882,P034,1,490,0.2
O012882,P038,1,940,0.0
O012883,P054,1,480,0.3
O012884,P008,1,5930,0.0
O012885,P055,1,210,0.05
O012886,P073,1,3790,0.0
O012886,P008,1,5930,0.2
O012887,P071,1,450,0.05
O012888,P047,1,1740,0.1
O012889,P002,1,4330,0.2
O012890,P008,2,5930,0.3
O012890,P088,1,2510,0.0
O012891,P033,1,2190,0.0
O012892,P022,1,1690,0.0
O012892,P034,1,490,0.0
O012892,P055,2,210,0.0
O012893,P047,3,1740,0.0
O012893,P051,1,700,0.0
O012894,P079,1,630,0.0
O012895,P052,1,260,0.0
O012895,P004,1,1090,
O012895,P012,1,1160,0.0
O012896,P022,1,1690,0.0
O012897,P034,1,490,0.0
O012897,P005,1,1960,0.05
O012898,P085,1,1400,0.3
O012899,P033,1,2190,0.0
O012900,P033,1,2190,0.0
O012900,P055,1,210,0.2
O012901,P096,1,260,0.1
O012902,P033,1,2190,0.2
O012902,P075,1,2130,0.0
O012903,P047,1,1740,0.0
O012903,P061,1,660,0.0
O012904,P062,2,400,0.0
O012905,P040,1,430,0.3
O012905,P058,1,420,0.0
O012906,P012,1,1160,0.0
O012906,P054,1,480,0.0
O012907,P079,1,630,0.0
O012907,P019,1,2290,0.05
O012908,P059,1,240,0.1
O012908,P007,2,1390,0.3
O012909,P040,1,430,0.1
O012910,P052,3,260,0.2
O012911,P040,1,430,0.05
O012912,P095,1,1840,0.0
O012913,P051,1,700,0.05
O012914,P043,1,1220,0.2
O012915,P053,1,310,0.05
O012915,P057,1,360,0.0
O012916,P020,1,1760,0.2
O012916,P052,1,260,0.0
O012917,P020,3,1760,0.05
O012917,P092,1,1210,0.0
O012918,P052,3,260,0.2
O012919,P020,1,1760,0.0
O012920,P079,1,630,0.0
O012921,P096,1,260,0.0
O012922,P031,1,700,0.0
O012923,P088,1,2510,0.1
O012924,P055,2,210,0.0
O012924,P017,1,1030,0.2
O012925,P080,1,660,0.2
O012925,P020,1,1760,0.05
O012926,P021,2,620,0.0
O012927,P045,1,630,0.05
O012928,P007,2,1390,0.1
O012928,P096,1,260,0.0
O012929,P076,1,2640,0.2
O012930,P054,3,480,0.2
O012930,P003,1,8480,0.0
O012931,P015,1,600,0.0
O012931,P028,1,430,0.1
O012931,P086,1,1840,0.1
O012932,P038,1,940,0.2
O012933,P052,1,260,
O012934,P078,2,3260,0.0
O012934,P052,1,260,0.0
O012935,P028,1,430,0.0
O012936,P008,3,5930,0.0
O012936,P074,1,890,0.0
O012937,P043,3,1220,0.0
O012938,P001,1,5210,0.0
O012938,P021,1,620,0.1
O012939,P002,1,4330,0.0
O012940,P033,1,2190,0.0
O012941,P096,1,260,0.0
O012942,P087,1,1570,0.2
O012942,P066,2,160,0.0
O012943,P051,1,700,0.0
O012943,P003,3,8480,0.1
O012943,P050,1,570,0.05
O012944,P026,1,2100,0.0
O012944,P079,2,630,
O012945,P045,1,630,0.05
O012945,P033,1,2190,0.05
O012946,P084,1,540,0.2
O012947,P079,1,630,0.0
O012948,P008,1,5930,0.0
O012949,P052,1,260,0.0
O012950,P031,1,700,0.0
O012950,P028,1,430,0.0
O012951,P004,1,1090,0.1
O012952,P080,1,660,0.2
O012953,P002,1,4330,0.05
O012953,P052,1,260,0.0
O012954,P096,1,260,0.0
O012955,P010,1,6950,0.1
O012956,P020,1,1760,0.0
O012957,P084,1,540,0.0
O012957,P045,3,630,0.05
O012957,P007,2,1390,0.2
O012957,P088,1,2510,0.0
O012958,P008,1,5930,0.1
O012959,P079,1,630,0.0
O012960,P028,1,430,0.0
O012960,P020,1,1760,0.2
O012960,P045,1,630,0.0
O012960,P001,1,5210,0.05
O012961,P012,1,1160,0.0
O012962,P047,2,1740,0.05
O012962,P002,3,4330,0.0
O012963,P052,2,260,0.3
O012964,P007,1,1390,0.3
O012965,P047,1,1740,0.1
O012965,P006,1,5860,0.0
O012966,P096,1,260,0.0
O012966,P080,1,660,0.0
O012967,P047,3,1740,0.3
O012967,P085,2,1400,0.0
O012968,P052,1,260,0.2
O012969,P012,1,1160,0.0
O012970,P047,1,1740,0.05
O012971,P078,1,3260,0.1
O012972,P054,1,480,0.1
O012973,P053,1,310,0.0
O012974,P003,1,8480,0.0
O012974,P052,2,260,0.2
O012975,P012,1,1160,0.0
O012975,P043,1,1220,0.0
O012975,P080,1,660,0.0
O012975,P020,2,1760,0.2
O012976,P007,1,1390,0.2
O012977,P044,1,260,0.0
O012978,P080,1,660,0.05
O012978,P079,1,630,0.2
O012979,P007,1,1390,0.2
O012979,P002,1,4330,0.0
O012979,P069,1,250,0.05
O012980,P008,1,5930,0.2
O012981,P054,1,480,0.3
O012981,P055,1,210,0.0
O012982,P055,2,210,0.0
O012982,P047,1,1740,0.05
O012983,P020,2,1760,0.0
O012983,P082,1,580,0.1
O012984,P003,1,8480,0.1
O012984,P053,2,310,0.2
O012985,P047,1,1740,0.0
O012986,P031,1,700,0.0
O012987,P017,1,1030,0.0
O012988,P020,1,1760,0.3
O012989,P002,1,4330,0.1
O012989,P090,1,2690,0.0
O012990,P022,1,1690,0.0
O012991,P096,1,260,0.05
O012992,P080,2,660,0.0
O012993,P003,1,8480,
O012993,P012,1,1160,0.2
O012993,P020,1,1760,0.0
O012994,P040,3,430,0.0
O012995,P054,2,480,0.1
O012995,P042,1,5470,0.0
O012996,P098,3,930,0.3
O012996,P096,1,260,0.2
O012997,P078,1,3260,0.05
O012997,P082,1,580,0.0
O012998,P028,1,430,0.0
O012999,P039,1,1980,0.0
O012999,P059,1,240,0.0
O013000,P042,1,5470,0.0
O013001,P079,2,630,0.0
O013001,P043,1,1220,0.05
O013001,P055,1,210,0.05
O013001,P096,1,260,0.0
O013002,P079,1,630,0.0
O013003,P001,1,5210,0.0
O013004,P050,1,570,0.0
O013005,P096,1,260,0.0
O013005,P054,1,480,0.0
O013006,P040,1,430,0.05
O013006,P052,1,260,0.1
O013007,P088,1,2510,0.0
O013007,P040,1,430,0.0
O013008,P007,1,1390,0.3
O013008,P012,2,1160,0.0
O013009,P008,1,5930,0.1
O013009,P040,1,430,0.0
O013010,P033,1,2190,0.0
O013010,P047,1,1740,0.0
O013011,P094,1,1100,0.0
O013011,P080,2,660,0.05
O013011,P003,2,8480,0.2
O013012,P036,1,490,0.05
O013013,P080,1,660,0.0
O013014,P088,1,2510,0.0
O013014,P072,1,3800,0.2
O013015,P047,1,1740,0.2
O013015,P001,1,5210,0.05
O013016,P008,1,5930,0.0
O013017,P020,2,1760,0.0
O013018,P007,1,1390,0.0
O013019,P008,1,5930,0.05
O013019,P006,3,5860,0.0
O013020,P043,1,1220,0.2
O013020,P074,1,890,0.05
O013020,P013,1,4850,0.05
O013021,P081,1,2850,0.05
O013022,P037,1,470,0.0
O013023,P022,2,1690,0.0
O013024,P075,2,2130,0.0
O013024,P092,1,1210,0.0
O013024,P079,1,630,0.05
O013025,P094,1,1100,0.2
O013026,P048,1,600,0.05
O013027,P051,1,700,0.05
O013028,P052,1,260,0.0
O013028,P055,1,210,0.0
O013029,P004,1,1090,0.05
O013029,P067,2,290,0.0
O013029,P054,1,480,0.0
O013030,P083,1,710,0.3
O013031,P047,1,1740,0.2
O013032,P002,1,4330,0.05
O013033,P052,2,260,0.1
O013034,P033,2,2190,0.05
O013034,P079,1,630,0.0
O013035,P022,1,1690,0.1
O013036,P076,1,2640,0.2
O013036,P022,2,1690,0.1
O013037,P043,3,1220,0.0
O013038,P062,1,400,0.05
O013038,P054,1,480,0.0
O013039,P007,1,1390,0.0
O013039,P056,1,1440,0.3
O013039,P033,1,2190,0.3
O013040,P080,1,660,0.0
O013040,P066,1,160,0.0
O013041,P021,1,620,0.2
O013042,P052,1,260,0.1
O013043,P047,1,1740,0.05
O013044,P008,3,5930,0.0
O013045,P030,1,600,0.0
O013046,P012,1,1160,0.2
O013046,P081,1,2850,0.0
O013047,P074,2,890,0.2
O013048,P078,1,3260,0.0
O013048,P060,1,330,0.0
O013049,P079,1,630,0.05
O013049,P069,2,250,0.0
O013050,P043,1,1220,0.0
O013051,P054,1,480,0.1
O013052,P085,1,1400,0.0
O013052,P089,1,530,0.3
O013053,P073,1,3790,0.0
O013053,P045,1,630,0.0
O013053,P031,2,700,0.1
O013054,P035,1,390,0.2
O013055,P033,3,2190,0.0
O013056,P033,2,2190,0.0
O013057,P008,1,5930,0.0
O013058,P088,2,2510,0.05
O013059,P096,1,260,0.1
O013060,P001,2,5210,0.0
O013061,P054,3,480,0.1
O013062,P029,1,570,0.2
O013062,P055,2,210,0.0
O013063,P031,3,700,0.0
O013064,P079,1,630,0.05
O013065,P086,2,1840,0.3
O013065,P029,1,570,0.0
O013066,P008,1,5930,0.05
O013066,P079,1,630,0.1
O013067,P002,1,4330,0.0
O013068,P053,1,310,0.0
O013069,P033,2,2190,0.3
O013069,P046,3,860,0.2
O013070,P064,1,550,0.05
O013071,P008,1,5930,0.0
O013071,P010,1,6950,0.0
O013072,P044,1,260,0.05
O013072,P075,1,2130,0.0
O013073,P045,1,630,0.0
O013074,P002,1,4330,0.3
O013075,P012,1,1160,0.0
O013076,P076,2,2640,0.0
O013077,P086,2,1840,0.1
O013077,P079,1,630,0.05
O013078,P090,3,2690,0.1
O013078,P019,1,2290,0.0
O013079,P088,3,2510,0.0
O013079,P051,1,700,0.1
O013080,P037,1,470,0.0
O013080,P086,1,1840,0.05
O013080,P047,1,1740,0.2
O013081,P051,1,700,0.0
O013081,P076,1,2640,0.1
O013081,P020,1,1760,0.0
O013082,P096,1,260,0.2
O013082,P001,1,5210,0.1
O013083,P082,2,580,0.05
O013084,P057,1,360,0.3
O013085,P047,1,1740,0.1
O013086,P029,1,570,0.0
O013087,P080,1,660,0.0
O013088,P003,1,8480,0.0
O013089,P096,1,260,0.0
O013089,P052,1,260,0.0
O013090,P096,1,260,0.0
O013091,P022,1,1690,0.05
O013091,P037,1,470,0.0
O013092,P054,1,480,0.1
O013092,P018,3,790,0.0
O013093,P076,1,2640,0.2
O013094,P037,1,470,0.0
O013095,P020,1,1760,0.0
O013096,P003,2,8480,0.0
O013097,P040,1,430,0.0
O013098,P033,1,2190,0.0
O013098,P065,1,180,0.3
O013098,P079,1,630,0.05
O013098,P020,2,1760,0.05
O013099,P011,1,1280,0.0
O013099,P020,1,1760,0.05
O013099,P086,2,1840,0.0
O013100,P039,2,1980,0.2
O013100,P088,1,2510,0.0
O013101,P007,3,1390,0.1
O013101,P096,1,260,0.0
O013102,P047,1,1740,0.1
O013103,P052,1,260,0.0
O013103,P043,1,1220,0.1
O013103,P096,1,260,0.0
O013104,P052,1,260,0.0
O013105,P055,1,210,0.0
O013106,P096,1,260,0.0
O013107,P051,1,700,0.05
O013107,P011,1,1280,0.3
O013108,P051,1,700,0.1
O013108,P033,1,2190,0.1
O013109,P009,1,5010,0.0
O013109,P094,1,1100,0.0
O013109,P033,2,2190,0.1
O013109,P097,2,1960,0.05
O013109,P020,1,1760,0.3
O013110,P001,1,5210,0.0
O013110,P003,1,8480,0.0
O013111,P004,3,1090,0.1
O013112,P012,1,1160,0.3
O013112,P020,1,1760,0.3
O013113,P002,1,4330,0.1
O013113,P018,1,790,0.05
O013113,P008,1,5930,0.1
O013114,P096,1,260,0.1
O013114,P079,2,630,0.0
O013115,P020,1,1760,0.05
O013116,P047,1,1740,0.0
O013117,P001,1,5210,0.0
O013118,P047,2,1740,0.05
O013118,P023,1,2180,0.1
O013118,P043,1,1220,0.1
O013119,P026,1,2100,0.0
O013120,P056,1,1440,0.0
O013121,P010,1,6950,0.0
O013121,P080,2,660,0.0
O013122,P090,3,2690,0.1
O013123,P008,2,5930,0.0
O013123,P096,2,260,0.0
O013124,P020,2,1760,0.0
O013125,P051,1,700,0.1
O013125,P075,2,2130,0.0
O013126,P002,1,4330,0.05
O013126,P033,1,2190,0.0
O013127,P007,1,1390,0.0
O013127,P033,1,2190,0.0
O013128,P047,2,1740,0.3
O013128,P090,3,2690,0.0
O013129,P090,1,2690,0.3
O013129,P020,2,1760,0.05
O013130,P052,1,260,0.0
O013131,P024,2,540,0.3
O013131,P003,3,8480,0.1
O013132,P062,2,400,0.0
O013133,P052,3,260,0.0
O013133,P088,1,2510,0.0
O013134,P098,1,930,0.2
O013135,P096,1,260,0.0
O013135,P020,1,1760,0.0
O013136,P047,1,1740,0.0
O013136,P060,1,330,0.1
O013137,P020,1,1760,0.05
O013138,P054,1,480,0.05
O013138,P007,3,1390,0.3
O013139,P012,1,1160,0.0
O013140,P043,2,1220,0.0
O013141,P033,1,2190,0.3
O013142,P021,1,620,0.05
O013142,P078,1,3260,0.1
O013142,P096,1,260,0.1
O013143,P056,1,1440,0.0
O013144,P051,1,700,0.2
O013145,P096,1,260,0.2
O013146,P008,2,5930,0.3
O013147,P022,2,1690,0.2
O013147,P058,1,420,0.1
O013148,P007,1,1390,0.1
O013148,P014,2,1960,0.2
O013148,P034,1,490,0.1
O013149,P047,1,1740,0.0
O013150,P054,2,480,0.0
O013150,P080,2,660,0.0
O013151,P043,1,1220,0.2
O013151,P007,1,1390,0.0
O013152,P006,1,5860,0.0
O013153,P003,3,8480,0.3
O013154,P070,1,800,0.0
O013154,P059,2,240,0.3
O013155,P096,1,260,0.0
O013155,P011,1,1280,0.0
O013155,P087,1,1570,0.1
O013156,P051,2,700,0.0
O013157,P018,1,790,0.0
O013157,P002,1,4330,0.0
O013157,P033,1,2190,0.3
O013158,P079,1,630,0.1
O013159,P015,2,600,0.2
O013160,P038,1,940,0.0
O013161,P003,1,8480,0.0
O013161,P074,1,890,0.0
O013162,P026,1,2100,0.1
O013163,P006,2,5860,0.2
O013164,P079,1,630,0.05
O013164,P033,1,2190,0.0
O013165,P054,1,480,0.0
O013165,P019,1,2290,0.0
O013165,P008,2,5930,0.3
O013166,P079,2,630,0.05
O013166,P002,1,4330,0.05
O013167,P055,1,210,0.3
O013167,P092,1,1210,0.0
O013168,P008,1,5930,0.0
O013168,P081,2,2850,0.0
O013168,P033,1,2190,0.0
O013168,P020,2,1760,0.0
O013169,P001,1,5210,0.05
O013170,P092,1,1210,0.0
O013171,P077,1,4260,0.1
O013172,P094,1,1100,0.05
O013172,P052,1,260,0.05
O013172,P096,1,260,0.2
O013173,P053,1,310,0.0
O013173,P096,1,260,0.05
O013174,P026,1,2100,0.3
O013174,P080,1,660,0.05
O013175,P068,1,260,0.0
O013175,P015,1,600,0.0
O013176,P005,3,1960,0.1
O013177,P028,2,430,0.05
O013177,P008,3,5930,0.1
O013178,P020,2,1760,0.05
O013179,P024,1,540,0.1
O013180,P056,1,1440,0.0
O013181,P027,1,1330,0.05
O013181,P055,2,210,0.3
O013181,P002,1,4330,0.2
O013181,P033,2,2190,0.2
O013181,P012,1,1160,0.1
O013182,P020,2,1760,0.0
O013182,P012,1,1160,0.0
O013183,P021,1,620,0.2
O013183,P031,1,700,0.0
O013184,P007,1,1390,0.1
O013184,P013,1,4850,0.2
O013185,P047,3,1740,0.2
O013186,P006,1,5860,0.1
O013187,P052,1,260,
O013188,P007,1,1390,0.0
O013188,P010,1,6950,0.0
O013189,P047,2,1740,0.0
O013189,P080,1,660,0.0
O013190,P065,1,180,0.0
O013191,P055,1,210,0.05
O013192,P051,2,700,0.3
O013192,P082,1,580,0.0
O013193,P096,2,260,0.0
O013194,P006,1,5860,0.0
O013194,P029,2,570,0.0
O013194,P049,1,870,0.0
O013195,P055,2,210,0.0
O013196,P033,1,2190,0.0
O013197,P066,3,160,0.0
O013197,P086,1,1840,0.0
O013198,P004,1,1090,0.1
O013199,P053,1,310,0.0
O013199,P082,3,580,0.05
O013199,P080,1,660,0.0
O013200,P047,1,1740,0.0
O013201,P052,1,260,0.0
O013201,P014,2,1960,0.1
O013202,P047,1,1740,0.0
O013202,P020,1,1760,0.0
O013203,P033,1,2190,0.1
O013204,P092,1,1210,0.05
O013204,P020,3,1760,0.1
O013205,P079,3,630,0.0
O013205,P033,1,2190,0.0
O013206,P079,3,630,0.0
O013206,P096,1,260,0.1
O013207,P052,2,260,0.1
O013207,P020,1,1760,0.0
O013208,P052,1,260,0.0
O013208,P067,2,290,0.0
O013209,P010,1,6950,0.3
O013209,P054,3,480,0.0
O013209,P033,1,2190,0.0
O013210,P073,1,3790,
O013210,P033,2,2190,0.0
O013210,P052,1,260,0.0
O013210,P022,1,1690,0.3
O013211,P080,1,660,0.0
O013212,P052,1,260,0.2
O013212,P040,2,430,0.05
O013213,P048,1,600,0.0
O013214,P033,2,2190,0.05
O013215,P005,1,1960,0.0
O013216,P055,1,210,0.05
O013217,P046,2,860,0.0
O013218,P033,1,2190,0.1
O013218,P096,1,260,0.0
O013219,P020,1,1760,0.1
O013220,P007,2,1390,0.0
O013220,P006,1,5860,0.0
O013221,P029,3,570,0.0
O013221,P033,3,2190,0.0
O013222,P057,1,360,0.0
O013222,P002,1,4330,0.2
O013223,P068,3,260,0.0
O013223,P096,1,260,0.0
O013224,P012,1,1160,0.0
O013224,P005,1,1960,0.0
O013224,P020,1,1760,0.0
O013225,P020,1,1760,0.0
O013225,P029,1,570,0.0
O013226,P010,2,6950,0.1
O013227,P049,1,870,0.05
O013227,P028,1,430,0.0
O013228,P002,1,4330,0.0
O013228,P079,1,630,0.05
O013229,P010,2,6950,0.05
O013229,P082,1,580,0.1
O013230,P023,3,2180,0.0
O013230,P042,2,5470,0.3
O013231,P001,1,5210,0.2
O013231,P088,1,2510,0.2
O013232,P052,1,260,0.0
O013232,P051,2,700,0.0
O013233,P045,1,630,0.2
O013234,P046,1,860,0.0
O013235,P047,1,1740,0.0
O013236,P030,3,600,0.0
O013236,P026,1,2100,0.0
O013237,P033,1,2190,0.0
O013238,P094,3,1100,0.1
O013239,P002,1,4330,0.0
O013240,P030,3,600,0.1
O013241,P016,1,650,0.2
O013241,P088,1,2510,0.0
O013242,P003,1,8480,0.0
O013243,P042,1,5470,0.2
O013244,P002,1,4330,0.0
O013245,P007,1,1390,0.0
O013246,P033,1,2190,0.0
O013246,P052,2,260,0.0
O013247,P075,1,2130,0.0
O013247,P066,1,160,0.2
O013248,P020,2,1760,0.0
O013249,P079,1,630,0.0
O013249,P096,2,260,0.3
O013250,P080,1,660,0.3
O013251,P033,1,2190,0.0
O013251,P061,1,660,0.05
O013252,P012,1,1160,0.0
O013252,P017,1,1030,0.1
O013253,P096,1,260,0.0
O013254,P052,1,260,0.0
O013254,P079,1,630,0.0
O013255,P033,1,2190,0.05
O013255,P076,1,2640,0.3
O013256,P020,2,1760,0.0
O013257,P079,2,630,0.0
O013258,P020,2,1760,0.1
O013259,P055,1,210,0.0
O013260,P047,1,1740,0.05
O013261,P008,1,5930,0.05
O013262,P051,1,700,0.0
O013262,P045,1,630,0.0
O013263,P020,1,1760,0.05
O013263,P004,1,1090,0.0
O013263,P054,3,480,0.05
O013264,P020,1,1760,0.0
O013265,P096,1,260,0.1
O013265,P045,3,630,0.1
O013266,P052,1,260,0.0
O013267,P020,1,1760,0.1
O013268,P008,1,5930,0.1
O013269,P086,1,1840,0.0
O013270,P088,2,2510,0.0
O013270,P024,1,540,0.1
O013271,P054,1,480,0.0
O013272,P053,1,310,0.0
O013273,P001,2,5210,0.0
O013274,P050,1,570,0.0
O013274,P031,1,700,0.0
O013274,P006,1,5860,0.05
O013274,P017,2,1030,0.05
O013275,P081,1,2850,
O013276,P039,1,1980,0.1
O013277,P052,1,260,0.2
O013278,P071,1,450,0.0
O013279,P033,1,2190,0.1
O013280,P007,2,1390,0.0
O013281,P055,3,210,0.0
O013282,P047,2,1740,0.3
O013282,P011,1,1280,0.0
O013283,P006,2,5860,0.0
O013284,P030,1,600,0.0
O013285,P080,1,660,0.05
O013286,P007,1,1390,0.05
O013287,P082,1,580,0.3
O013288,P085,1,1400,0.2
O013289,P066,1,160,0.0
O013290,P012,1,1160,0.0
O013291,P055,2,210,0.0
O013291,P052,1,260,0.0
O013292,P062,1,400,0.2
O013292,P096,1,260,0.0
O013293,P047,3,1740,0.0
O013294,P020,1,1760,0.0
O013295,P055,1,210,0.05
O013295,P020,1,1760,0.3
O013295,P054,1,480,0.05
O013296,P053,1,310,0.0
O013296,P080,1,660,0.0
O013297,P091,1,2490,0.3
O013297,P048,1,600,0.0
O013297,P010,1,6950,0.1
O013297,P096,2,260,0.0
O013297,P051,1,700,0.05
O013298,P053,1,310,0.2
O013298,P045,1,630,0.05
O013299,P043,1,1220,0.0
O013299,P087,1,1570,0.05
O013300,P052,1,260,
O013300,P055,1,210,0.3
O013300,P097,1,1960,0.0
O013300,P096,1,260,0.0
O013301,P038,1,940,0.05
O013302,P051,1,700,0.0
O013303,P080,1,660,0.1
O013303,P078,2,3260,0.0
O013303,P054,1,480,0.0
O013304,P090,1,2690,0.1
O013305,P033,2,2190,0.0
O013306,P011,2,1280,0.0
O013306,P047,1,1740,0.0
O013307,P007,3,1390,0.1
O013307,P047,1,1740,0.2
O013308,P017,1,1030,0.0
O013309,P079,1,630,0.3
O013310,P018,1,790,0.1
O013310,P079,1,630,0.1
O013311,P030,1,600,0.0
O013312,P006,2,5860,0.0
O013312,P079,1,630,0.0
O013313,P096,3,260,0.05
O013314,P003,1,8480,0.0
O013315,P094,1,1100,0.0
O013316,P006,2,5860,0.1
O013316,P033,1,2190,0.1
O013316,P070,2,800,0.3
O013317,P079,1,630,0.1
O013318,P001,1,5210,0.3
O013319,P051,2,700,0.3
O013320,P047,1,1740,0.3
O013321,P051,1,700,0.0
O013321,P054,1,480,0.1
O013322,P051,2,700,0.2
O013323,P033,1,2190,0.0
O013323,P096,1,260,0.0
O013323,P020,1,1760,0.0
O013324,P020,1,1760,0.3
O013324,P076,3,2640,0.2
O013325,P070,1,800,0.0
O013326,P052,1,260,0.0
O013327,P082,3,580,0.0
O013328,P080,1,660,0.1
O013328,P088,2,2510,0.0
O013329,P055,1,210,0.0
O013329,P050,1,570,0.0
O013329,P096,1,260,0.0
O013330,P090,2,2690,0.0
O013331,P054,2,480,0.3
O013331,P045,1,630,0.05
O013332,P051,1,700,0.1
O013332,P055,3,210,0.0
O013333,P008,2,5930,0.0
O013334,P051,2,700,0.0
O013334,P096,1,260,0.0
O013335,P020,1,1760,0.0
O013336,P051,1,700,0.1
O013336,P055,1,210,0.0
O013337,P010,1,6950,0.3
O013338,P057,1,360,0.0
O013338,P002,1,4330,0.0
O013338,P077,2,4260,0.0
O013339,P061,3,660,0.2
O013340,P069,1,250,0.0
O013341,P012,1,1160,0.05
O013342,P051,1,700,0.0
O013343,P028,1,430,0.2
O013343,P010,1,6950,0.2
O013344,P028,1,430,0.0
O013344,P052,1,260,0.0
O013344,P054,1,480,0.3
O013344,P050,1,570,0.2
O013345,P079,1,630,0.0
O013345,P053,1,310,0.0
O013346,P052,2,260,0.0
O013346,P038,2,940,0.1
O013347,P079,1,630,0.3
O013347,P020,1,1760,0.0
O013347,P054,1,480,0.0
O013348,P080,2,660,0.0
O013349,P038,1,940,0.1
O013350,P059,1,240,0.1
O013351,P090,1,2690,0.1
O013352,P046,1,860,0.3
O013352,P092,1,1210,0.0
O013353,P082,1,580,0.05
O013354,P051,1,700,0.3
O013355,P028,1,430,0.0
O013355,P041,1,4560,0.2
O013356,P007,1,1390,0.0
O013357,P033,1,2190,0.0
O013357,P051,1,700,0.0
O013357,P096,1,260,0.1
O013357,P080,1,660,0.05
O013358,P096,1,260,
O013358,P060,1,330,0.0
O013359,P058,1,420,0.0
O013359,P096,2,260,0.05
O013360,P003,1,8480,0.1
O013360,P007,1,1390,0.2
O013361,P081,1,2850,0.0
O013361,P073,1,3790,0.3
O013361,P003,1,8480,0.1
O013361,P052,1,260,0.0
O013362,P008,2,5930,0.0
O013362,P043,2,1220,0.0
O013363,P002,1,4330,0.0
O013363,P051,1,700,0.0
O013363,P022,1,1690,0.05
O013363,P080,2,660,0.2
O013364,P063,1,500,0.0
O013365,P030,1,600,0.05
O013366,P008,1,5930,0.2
O013366,P080,1,660,0.05
O013367,P020,3,1760,0.0
O013367,P013,1,4850,0.0
O013368,P033,1,2190,0.0
O013368,P036,1,490,0.0
O013369,P096,1,260,0.0
O013369,P084,1,540,0.0
O013370,P079,1,630,0.0
O013370,P094,2,1100,0.0
O013371,P079,1,630,0.1
O013372,P043,1,1220,0.0
O013372,P096,1,260,0.2
O013373,P040,1,430,0.0
O013374,P022,1,1690,0.0
O013375,P008,1,5930,0.2
O013375,P059,1,240,0.1
O013376,P015,1,600,0.0
O013376,P020,1,1760,0.0
O013377,P007,1,1390,0.0
O013378,P051,3,700,0.05
O013378,P080,1,660,0.3
O013379,P074,3,890,0.0
O013379,P021,1,620,0.0
O013380,P057,2,360,0.05
O013380,P008,1,5930,0.05
O013381,P070,2,800,0.0
O013382,P047,1,1740,0.1
O013383,P096,2,260,0.3
O013384,P080,2,660,0.0
O013384,P015,1,600,0.0
O013385,P071,1,450,0.0
O013386,P081,1,2850,0.0
O013387,P019,1,2290,0.3
O013387,P015,1,600,0.0
O013388,P012,1,1160,0.3
O013389,P079,1,630,0.2
O013389,P029,2,570,0.05
O013390,P079,1,630,0.0
O013391,P055,1,210,0.2
O013391,P096,1,260,0.1
O013392,P077,1,4260,0.0
O013392,P053,1,310,0.0
O013393,P088,1,2510,0.1
O013393,P081,2,2850,0.3
O013393,P070,1,800,0.0
O013394,P011,1,1280,0.0
O013394,P004,3,1090,0.0
O013394,P052,1,260,0.0
O013395,P033,2,2190,0.0
O013395,P054,3,480,0.0
O013395,P040,1,430,0.3
O013396,P033,3,2190,0.0
O013396,P051,1,700,0.0
O013397,P045,1,630,0.0
O013398,P036,1,490,0.0
O013398,P052,1,260,0.2
O013399,P027,1,1330,0.0
O013400,P033,1,2190,0.2
O013401,P052,1,260,0.05
O013401,P078,1,3260,0.0
O013402,P088,1,2510,0.2
O013402,P079,1,630,0.0
O013403,P080,1,660,0.2
O013403,P052,1,260,0.2
O013404,P054,1,480,0.1
O013404,P090,2,2690,0.0
O013405,P084,3,540,0.05
O013406,P038,2,940,0.1
O013407,P079,1,630,0.0
O013408,P036,1,490,0.05
O013409,P053,1,310,0.0
O013409,P052,1,260,0.0
O013410,P028,2,430,0.05
O013411,P020,1,1760,0.0
O013412,P029,2,570,0.0
O013412,P070,1,800,0.0
O013413,P014,2,1960,0.1
O013414,P088,1,2510,0.0
O013414,P050,2,570,0.3
O013414,P020,2,1760,0.1
O013414,P096,1,260,0.0
O013415,P092,1,1210,0.1
O013416,P008,1,5930,0.0
O013417,P043,1,1220,0.1
O013417,P086,1,1840,0.0
O013418,P096,2,260,0.0
O013418,P018,2,790,0.2
O013419,P048,1,600,0.0
O013419,P006,1,5860,0.1
O013420,P052,1,260,0.2
O013421,P052,1,260,0.1
O013422,P047,1,1740,0.0
O013423,P022,2,1690,0.0
O013423,P033,1,2190,0.1
O013423,P088,1,2510,0.2
O013424,P096,1,260,0.0
O013424,P001,1,5210,0.0
O013425,P079,1,630,0.0
O013425,P008,1,5930,0.0
O013426,P083,1,710,0.2
O013426,P098,1,930,0.1
O013427,P006,1,5860,0.0
O013427,P002,2,4330,0.1
O013428,P047,1,1740,0.05
O013428,P053,1,310,0.2
O013429,P051,1,700,0.0
O013430,P051,2,700,0.0
O013431,P052,1,260,0.0
O013432,P052,1,260,0.1
O013433,P006,1,5860,0.0
O013434,P052,1,260,0.0
O013435,P008,1,5930,0.05
O013435,P012,1,1160,0.0
O013436,P019,1,2290,0.2
O013437,P098,3,930,0.2
O013437,P081,1,2850,0.0
O013438,P050,1,570,0.3
O013438,P020,3,1760,0.0
O013439,P098,1,930,0.0
O013439,P050,2,570,0.0
O013440,P020,1,1760,0.2
O013440,P070,2,800,0.0
O013441,P094,1,1100,0.05
O013441,P096,2,260,0.1
O013441,P054,2,480,0.0
O013442,P029,1,570,0.2
O013442,P034,1,490,0.0
O013443,P004,1,1090,0.0
O013443,P074,1,890,0.2
O013443,P022,1,1690,0.0
O013444,P025,1,1700,0.1
O013445,P088,1,2510,0.0
O013445,P028,1,430,0.0
O013446,P054,1,480,0.0
O013446,P008,1,5930,0.1
O013447,P079,1,630,0.0
O013447,P008,3,5930,0.1
O013448,P078,2,3260,0.05
O013449,P051,1,700,0.0
O013450,P051,1,700,0.2
O013451,P018,2,790,0.0
O013451,P088,1,2510,0.3
O013452,P008,3,5930,0.3
O013453,P042,1,5470,0.0
O013453,P055,1,210,0.3
O013454,P076,1,2640,0.0
O013455,P033,3,2190,0.05
O013455,P054,3,480,0.0
O013456,P033,1,2190,0.0
O013456,P031,1,700,0.05
O013457,P040,1,430,
O013458,P002,1,4330,0.0
O013458,P051,1,700,0.0
O013459,P080,1,660,0.1
O013460,P051,1,700,0.3
O013461,P041,1,4560,0.2
O013461,P096,1,260,0.05
O013461,P077,1,4260,0.0
O013462,P007,1,1390,0.05
O013463,P015,1,600,0.05
O013464,P018,1,790,0.0
O013465,P033,1,2190,0.0
O013465,P001,1,5210,0.0
O013466,P033,3,2190,0.1
O013466,P052,1,260,0.0
O013466,P097,1,1960,0.1
O013467,P033,1,2190,0.0
O013468,P052,2,260,0.0
O013469,P090,1,2690,0.0
O013469,P079,2,630,0.0
O013470,P016,1,650,0.2
O013470,P043,1,1220,0.2
O013471,P082,1,580,0.05
O013471,P081,3,2850,0.05
O013472,P025,1,1700,0.0
O013472,P084,1,540,0.0
O013473,P082,1,580,0.0
O013473,P008,2,5930,0.0
O013474,P006,1,5860,0.2
O013474,P020,1,1760,0.0
O013475,P077,1,4260,0.0
O013475,P097,1,1960,0.1
O013476,P077,1,4260,0.0
O013477,P051,3,700,0.0
O013478,P079,1,630,0.0
O013479,P056,1,1440,0.05
O013479,P033,1,2190,0.0
O013480,P007,1,1390,0.2
O013480,P009,1,5010,0.0
O013481,P075,1,2130,0.0
O013481,P031,2,700,0.05
O013482,P020,2,1760,0.0
O013482,P065,1,180,0.2
O013482,P006,1,5860,0.2
O013482,P008,1,5930,0.0
O013483,P020,1,1760,0.0
O013483,P076,1,2640,0.0
O013484,P013,1,4850,0.1
O013484,P094,1,1100,0.3
O013485,P075,1,2130,0.05
O013485,P079,1,630,0.1
O013486,P034,2,490,0.0
O013487,P033,2,2190,0.0
O013488,P088,1,2510,0.05
O013489,P020,1,1760,0.0
O013490,P084,2,540,0.0
O013490,P002,1,4330,0.0
O013491,P010,1,6950,
O013491,P033,1,2190,0.0
O013491,P074,1,890,0.1
O013491,P054,1,480,0.0
O013491,P007,1,1390,0.0
O013492,P058,1,420,0.2
O013493,P059,2,240,0.3
O013493,P034,1,490,0.3
O013494,P077,1,4260,0.1
O013494,P051,1,700,
O013495,P020,1,1760,0.3
O013495,P082,1,580,0.0
O013496,P050,1,570,0.05
O013496,P067,1,290,0.1
O013497,P088,1,2510,0.0
O013498,P096,1,260,0.1
O013498,P043,1,1220,0.0
O013499,P079,3,630,0.3
O013500,P033,1,2190,0.0
O013500,P088,1,2510,0.05
O013500,P045,2,630,0.1
O013500,P052,2,260,0.2
O013500,P053,2,310,0.0
O013501,P080,1,660,0.3
O013502,P047,1,1740,0.0
O013503,P052,1,260,0.0
O013504,P060,1,330,0.1
O013505,P012,1,1160,0.3
O013506,P051,2,700,0.0
O013507,P009,1,5010,0.0
O013507,P080,3,660,0.0
O013508,P080,1,660,0.0
O013508,P072,1,3800,0.0
O013508,P043,1,1220,0.0
O013509,P047,1,1740,0.05
O013509,P051,2,700,0.0
O013510,P084,1,540,0.0
O013511,P050,1,570,0.3
O013512,P054,1,480,0.0
O013512,P094,1,1100,0.0
O013513,P088,1,2510,0.1
O013513,P057,1,360,0.0
O013514,P052,1,260,0.0
O013515,P096,1,260,0.1
O013515,P062,2,400,0.1
O013516,P094,1,1100,0.05
O013516,P051,1,700,0.0
O013517,P011,1,1280,0.3
O013517,P055,1,210,0.0
O013517,P079,1,630,0.2
O013517,P043,1,1220,0.2
O013518,P079,2,630,0.1
O013519,P020,1,1760,0.0
O013520,P024,1,540,0.05
O013521,P040,1,430,0.0
O013522,P047,1,1740,0.0
O013523,P050,2,570,0.0
O013524,P013,1,4850,0.0
O013525,P082,1,580,0.0
O013526,P090,1,2690,0.0
O013526,P033,1,2190,0.0
O013527,P020,1,1760,0.05
O013527,P043,1,1220,0.0
O013528,P030,1,600,0.05
O013528,P047,1,1740,0.2
O013529,P052,1,260,0.1
O013530,P055,1,210,0.0
O013531,P078,1,3260,0.0
O013532,P033,1,2190,0.05
O013533,P010,1,6950,0.1
O013533,P014,3,1960,0.0
O013534,P055,3,210,0.2
O013535,P050,1,570,0.0
O013536,P096,1,260,0.0
O013537,P096,1,260,0.0
O013538,P051,1,700,0.0
O013539,P085,1,1400,0.0
O013540,P053,1,310,0.0
O013540,P008,1,5930,0.2
O013541,P022,1,1690,0.0
O013541,P007,1,1390,0.0
O013541,P033,2,2190,0.05
O013542,P033,1,2190,0.05
O013543,P080,2,660,0.1
O013543,P088,1,2510,0.05
O013544,P052,1,260,0.0
O013544,P088,2,2510,0.05
O013545,P031,1,700,0.1
O013546,P088,1,2510,0.2
O013547,P012,1,1160,0.05
O013548,P088,2,2510,0.2
O013548,P091,2,2490,0.0
O013549,P096,1,260,0.05
O013550,P078,1,3260,0.1
O013551,P080,3,660,0.1
O013552,P055,2,210,0.0
O013552,P009,1,5010,0.0
O013552,P098,1,930,0.05
O013553,P025,3,1700,0.0
O013554,P082,1,580,0.05
O013555,P076,2,2640,0.05
O013555,P045,2,630,0.0
O013556,P046,1,860,0.0
O013557,P045,1,630,0.05
O013557,P010,1,6950,0.0
O013557,P052,1,260,0.0
O013558,P001,1,5210,0.2
O013559,P073,1,3790,0.1
O013559,P003,1,8480,0.1
O013560,P088,2,2510,0.0
O013561,P054,1,480,0.05
O013561,P047,1,1740,0.0
O013562,P080,3,660,0.1
O013563,P085,1,1400,0.0
O013564,P052,1,260,0.3
O013564,P079,1,630,0.1
O013565,P002,1,4330,0.0
O013566,P014,2,1960,0.3
O013567,P037,1,470,0.0
O013567,P095,2,1840,0.0
O013567,P096,3,260,0.0
O013568,P040,1,430,0.3
O013569,P053,2,310,0.0
O013569,P028,1,430,0.3
O013570,P053,1,310,0.0
O013571,P052,1,260,0.0
O013572,P008,1,5930,0.2
O013573,P037,1,470,0.0
O013573,P045,1,630,0.0
O013574,P010,2,6950,0.05
O013575,P096,1,260,0.0
O013575,P054,1,480,0.0
O013576,P096,1,260,0.0
O013577,P015,3,600,0.0
O013578,P097,1,1960,0.0
O013579,P096,1,260,0.0
O013580,P079,3,630,0.2
O013581,P002,3,4330,0.0
O013581,P001,1,5210,0.0
O013582,P046,1,860,0.0
O013583,P096,1,260,0.0
O013583,P048,1,600,0.0
O013584,P030,1,600,0.0
O013584,P095,1,1840,0.0
O013584,P023,1,2180,0.2
O013585,P020,1,1760,0.2
O013586,P092,1,1210,0.0
O013586,P096,1,260,0.0
O013587,P080,1,660,0.05
O013587,P043,1,1220,0.05
O013587,P018,1,790,0.3
O013588,P045,1,630,0.0
O013588,P052,1,260,0.1
O013589,P096,2,260,0.0
O013589,P047,1,1740,0.0
O013589,P051,1,700,0.0
O013590,P008,1,5930,0.0
O013590,P062,1,400,0.0
O013591,P087,3,1570,0.0
O013592,P013,1,4850,
O013593,P023,3,2180,0.05
O013594,P057,1,360,0.2
O013594,P040,2,430,0.0
O013595,P059,1,240,0.0
O013596,P020,2,1760,0.0
O013596,P047,1,1740,0.2
O013596,P088,1,2510,0.05
O013597,P031,1,700,0.1
O013597,P037,1,470,0.0
O013598,P019,2,2290,0.0
O013599,P096,2,260,0.2
O013599,P021,3,620,0.0
O013600,P010,1,6950,0.0
O013601,P041,1,4560,0.1
O013601,P088,1,2510,0.1
O013602,P033,3,2190,0.05
O013603,P069,3,250,0.0
O013604,P048,1,600,0.3
O013604,P045,1,630,0.1
O013605,P047,3,1740,0.1
O013606,P052,1,260,0.3
O013607,P052,1,260,0.1
O013607,P088,1,2510,0.05
O013608,P010,1,6950,0.05
O013608,P043,1,1220,0.1
O013608,P033,1,2190,0.1
O013608,P096,1,260,0.05
O013609,P081,1,2850,0.05
O013610,P007,1,1390,0.0
O013610,P006,2,5860,0.2
O013611,P096,1,260,0.0
O013611,P053,1,310,0.0
O013612,P051,2,700,0.0
O013612,P043,1,1220,0.0
O013613,P037,1,470,0.1
O013613,P007,2,1390,0.0
O013614,P002,1,4330,0.1
O013614,P003,1,8480,0.0
O013614,P005,2,1960,0.2
O013615,P082,1,580,0.0
O013616,P043,1,1220,0.0
O013617,P052,2,260,0.05
O013618,P052,2,260,0.2
O013619,P033,1,2190,0.1
O013619,P001,1,5210,0.0
O013619,P079,1,630,0.0
O013620,P047,1,1740,0.0
O013621,P055,1,210,0.05
O013621,P076,2,2640,0.0
O013621,P050,1,570,0.2
O013622,P066,1,160,0.05
O013622,P042,1,5470,0.0
O013623,P039,1,1980,0.0
O013623,P008,1,5930,0.05
O013624,P001,1,5210,0.2
O013625,P031,1,700,0.3
O013626,P033,1,2190,0.3
O013627,P073,3,3790,0.0
O013628,P096,1,260,0.0
O013628,P010,1,6950,0.3
O013628,P081,1,2850,0.0
O013628,P031,1,700,0.2
O013629,P041,1,4560,0.2
O013629,P020,2,1760,0.0
O013630,P033,1,2190,0.1
O013631,P053,1,310,0.1
O013631,P052,1,260,0.05
O013632,P028,2,430,0.3
O013633,P021,1,620,0.1
O013633,P088,1,2510,0.3
O013633,P008,1,5930,0.0
O013634,P052,1,260,0.05
O013634,P090,1,2690,0.0
O013635,P074,1,890,
O013636,P096,1,260,0.05
O013636,P082,1,580,0.05
O013637,P052,1,260,0.2
O013638,P079,1,630,0.1
O013638,P032,2,1590,0.1
O013638,P046,1,860,0.0
O013639,P032,1,1590,0.0
O013639,P035,1,390,0.0
O013640,P096,1,260,0.05
O013641,P042,1,5470,0.3
O013642,P024,1,540,0.0
O013643,P053,1,310,0.3
O013643,P063,1,500,0.0
O013644,P047,2,1740,0.2
O013645,P071,1,450,0.0
O013646,P009,1,5010,0.05
O013646,P052,1,260,0.1
O013647,P032,1,1590,0.0
O013648,P026,2,2100,0.05
O013649,P052,2,260,0.0
O013650,P021,1,620,0.0
O013651,P047,2,1740,0.3
O013652,P008,1,5930,0.1
O013652,P045,1,630,0.0
O013653,P033,2,2190,0.1
O013653,P034,1,490,0.0
O013654,P051,1,700,0.2
O013654,P017,1,1030,0.0
O013655,P045,1,630,0.0
O013656,P032,1,1590,0.0
O013657,P088,1,2510,0.2
O013658,P066,1,160,0.2
O013658,P096,1,260,0.1
O013659,P020,2,1760,0.2
O013659,P043,1,1220,0.1
O013659,P001,1,5210,0.0
O013660,P020,1,1760,0.05
O013660,P040,1,430,0.0
O013661,P051,1,700,0.3
O013662,P011,1,1280,0.0
O013663,P047,1,1740,0.1
O013664,P012,1,1160,0.0
O013664,P074,1,890,0.1
O013665,P033,1,2190,0.05
O013666,P052,1,260,0.0
O013666,P014,1,1960,0.2
O013667,P080,1,660,0.0
O013667,P033,2,2190,0.0
O013667,P057,1,360,0.0
O013667,P010,1,6950,0.0
O013667,P009,1,5010,0.05
O013667,P081,1,2850,0.0
O013668,P052,1,260,0.1
O013669,P079,1,630,0.3
O013670,P038,1,940,0.0
O013671,P069,1,250,0.0
O013672,P096,3,260,0.1
O013673,P047,1,1740,0.0
O013674,P096,1,260,0.0
O013674,P053,2,310,0.0
O013675,P007,1,1390,0.0
O013676,P077,1,4260,0.0
O013677,P051,1,700,0.0
O013678,P008,1,5930,0.2
O013679,P020,1,1760,0.1
O013679,P009,1,5010,0.0
O013680,P003,1,8480,0.0
O013681,P039,1,1980,0.05
O013682,P051,1,700,0.0
O013683,P040,1,430,0.0
O013684,P052,1,260,0.0
O013685,P051,3,700,0.0
O013686,P033,2,2190,0.0
O013687,P050,1,570,0.1
O013688,P033,1,2190,0.05
O013689,P096,1,260,0.0
O013689,P078,1,3260,0.0
O013690,P083,1,710,0.0
O013690,P066,2,160,0.2
O013691,P076,1,2640,0.0
O013691,P002,1,4330,0.0
O013692,P033,2,2190,0.05
O013693,P074,1,890,0.05
O013694,P008,2,5930,0.05
O013695,P047,1,1740,0.0
O013695,P081,1,2850,0.0
O013696,P074,1,890,0.0
O013696,P020,1,1760,0.1
O013697,P078,1,3260,0.0
O013698,P047,2,1740,0.1
O013698,P096,1,260,0.0
O013699,P006,1,5860,0.05
O013700,P008,1,5930,0.3
O013701,P008,2,5930,0.0
O013702,P008,1,5930,0.0
O013703,P022,1,1690,0.0
O013704,P052,1,260,0.0
O013705,P006,2,5860,0.0
O013705,P052,1,260,0.1
O013706,P075,1,2130,0.1
O013706,P079,1,630,0.0
O013706,P072,1,3800,0.1
O013707,P003,2,8480,0.0
O013707,P052,2,260,0.0
O013708,P018,1,790,0.0
O013708,P044,1,260,0.0
O013708,P074,1,890,0.0
O013709,P010,3,6950,0.0
O013709,P071,1,450,0.1
O013710,P022,3,1690,0.0
O013711,P060,1,330,0.0
O013711,P006,1,5860,0.05
O013712,P002,1,4330,0.0
O013712,P026,2,2100,0.3
O013712,P080,1,660,0.2
O013713,P079,1,630,0.05
O013714,P092,2,1210,0.05
O013714,P047,1,1740,0.0
O013714,P008,1,5930,0.0
O013715,P013,2,4850,0.2
O013715,P010,1,6950,0.3
O013716,P047,1,1740,0.0
O013717,P003,2,8480,0.1
O013718,P079,1,630,0.0
O013718,P020,1,1760,0.1
O013719,P015,3,600,0.0
O013720,P001,1,5210,0.05
O013720,P057,1,360,0.05
O013721,P078,1,3260,0.1
O013721,P044,1,260,0.3
O013721,P024,1,540,0.0
O013722,P078,1,3260,0.3
O013723,P002,1,4330,0.0
O013723,P052,1,260,0.1
O013724,P013,1,4850,0.0
O013725,P047,1,1740,0.1
O013726,P002,1,4330,0.0
O013726,P008,1,5930,0.0
O013727,P033,2,2190,0.2
O013727,P083,1,710,0.0
O013728,P032,1,1590,0.2
O013728,P028,1,430,0.0
O013728,P079,2,630,0.05
O013729,P005,1,1960,0.0
O013729,P034,1,490,0.05
O013730,P010,3,6950,0.0
O013731,P012,1,1160,0.3
O013732,P037,1,470,0.2
O013732,P013,1,4850,0.05
O013733,P051,2,700,0.2
O013733,P027,2,1330,0.0
O013734,P002,1,4330,0.0
O013734,P074,1,890,0.1
O013734,P055,1,210,0.0
O013735,P047,1,1740,0.0
O013735,P033,1,2190,0.05
O013736,P019,1,2290,0.2
O013736,P049,1,870,0.0
O013737,P033,3,2190,0.2
O013738,P079,3,630,0.0
O013738,P030,3,600,0.05
O013739,P096,1,260,0.0
O013740,P033,1,2190,0.0
O013741,P090,2,2690,0.3
O013741,P051,2,700,0.0
O013742,P080,3,660,0.1
O013742,P021,1,620,0.0
O013743,P072,1,3800,0.0
O013743,P055,1,210,0.05
O013744,P008,1,5930,0.0
O013745,P002,1,4330,0.0
O013746,P033,1,2190,0.0
O013746,P072,1,3800,0.0
O013746,P003,1,8480,0.05
O013746,P049,2,870,0.0
O013747,P008,2,5930,0.2
O013747,P052,2,260,0.2
O013748,P033,1,2190,0.0
O013749,P046,2,860,0.0
O013750,P045,1,630,0.0
O013750,P008,1,5930,0.0
O013751,P079,1,630,0.3
O013751,P084,1,540,0.0
O013751,P037,2,470,0.05
O013752,P028,2,430,0.0
O013753,P053,1,310,0.05
O013754,P050,1,570,0.0
O013755,P008,1,5930,0.2
O013756,P008,1,5930,0.0
O013757,P018,1,790,0.05
O013757,P033,1,2190,0.0
O013757,P096,2,260,0.0
O013758,P074,3,890,0.05
O013758,P007,1,1390,0.3
O013759,P079,1,630,0.0
O013760,P010,1,6950,0.0
O013761,P008,1,5930,0.0
O013761,P079,1,630,0.0
O013762,P040,1,430,0.0
O013763,P088,1,2510,0.0
O013764,P030,1,600,0.1
O013764,P074,1,890,0.1
O013764,P002,3,4330,0.1
O013765,P033,1,2190,0.0
O013765,P054,1,480,0.0
O013766,P033,1,2190,0.0
O013766,P082,1,580,0.0
O013767,P021,2,620,0.0
O013767,P069,1,250,0.0
O013768,P011,1,1280,0.0
O013769,P009,1,5010,0.05
O013770,P028,1,430,0.0
O013770,P052,1,260,0.1
O013770,P080,1,660,0.1
O013771,P048,1,600,0.2
O013772,P020,1,1760,0.0
O013773,P051,1,700,0.3
O013774,P073,1,3790,0.1
O013774,P082,3,580,0.0
O013774,P022,1,1690,0.05
O013775,P096,1,260,0.0
O013776,P047,1,1740,0.05
O013777,P043,1,1220,0.05
O013778,P096,1,260,0.0
O013778,P006,1,5860,0.2
O013779,P082,1,580,0.1
O013779,P020,1,1760,0.05
O013780,P086,1,1840,0.05
O013780,P098,1,930,0.0
O013780,P052,2,260,0.1
O013781,P047,2,1740,0.05
O013782,P023,1,2180,0.05
O013782,P072,2,3800,0.0
O013782,P049,1,870,
O013783,P022,1,1690,0.0
O013783,P051,1,700,0.0
O013783,P079,1,630,0.0
O013784,P012,2,1160,0.0
O013784,P074,2,890,0.0
O013785,P024,1,540,0.3
O013786,P012,2,1160,0.1
O013786,P020,1,1760,0.0
O013787,P006,1,5860,0.0
O013787,P045,3,630,0.0
O013788,P042,1,5470,0.2
O013789,P088,1,2510,0.3
O013790,P008,1,5930,0.05
O013790,P085,1,1400,0.1
O013790,P052,1,260,0.1
O013791,P085,1,1400,0.2
O013791,P042,1,5470,0.05
O013792,P020,1,1760,0.1
O013793,P079,3,630,0.0
O013793,P052,1,260,0.0
O013794,P060,2,330,0.0
O013794,P012,1,1160,0.0
O013795,P008,1,5930,0.2
O013796,P008,2,5930,0.3
O013796,P051,2,700,0.05
O013797,P055,1,210,0.1
O013797,P092,1,1210,0.0
O013798,P053,1,310,0.05
O013798,P020,1,1760,0.3
O013799,P079,1,630,0.0
O013799,P020,1,1760,0.0
O013800,P013,1,4850,0.05
O013801,P017,2,1030,0.2
O013802,P022,1,1690,0.0
O013802,P051,1,700,0.3
O013803,P078,2,3260,0.3
O013803,P039,1,1980,0.0
O013803,P007,1,1390,0.05
O013804,P008,2,5930,0.05
O013804,P031,1,700,0.0
O013804,P092,1,1210,0.0
O013804,P065,1,180,0.0
O013805,P070,1,800,0.3
O013805,P096,1,260,0.0
O013806,P045,1,630,0.05
O013806,P077,1,4260,0.0
O013807,P090,2,2690,0.3
O013807,P096,1,260,0.0
O013808,P078,1,3260,0.2
O013809,P020,2,1760,0.3
O013810,P034,1,490,
O013810,P010,1,6950,0.05
O013811,P073,1,3790,0.2
O013811,P079,1,630,0.0
O013812,P036,1,490,0.0
O013813,P080,1,660,0.0
O013814,P090,1,2690,0.0
O013815,P040,3,430,0.0
O013815,P002,1,4330,0.2
O013816,P056,1,1440,0.3
O013816,P052,1,260,0.0
O013817,P010,1,6950,0.1
O013818,P020,1,1760,0.0
O013818,P080,1,660,0.0
O013818,P094,2,1100,0.0
O013819,P052,1,260,0.0
O013819,P098,2,930,0.3
O013820,P085,1,1400,0.0
O013821,P078,2,3260,0.0
O013822,P053,2,310,0.3
O013823,P033,2,2190,0.0
O013824,P052,1,260,0.05
O013825,P002,2,4330,0.0
O013825,P020,1,1760,0.0
O013825,P008,1,5930,0.0
O013826,P043,2,1220,0.0
O013827,P040,2,430,0.1
O013828,P053,1,310,0.0
O013829,P077,2,4260,0.0
O013830,P014,1,1960,0.0
O013830,P030,2,600,0.0
O013831,P008,3,5930,0.0
O013832,P088,1,2510,0.3
O013833,P033,1,2190,0.1
O013833,P017,3,1030,0.0
O013833,P008,1,5930,0.1
O013833,P096,2,260,0.05
O013834,P096,2,260,0.1
O013834,P010,1,6950,0.0
O013835,P052,3,260,0.0
O013836,P053,1,310,0.0
O013836,P052,1,260,0.3
O013836,P069,2,250,0.0
O013836,P039,3,1980,0.0
O013837,P065,3,180,0.0
O013837,P092,1,1210,0.0
O013838,P052,1,260,0.3
O013838,P024,2,540,0.3
O013839,P003,1,8480,0.0
O013840,P076,1,2640,0.2
O013840,P007,1,1390,0.2
O013841,P008,1,5930,0.05
O013842,P079,1,630,0.1
O013842,P091,1,2490,0.05
O013843,P076,2,2640,0.2
O013843,P096,2,260,0.1
O013844,P020,2,1760,0.1
O013844,P080,1,660,
O013845,P071,1,450,0.0
O013845,P020,1,1760,0.0
O013845,P024,2,540,0.0
O013846,P063,3,500,0.0
O013846,P002,2,4330,0.1
O013847,P008,2,5930,0.3
O013847,P020,3,1760,0.0
O013847,P080,1,660,0.1
O013848,P050,1,570,0.0
O013849,P052,2,260,0.0
O013849,P020,2,1760,0.05
O013850,P010,1,6950,0.0
O013850,P078,2,3260,0.0
O013850,P043,2,1220,0.0
O013851,P075,1,2130,0.1
O013851,P054,1,480,0.0
O013852,P096,1,260,0.0
O013853,P081,2,2850,0.0
O013854,P003,1,8480,0.0
O013854,P040,1,430,0.05
O013855,P047,1,1740,0.2
O013855,P096,2,260,0.05
O013856,P096,1,260,0.0
O013856,P020,1,1760,0.2
O013857,P043,1,1220,0.2
O013857,P051,1,700,0.0
O013858,P080,1,660,0.3
O013859,P052,1,260,0.05
O013860,P054,2,480,0.0
O013861,P007,1,1390,0.0
O013862,P096,1,260,0.05
O013862,P034,2,490,0.05
O013863,P092,1,1210,0.2
O013864,P057,2,360,0.0
O013865,P049,1,870,0.0
O013866,P016,1,650,0.0
O013866,P052,1,260,0.1
O013867,P008,2,5930,0.3
O013868,P007,1,1390,0.1
O013869,P034,1,490,0.05
O013870,P002,1,4330,0.05
O013870,P040,1,430,0.1
O013871,P003,1,8480,0.05
O013872,P073,1,3790,0.05
O013872,P082,1,580,0.05
O013873,P052,1,260,0.0
O013874,P092,1,1210,0.0
O013874,P096,1,260,0.0
O013874,P021,1,620,0.0
O013875,P096,1,260,0.2
O013875,P020,1,1760,0.05
O013876,P012,1,1160,0.0
O013877,P004,1,1090,0.1
O013878,P073,1,3790,0.2
O013879,P079,1,630,0.1
O013880,P003,1,8480,0.1
O013881,P002,2,4330,0.1
O013881,P057,1,360,0.05
O013881,P031,1,700,0.1
O013882,P012,2,1160,0.0
O013882,P079,1,630,0.05
O013883,P052,1,260,0.2
O013883,P078,2,3260,0.1
O013884,P031,1,700,0.0
O013885,P047,2,1740,0.1
O013886,P008,1,5930,0.0
O013887,P007,1,1390,0.05
O013887,P037,1,470,0.0
O013888,P051,1,700,0.0
O013889,P032,1,1590,0.3
O013889,P002,3,4330,0.0
O013889,P051,2,700,0.0
O013890,P033,1,2190,0.05
O013891,P001,1,5210,0.0
O013892,P096,1,260,0.0
O013892,P008,1,5930,0.0
O013892,P007,1,1390,0.05
O013893,P048,2,600,0.2
O013894,P088,1,2510,0.0
O013894,P072,1,3800,0.3
O013895,P096,1,260,0.2
O013896,P028,1,430,0.2
O013896,P092,1,1210,0.0
O013897,P007,1,1390,0.2
O013897,P094,1,1100,0.1
O013898,P020,1,1760,0.0
O013898,P086,1,1840,0.0
O013899,P086,1,1840,0.2
O013900,P052,2,260,0.2
O013901,P020,1,1760,0.3
O013902,P006,1,5860,0.1
O013902,P008,1,5930,0.0
O013903,P035,1,390,0.05
O013903,P057,1,360,0.05
O013904,P088,1,2510,0.0
O013905,P008,1,5930,0.2
O013905,P054,1,480,0.1
O013905,P022,2,1690,0.3
O013906,P079,2,630,0.0
O013907,P006,1,5860,0.2
O013907,P055,3,210,0.3
O013908,P080,1,660,0.0
O013909,P096,1,260,0.1
O013910,P007,1,1390,0.2
O013910,P080,1,660,0.0
O013911,P047,1,1740,0.0
O013912,P051,2,700,0.2
O013913,P079,3,630,0.2
O013914,P052,1,260,0.0
O013914,P076,3,2640,0.1
O013914,P096,1,260,0.2
O013915,P051,1,700,0.05
O013916,P096,1,260,0.1
O013917,P028,1,430,0.05
O013917,P020,1,1760,0.3
O013917,P073,2,3790,0.3
O013918,P096,1,260,0.1
O013919,P031,1,700,0.05
O013920,P010,1,6950,0.0
O013920,P096,2,260,0.0
O013921,P057,1,360,0.0
O013921,P052,1,260,0.0
O013922,P079,3,630,0.2
O013922,P008,1,5930,0.0
O013923,P074,1,890,0.1
O013924,P030,1,600,0.2
O013924,P090,1,2690,0.0
O013924,P080,1,660,0.0
O013925,P007,2,1390,0.0
O013926,P012,1,1160,0.0
O013926,P002,1,4330,0.05
O013927,P085,2,1400,0.2
O013928,P002,2,4330,0.0
O013929,P047,1,1740,0.0
O013929,P003,1,8480,0.2
O013930,P008,2,5930,0.1
O013930,P036,1,490,0.0
O013931,P028,2,430,0.3
O013931,P031,1,700,0.0
O013932,P012,3,1160,0.3
O013933,P055,1,210,0.3
O013934,P012,3,1160,0.1
O013935,P096,-1,260,0.1
O013936,P079,1,630,0.3
O013936,P033,1,2190,0.0
O013937,P094,3,1100,0.2
O013938,P052,1,260,0.1
O013939,P080,2,660,0.0
O013940,P079,3,630,0.1
O013940,P017,1,1030,0.0
O013940,P033,1,2190,0.0
O013941,P020,1,1760,0.0
O013941,P033,1,2190,0.2
O013942,P016,1,650,0.0
O013943,P012,1,1160,0.05
O013944,P052,2,260,0.0
O013945,P033,1,2190,0.05
O013946,P012,1,1160,0.1
O013947,P074,1,890,0.0
O013948,P020,1,1760,0.05
O013948,P079,1,630,0.0
O013949,P076,1,2640,0.05
O013950,P047,2,1740,0.05
O013951,P020,2,1760,0.0
O013951,P079,3,630,0.05
O013952,P033,1,2190,0.2
O013953,P008,3,5930,0.1
O013954,P008,2,5930,0.0
O013954,P022,1,1690,0.1
O013955,P008,1,5930,0.0
O013956,P079,1,630,0.1
O013957,P034,1,490,0.0
O013957,P033,2,2190,0.0
O013958,P080,1,660,0.05
O013958,P052,1,260,0.0
O013958,P047,1,1740,0.3
O013959,P096,1,260,0.0
O013960,P082,1,580,0.0
O013960,P008,2,5930,0.0
O013961,P080,1,660,0.0
O013961,P036,1,490,0.0
O013962,P008,1,5930,0.1
O013962,P012,1,1160,0.05
O013962,P082,1,580,0.1
O013963,P092,2,1210,0.0
O013963,P033,3,2190,0.1
O013964,P047,1,1740,0.0
O013964,P023,1,2180,0.2
O013964,P075,1,2130,0.0
O013964,P008,2,5930,0.2
O013965,P051,1,700,0.0
O013965,P079,1,630,0.0
O013966,P098,1,930,0.2
O013967,P020,1,1760,0.0
O013968,P033,2,2190,0.0
O013968,P047,1,1740,0.2
O013969,P049,1,870,0.1
O013970,P059,3,240,0.0
O013971,P028,1,430,0.0
O013972,P054,1,480,0.0
O013972,P079,2,630,0.1
O013972,P096,1,260,0.05
O013973,P010,1,6950,0.3
O013973,P013,1,4850,0.0
O013974,P079,2,630,0.0
O013974,P033,1,2190,0.0
O013975,P011,1,1280,0.1
O013975,P047,2,1740,0.1
O013975,P006,2,5860,0.0
O013976,P002,1,4330,0.1
O013976,P096,1,260,0.0
O013977,P091,1,2490,0.05
O013978,P082,2,580,0.05
O013978,P079,1,630,0.1
O013979,P002,1,4330,0.0
O013980,P085,1,1400,0.3
O013981,P055,2,210,0.05
O013981,P026,1,2100,0.3
O013982,P020,1,1760,0.0
O013983,P020,1,1760,0.05
O013984,P008,1,5930,0.05
O013985,P017,1,1030,0.2
O013985,P033,1,2190,0.2
O013986,P051,1,700,0.05
O013986,P035,1,390,0.0
O013987,P051,1,700,0.0
O013988,P054,1,480,0.05
O013988,P096,1,260,0.0
O013988,P059,1,240,0.1
O013989,P008,1,5930,0.0
O013990,P041,2,4560,0.05
O013991,P079,1,630,0.0
O013992,P006,2,5860,0.1
O013993,P031,1,700,0.0
O013994,P001,1,5210,0.05
O013995,P020,3,1760,0.0
O013996,P051,2,700,0.0
O013996,P077,1,4260,0.05
O013997,P074,1,890,0.0
O013997,P010,1,6950,0.1
O013998,P007,1,1390,0.0
O013999,P052,1,260,0.0
O014000,P055,1,210,0.0
O014000,P020,1,1760,0.3
O014001,P033,3,2190,0.05
O014002,P047,1,1740,0.0
O014002,P074,1,890,0.0
O014003,P054,1,480,0.0
O014003,P079,1,630,0.2
O014004,P074,1,890,0.05
O014005,P079,1,630,0.2
O014006,P033,2,2190,0.1
O014006,P087,1,1570,0.05
O014006,P043,1,1220,0.0
O014007,P013,1,4850,0.0
O014008,P080,3,660,0.2
O014009,P035,1,390,0.2
O014010,P048,1,600,0.0
O014011,P061,3,660,0.0
O014011,P045,1,630,0.0
O014012,P001,1,5210,0.0
O014012,P096,1,260,
O014013,P051,1,700,
O014014,P080,1,660,0.05
O014015,P002,1,4330,0.2
O014015,P052,1,260,0.2
O014016,P098,1,930,0.0
O014016,P009,1,5010,0.2
O014017,P033,1,2190,0.0
O014017,P018,2,790,0.0
O014018,P045,1,630,0.1
O014018,P041,1,4560,0.0
O014019,P030,1,600,0.0
O014020,P055,1,210,0.2
O014020,P008,1,5930,0.3
O014021,P020,1,1760,0.2
O014022,P095,1,1840,0.05
O014023,P080,2,660,0.0
O014023,P008,1,5930,0.2
O014024,P079,2,630,0.0
O014024,P001,1,5210,0.0
O014024,P050,2,570,0.3
O014025,P002,1,4330,0.0
O014025,P057,1,360,0.0
O014026,P033,1,2190,0.0
O014027,P051,1,700,0.0
O014028,P080,1,660,0.05
O014028,P086,1,1840,0.1
O014029,P091,1,2490,0.0
O014029,P047,2,1740,0.3
O014030,P022,1,1690,0.1
O014030,P020,1,1760,0.0
O014030,P047,2,1740,0.0
O014031,P096,1,260,0.1
O014032,P048,1,600,0.05
O014032,P051,1,700,0.1
O014033,P020,1,1760,0.2
O014034,P059,1,240,0.0
O014034,P069,1,250,0.0
O014034,P020,1,1760,0.1
O014034,P096,1,260,0.2
O014035,P024,2,540,0.0
O014035,P096,1,260,0.1
O014035,P073,3,3790,0.1
O014035,P033,1,2190,0.1
O014036,P080,3,660,0.2
O014037,P033,1,2190,0.0
O014038,P079,1,630,0.2
O014039,P052,1,260,0.0
O014039,P096,1,260,0.0
O014039,P079,2,630,0.2
O014040,P098,1,930,0.05
O014041,P047,1,1740,0.1
O014042,P079,1,630,0.1
O014042,P072,2,3800,0.3
O014043,P005,1,1960,0.1
O014043,P059,3,240,0.1
O014043,P080,1,660,0.1
O014044,P033,2,2190,0.05
O014045,P033,1,2190,0.3
O014046,P096,1,260,0.1
O014046,P066,1,160,0.0
O014046,P020,1,1760,0.0
O014047,P033,1,2190,0.0
O014048,P006,1,5860,0.0
O014048,P018,1,790,0.0
O014048,P079,1,630,0.05
O014049,P001,1,5210,0.0
O014050,P028,1,430,0.0
O014051,P066,1,160,0.0
O014052,P008,1,5930,0.0
O014053,P002,1,4330,0.0
O014054,P033,2,2190,0.0
O014055,P078,1,3260,
O014055,P031,1,700,0.0
O014056,P077,2,4260,0.1
O014056,P052,1,260,0.0
O014057,P079,1,630,0.0
O014058,P029,1,570,0.0
O014058,P056,2,1440,0.2
O014059,P047,1,1740,0.1
O014060,P054,3,480,0.2
O014060,P021,1,620,0.05
O014060,P047,1,1740,0.05
O014060,P079,1,630,0.2
O014060,P002,1,4330,0.0
O014061,P031,1,700,0.05
O014061,P010,1,6950,0.2
O014061,P003,1,8480,0.1
O014062,P096,1,260,0.05
O014063,P040,1,430,0.0
O014063,P076,2,2640,0.0
O014064,P052,1,260,0.2
O014065,P052,1,260,0.05
O014066,P047,1,1740,0.3
O014067,P083,1,710,0.0
O014067,P054,2,480,0.0
O014068,P067,3,290,0.0
O014069,P059,1,240,0.0
O014070,P047,1,1740,0.0
O014071,P096,3,260,0.1
O014071,P047,1,1740,0.0
O014071,P033,1,2190,0.1
O014072,P052,1,260,0.0
O014073,P086,2,1840,0.1
O014074,P047,2,1740,0.0
O014075,P050,1,570,0.1
O014076,P010,3,6950,0.0
O014076,P068,2,260,0.0
O014077,P016,1,650,0.2
O014077,P047,1,1740,0.0
O014077,P052,2,260,0.0
O014077,P008,2,5930,0.0
O014077,P033,1,2190,0.0
O014078,P094,1,1100,0.1
O014078,P007,1,1390,0.0
O014079,P096,1,260,0.05
O014080,P082,3,580,0.05
O014081,P029,1,570,0.05
O014081,P096,1,260,0.0
O014082,P052,1,260,0.05
O014082,P088,3,2510,0.1
O014082,P008,2,5930,0.1
O014083,P047,1,1740,0.1
O014083,P082,1,580,0.0
O014083,P079,1,630,0.2
O014084,P096,1,260,0.0
O014084,P034,3,490,0.0
O014085,P090,1,2690,0.0
O014085,P008,1,5930,0.0
O014086,P033,3,2190,0.0
O014086,P031,1,700,0.0
O014086,P008,2,5930,0.0
O014086,P088,1,2510,0.05
O014087,P004,1,1090,0.05
O014087,P072,2,3800,0.0
O014087,P030,1,600,0.3
O014088,P098,2,930,0.05
O014089,P003,1,8480,0.05
O014089,P008,1,5930,0.0
O014090,P096,2,260,0.0
O014091,P030,1,600,0.2
O014092,P077,2,4260,0.05
O014092,P065,1,180,0.0
O014093,P049,1,870,0.0
O014093,P079,2,630,0.1
O014094,P047,1,1740,0.2
O014094,P051,1,700,0.3
O014095,P008,2,5930,0.0
O014096,P003,1,8480,0.3
O014097,P033,1,2190,0.0
O014097,P071,3,450,0.2
O014097,P002,1,4330,0.1
O014098,P040,2,430,0.3
O014099,P079,2,630,0.05
O014100,P033,1,2190,0.0
O014100,P045,1,630,0.2
O014101,P054,1,480,
O014102,P033,1,2190,0.05
O014103,P052,1,260,0.0
O014104,P012,1,1160,0.1
O014104,P062,3,400,0.2
O014104,P076,2,2640,0.0
O014104,P094,3,1100,0.0
O014105,P026,1,2100,0.0
O014106,P090,3,2690,0.0
O014107,P052,2,260,0.0
O014108,P018,1,790,0.1
O014109,P096,3,260,0.2
O014110,P006,1,5860,0.0
O014111,P053,1,310,0.0
O014111,P033,1,2190,0.1
O014112,P010,1,6950,0.1
O014113,P076,1,2640,0.0
O014113,P020,1,1760,0.0
O014114,P052,1,260,0.1
O014115,P071,1,450,0.2
O014116,P008,1,5930,0.05
O014117,P054,1,480,0.1
O014117,P081,1,2850,0.1
O014117,P076,1,2640,0.0
O014117,P002,2,4330,0.1
O014118,P052,1,260,0.3
O014119,P002,2,4330,0.1
O014119,P096,3,260,0.0
O014120,P096,1,260,0.0
O014121,P080,1,660,0.05
O014121,P079,1,630,0.3
O014121,P008,1,5930,0.2
O014122,P096,1,260,0.2
O014123,P047,1,1740,0.0
O014123,P007,1,1390,0.2
O014124,P035,1,390,0.0
O014124,P001,1,5210,0.1
O014125,P020,2,1760,0.0
O014126,P047,1,1740,0.05
O014127,P081,1,2850,0.0
O014127,P020,1,1760,
O014128,P085,1,1400,0.05
O014128,P018,1,790,0.0
O014129,P079,1,630,0.0
O014130,P033,3,2190,0.0
O014130,P096,1,260,0.3
O014131,P050,1,570,0.3
O014131,P074,3,890,0.0
O014131,P052,1,260,0.0
O014132,P051,1,700,0.0
O014133,P024,1,540,0.2
O014134,P043,1,1220,0.2
O014134,P096,1,260,0.2
O014135,P050,1,570,0.2
O014135,P096,2,260,0.05
O014136,P063,1,500,0.0
O014137,P088,1,2510,0.0
O014137,P095,1,1840,0.1
O014137,P001,1,5210,0.0
O014138,P022,2,1690,0.0
O014139,P047,1,1740,0.05
O014140,P054,1,480,0.1
O014140,P096,1,260,0.0
O014140,P076,3,2640,0.05
O014141,P051,1,700,0.2
O014142,P011,2,1280,0.2
O014142,P033,1,2190,0.1
O014143,P007,3,1390,0.05
O014144,P088,2,2510,0.05
O014144,P010,1,6950,0.0
O014145,P062,1,400,0.0
O014145,P052,1,260,0.0
O014145,P096,1,260,0.3
O014146,P006,1,5860,0.0
O014147,P033,1,2190,0.0
O014148,P051,2,700,0.1
O014148,P020,2,1760,0.0
O014148,P001,1,5210,0.05
O014149,P026,1,2100,0.0
O014149,P007,1,1390,0.0
O014150,P045,1,630,0.05
O014150,P052,1,260,0.2
O014151,P079,1,630,0.0
O014151,P096,1,260,0.0
O014151,P047,1,1740,0.05
O014152,P007,1,1390,0.05
O014152,P054,1,480,0.3
O014152,P001,1,5210,0.05
O014153,P079,1,630,0.2
O014153,P047,2,1740,0.05
O014153,P008,2,5930,0.1
O014154,P022,2,1690,0.0
O014155,P079,1,630,0.0
O014156,P002,1,4330,0.0
O014157,P096,1,260,0.0
O014157,P081,2,2850,0.1
O014158,P047,1,1740,0.1
O014158,P084,1,540,0.0
O014159,P071,1,450,0.2
O014160,P018,1,790,0.1
O014161,P018,1,790,0.0
O014161,P007,2,1390,0.1
O014162,P079,1,630,0.1
O014163,P004,1,1090,0.1
O014163,P008,1,5930,0.0
O014163,P001,1,5210,0.0
O014164,P010,1,6950,0.0
O014165,P071,2,450,0.0
O014166,P079,2,630,0.0
O014166,P052,1,260,0.0
O014166,P024,1,540,0.0
O014167,P051,2,700,0.0
O014167,P052,2,260,0.05
O014168,P007,1,1390,0.1
O014168,P081,1,2850,0.2
O014169,P031,1,700,0.2
O014170,P077,1,4260,0.2
O014171,P008,3,5930,0.1
O014171,P033,1,2190,0.0
O014171,P052,2,260,0.1
O014172,P053,1,310,0.1
O014173,P034,3,490,0.0
O014174,P092,2,1210,0.1
O014175,P030,1,600,0.0
O014176,P012,1,1160,0.0
O014177,P025,1,1700,0.0
O014177,P052,3,260,0.1
O014178,P074,2,890,0.0
O014178,P052,1,260,0.0
O014178,P043,1,1220,0.05
O014179,P008,1,5930,0.3
O014180,P028,1,430,0.3
O014180,P033,1,2190,0.05
O014181,P012,1,1160,0.3
O014182,P030,2,600,0.0
O014183,P079,1,630,0.1
O014183,P035,3,390,0.0
O014184,P060,1,330,0.05
O014185,P034,3,490,0.1
O014186,P001,2,5210,0.0
O014187,P059,2,240,0.0
O014188,P047,1,1740,0.0
O014188,P096,1,260,0.0
O014189,P020,1,1760,0.1
O014190,P002,2,4330,0.0
O014190,P072,1,3800,0.1
O014191,P022,1,1690,0.0
O014192,P087,3,1570,0.0
O014193,P046,1,860,0.05
O014194,P052,1,260,0.1
O014194,P008,1,5930,0.1
O014195,P042,1,5470,0.0
O014195,P054,1,480,0.0
O014195,P079,1,630,0.3
O014196,P079,1,630,0.0
O014197,P034,1,490,0.1
O014198,P002,1,4330,0.0
O014199,P051,1,700,0.1
O014200,P052,2,260,0.2
O014200,P033,2,2190,0.1
O014200,P024,1,540,0.1
O014201,P040,1,430,0.1
O014201,P021,3,620,0.1
O014201,P085,1,1400,0.0
O014202,P026,2,2100,0.1
O014203,P047,1,1740,0.1
O014204,P008,1,5930,0.0
O014205,P079,1,630,0.0
O014205,P020,1,1760,0.05
O014206,P047,1,1740,0.0
O014207,P011,1,1280,0.1
O014208,P027,1,1330,0.0
O014209,P001,1,5210,0.3
O014209,P008,1,5930,0.0
O014210,P096,2,260,0.05
O014210,P079,1,630,0.05
O014210,P007,3,1390,0.0
O014211,P052,1,260,
O014212,P074,1,890,0.2
O014212,P012,1,1160,0.05
O014213,P019,1,2290,0.0
O014214,P061,1,660,0.0
O014214,P096,1,260,0.0
O014215,P033,1,2190,0.05
O014215,P092,1,1210,0.0
O014215,P016,1,650,0.2
O014216,P081,1,2850,0.1
O014216,P096,3,260,0.3
O014217,P043,1,1220,0.05
O014217,P019,1,2290,0.3
O014218,P007,3,1390,0.0
O014219,P020,1,1760,0.0
O014220,P052,1,260,0.0
O014220,P047,1,1740,0.0
O014220,P074,1,890,0.05
O014221,P020,1,1760,0.1
O014222,P028,1,430,0.2
O014222,P096,1,260,0.3
O014223,P007,2,1390,0.2
O014224,P082,1,580,0.1
O014225,P083,1,710,0.0
O014225,P094,2,1100,0.0
O014225,P024,1,540,0.05
O014226,P049,1,870,0.0
O014226,P039,1,1980,0.0
O014226,P081,3,2850,0.0
O014227,P001,1,5210,0.1
O014228,P008,1,5930,0.0
O014228,P051,3,700,0.0
O014228,P012,1,1160,0.0
O014229,P079,1,630,0.2
O014229,P020,1,1760,0.05
O014229,P008,1,5930,0.0
O014230,P045,1,630,0.0
O014230,P088,1,2510,0.0
O014231,P079,2,630,0.0
O014231,P043,1,1220,0.0
O014232,P054,1,480,0.1
O014233,P052,1,260,0.2
O014233,P020,1,1760,0.05
O014234,P002,1,4330,0.1
O014235,P079,1,630,0.05
O014235,P096,1,260,0.05
O014236,P092,1,1210,0.0
O014237,P079,1,630,0.0
O014237,P026,1,2100,0.0
O014238,P062,3,400,0.0
O014239,P028,2,430,
O014240,P005,1,1960,0.0
O014240,P020,2,1760,0.1
O014241,P010,3,6950,0.0
O014242,P088,3,2510,0.05
O014242,P053,1,310,0.3
O014243,P054,1,480,0.0
O014244,P079,1,630,0.2
O014245,P033,1,2190,0.0
O014246,P020,1,1760,0.3
O014247,P080,1,660,0.2
O014248,P096,3,260,0.0
O014248,P017,1,1030,0.05
O014249,P020,3,1760,0.3
O014250,P079,2,630,0.0
O014251,P008,1,5930,0.1
O014252,P034,1,490,0.0
O014253,P096,1,260,0.0
O014254,P079,1,630,0.3
O014255,P053,1,310,0.0
O014255,P042,2,5470,0.0
O014255,P057,1,360,0.1
O014256,P094,1,1100,0.1
O014256,P020,1,1760,0.0
O014256,P051,2,700,0.0
O014257,P056,1,1440,0.05
O014258,P031,1,700,0.05
O014259,P068,2,260,0.1
O014260,P033,1,2190,0.0
O014261,P096,1,260,0.05
O014261,P052,2,260,0.0
O014262,P085,2,1400,0.0
O014262,P072,1,3800,0.1
O014263,P096,1,260,0.1
O014264,P037,1,470,0.0
O014265,P009,1,5010,0.0
O014266,P066,1,160,0.05
O014267,P086,1,1840,0.0
O014268,P082,1,580,0.0
O014268,P045,1,630,0.3
O014269,P045,1,630,0.0
O014269,P092,1,1210,0.0
O014270,P020,2,1760,0.0
O014270,P006,1,5860,0.0
O014271,P051,1,700,0.0
O014272,P006,3,5860,0.0
O014272,P027,1,1330,0.1
O014273,P020,1,1760,0.0
O014274,P096,1,260,0.05
O014275,P015,1,600,0.0
O014276,P043,1,1220,0.0
O014276,P028,1,430,0.2
O014277,P077,2,4260,0.1
O014277,P040,1,430,0.1
O014278,P003,2,8480,0.3
O014278,P084,2,540,0.0
O014279,P079,1,630,0.0
O014279,P054,1,480,0.1
O014280,P080,1,660,0.0
O014281,P033,1,2190,0.1
O014281,P092,1,1210,0.2
O014281,P024,2,540,0.3
O014281,P047,1,1740,0.0
O014281,P084,2,540,0.05
O014282,P051,1,700,0.1
O014283,P010,2,6950,0.0
O014283,P028,1,430,0.2
O014284,P017,1,1030,0.0
O014285,P047,2,1740,0.0
O014286,P079,1,630,0.05
O014287,P001,1,5210,0.2
O014288,P004,1,1090,0.3
O014289,P081,2,2850,0.05
O014289,P052,2,260,0.3
O014290,P039,1,1980,0.3
O014290,P080,1,660,0.0
O014291,P022,2,1690,0.0
O014291,P007,1,1390,0.0
O014292,P052,1,260,0.0
O014292,P051,1,700,0.0
O014293,P007,1,1390,0.0
O014294,P020,1,1760,0.05
O014294,P051,1,700,0.0
O014295,P052,1,260,0.0
O014295,P096,1,260,0.0
O014296,P007,1,1390,0.2
O014297,P020,1,1760,0.0
O014297,P079,2,630,0.1
O014298,P006,3,5860,0.0
O014299,P053,1,310,0.3
O014299,P020,1,1760,0.3
O014300,P018,2,790,0.0
O014301,P037,2,470,0.0
O014302,P096,1,260,0.0
O014303,P001,2,5210,0.3
O014303,P054,1,480,0.0
O014303,P081,1,2850,0.0
O014304,P062,1,400,0.2
O014304,P020,1,1760,0.2
O014305,P088,1,2510,0.0
O014305,P009,1,5010,0.05
O014306,P024,1,540,0.2
O014306,P033,1,2190,0.0
O014306,P085,1,1400,0.1
O014307,P002,1,4330,0.1
O014307,P071,3,450,0.0
O014308,P048,1,600,0.2
O014309,P081,1,2850,0.0
O014309,P020,1,1760,0.0
O014309,P002,1,4330,0.3
O014309,P031,3,700,0.1
O014310,P050,2,570,0.0
O014310,P079,1,630,0.0
O014311,P076,1,2640,0.0
O014312,P024,1,540,0.0
O014313,P096,1,260,0.1
O014314,P036,1,490,0.0
O014314,P008,2,5930,0.0
O014315,P047,2,1740,0.0
O014315,P080,3,660,0.2
O014316,P043,2,1220,0.0
O014316,P082,1,580,0.0
O014317,P094,1,1100,0.0
O014317,P069,1,250,0.0
O014318,P051,1,700,0.2
O014319,P072,2,3800,0.0
O014319,P079,1,630,0.0
O014320,P022,1,1690,0.3
O014320,P082,3,580,0.0
O014321,P006,1,5860,0.0
O014321,P004,2,1090,0.1
O014321,P012,1,1160,0.05
O014322,P031,1,700,0.0
O014323,P078,1,3260,0.0
O014324,P080,2,660,0.0
O014325,P012,3,1160,0.0
O014325,P079,1,630,0.0
O014325,P052,3,260,0.0
O014326,P082,2,580,0.0
O014327,P079,1,630,0.0
O014327,P007,1,1390,0.0
O014327,P002,1,4330,0.2
O014328,P010,1,6950,0.0
O014329,P058,1,420,0.1
O014330,P047,1,1740,0.0
O014331,P007,1,1390,0.0
O014331,P082,1,580,0.0
O014332,P052,2,260,0.0
O014332,P007,1,1390,0.0
O014333,P020,1,1760,0.1
O014333,P017,1,1030,0.1
O014334,P079,1,630,0.0
O014334,P052,1,260,0.2
O014334,P054,1,480,0.1
O014335,P052,1,260,0.05
O014335,P058,2,420,0.2
O014336,P008,1,5930,0.1
O014337,P026,2,2100,0.0
O014337,P030,2,600,0.0
O014338,P080,1,660,0.1
O014339,P047,1,1740,0.0
O014340,P008,1,5930,0.0
O014341,P008,3,5930,0.3
O014341,P033,1,2190,0.0
O014342,P096,2,260,0.0
O014342,P098,2,930,0.2
O014343,P075,1,2130,0.05
O014343,P052,2,260,0.1
O014344,P045,1,630,0.0
O014345,P007,1,1390,0.05
O014346,P023,1,2180,0.2
O014347,P028,1,430,0.0
O014348,P052,1,260,0.0
O014348,P088,1,2510,0.0
O014349,P012,1,1160,0.0
O014349,P018,2,790,0.0
O014349,P006,2,5860,
O014349,P085,1,1400,0.0
O014349,P008,1,5930,0.0
O014349,P082,1,580,0.2
O014350,P024,1,540,0.1
O014351,P012,1,1160,0.1
O014352,P002,1,4330,0.0
O014352,P020,1,1760,0.0
O014353,P096,2,260,0.05
O014354,P037,1,470,0.0
O014354,P028,1,430,0.0
O014355,P051,1,700,0.0
O014356,P057,1,360,0.0
O014356,P098,1,930,0.05
O014357,P021,2,620,0.0
O014358,P030,1,600,0.0
O014358,P020,1,1760,0.0
O014359,P057,1,360,0.1
O014359,P049,1,870,0.05
O014359,P043,3,1220,0.2
O014359,P072,1,3800,0.0
O014360,P052,1,260,0.0
O014360,P051,1,700,0.05
O014361,P098,1,930,0.2
O014361,P012,1,1160,0.3
O014362,P057,1,360,0.0
O014362,P042,1,5470,0.0
O014363,P007,3,1390,0.05
O014364,P079,3,630,0.2
O014365,P052,1,260,0.0
O014365,P020,1,1760,0.3
O014365,P076,1,2640,0.05
O014366,P048,1,600,0.0
O014367,P066,1,160,0.2
O014367,P040,2,430,0.0
O014367,P051,2,700,0.1
O014368,P092,1,1210,0.1
O014369,P012,1,1160,0.05
O014369,P020,1,1760,0.2
O014370,P033,3,2190,0.0
O014371,P075,2,2130,0.05
O014371,P057,2,360,0.0
O014372,P033,2,2190,0.05
O014373,P091,1,2490,0.05
O014374,P002,1,4330,0.05
O014375,P021,1,620,0.0
O014375,P033,1,2190,0.0
O014376,P074,1,890,0.0
O014376,P007,2,1390,0.2
O014377,P063,1,500,0.0
O014378,P080,1,660,0.3
O014379,P052,1,260,0.3
O014379,P020,1,1760,0.0
O014380,P002,1,4330,0.0
O014380,P092,1,1210,0.0
O014381,P096,1,260,0.1
O014382,P044,1,260,0.0
O014382,P009,2,5010,0.0
O014383,P002,2,4330,0.0
O014383,P020,3,1760,0.05
O014383,P052,1,260,
O014383,P071,1,450,0.1
O014384,P096,1,260,0.3
O014385,P034,1,490,0.0
O014386,P003,1,8480,0.0
O014387,P075,1,2130,0.2
O014387,P053,1,310,0.0
O014387,P006,2,5860,0.05
O014387,P033,1,2190,0.1
O014388,P002,1,4330,0.0
O014388,P033,1,2190,0.05
O014389,P022,2,1690,0.3
O014390,P007,2,1390,0.2
O014391,P055,1,210,0.0
O014391,P012,1,1160,0.2
O014392,P020,1,1760,0.1
O014393,P031,1,700,0.0
O014393,P003,2,8480,0.0
O014394,P081,1,2850,0.05
O014394,P088,1,2510,0.05
O014395,P079,1,630,0.1
O014396,P020,1,1760,0.0
O014397,P030,1,600,0.2
O014397,P012,1,1160,0.1
O014398,P007,1,1390,0.0
O014399,P012,1,1160,0.1
O014399,P008,1,5930,0.1
O014400,P074,1,890,0.0
O014401,P002,2,4330,0.1
O014402,P076,1,2640,0.05
O014402,P014,1,1960,0.0
O014403,P008,2,5930,0.0
O014403,P039,1,1980,0.1
O014404,P096,1,260,0.0
O014405,P054,2,480,0.0
O014406,P002,1,4330,0.0
O014407,P003,1,8480,0.3
O014408,P096,1,260,0.05
O014409,P008,1,5930,0.05
O014410,P096,1,260,0.0
O014411,P076,1,2640,0.0
O014411,P020,1,1760,0.0
O014411,P055,2,210,0.0
O014412,P094,1,1100,0.0
O014412,P022,1,1690,0.1
O014412,P050,2,570,0.1
O014412,P006,1,5860,0.0
O014413,P025,1,1700,
O014414,P028,1,430,0.1
O014414,P051,1,700,0.0
O014415,P010,1,6950,0.0
O014415,P052,2,260,0.3
O014415,P082,2,580,0.0
O014416,P047,1,1740,0.0
O014416,P020,1,1760,0.0
O014417,P092,1,1210,0.0
O014418,P002,1,4330,0.1
O014419,P039,1,1980,0.1
O014419,P047,1,1740,0.0
O014419,P051,2,700,0.0
O014420,P020,1,1760,0.3
O014421,P020,2,1760,0.0
O014422,P033,1,2190,0.2
O014423,P050,2,570,0.0
O014423,P018,2,790,0.3
O014424,P047,1,1740,0.0
O014425,P079,1,630,0.3
O014425,P011,-1,1280,0.0
O014425,P061,2,660,0.2
O014426,P002,3,4330,0.0
O014427,P049,1,870,0.0
O014427,P019,1,2290,0.1
O014428,P008,1,5930,0.0
O014428,P052,2,260,
O014429,P051,1,700,0.1
O014430,P035,2,390,0.2
O014431,P059,1,240,0.0
O014431,P079,1,630,0.0
O014432,P074,1,890,0.3
O014433,P047,1,1740,0.1
O014434,P025,1,1700,0.05
O014435,P008,3,5930,0.3
O014435,P040,1,430,0.05
O014436,P018,1,790,0.3
O014436,P047,1,1740,0.3
O014437,P052,1,260,0.1
O014437,P080,1,660,0.1
O014438,P080,1,660,0.0
O014439,P029,1,570,0.0
O014440,P052,1,260,0.1
O014441,P079,1,630,0.0
O014441,P095,1,1840,0.0
O014442,P078,2,3260,0.1
O014442,P007,1,1390,0.0
O014443,P079,2,630,0.05
O014443,P051,1,700,0.3
O014444,P044,1,260,0.0
O014445,P047,1,1740,0.05
O014446,P096,1,260,0.2
O014447,P008,1,5930,0.05
O014448,P052,1,260,0.0
O014448,P080,2,660,0.05
O014448,P047,1,1740,0.1
O014449,P070,1,800,0.0
O014449,P092,1,1210,0.0
O014449,P007,1,1390,0.0
O014450,P008,1,5930,0.1
O014451,P036,1,490,0.3
O014452,P052,1,260,0.0
O014452,P020,1,1760,0.0
O014453,P007,2,1390,0.1
O014454,P020,1,1760,0.05
O014455,P033,3,2190,0.0
O014456,P052,2,260,0.0
O014457,P033,1,2190,0.0
O014457,P063,1,500,0.3
O014458,P052,1,260,0.0
O014458,P023,1,2180,0.0
O014458,P020,3,1760,0.0
O014458,P074,1,890,0.0
O014459,P052,1,260,0.2
O014459,P042,3,5470,0.1
O014460,P002,1,4330,0.0
O014461,P052,1,260,0.05
O014461,P079,1,630,0.0
O014462,P052,1,260,0.0
O014463,P054,1,480,0.1
O014463,P053,1,310,0.0
O014463,P070,1,800,0.0
O014464,P031,1,700,0.0
O014464,P088,2,2510,0.2
O014465,P047,1,1740,0.0
O014465,P081,1,2850,0.0
O014466,P047,1,1740,0.0
O014466,P022,2,1690,0.0
O014467,P039,2,1980,0.3
O014468,P054,1,480,0.0
O014469,P085,2,1400,0.0
O014470,P080,1,660,0.0
O014471,P051,2,700,0.2
O014472,P047,1,1740,0.0
O014473,P028,1,430,0.3
O014474,P092,1,1210,0.0
O014475,P052,1,260,0.3
O014476,P012,1,1160,0.0
O014477,P052,1,260,0.0
O014477,P096,2,260,0.0
O014478,P033,1,2190,0.0
O014479,P055,1,210,0.0
O014480,P052,3,260,0.0
O014481,P022,1,1690,0.0
O014482,P020,1,1760,0.05
O014483,P088,1,2510,0.1
O014483,P007,1,1390,0.1
O014484,P088,1,2510,0.1
O014485,P010,1,6950,0.05
O014486,P073,1,3790,0.1
O014487,P058,1,420,0.0
O014487,P011,1,1280,0.0
O014488,P088,1,2510,0.2
O014488,P075,2,2130,0.0
O014489,P042,1,5470,0.0
O014490,P096,1,260,0.0
O014491,P003,1,8480,0.05
O014492,P012,1,1160,0.2
O014492,P007,1,1390,0.0
O014493,P090,1,2690,0.2
O014494,P080,1,660,0.0
O014495,P090,1,2690,0.2
O014496,P017,1,1030,0.0
O014497,P033,1,2190,0.0
O014497,P052,1,260,0.0
O014497,P083,1,710,0.0
O014498,P051,2,700,0.0
O014498,P090,1,2690,0.0
O014499,P047,1,1740,0.3
O014500,P003,1,8480,0.1
O014501,P010,1,6950,0.0
O014501,P096,1,260,0.2
O014502,P057,1,360,0.0
O014503,P082,1,580,0.2
O014503,P034,1,490,0.0
O014504,P059,1,240,0.2
O014505,P051,2,700,0.0
O014506,P033,2,2190,0.0
O014507,P079,1,630,0.2
O014507,P033,1,2190,0.05
O014508,P008,1,5930,0.05
O014508,P096,1,260,0.0
O014509,P085,1,1400,0.1
O014509,P096,3,260,0.2
O014510,P092,1,1210,0.05
O014510,P096,1,260,0.0
O014510,P026,1,2100,0.05
O014510,P007,3,1390,0.0
O014511,P096,1,260,0.0
O014511,P084,1,540,0.0
O014511,P074,2,890,0.0
O014512,P007,1,1390,0.0
O014513,P096,1,260,0.1
O014514,P096,1,260,0.05
O014515,P096,1,260,0.0
O014515,P008,1,5930,0.2
O014516,P071,3,450,0.05
O014516,P013,1,4850,0.0
O014517,P022,1,1690,0.1
O014517,P031,2,700,0.0
O014517,P053,1,310,0.0
O014518,P051,1,700,0.0
O014519,P004,1,1090,0.0
O014519,P052,1,260,0.3
O014520,P021,1,620,0.2
O014520,P033,1,2190,0.1
O014521,P009,1,5010,0.0
O014521,P072,1,3800,0.1
O014522,P033,1,2190,0.0
O014522,P025,1,1700,0.05
O014522,P052,1,260,0.3
O014523,P026,1,2100,0.1
O014523,P012,1,1160,0.0
O014524,P021,1,620,0.05
O014524,P051,1,700,0.1
O014524,P029,2,570,0.0
O014524,P084,1,540,0.0
O014525,P080,1,660,0.0
O014526,P028,1,430,0.1
O014527,P016,1,650,0.05
O014528,P054,1,480,0.2
O014528,P038,1,940,0.2
O014529,P003,1,8480,
O014530,P007,1,1390,0.0
O014530,P053,1,310,0.1
O014530,P079,1,630,0.0
O014530,P047,1,1740,0.05
O014530,P051,3,700,0.05
O014531,P085,1,1400,0.05
O014532,P056,1,1440,0.3
O014532,P052,1,260,0.0
O014533,P022,1,1690,0.05
O014534,P033,1,2190,0.0
O014534,P017,1,1030,0.0
O014534,P079,1,630,0.05
O014535,P012,3,1160,0.0
O014535,P008,1,5930,0.3
O014536,P080,2,660,0.0
O014537,P004,1,1090,0.0
O014538,P008,1,5930,0.05
O014539,P088,1,2510,0.3
O014540,P062,1,400,0.2
O014541,P003,1,8480,0.0
O014542,P033,1,2190,0.2
O014543,P019,1,2290,0.1
O014544,P006,1,5860,0.0
O014545,P047,3,1740,0.2
O014546,P040,3,430,0.0
O014546,P045,1,630,0.0
O014546,P041,2,4560,0.0
O014546,P007,1,1390,0.2
O014547,P051,1,700,0.2
O014548,P002,1,4330,0.1
O014548,P043,1,1220,0.1
O014549,P022,1,1690,0.0
O014550,P007,1,1390,0.0
O014551,P020,2,1760,0.3
O014551,P052,2,260,0.1
O014552,P092,2,1210,0.0
O014552,P020,1,1760,0.2
O014553,P028,1,430,0.0
O014554,P007,1,1390,0.0
O014555,P028,1,430,0.0
O014555,P045,1,630,0.0
O014555,P012,1,1160,0.05
O014556,P052,3,260,0.0
O014557,P031,1,700,0.0
O014558,P031,2,700,0.0
O014558,P094,1,1100,0.0
O014558,P052,1,260,0.0
O014559,P067,2,290,0.0
O014559,P020,3,1760,0.05
O014560,P033,1,2190,0.0
O014561,P034,1,490,0.3
O014562,P037,1,470,0.0
O014562,P012,1,1160,0.05
O014563,P090,2,2690,0.0
O014564,P054,1,480,0.05
O014565,P009,1,5010,0.0
O014565,P080,1,660,0.1
O014565,P096,3,260,0.2
O014566,P028,3,430,0.0
O014567,P087,1,1570,0.0
O014568,P049,1,870,0.0
O014568,P077,1,4260,0.0
O014569,P008,3,5930,0.0
O014569,P051,1,700,0.0
O014570,P055,2,210,0.05
O014571,P088,1,2510,0.3
O014572,P074,1,890,0.0
O014573,P008,2,5930,0.2
O014573,P092,1,1210,0.0
O014574,P003,1,8480,
O014574,P047,1,1740,0.0
O014575,P092,1,1210,0.0
O014575,P058,1,420,0.1
O014576,P034,3,490,0.1
O014577,P002,1,4330,0.0
O014578,P008,2,5930,0.0
O014579,P093,1,350,0.05
O014580,P022,1,1690,0.1
O014581,P079,1,630,0.3
O014581,P006,1,5860,0.0
O014582,P051,2,700,0.1
O014583,P002,2,4330,0.05
O014583,P012,2,1160,0.1
O014584,P045,1,630,0.0
O014585,P054,1,480,0.0
O014586,P091,1,2490,0.1
O014587,P025,2,1700,0.2
O014587,P018,1,790,0.0
O014588,P079,1,630,0.1
O014588,P018,3,790,0.05
O014589,P062,1,400,0.3
O014590,P083,1,710,0.0
O014591,P088,1,2510,0.1
O014592,P080,1,660,0.05
O014592,P047,1,1740,0.1
O014592,P035,1,390,0.0
O014593,P081,1,2850,0.0
O014594,P074,1,890,0.2
O014594,P052,3,260,0.05
O014594,P007,1,1390,0.1
O014595,P047,1,1740,0.2
O014596,P054,1,480,0.05
O014596,P022,1,1690,0.0
O014597,P088,1,2510,0.0
O014598,P080,1,660,0.0
O014599,P002,1,4330,0.3
O014599,P074,1,890,0.0
O014600,P054,1,480,0.3
O014600,P043,1,1220,0.0
O014601,P088,1,2510,0.2
O014601,P010,1,6950,0.05
O014602,P096,2,260,0.0
O014603,P055,1,210,0.0
O014604,P036,1,490,0.05
O014604,P080,1,660,0.0
O014605,P096,3,260,0.2
O014605,P043,2,1220,0.0
O014605,P047,1,1740,0.0
O014606,P069,1,250,0.0
O014607,P057,2,360,0.0
O014607,P029,1,570,0.2
O014607,P082,1,580,0.0
O014608,P048,1,600,0.0
O014608,P007,1,1390,0.1
O014609,P079,1,630,0.3
O014609,P016,1,650,0.05
O014610,P026,1,2100,0.1
O014610,P041,1,4560,0.0
O014611,P078,1,3260,0.0
O014611,P098,1,930,0.2
O014612,P013,1,4850,0.0
O014613,P051,1,700,0.3
O014614,P055,1,210,0.05
O014615,P008,1,5930,0.3
O014615,P052,1,260,0.0
O014615,P079,3,630,0.0
O014616,P039,2,1980,0.0
O014617,P079,1,630,0.05
O014617,P008,1,5930,0.3
O014618,P097,1,1960,0.0
O014618,P017,1,1030,0.1
O014619,P047,2,1740,0.1
O014620,P019,1,2290,0.05
O014621,P008,3,5930,0.1
O014622,P047,2,1740,0.1
O014622,P033,1,2190,0.0
O014623,P051,2,700,0.2
O014623,P003,1,8480,0.1
O014623,P010,1,6950,0.0
O014624,P052,1,260,0.2
O014625,P004,1,1090,0.05
O014625,P052,1,260,0.0
O014626,P033,1,2190,0.0
O014627,P077,1,4260,0.1
O014628,P019,1,2290,0.05
O014629,P055,1,210,0.1
O014630,P096,1,260,0.0
O014631,P079,1,630,0.05
O014632,P047,1,1740,0.3
O014633,P076,1,2640,0.0
O014633,P006,1,5860,0.0
O014633,P053,1,310,0.0
O014634,P072,3,3800,0.0
O014635,P080,1,660,0.0
O014636,P054,1,480,0.0
O014637,P052,1,260,0.1
O014637,P003,1,8480,0.2
O014638,P092,1,1210,0.0
O014638,P020,1,1760,0.05
O014639,P020,1,1760,
O014639,P008,1,5930,0.0
O014640,P008,1,5930,0.1
O014640,P015,1,600,0.05
O014641,P020,1,1760,0.2
O014641,P054,1,480,0.0
O014642,P004,1,1090,0.2
O014642,P006,1,5860,0.0
O014643,P049,1,870,0.0
O014644,P054,1,480,0.0
O014645,P079,1,630,0.0
O014645,P047,1,1740,0.0
O014645,P008,1,5930,0.1
O014646,P088,1,2510,0.3
O014647,P004,1,1090,0.0
O014647,P011,2,1280,0.3
O014648,P013,1,4850,0.0
O014648,P020,1,1760,0.0
O014649,P054,1,480,0.2
O014649,P047,1,1740,0.0
O014649,P070,1,800,0.0
O014649,P076,1,2640,0.0
O014649,P042,1,5470,0.05
O014650,P082,1,580,0.0
O014650,P096,2,260,0.05
O014651,P008,1,5930,0.05
O014651,P020,1,1760,0.05
O014652,P095,1,1840,0.2
O014653,P053,2,310,0.0
O014654,P089,1,530,0.3
O014654,P013,1,4850,0.0
O014655,P079,1,630,0.1
O014655,P006,1,5860,0.0
O014656,P084,1,540,0.1
O014657,P095,1,1840,0.05
O014657,P071,1,450,0.05
O014657,P052,2,260,0.05
O014658,P081,3,2850,0.0
O014658,P043,1,1220,0.3
O014659,P081,1,2850,0.3
O014660,P063,1,500,0.0
O014660,P079,1,630,0.1
O014660,P072,1,3800,0.05
O014660,P052,1,260,0.0
O014661,P079,1,630,0.05
O014661,P052,1,260,0.2
O014662,P091,1,2490,0.0
O014662,P033,1,2190,0.0
O014662,P080,1,660,0.0
O014663,P004,1,1090,
O014664,P052,1,260,0.1
O014665,P094,2,1100,0.0
O014666,P088,1,2510,0.0
O014667,P047,1,1740,0.0
O014667,P006,2,5860,0.1
O014668,P045,1,630,0.0
O014668,P053,1,310,0.0
O014669,P008,1,5930,0.0
O014669,P085,1,1400,0.0
O014670,P030,2,600,0.0
O014671,P008,1,5930,0.0
O014672,P007,1,1390,0.0
O014672,P047,1,1740,0.05
O014673,P047,1,1740,0.0
O014674,P060,2,330,0.2
O014674,P053,2,310,0.0
O014675,P052,1,260,0.05
O014675,P006,1,5860,0.0
O014675,P073,1,3790,0.0
O014675,P054,2,480,0.0
O014676,P092,1,1210,0.2
O014676,P027,3,1330,0.05
O014677,P092,1,1210,0.0
O014678,P021,2,620,0.0
O014679,P048,2,600,0.1
O014680,P092,1,1210,0.0
O014680,P020,1,1760,
O014681,P071,2,450,0.0
O014682,P060,1,330,0.2
O014683,P096,3,260,0.0
O014684,P052,1,260,0.0
O014685,P020,2,1760,0.0
O014685,P008,1,5930,0.0
O014686,P051,1,700,0.0
O014686,P020,1,1760,0.0
O014687,P093,2,350,0.05
O014688,P022,2,1690,0.0
O014689,P082,1,580,0.0
O014690,P079,1,630,0.0
O014690,P051,1,700,0.0
O014691,P052,1,260,0.0
O014692,P096,1,260,0.0
O014692,P006,2,5860,0.0
O014693,P070,1,800,0.3
O014693,P033,1,2190,0.3
O014693,P054,3,480,0.05
O014694,P081,1,2850,0.0
O014694,P007,2,1390,0.0
O014695,P031,1,700,0.0
O014695,P055,1,210,0.2
O014695,P028,2,430,0.05
O014696,P083,1,710,0.0
O014696,P047,1,1740,0.0
O014697,P036,1,490,0.0
O014698,P047,2,1740,0.0
O014698,P054,2,480,0.1
O014699,P008,1,5930,0.1
O014699,P078,2,3260,0.1
O014700,P079,1,630,0.1
O014701,P088,1,2510,0.1
O014702,P088,2,2510,0.05
O014703,P006,1,5860,0.0
O014704,P079,1,630,0.3
O014705,P043,1,1220,0.2
O014706,P007,2,1390,0.1
O014706,P011,1,1280,0.05
O014707,P043,1,1220,0.0
O014708,P074,1,890,0.1
O014708,P052,1,260,0.0
O014709,P053,1,310,0.05
O014710,P080,3,660,0.0
O014711,P055,1,210,0.05
O014712,P054,1,480,0.0
O014712,P011,3,1280,0.2
O014713,P073,2,3790,0.0
O014714,P055,1,210,0.0
O014715,P047,1,1740,0.05
O014715,P078,1,3260,0.05
O014716,P015,1,600,0.0
O014717,P010,1,6950,0.0
O014717,P083,3,710,0.05
O014718,P047,1,1740,0.2
O014718,P092,1,1210,0.05
O014719,P030,1,600,0.0
O014720,P045,1,630,0.1
O014720,P002,1,4330,0.05
O014721,P080,1,660,0.1
O014722,P050,1,570,0.0
O014723,P024,1,540,0.0
O014724,P096,1,260,0.3
O014724,P057,1,360,0.05
O014725,P037,1,470,0.1
O014726,P054,1,480,0.0
O014726,P088,1,2510,0.0
O014727,P042,3,5470,0.05
O014728,P052,3,260,0.0
O014729,P052,2,260,0.0
O014729,P047,1,1740,0.1
O014729,P020,1,1760,0.1
O014729,P036,1,490,0.1
O014730,P085,1,1400,0.0
O014730,P096,1,260,0.05
O014731,P080,1,660,0.0
O014732,P020,1,1760,0.0
O014733,P046,1,860,0.0
O014733,P006,1,5860,0.2
O014734,P028,1,430,0.0
O014734,P011,1,1280,0.0
O014734,P056,2,1440,0.1
O014735,P085,2,1400,0.05
O014735,P080,1,660,0.0
O014736,P079,2,630,0.1
O014737,P082,2,580,0.0
O014738,P044,2,260,0.1
O014739,P001,1,5210,0.0
O014740,P020,2,1760,0.0
O014740,P006,2,5860,0.05
O014740,P091,3,2490,0.2
O014741,P021,2,620,0.0
O014742,P007,1,1390,0.0
O014742,P010,3,6950,0.0
O014743,P054,3,480,0.0
O014743,P043,2,1220,0.05
O014743,P092,1,1210,0.0
O014743,P079,1,630,0.0
O014744,P051,1,700,0.2
O014744,P043,1,1220,0.05
O014745,P077,2,4260,0.0
O014746,P006,2,5860,0.3
O014747,P079,1,630,0.0
O014747,P054,1,480,0.0
O014748,P019,1,2290,0.2
O014748,P080,1,660,0.1
O014749,P056,1,1440,0.0
O014749,P053,1,310,0.0
O014750,P020,1,1760,0.1
O014751,P088,1,2510,0.0
O014752,P098,1,930,0.0
O014753,P007,1,1390,0.0
O014753,P096,1,260,0.0
O014754,P043,1,1220,0.3
O014755,P043,1,1220,0.0
O014755,P096,2,260,0.0
O014756,P037,2,470,0.2
O014757,P008,1,5930,0.1
O014757,P047,2,1740,
O014757,P059,1,240,0.1
O014758,P079,1,630,0.0
O014759,P092,1,1210,0.1
O014759,P096,1,260,0.2
O014760,P043,3,1220,0.0
O014760,P007,2,1390,0.2
O014761,P043,1,1220,0.3
O014761,P020,3,1760,0.05
O014762,P051,1,700,0.05
O014763,P020,1,1760,0.2
O014764,P047,1,1740,0.0
O014765,P050,1,570,0.2
O014766,P088,1,2510,0.05
O014767,P048,1,600,0.2
O014767,P047,1,1740,0.2
O014768,P033,1,2190,0.1
O014768,P079,1,630,0.0
O014769,P076,1,2640,0.3
O014770,P092,2,1210,0.0
O014771,P033,1,2190,0.0
O014772,P054,3,480,0.2
O014772,P031,1,700,0.2
O014773,P049,1,870,0.0
O014774,P074,1,890,0.1
O014774,P096,2,260,0.0
O014775,P096,1,260,0.0
O014775,P097,1,1960,0.0
O014776,P079,1,630,0.2
O014777,P074,2,890,0.2
O014777,P056,1,1440,0.1
O014778,P079,1,630,0.0
O014778,P002,1,4330,0.05
O014779,P092,2,1210,0.0
O014780,P096,1,260,0.2
O014781,P052,1,260,0.0
O014782,P052,1,260,0.0
O014782,P055,1,210,0.0
O014783,P020,1,1760,0.1
O014783,P078,1,3260,0.05
O014784,P003,1,8480,0.1
O014784,P020,1,1760,0.0
O014784,P033,2,2190,0.1
O014784,P096,1,260,0.0
O014785,P052,3,260,0.0
O014785,P086,1,1840,0.1
O014786,P028,1,430,0.0
O014786,P080,1,660,0.0
O014787,P054,1,480,0.0
O014787,P020,3,1760,0.1
O014788,P052,1,260,0.0
O014788,P007,2,1390,0.1
O014789,P096,1,260,0.0
O014790,P047,1,1740,0.1
O014791,P088,3,2510,0.3
O014792,P020,2,1760,0.0
O014792,P085,1,1400,0.0
O014793,P012,1,1160,0.0
O014793,P054,2,480,0.05
O014794,P022,1,1690,0.2
O014795,P061,3,660,0.1
O014796,P020,3,1760,0.05
O014797,P008,2,5930,0.05
O014798,P096,1,260,0.0
O014799,P073,1,3790,0.05
O014799,P006,1,5860,0.0
O014799,P085,1,1400,0.0
O014800,P033,2,2190,0.05
O014801,P047,1,1740,0.2
O014802,P008,1,5930,0.0
O014802,P022,1,1690,0.0
O014803,P024,1,540,0.0
O014803,P077,1,4260,0.0
O014804,P025,1,1700,0.0
O014805,P079,2,630,0.0
O014806,P072,1,3800,0.05
O014807,P057,3,360,0.0
O014808,P028,1,430,0.2
O014808,P082,2,580,0.0
O014809,P082,1,580,0.0
O014810,P020,1,1760,0.1
O014810,P072,1,3800,0.0
O014810,P096,1,260,0.05
O014811,P020,1,1760,0.0
O014811,P094,1,1100,0.0
O014811,P045,1,630,0.2
O014812,P096,1,260,0.1
O014812,P005,1,1960,0.2
O014812,P006,3,5860,0.0
O014813,P088,3,2510,0.0
O014814,P070,2,800,0.0
O014814,P052,1,260,0.3
O014814,P002,1,4330,0.1
O014815,P052,1,260,0.05
O014816,P008,1,5930,0.0
O014816,P051,1,700,0.0
O014817,P002,1,4330,0.2
O014817,P051,1,700,0.05
O014817,P096,2,260,0.05
O014818,P007,1,1390,0.1
O014818,P096,1,260,0.0
O014819,P031,1,700,0.2
O014820,P047,3,1740,0.0
O014820,P052,1,260,0.0
O014821,P079,1,630,0.1
O014822,P020,1,1760,0.05
O014823,P088,1,2510,0.0
O014824,P082,1,580,0.2
O014824,P079,1,630,0.05
O014824,P052,1,260,0.1
O014825,P090,3,2690,0.0
O014826,P003,1,8480,0.0
O014826,P078,1,3260,0.05
O014827,P079,1,630,0.1
O014828,P080,1,660,0.3
O014828,P088,1,2510,0.05
O014829,P051,2,700,0.1
O014830,P020,1,1760,0.3
O014830,P052,1,260,0.0
O014831,P054,1,480,0.2
O014831,P006,3,5860,0.3
O014832,P092,1,1210,
O014832,P012,3,1160,0.05
O014833,P002,1,4330,0.05
O014833,P098,1,930,0.0
O014834,P045,1,630,0.0
O014834,P055,1,210,0.0
O014835,P020,1,1760,0.0
O014835,P051,1,700,0.0
O014836,P082,1,580,0.0
O014836,P006,1,5860,0.3
O014836,P051,1,700,0.0
O014837,P096,1,260,0.1
O014837,P018,1,790,0.0
O014838,P052,1,260,0.0
O014839,P007,2,1390,0.2
O014839,P050,1,570,0.0
O014840,P051,1,700,0.1
O014841,P077,2,4260,0.3
O014842,P033,1,2190,0.0
O014842,P079,2,630,0.05
O014843,P015,1,600,0.05
O014844,P087,2,1570,0.05
O014844,P052,1,260,0.2
O014845,P081,1,2850,0.0
O014845,P088,1,2510,0.05
O014846,P007,1,1390,0.0
O014847,P053,1,310,0.0
O014848,P070,1,800,0.1
O014848,P075,1,2130,0.05
O014849,P008,1,5930,0.2
O014850,P007,1,1390,0.3
O014851,P020,1,1760,0.0
O014852,P051,1,700,0.2
O014852,P047,1,1740,0.0
O014852,P053,1,310,0.05
O014853,P052,2,260,0.0
O014853,P040,2,430,0.0
O014853,P007,2,1390,0.3
O014854,P082,1,580,0.05
O014854,P088,1,2510,0.1
O014855,P020,1,1760,0.0
O014856,P083,1,710,0.05
O014857,P071,2,450,0.05
O014858,P028,1,430,0.3
O014858,P096,3,260,0.2
O014859,P096,1,260,0.0
O014860,P012,1,1160,0.2
O014860,P080,2,660,0.0
O014861,P096,2,260,0.05
O014861,P020,1,1760,0.0
O014862,P080,3,660,0.0
O014863,P002,1,4330,0.05
O014863,P079,1,630,0.3
O014864,P007,3,1390,0.3
O014865,P008,1,5930,0.0
O014866,P092,1,1210,0.1
O014866,P040,1,430,0.0
O014867,P088,1,2510,0.0
O014867,P052,3,260,0.3
O014868,P085,1,1400,0.3
O014869,P065,2,180,0.0
O014870,P067,1,290,0.05
O014871,P052,3,260,0.05
O014871,P079,2,630,0.0
O014872,P074,1,890,0.05
O014873,P007,1,1390,0.1
O014873,P047,1,1740,0.0
O014874,P072,1,3800,0.0
O014875,P022,1,1690,0.2
O014876,P031,2,700,0.1
O014877,P079,1,630,0.1
O014878,P049,1,870,0.1
O014879,P033,1,2190,0.0
O014879,P034,2,490,0.2
O014880,P039,2,1980,0.0
O014881,P034,1,490,0.0
O014881,P052,2,260,0.0
O014882,P025,1,1700,0.05
O014882,P024,1,540,0.3
O014883,P050,1,570,0.1
O014883,P040,3,430,0.2
O014884,P096,1,260,0.0
O014885,P033,1,2190,0.05
O014885,P043,2,1220,0.1
O014886,P096,3,260,0.0
O014887,P023,1,2180,0.0
O014888,P007,1,1390,0.2
O014888,P028,-1,430,0.0
O014889,P020,1,1760,0.0
O014889,P055,2,210,0.1
O014890,P052,1,260,0.0
O014891,P091,1,2490,0.3
O014892,P009,1,5010,0.0
O014892,P042,2,5470,0.0
O014893,P047,1,1740,0.05
O014893,P043,1,1220,0.1
O014894,P036,3,490,0.05
O014894,P096,2,260,0.0
O014895,P082,1,580,0.0
O014896,P096,1,260,0.05
O014896,P054,2,480,0.0
O014896,P027,1,1330,0.1
O014897,P078,1,3260,0.0
O014897,P047,1,1740,0.2
O014898,P052,1,260,0.0
O014899,P088,3,2510,0.0
O014899,P031,1,700,0.1
O014900,P079,2,630,0.0
O014901,P003,1,8480,0.1
O014902,P012,1,1160,0.2
O014902,P050,1,570,0.05
O014903,P033,1,2190,0.2
O014903,P081,1,2850,0.0
O014904,P037,1,470,0.0
O014905,P037,1,470,0.0
O014906,P096,3,260,0.0
O014907,P043,1,1220,0.2
O014907,P052,1,260,0.3
O014907,P033,1,2190,0.1
O014907,P053,1,310,0.0
O014908,P083,2,710,0.3
O014908,P008,3,5930,0.0
O014909,P033,1,2190,0.2
O014909,P014,1,1960,0.0
O014910,P024,1,540,0.0
O014910,P011,2,1280,0.0
O014911,P088,1,2510,0.0
O014912,P051,1,700,0.3
O014912,P006,1,5860,0.1
O014913,P028,1,430,0.1
O014914,P051,1,700,0.0
O014915,P033,1,2190,0.0
O014916,P079,1,630,0.0
O014917,P037,1,470,0.1
O014917,P051,3,700,0.1
O014918,P021,1,620,0.2
O014919,P060,3,330,0.0
O014920,P052,1,260,0.0
O014920,P079,1,630,0.1
O014921,P020,1,1760,0.3
O014922,P080,1,660,0.0
O014923,P098,1,930,0.1
O014923,P080,1,660,0.0
O014924,P008,1,5930,0.0
O014925,P072,2,3800,0.0
O014926,P016,1,650,0.3
O014926,P048,2,600,0.0
O014927,P076,1,2640,0.1
O014928,P020,1,1760,0.0
O014928,P074,1,890,0.3
O014929,P048,1,600,0.0
O014930,P051,1,700,0.05
O014931,P022,3,1690,0.0
O014932,P082,2,580,0.05
O014932,P046,1,860,0.05
O014933,P002,1,4330,0.0
O014934,P045,1,630,0.05
O014935,P093,1,350,0.0
O014935,P080,1,660,0.0
O014936,P052,1,260,0.2
O014936,P051,1,700,0.0
O014936,P018,1,790,0.05
O014937,P020,1,1760,0.1
O014937,P005,1,1960,0.05
O014937,P096,1,260,0.3
O014938,P047,1,1740,0.1
O014939,P044,1,260,0.2
O014940,P033,2,2190,
O014940,P057,3,360,0.0
O014941,P096,2,260,0.0
O014941,P002,1,4330,0.0
O014942,P053,2,310,0.2
O014943,P020,1,1760,0.0
O014944,P079,1,630,0.0
O014945,P051,2,700,0.1
O014945,P056,2,1440,0.0
O014946,P094,1,1100,0.1
O014947,P040,1,430,0.1
O014947,P079,1,630,0.05
O014948,P004,1,1090,0.0
O014948,P047,1,1740,0.05
O014949,P079,2,630,0.3
O014950,P096,1,260,0.1
O014951,P023,1,2180,0.3
O014951,P073,1,3790,0.3
O014952,P047,1,1740,0.0
O014952,P014,1,1960,0.3
O014953,P092,2,1210,0.0
O014954,P079,1,630,0.05
O014954,P033,1,2190,0.0
O014955,P026,1,2100,0.0
O014956,P043,3,1220,0.0
O014957,P037,1,470,0.1
O014958,P069,1,250,0.1
O014959,P045,1,630,0.05
O014960,P008,1,5930,0.2
O014960,P052,1,260,0.0
O014961,P030,2,600,0.05
O014962,P079,1,630,0.1
O014962,P085,3,1400,0.0
O014963,P073,1,3790,
O014963,P022,1,1690,0.0
O014964,P086,1,1840,0.0
O014965,P031,1,700,0.1
O014965,P028,1,430,0.0
O014966,P033,1,2190,0.1
O014967,P074,1,890,0.05
O014968,P092,1,1210,0.2
O014969,P085,1,1400,0.0
O014969,P020,1,1760,0.2
O014970,P052,2,260,0.05
O014971,P052,2,260,0.0
O014971,P048,1,600,0.0
O014972,P081,2,2850,0.05
O014972,P029,1,570,0.1
O014972,P082,1,580,0.2
O014973,P007,2,1390,0.1
O014974,P080,1,660,0.0
O014975,P074,1,890,0.0
O014976,P006,1,5860,0.0
O014976,P096,2,260,0.3
O014977,P002,2,4330,0.05
O014977,P074,1,890,0.0
O014978,P093,1,350,0.1
O014979,P007,2,1390,0.0
O014980,P011,2,1280,0.2
O014980,P055,1,210,0.1
O014980,P007,1,1390,0.05
O014981,P020,1,1760,0.1
O014982,P052,1,260,0.05
O014982,P020,1,1760,0.0
O014983,P030,1,600,0.3
O014984,P033,1,2190,0.3
O014985,P079,1,630,0.3
O014985,P007,1,1390,0.1
O014985,P077,3,4260,0.0
O014986,P070,1,800,0.0
O014986,P033,-1,2190,0.0
O014987,P052,1,260,0.0
O014988,P096,1,260,0.05
O014989,P008,1,5930,0.1
O014990,P033,2,2190,0.0
O014991,P080,1,660,0.05
O014991,P007,1,1390,0.1
O014992,P073,1,3790,0.0
O014993,P050,1,570,0.05
O014993,P088,2,2510,0.0
O014993,P025,1,1700,0.0
O014994,P054,3,480,0.3
O014994,P059,1,240,0.2
O014995,P073,1,3790,0.0
O014995,P052,1,260,0.0
O014996,P039,2,1980,0.0
O014996,P028,1,430,0.0
O014996,P033,2,2190,0.3
O014997,P031,1,700,0.0
O014998,P045,3,630,0.1
O014998,P088,1,2510,0.05
O014999,P082,1,580,0.2
O014999,P003,1,8480,0.1
O014999,P087,1,1570,0.05
O015000,P028,1,430,0.2
O015001,P016,2,650,0.0
O015001,P031,1,700,0.0
O015001,P021,1,620,0.0
O015002,P020,1,1760,0.1
O015003,P052,1,260,0.1
O015004,P047,1,1740,0.1
O015005,P092,1,1210,0.0
O015006,P033,1,2190,0.0
O015007,P021,1,620,0.1
O015007,P047,1,1740,
O015008,P002,1,4330,0.0
O015008,P047,3,1740,0.05
O015009,P047,1,1740,0.3
O015010,P079,2,630,0.0
O015011,P003,1,8480,0.1
O015011,P017,2,1030,0.3
O015012,P078,1,3260,0.0
O015012,P008,1,5930,0.2
O015013,P097,3,1960,0.0
O015013,P065,1,180,0.0
O015013,P076,1,2640,0.0
O015014,P052,2,260,0.1
O015014,P053,3,310,0.3
O015015,P096,1,260,0.0
O015016,P073,1,3790,0.1
O015017,P062,2,400,0.05
O015017,P011,1,1280,0.3
O015018,P059,1,240,0.0
O015018,P086,1,1840,0.0
O015018,P039,1,1980,0.05
O015018,P050,1,570,0.0
O015019,P040,1,430,0.0
O015019,P071,1,450,0.1
O015020,P052,3,260,0.2
O015021,P071,1,450,0.1
O015022,P033,1,2190,0.05
O015023,P007,1,1390,0.2
O015023,P052,1,260,0.05
O015024,P055,1,210,0.0
O015025,P036,1,490,0.1
O015026,P043,1,1220,0.0
O015026,P006,1,5860,0.1
O015026,P012,1,1160,0.0
O015027,P052,2,260,0.3
O015027,P007,1,1390,0.05
O015027,P053,1,310,0.05
O015028,P020,2,1760,0.2
O015029,P033,1,2190,0.0
O015030,P055,3,210,0.3
O015031,P052,2,260,0.3
O015032,P069,1,250,0.0
O015032,P096,1,260,0.2
O015033,P048,1,600,0.05
O015033,P071,1,450,0.0
O015033,P096,1,260,0.0
O015034,P028,1,430,0.0
O015035,P017,1,1030,0.0
O015035,P055,1,210,0.0
O015036,P020,1,1760,0.2
O015037,P070,1,800,0.3
O015037,P080,1,660,0.0
O015038,P033,1,2190,0.0
O015038,P008,3,5930,0.1
O015039,P028,1,430,0.0
O015039,P047,3,1740,0.0
O015039,P030,1,600,0.1
O015040,P033,1,2190,0.0
O015041,P052,1,260,0.1
O015042,P038,1,940,0.3
O015043,P028,1,430,0.1
O015043,P052,1,260,0.05
O015044,P082,2,580,0.1
O015045,P080,1,660,0.0
O015046,P012,1,1160,0.1
O015046,P078,1,3260,0.0
O015047,P047,1,1740,0.0
O015048,P052,3,260,0.0
O015049,P057,1,360,0.0
O015050,P047,3,1740,0.0
O015050,P029,1,570,0.0
O015050,P008,1,5930,0.0
O015051,P033,1,2190,0.0
O015051,P043,1,1220,0.05
O015052,P007,1,1390,0.05
O015053,P002,1,4330,0.05
O015054,P051,1,700,0.0
O015055,P070,1,800,0.05
O015056,P074,1,890,0.0
O015056,P002,1,4330,0.1
O015057,P040,1,430,0.2
O015058,P052,1,260,0.0
O015059,P079,1,630,0.0
O015059,P047,1,1740,0.3
O015059,P052,1,260,0.0
O015060,P008,1,5930,0.3
O015061,P006,1,5860,0.05
O015062,P020,1,1760,0.0
O015063,P057,1,360,0.0
O015063,P082,2,580,0.2
O015063,P031,1,700,0.05
O015064,P057,1,360,0.1
O015065,P020,1,1760,0.05
O015066,P028,1,430,0.1
O015066,P088,2,2510,0.0
O015067,P073,1,3790,0.0
O015068,P052,1,260,0.3
O015068,P096,1,260,0.05
O015069,P096,1,260,0.2
O015069,P031,1,700,0.1
O015069,P012,1,1160,0.2
O015070,P080,2,660,0.05
O015070,P052,2,260,0.05
O015071,P092,1,1210,0.0
O015072,P074,1,890,0.2
O015072,P009,1,5010,0.0
O015072,P032,1,1590,0.0
O015073,P051,2,700,0.0
O015074,P012,1,1160,0.1
O015074,P020,2,1760,0.0
O015075,P020,2,1760,0.0
O015076,P042,3,5470,0.2
O015076,P088,1,2510,0.0
O015076,P051,2,700,0.0
O015077,P053,1,310,0.05
O015077,P096,1,260,0.0
O015078,P033,1,2190,0.3
O015078,P030,2,600,0.05
O015079,P086,1,1840,0.0
O015079,P004,1,1090,0.0
O015079,P008,2,5930,0.3
O015080,P070,1,800,0.0
O015081,P096,3,260,
O015081,P018,2,790,0.05
O015082,P040,1,430,0.0
O015083,P084,1,540,0.3
O015084,P062,1,400,0.3
O015084,P020,1,1760,0.0
O015084,P096,1,260,0.3
O015085,P010,2,6950,0.05
O015086,P077,2,4260,0.0
O015086,P052,3,260,0.0
O015087,P036,1,490,0.05
O015087,P017,1,1030,0.1
O015088,P088,1,2510,0.2
O015088,P033,1,2190,0.05
O015089,P092,2,1210,0.05
O015090,P033,2,2190,0.2
O015090,P051,1,700,0.0
O015091,P052,1,260,0.05
O015092,P015,1,600,0.2
O015092,P030,2,600,0.0
O015093,P086,1,1840,0.05
O015094,P008,1,5930,0.2
O015095,P086,1,1840,0.0
O015096,P008,3,5930,0.1
O015096,P090,1,2690,0.3
O015097,P043,1,1220,0.1
O015097,P030,1,600,0.3
O015098,P056,1,1440,0.2
O015099,P010,1,6950,0.0
O015100,P096,1,260,0.05
O015101,P052,1,260,0.0
O015101,P047,1,1740,0.0
O015102,P071,1,450,0.0
O015102,P051,1,700,0.1
O015103,P047,2,1740,0.05
O015104,P047,1,1740,0.1
O015105,P074,2,890,0.1
O015106,P068,1,260,0.0
O015106,P047,1,1740,0.0
O015107,P048,1,600,0.0
O015108,P028,1,430,0.0
O015108,P004,2,1090,0.1
O015108,P080,1,660,0.1
O015109,P029,1,570,0.2
O015110,P079,1,630,0.0
O015111,P001,3,5210,0.0
O015111,P080,1,660,0.0
O015112,P047,3,1740,0.1
O015112,P066,3,160,0.3
O015113,P033,1,2190,
O015113,P040,1,430,0.0
O015114,P079,1,630,0.1
O015114,P032,2,1590,0.2
O015115,P033,2,2190,0.3
O015116,P012,2,1160,0.1
O015117,P075,1,2130,0.0
O015118,P087,3,1570,0.05
O015119,P017,1,1030,0.0
O015120,P089,1,530,0.1
O015121,P033,3,2190,0.1
O015121,P079,2,630,0.2
O015122,P024,2,540,0.0
O015123,P047,1,1740,0.2
O015123,P002,1,4330,0.3
O015124,P033,1,2190,0.0
O015124,P096,1,260,0.0
O015124,P008,1,5930,0.05
O015125,P090,2,2690,0.05
O015126,P096,2,260,0.0
O015126,P040,1,430,
O015127,P002,3,4330,0.0
O015127,P031,1,700,0.0
O015127,P020,2,1760,0.0
O015128,P085,3,1400,0.0
O015128,P047,3,1740,0.1
O015129,P083,2,710,0.0
O015130,P066,1,160,0.1
O015131,P043,1,1220,0.0
O015132,P043,1,1220,0.2
O015132,P086,1,1840,0.0
O015133,P088,1,2510,0.2
O015134,P079,1,630,0.0
O015135,P052,2,260,0.0
O015135,P028,2,430,0.0
O015136,P020,2,1760,0.3
O015137,P079,2,630,0.1
O015137,P013,1,4850,0.0
O015138,P052,2,260,0.1
O015139,P007,1,1390,0.0
O015140,P019,1,2290,0.0
O015141,P020,2,1760,0.2
O015142,P020,1,1760,0.05
O015143,P096,1,260,0.1
O015144,P092,1,1210,0.0
O015145,P028,2,430,0.2
O015146,P012,1,1160,0.0
O015147,P033,1,2190,
O015148,P096,1,260,0.0
O015149,P020,2,1760,0.3
O015149,P096,1,260,0.3
O015150,P089,1,530,0.1
O015150,P040,3,430,0.0
O015151,P019,2,2290,0.0
O015151,P011,1,1280,0.0
O015151,P078,1,3260,0.05
O015151,P010,2,6950,0.05
O015152,P026,1,2100,0.1
O015152,P080,1,660,0.0
O015153,P079,1,630,0.1
O015154,P052,2,260,0.2
O015155,P052,2,260,0.2
O015156,P003,1,8480,0.0
O015156,P050,3,570,0.0
O015157,P018,1,790,0.1
O015158,P012,2,1160,0.1
O015158,P048,2,600,0.1
O015159,P008,1,5930,0.05
O015160,P078,2,3260,0.1
O015161,P020,1,1760,0.0
O015162,P079,1,630,0.2
O015163,P057,1,360,0.1
O015164,P079,2,630,0.05
O015165,P088,1,2510,0.05
O015165,P071,1,450,0.0
O015166,P088,1,2510,0.0
O015167,P017,3,1030,0.0
O015167,P052,1,260,0.1
O015168,P065,1,180,0.0
O015169,P054,2,480,0.1
O015169,P096,1,260,0.1
O015170,P047,1,1740,0.1
O015171,P079,1,630,0.0
O015171,P033,3,2190,0.0
O015172,P020,2,1760,0.0
O015173,P022,1,1690,0.0
O015173,P051,1,700,0.3
O015174,P009,1,5010,0.0
O015174,P050,1,570,0.0
O015175,P079,1,630,0.0
O015175,P085,1,1400,0.2
O015176,P081,1,2850,0.3
O015176,P086,2,1840,0.1
O015176,P029,1,570,0.05
O015177,P052,1,260,0.2
O015177,P047,1,1740,0.0
O015178,P076,1,2640,0.1
O015178,P048,2,600,0.0
O015179,P051,1,700,0.0
O015179,P047,1,1740,0.0
O015179,P031,1,700,0.0
O015180,P033,1,2190,0.0
O015181,P019,1,2290,0.0
O015182,P052,2,260,0.0
O015182,P033,1,2190,0.0
O015183,P001,2,5210,0.0
O015183,P079,2,630,0.0
O015184,P028,2,430,0.05
O015185,P079,1,630,0.0
O015186,P008,1,5930,0.2
O015186,P080,1,660,0.05
O015186,P031,1,700,0.0
O015186,P063,1,500,0.1
O015187,P028,1,430,0.0
O015188,P070,1,800,0.0
O015189,P043,1,1220,0.0
O015190,P020,2,1760,0.2
O015191,P022,1,1690,0.05
O015192,P047,1,1740,0.0
O015193,P079,1,630,0.1
O015193,P078,1,3260,0.2
O015194,P020,1,1760,0.3
O015195,P078,1,3260,0.2
O015195,P030,1,600,0.0
O015195,P072,3,3800,0.05
O015196,P096,1,260,0.1
O015196,P003,1,8480,0.0
O015197,P083,1,710,0.1
O015198,P050,1,570,0.2
O015199,P020,3,1760,0.0
O015199,P081,1,2850,0.05
O015199,P010,3,6950,0.1
O015199,P002,2,4330,0.2
O015200,P014,3,1960,0.3
O015201,P070,3,800,0.0
O015202,P002,2,4330,0.3
O015203,P096,1,260,0.05
O015204,P054,1,480,0.3
O015205,P040,2,430,0.1
O015205,P080,1,660,0.0
O015206,P011,1,1280,0.0
O015207,P012,1,1160,0.0
O015207,P017,1,1030,0.0
O015208,P047,1,1740,0.0
O015209,P022,3,1690,0.0
O015210,P022,3,1690,0.0
O015211,P037,1,470,0.0
O015212,P045,1,630,0.1
O015213,P051,1,700,0.2
O015213,P006,3,5860,0.05
O015214,P053,1,310,0.0
O015215,P020,2,1760,0.1
O015216,P051,1,700,0.0
O015216,P047,2,1740,0.0
O015217,P003,1,8480,0.0
O015218,P077,2,4260,0.05
O015219,P040,1,430,0.2
O015220,P005,1,1960,0.0
O015221,P052,3,260,0.0
O015222,P002,1,4330,0.05
O015222,P082,1,580,0.3
O015223,P043,3,1220,0.0
O015224,P039,1,1980,0.05
O015225,P078,1,3260,0.1
O015225,P007,1,1390,0.0
O015226,P003,1,8480,0.1
O015227,P082,1,580,0.0
O015228,P054,1,480,0.05
O015228,P001,1,5210,0.1
O015228,P079,1,630,0.0
O015229,P075,1,2130,0.0
O015230,P040,3,430,0.05
O015230,P059,1,240,0.2
O015231,P081,1,2850,
O015232,P088,1,2510,0.1
O015232,P072,1,3800,0.1
O015232,P052,2,260,0.1
O015233,P047,1,1740,0.05
O015234,P088,1,2510,0.2
O015234,P096,1,260,0.05
O015235,P020,1,1760,0.05
O015236,P030,1,600,0.0
O015237,P047,1,1740,0.2
O015237,P053,1,310,0.0
O015237,P082,1,580,0.05
O015238,P082,1,580,0.0
O015238,P045,1,630,0.2
O015238,P020,2,1760,0.0
O015239,P096,1,260,0.05
O015239,P078,1,3260,0.0
O015240,P048,1,600,0.0
O015241,P020,2,1760,0.3
O015242,P035,2,390,0.05
O015242,P082,1,580,
O015243,P033,3,2190,0.1
O015243,P045,1,630,0.1
O015244,P020,2,1760,0.2
O015244,P088,1,2510,0.0
O015244,P053,1,310,0.0
O015244,P033,1,2190,0.2
O015245,P040,1,430,0.05
O015246,P033,1,2190,0.2
O015247,P081,1,2850,0.0
O015248,P049,1,870,0.2
O015248,P052,1,260,0.0
O015248,P048,2,600,0.1
O015249,P034,2,490,0.2
O015250,P063,1,500,0.0
O015250,P047,2,1740,0.0
O015251,P008,1,5930,0.0
O015252,P002,1,4330,0.0
O015252,P078,3,3260,0.0
O015253,P011,1,1280,0.1
O015253,P006,3,5860,0.0
O015254,P008,1,5930,0.05
O015254,P059,1,240,0.2
O015255,P081,2,2850,0.0
O015256,P094,1,1100,0.05
O015256,P078,1,3260,0.2
O015257,P052,3,260,0.3
O015257,P008,3,5930,0.1
O015257,P010,1,6950,0.2
O015258,P020,1,1760,0.1
O015259,P005,1,1960,0.1
O015260,P043,2,1220,0.0
O015261,P047,2,1740,0.1
O015261,P096,1,260,0.1
O015261,P032,1,1590,0.3
O015261,P079,1,630,0.0
O015262,P008,1,5930,0.05
O015263,P049,1,870,0.1
O015264,P007,1,1390,0.0
O015265,P002,1,4330,0.1
O015265,P052,1,260,0.0
O015265,P012,1,1160,0.0
O015265,P042,2,5470,0.1
O015266,P045,1,630,0.0
O015266,P004,1,1090,0.0
O015267,P070,2,800,0.2
O015268,P035,1,390,0.0
O015268,P047,2,1740,0.05
O015268,P052,2,260,0.0
O015269,P054,1,480,0.1
O015270,P047,1,1740,0.05
O015271,P002,2,4330,0.2
O015271,P050,1,570,0.0
O015272,P074,1,890,0.0
O015273,P020,1,1760,0.0
O015274,P079,1,630,0.1
O015274,P070,1,800,0.0
O015275,P031,1,700,0.1
O015276,P040,1,430,0.2
O015276,P007,1,1390,0.2
O015276,P031,1,700,0.0
O015277,P086,1,1840,0.05
O015278,P052,1,260,0.1
O015279,P082,2,580,0.05
O015279,P047,3,1740,0.2
O015279,P088,3,2510,0.0
O015280,P075,1,2130,0.1
O015281,P088,1,2510,0.0
O015281,P020,1,1760,0.3
O015282,P043,1,1220,0.0
O015283,P010,3,6950,0.0
O015283,P052,1,260,0.0
O015284,P007,1,1390,0.05
O015285,P043,1,1220,0.0
O015285,P013,3,4850,0.2
O015286,P096,1,260,0.2
O015286,P075,2,2130,0.1
O015287,P004,1,1090,0.1
O015288,P096,1,260,0.0
O015288,P009,1,5010,0.0
O015289,P033,1,2190,0.0
O015289,P043,1,1220,0.2
O015290,P096,1,260,0.0
O015290,P033,1,2190,0.0
O015291,P044,1,260,0.1
O015291,P008,1,5930,0.0
O015291,P010,1,6950,0.3
O015292,P020,1,1760,0.0
O015293,P055,1,210,0.0
O015294,P072,1,3800,0.1
O015294,P050,1,570,0.05
O015294,P020,3,1760,0.1
O015295,P012,1,1160,0.1
O015295,P076,1,2640,0.1
O015295,P031,1,700,0.3
O015295,P054,1,480,0.0
O015296,P096,1,260,0.0
O015297,P079,1,630,0.0
O015298,P002,1,4330,0.0
O015298,P079,1,630,0.05
O015299,P059,2,240,0.0
O015300,P088,3,2510,0.0
O015300,P020,2,1760,0.0
O015301,P079,1,630,0.0
O015302,P033,1,2190,0.0
O015302,P043,1,1220,0.05
O015303,P054,1,480,0.0
O015304,P092,1,1210,0.1
O015305,P001,1,5210,0.3
O015305,P033,2,2190,0.0
O015306,P010,1,6950,0.0
O015306,P052,1,260,0.0
O015307,P070,1,800,0.0
O015308,P042,1,5470,0.0
O015309,P021,1,620,0.05
O015309,P047,1,1740,0.1
O015309,P038,2,940,0.3
O015310,P052,1,260,0.2
O015310,P004,1,1090,0.0
O015311,P091,3,2490,0.0
O015312,P076,1,2640,0.2
O015312,P006,1,5860,0.0
O015312,P051,1,700,0.0
O015313,P084,2,540,0.1
O015314,P045,1,630,0.1
O015314,P028,1,430,0.1
O015315,P055,3,210,0.0
O015316,P007,2,1390,0.2
O015316,P033,1,2190,0.2
O015316,P029,1,570,0.1
O015317,P052,2,260,0.0
O015317,P053,1,310,0.05
O015318,P066,1,160,0.0
O015318,P020,1,1760,0.0
O015319,P020,1,1760,0.0
O015320,P082,2,580,0.3
O015321,P075,1,2130,0.0
O015322,P096,1,260,0.1
O015323,P016,1,650,0.0
O015324,P074,1,890,0.1
O015325,P052,1,260,0.05
O015326,P096,1,260,0.05
O015326,P023,1,2180,0.0
O015327,P060,1,330,0.0
O015327,P008,1,5930,0.2
O015328,P034,1,490,0.0
O015329,P080,1,660,0.0
O015330,P010,3,6950,0.1
O015331,P033,1,2190,0.1
O015332,P080,1,660,0.05
O015333,P045,1,630,0.3
O015333,P006,3,5860,0.0
O015334,P091,2,2490,0.1
O015335,P079,1,630,0.05
O015336,P012,1,1160,0.1
O015336,P052,1,260,0.05
O015337,P010,1,6950,0.1
O015338,P022,1,1690,0.3
O015339,P025,1,1700,0.2
O015340,P036,2,490,0.3
O015341,P047,2,1740,0.1
O015341,P020,1,1760,0.05
O015341,P079,2,630,0.0
O015341,P038,1,940,0.2
O015342,P020,1,1760,0.1
O015343,P017,1,1030,0.0
O015344,P057,2,360,0.0
O015345,P080,1,660,0.0
O015346,P051,1,700,0.2
O015346,P020,1,1760,0.0
O015347,P096,1,260,0.0
O015347,P052,1,260,0.0
O015348,P012,1,1160,0.2
O015348,P050,1,570,0.0
O015349,P062,3,400,0.05
O015350,P057,1,360,0.05
O015350,P028,1,430,0.0
O015351,P006,1,5860,0.0
O015352,P028,1,430,0.0
O015353,P020,1,1760,0.05
O015354,P080,1,660,0.1
O015354,P084,1,540,0.0
O015355,P090,3,2690,0.0
O015356,P036,1,490,0.1
O015357,P047,1,1740,0.0
O015357,P003,1,8480,0.0
O015358,P044,2,260,0.1
O015359,P001,1,5210,0.1
O015360,P022,1,1690,0.0
O015360,P047,1,1740,0.0
O015361,P043,1,1220,0.0
O015362,P020,2,1760,0.1
O015363,P003,1,8480,0.0
O015363,P039,2,1980,0.2
O015364,P008,3,5930,0.05
O015365,P079,1,630,0.0
O015365,P090,1,2690,0.2
O015366,P080,1,660,0.0
O015366,P020,1,1760,0.0
O015366,P037,1,470,0.0
O015367,P008,1,5930,0.3
O015368,P074,1,890,0.0
O015368,P051,1,700,0.3
O015369,P011,1,1280,0.05
O015369,P010,1,6950,0.0
O015370,P079,1,630,0.0
O015370,P047,1,1740,0.0
O015371,P021,1,620,0.0
O015372,P052,1,260,0.0
O015372,P094,1,1100,0.0
O015373,P047,1,1740,0.0
O015373,P052,1,260,0.0
O015374,P033,1,2190,0.0
O015375,P053,3,310,0.1
O015375,P079,1,630,0.0
O015376,P013,1,4850,0.2
O015377,P052,1,260,0.05
O015378,P079,1,630,0.0
O015379,P001,1,5210,0.1
O015379,P052,2,260,0.2
O015380,P047,1,1740,0.05
O015380,P034,1,490,0.1
O015381,P090,1,2690,0.2
O015382,P079,3,630,0.2
O015383,P088,1,2510,0.0
O015383,P002,1,4330,0.0
O015384,P033,3,2190,0.0
O015384,P096,1,260,0.0
O015385,P043,2,1220,0.0
O015386,P047,2,1740,0.0
O015387,P065,1,180,0.0
O015387,P033,1,2190,0.05
O015388,P003,1,8480,0.1
O015388,P019,1,2290,0.0
O015388,P090,1,2690,0.1
O015388,P054,1,480,0.05
O015389,P052,2,260,0.0
O015389,P079,2,630,0.05
O015390,P051,1,700,0.0
O015390,P053,2,310,0.0
O015390,P092,1,1210,0.05
O015390,P020,1,1760,0.2
O015391,P010,2,6950,0.3
O015392,P028,1,430,0.0
O015392,P079,2,630,0.1
O015393,P020,1,1760,0.05
O015394,P079,1,630,0.1
O015394,P033,1,2190,0.0
O015395,P051,2,700,0.1
O015395,P021,1,620,0.05
O015396,P079,1,630,0.3
O015396,P031,1,700,0.05
O015397,P018,1,790,0.3
O015397,P012,2,1160,0.0
O015398,P020,1,1760,0.1
O015399,P033,1,2190,0.0
O015399,P078,3,3260,0.0
O015400,P059,1,240,0.3
O015400,P097,2,1960,0.0
O015401,P028,1,430,0.1
O015401,P033,3,2190,0.2
O015402,P054,1,480,0.0
O015402,P080,2,660,0.0
O015403,P029,1,570,0.0
O015403,P079,1,630,0.0
O015403,P001,1,5210,0.05
O015404,P033,3,2190,0.3
O015405,P007,2,1390,0.2
O015406,P088,1,2510,0.05
O015407,P020,1,1760,0.05
O015408,P020,1,1760,0.0
O015408,P096,1,260,0.0
O015408,P007,1,1390,0.05
O015409,P029,1,570,0.05
O015410,P033,1,2190,0.1
O015411,P051,1,700,0.0
O015411,P029,1,570,0.3
O015412,P025,1,1700,0.05
O015412,P031,1,700,0.0
O015413,P039,2,1980,0.0
O015414,P047,1,1740,0.0
O015414,P060,1,330,0.3
O015414,P004,1,1090,0.3
O015415,P088,1,2510,0.0
O015416,P076,2,2640,0.05
O015417,P092,3,1210,0.05
O015418,P053,1,310,0.05
O015419,P021,1,620,0.05
O015420,P052,1,260,0.1
O015421,P050,1,570,0.05
O015421,P021,2,620,0.05
O015422,P044,1,260,0.2
O015423,P033,1,2190,0.0
O015424,P048,1,600,0.1
O015425,P017,1,1030,0.0
O015425,P096,1,260,0.05
O015426,P059,1,240,0.0
O015426,P052,1,260,0.0
O015426,P002,1,4330,0.05
O015427,P070,1,800,0.0
O015428,P047,1,1740,0.0
O015428,P012,2,1160,0.0
O015428,P096,1,260,0.1
O015428,P079,1,630,0.2
O015429,P012,1,1160,0.0
O015429,P052,1,260,0.0
O015430,P007,3,1390,0.0
O015430,P052,1,260,0.2
O015430,P006,1,5860,0.0
O015431,P010,1,6950,0.0
O015431,P034,1,490,0.3
O015431,P052,1,260,0.0
O015432,P034,2,490,0.1
O015432,P020,1,1760,0.0
O015432,P028,1,430,0.0
O015433,P064,1,550,0.0
O015433,P033,1,2190,0.1
O015434,P096,1,260,0.05
O015434,P014,1,1960,0.2
O015434,P085,1,1400,0.0
O015435,P079,2,630,0.0
O015436,P002,1,4330,0.0
O015436,P080,1,660,0.05
O015437,P053,1,310,0.2
O015437,P096,1,260,0.05
O015438,P047,1,1740,0.0
O015439,P079,3,630,0.0
O015439,P068,2,260,0.0
O015440,P043,2,1220,0.3
O015440,P064,1,550,0.1
O015440,P079,2,630,0.0
O015441,P020,1,1760,0.1
O015441,P008,1,5930,
O015442,P012,2,1160,0.0
O015443,P054,1,480,0.05
O015443,P080,1,660,0.1
O015443,P033,1,2190,0.0
O015443,P089,1,530,0.1
O015444,P022,2,1690,0.05
O015445,P082,1,580,0.0
O015445,P096,2,260,0.3
O015446,P008,1,5930,0.1
O015446,P079,1,630,0.0
O015447,P078,3,3260,0.2
O015448,P040,1,430,0.3
O015448,P060,1,330,0.0
O015449,P056,1,1440,0.3
O015450,P094,1,1100,0.0
O015451,P075,1,2130,0.1
O015451,P079,1,630,0.3
O015452,P050,2,570,0.0
O015453,P010,2,6950,0.0
O015453,P033,1,2190,0.0
O015454,P020,1,1760,0.1
O015455,P003,1,8480,0.0
O015455,P020,1,1760,0.1
O015456,P002,2,4330,0.1
O015456,P074,1,890,0.05
O015456,P080,1,660,0.0
O015457,P078,2,3260,0.0
O015457,P020,2,1760,0.1
O015457,P096,1,260,0.0
O015457,P008,2,5930,0.3
O015458,P047,1,1740,0.0
O015458,P007,1,1390,0.05
O015458,P071,1,450,0.0
O015459,P043,1,1220,0.1
O015460,P012,1,1160,0.0
O015460,P079,1,630,0.1
O015460,P047,3,1740,0.0
O015461,P004,1,1090,0.05
O015462,P078,1,3260,0.0
O015462,P034,1,490,0.05
O015463,P094,1,1100,0.1
O015464,P007,1,1390,0.3
O015465,P006,1,5860,0.0
O015466,P052,1,260,0.05
O015466,P028,1,430,0.0
O015466,P079,2,630,0.05
O015467,P052,1,260,0.05
O015468,P052,3,260,0.1
O015469,P033,1,2190,0.0
O015470,P022,1,1690,0.0
O015470,P083,1,710,0.1
O015471,P020,1,1760,0.2
O015472,P052,1,260,0.0
O015472,P009,1,5010,0.2
O015473,P033,1,2190,0.0
O015474,P079,1,630,0.05
O015474,P051,1,700,0.0
O015475,P003,3,8480,0.0
O015476,P011,1,1280,0.0
O015476,P055,1,210,0.0
O015476,P045,1,630,0.05
O015477,P040,1,430,0.05
O015478,P020,2,1760,0.1
O015478,P051,3,700,0.0
O015479,P012,1,1160,0.0
O015479,P047,1,1740,0.0
O015480,P033,1,2190,0.0
O015481,P028,1,430,0.3
O015482,P076,3,2640,0.2
O015482,P079,1,630,0.0
O015483,P004,1,1090,0.1
O015483,P047,1,1740,0.0
O015484,P079,1,630,0.0
O015485,P025,1,1700,0.0
O015486,P007,1,1390,0.0
O015486,P047,1,1740,0.0
O015487,P033,2,2190,0.0
O015488,P080,1,660,0.2
O015488,P079,1,630,0.0
O015489,P096,3,260,0.1
O015490,P022,1,1690,0.3
O015491,P074,1,890,0.2
O015491,P006,2,5860,0.0
O015492,P020,1,1760,0.0
O015492,P014,3,1960,0.1
O015493,P002,1,4330,0.0
O015493,P007,2,1390,0.1
O015494,P096,1,260,0.3
O015494,P051,1,700,0.0
O015495,P061,1,660,0.2
O015496,P079,1,630,0.0
O015496,P054,1,480,0.0
O015497,P079,2,630,0.0
O015497,P080,1,660,0.05
O015498,P076,1,2640,0.0
O015499,P007,1,1390,0.0
O015500,P073,1,3790,0.0
O015501,P037,1,470,0.2
O015501,P087,1,1570,0.1
O015502,P042,2,5470,0.0
O015502,P081,1,2850,0.2
O015502,P009,1,5010,0.0
O015503,P020,1,1760,0.05
O015504,P047,1,1740,0.0
O015504,P092,1,1210,0.1
O015505,P007,1,1390,0.05
O015506,P079,1,630,0.0
O015507,P079,2,630,0.05
O015507,P037,1,470,0.0
O015508,P052,1,260,0.05
O015509,P074,1,890,0.05
O015509,P033,1,2190,0.05
O015510,P062,2,400,0.0
O015510,P018,1,790,0.1
O015511,P037,2,470,0.0
O015511,P096,1,260,0.3
O015511,P088,1,2510,0.3
O015512,P010,3,6950,0.1
O015512,P024,1,540,0.0
O015512,P002,1,4330,0.0
O015513,P058,1,420,0.1
O015513,P079,1,630,0.2
O015514,P006,1,5860,0.2
O015515,P096,1,260,0.1
O015515,P079,1,630,0.0
O015516,P037,1,470,0.0
O015517,P030,2,600,0.0
O015518,P096,1,260,0.0
O015519,P098,1,930,0.0
O015519,P022,1,1690,0.1
O015519,P050,1,570,0.1
O015519,P076,2,2640,0.3
O015520,P088,3,2510,0.1
O015520,P096,1,260,0.05
O015521,P010,2,6950,0.2
O015521,P081,1,2850,0.0
O015522,P051,1,700,0.2
O015523,P047,1,1740,0.2
O015524,P043,1,1220,0.0
O015524,P006,1,5860,0.05
O015525,P068,1,260,0.1
O015525,P096,1,260,0.05
O015526,P094,3,1100,0.0
O015527,P054,1,480,0.0
O015527,P052,1,260,0.0
O015527,P051,1,700,0.0
O015528,P096,1,260,0.2
O015529,P010,3,6950,0.0
O015529,P082,1,580,0.0
O015530,P020,1,1760,0.0
O015531,P096,1,260,0.1
O015531,P022,1,1690,0.05
O015531,P023,1,2180,0.0
O015531,P098,1,930,0.2
O015532,P084,2,540,0.0
O015533,P050,2,570,0.0
O015534,P034,1,490,0.0
O015535,P055,1,210,0.1
O015535,P008,1,5930,0.0
O015536,P008,1,5930,0.05
O015537,P041,1,4560,0.0
O015537,P045,1,630,0.2
O015538,P047,1,1740,0.0
O015538,P051,1,700,0.05
O015539,P047,2,1740,0.0
O015540,P088,1,2510,0.05
O015541,P033,3,2190,0.0
O015541,P012,-1,1160,0.2
O015542,P075,1,2130,0.2
O015543,P052,2,260,0.1
O015544,P096,3,260,0.3
O015545,P045,1,630,0.0
O015545,P052,3,260,0.0
O015546,P079,2,630,0.1
O015546,P006,1,5860,0.05
O015546,P028,1,430,0.0
O015547,P047,1,1740,0.0
O015547,P088,1,2510,0.05
O015548,P096,1,260,0.0
O015549,P070,1,800,0.0
O015549,P096,1,260,0.1
O015550,P017,3,1030,0.3
O015550,P052,1,260,0.0
O015551,P045,1,630,0.1
O015552,P076,1,2640,0.0
O015552,P096,1,260,0.05
O015552,P052,1,260,0.1
O015553,P020,1,1760,0.0
O015554,P091,1,2490,0.0
O015554,P090,1,2690,0.2
O015554,P086,1,1840,0.0
O015555,P008,2,5930,0.0
O015556,P024,2,540,0.0
O015557,P084,1,540,0.0
O015558,P052,1,260,0.1
O015559,P090,1,2690,0.1
O015560,P027,1,1330,0.3
O015560,P002,1,4330,0.0
O015561,P052,1,260,0.2
O015562,P033,1,2190,0.0
O015563,P020,3,1760,0.05
O015564,P096,1,260,0.0
O015565,P074,1,890,0.0
O015565,P047,2,1740,0.0
O015566,P068,1,260,0.2
O015566,P047,1,1740,0.1
O015567,P091,1,2490,0.2
O015568,P040,1,430,0.0
O015569,P079,1,630,0.0
O015569,P011,1,1280,0.05
O015570,P052,1,260,0.0
O015570,P047,1,1740,0.0
O015571,P020,1,1760,0.2
O015571,P024,1,540,0.05
O015572,P079,1,630,0.1
O015573,P089,3,530,0.2
O015574,P035,1,390,0.3
O015574,P080,1,660,0.0
O015575,P011,1,1280,0.05
O015575,P050,1,570,0.2
O015576,P020,1,1760,0.0
O015576,P066,1,160,0.0
O015577,P072,1,3800,0.1
O015577,P096,1,260,0.05
O015578,P082,1,580,0.2
O015578,P096,1,260,0.2
O015579,P032,1,1590,0.2
O015579,P008,1,5930,0.1
O015579,P033,1,2190,0.0
O015580,P076,1,2640,0.0
O015581,P007,1,1390,0.2
O015582,P016,1,650,0.1
O015583,P053,1,310,
O015584,P074,2,890,0.0
O015584,P006,1,5860,0.0
O015585,P077,1,4260,0.05
O015585,P052,1,260,0.0
O015585,P080,1,660,0.1
O015585,P094,3,1100,0.1
O015586,P084,3,540,0.0
O015587,P052,1,260,0.0
O015588,P047,1,1740,0.0
O015589,P023,1,2180,0.0
O015589,P002,1,4330,0.0
O015590,P075,1,2130,0.0
O015590,P008,2,5930,0.0
O015591,P051,1,700,0.0
O015592,P033,1,2190,0.3
O015592,P079,1,630,0.0
O015593,P080,1,660,0.0
O015593,P022,1,1690,0.05
O015594,P084,1,540,0.0
O015594,P053,1,310,0.1
O015594,P006,1,5860,0.1
O015595,P007,1,1390,0.0
O015596,P083,1,710,0.0
O015596,P051,2,700,0.2
O015597,P007,1,1390,0.0
O015598,P010,1,6950,0.0
O015599,P072,1,3800,
O015600,P020,1,1760,0.0
O015601,P069,1,250,0.0
O015601,P041,1,4560,0.05
O015601,P004,1,1090,0.0
O015602,P020,2,1760,0.0
O015603,P012,1,1160,0.3
O015604,P073,1,3790,0.0
O015605,P012,1,1160,0.0
O015606,P015,2,600,0.1
O015606,P056,1,1440,0.0
O015607,P063,2,500,0.2
O015607,P033,1,2190,0.0
O015608,P018,2,790,0.0
O015609,P008,1,5930,0.0
O015609,P071,1,450,0.3
O015610,P081,2,2850,0.0
O015611,P052,1,260,0.0
O015612,P008,1,5930,0.0
O015613,P020,1,1760,0.05
O015614,P070,2,800,0.0
O015615,P052,1,260,0.3
O015615,P075,1,2130,0.05
O015616,P008,1,5930,0.2
O015616,P033,2,2190,
O015617,P092,1,1210,0.05
O015618,P096,1,260,0.1
O015619,P096,1,260,0.05
O015620,P078,1,3260,0.1
O015620,P008,1,5930,0.0
O015621,P086,1,1840,0.1
O015621,P039,1,1980,0.1
O015622,P043,1,1220,0.1
O015623,P046,3,860,0.0
O015624,P050,1,570,0.1
O015625,P052,1,260,0.0
O015626,P052,1,260,0.0
O015626,P080,1,660,0.1
O015627,P075,1,2130,0.05
O015628,P033,1,2190,0.05
O015629,P047,1,1740,0.2
O015630,P051,1,700,0.1
O015630,P028,1,430,
O015631,P008,1,5930,0.05
O015631,P054,1,480,0.0
O015632,P055,1,210,0.2
O015633,P096,1,260,0.3
O015633,P070,2,800,0.1
O015634,P052,1,260,0.0
O015634,P040,1,430,0.1
O015635,P002,2,4330,0.0
O015635,P028,1,430,0.0
O015635,P043,1,1220,0.3
O015636,P047,1,1740,0.2
O015636,P008,1,5930,0.3
O015637,P086,1,1840,0.1
O015637,P051,1,700,0.0
O015637,P082,1,580,
O015638,P006,1,5860,0.0
O015638,P038,2,940,0.0
O015639,P047,1,1740,0.2
O015639,P007,1,1390,0.05
O015640,P083,1,710,0.1
O015640,P057,2,360,0.0
O015641,P080,1,660,0.0
O015642,P096,1,260,0.0
O015642,P033,1,2190,0.0
O015643,P020,1,1760,0.2
O015644,P096,1,260,0.05
O015645,P008,2,5930,0.2
O015645,P052,1,260,0.0
O015646,P052,1,260,0.0
O015646,P053,3,310,0.05
O015647,P079,1,630,0.0
O015648,P096,3,260,0.2
O015649,P042,1,5470,0.0
O015649,P020,1,1760,0.0
O015650,P074,1,890,0.0
O015650,P068,1,260,0.0
O015651,P080,1,660,0.0
O015651,P091,2,2490,0.2
O015652,P052,1,260,0.3
O015653,P008,1,5930,0.0
O015653,P088,2,2510,0.2
O015654,P051,1,700,0.0
O015655,P092,1,1210,0.0
O015655,P072,1,3800,0.0
O015655,P079,1,630,0.05
O015656,P024,1,540,0.05
O015657,P078,1,3260,0.0
O015658,P066,1,160,0.1
O015658,P094,1,1100,0.0
O015658,P022,1,1690,0.05
O015659,P020,1,1760,0.0
O015660,P001,1,5210,0.2
O015660,P032,1,1590,0.1
O015660,P090,1,2690,0.0
O015661,P007,1,1390,0.05
O015662,P044,1,260,0.1
O015662,P096,2,260,0.2
O015663,P028,2,430,0.2
O015664,P096,1,260,0.3
O015665,P053,2,310,0.2
O015666,P055,3,210,0.0
O015667,P088,1,2510,0.0
O015668,P072,1,3800,0.0
O015668,P092,1,1210,0.2
O015669,P012,1,1160,0.2
O015669,P022,1,1690,0.0
O015670,P054,1,480,0.05
O015670,P040,1,430,0.0
O015671,P051,2,700,0.0
O015672,P096,1,260,0.05
O015672,P080,1,660,0.05
O015673,P096,1,260,0.2
O015674,P079,1,630,0.1
O015675,P020,1,1760,0.2
O015676,P053,1,310,0.05
O015676,P047,1,1740,0.0
O015676,P054,1,480,0.05
O015677,P020,1,1760,0.05
O015677,P076,1,2640,0.0
O015677,P006,1,5860,0.3
O015678,P068,2,260,0.05
O015679,P047,1,1740,0.0
O015680,P008,1,5930,0.3
O015681,P007,1,1390,0.2
O015682,P092,1,1210,0.05
O015682,P098,1,930,0.2
O015683,P031,1,700,0.1
O015683,P082,2,580,0.2
O015683,P008,3,5930,0.05
O015684,P060,2,330,0.0
O015684,P033,1,2190,0.1
O015685,P092,1,1210,0.0
O015685,P047,2,1740,0.0
O015686,P063,1,500,0.3
O015686,P096,1,260,0.0
O015686,P079,1,630,0.1
O015687,P079,2,630,0.0
O015688,P020,1,1760,0.1
O015689,P080,1,660,0.1
O015690,P020,1,1760,0.3
O015691,P034,2,490,0.0
O015691,P001,2,5210,0.1
O015691,P047,1,1740,0.0
O015692,P069,1,250,0.0
O015693,P037,1,470,0.0
O015694,P088,1,2510,0.05
O015695,P004,1,1090,0.0
O015696,P052,1,260,0.0
O015696,P022,1,1690,0.1
O015697,P057,1,360,0.3
O015698,P011,1,1280,0.3
O015698,P074,2,890,0.0
O015699,P054,1,480,0.0
O015699,P096,1,260,0.2
O015700,P031,2,700,0.2
O015701,P075,1,2130,0.0
O015702,P013,3,4850,0.0
O015703,P038,1,940,0.0
O015703,P080,2,660,0.0
O015704,P096,2,260,0.1
O015704,P031,1,700,0.0
O015705,P008,1,5930,0.1
O015706,P033,2,2190,
O015706,P008,1,5930,0.0
O015707,P012,1,1160,
O015707,P046,1,860,0.2
O015707,P007,1,1390,0.1
O015708,P047,2,1740,0.1
O015708,P052,1,260,0.2
O015708,P085,1,1400,0.2
O015709,P080,1,660,0.0
O015710,P043,1,1220,0.0
O015710,P047,1,1740,0.0
O015711,P007,1,1390,0.0
O015712,P098,1,930,0.0
O015713,P032,1,1590,0.05
O015714,P001,1,5210,0.0
O015715,P020,1,1760,0.0
O015715,P096,1,260,0.0
O015715,P054,3,480,0.1
O015716,P081,1,2850,0.0
O015716,P024,1,540,0.0
O015716,P038,1,940,0.0
O015717,P084,1,540,0.1
O015717,P088,1,2510,0.1
O015717,P047,1,1740,0.0
O015718,P012,2,1160,0.1
O015719,P033,2,2190,0.0
O015719,P052,1,260,0.3
O015719,P007,1,1390,0.3
O015720,P020,1,1760,0.05
O015720,P008,3,5930,0.0
O015720,P098,1,930,0.0
O015721,P051,1,700,0.0
O015721,P047,1,1740,0.0
O015722,P047,2,1740,0.1
O015723,P024,1,540,0.0
O015724,P052,1,260,0.1
O015725,P079,1,630,0.1
O015725,P037,1,470,0.2
O015726,P002,1,4330,0.3
O015727,P053,3,310,0.0
O015728,P092,2,1210,0.2
O015729,P092,1,1210,0.0
O015730,P033,2,2190,0.0
O015731,P009,1,5010,0.1
O015731,P020,1,1760,0.0
O015731,P054,1,480,0.0
O015732,P029,1,570,0.0
O015732,P096,3,260,0.1
O015733,P083,2,710,0.3
O015734,P049,1,870,0.0
O015735,P052,2,260,0.0
O015735,P092,1,1210,0.0
O015736,P096,1,260,0.0
O015736,P085,1,1400,0.0
O015737,P007,1,1390,0.2
O015737,P020,2,1760,0.0
O015738,P055,1,210,0.0
O015738,P001,1,5210,0.0
O015739,P033,3,2190,0.1
O015740,P020,1,1760,0.05
O015740,P072,1,3800,0.05
O015740,P008,1,5930,0.2
O015741,P052,1,260,0.0
O015742,P077,1,4260,0.2
O015742,P079,1,630,0.1
O015743,P052,1,260,0.1
O015744,P033,1,2190,0.2
O015745,P057,1,360,0.0
O015745,P047,1,1740,0.0
O015746,P090,1,2690,0.0
O015746,P008,1,5930,0.0
O015746,P044,1,260,0.0
O015747,P008,1,5930,0.0
O015748,P042,1,5470,0.0
O015748,P013,1,4850,0.1
O015749,P065,1,180,0.3
O015750,P033,2,2190,0.05
O015750,P096,1,260,0.0
O015750,P051,2,700,0.0
O015751,P096,1,260,0.1
O015752,P086,1,1840,0.0
O015752,P088,1,2510,0.2
O015753,P001,2,5210,0.0
O015754,P037,1,470,0.0
O015755,P020,1,1760,0.2
O015755,P012,1,1160,0.0
O015756,P033,1,2190,0.0
O015756,P030,1,600,0.2
O015757,P072,1,3800,0.05
O015758,P052,3,260,
O015758,P033,1,2190,0.0
O015759,P079,1,630,0.05
O015760,P007,3,1390,0.0
O015760,P071,1,450,0.0
O015761,P032,1,1590,0.1
O015762,P052,1,260,0.0
O015763,P002,1,4330,0.0
O015764,P052,1,260,0.0
O015765,P054,1,480,0.1
O015765,P076,1,2640,0.0
O015766,P062,3,400,0.05
O015767,P028,1,430,0.0
O015767,P032,3,1590,0.05
O015767,P060,2,330,0.1
O015768,P086,2,1840,0.0
O015769,P008,1,5930,0.05
O015769,P031,1,700,0.0
O015769,P080,1,660,0.0
O015770,P022,1,1690,0.3
O015770,P008,1,5930,0.2
O015770,P075,1,2130,0.0
O015771,P033,1,2190,0.05
O015771,P054,2,480,0.05
O015772,P074,1,890,0.05
O015772,P076,3,2640,0.0
O015773,P053,1,310,0.2
O015774,P029,2,570,0.1
O015775,P054,2,480,0.2
O015776,P054,1,480,0.1
O015777,P033,1,2190,
O015777,P077,2,4260,0.2
O015777,P051,1,700,0.2
O015778,P034,1,490,0.0
O015779,P052,1,260,0.0
O015780,P020,1,1760,0.1
O015780,P008,1,5930,0.0
O015781,P094,1,1100,0.0
O015782,P096,2,260,0.3
O015783,P008,1,5930,0.0
O015783,P073,1,3790,0.1
O015783,P003,1,8480,0.0
O015784,P088,1,2510,0.3
O015785,P075,1,2130,0.05
O015785,P018,1,790,0.0
O015785,P004,1,1090,0.0
O015785,P019,1,2290,0.2
O015786,P079,1,630,0.0
O015787,P045,1,630,0.0
O015787,P085,3,1400,0.2
O015788,P069,2,250,0.3
O015789,P047,1,1740,0.0
O015790,P043,1,1220,0.0
O015790,P020,1,1760,0.0
O015791,P054,1,480,0.0
O015791,P011,2,1280,0.3
O015792,P023,1,2180,0.05
O015793,P092,2,1210,0.05
O015794,P047,1,1740,0.05
O015795,P059,2,240,0.1
O015795,P051,1,700,0.0
O015796,P011,3,1280,0.0
O015797,P096,1,260,0.0
O015797,P086,2,1840,0.05
O015798,P028,1,430,0.2
O015799,P040,2,430,0.1
O015800,P088,2,2510,0.0
O015801,P074,3,890,0.1
O015802,P092,1,1210,0.3
O015802,P020,2,1760,0.0
O015803,P079,1,630,0.05
O015803,P082,2,580,0.05
O015804,P096,1,260,0.0
O015804,P076,1,2640,0.05
O015805,P012,2,1160,0.0
O015806,P096,1,260,0.05
O015806,P020,2,1760,0.3
O015807,P008,1,5930,0.2
O015807,P020,1,1760,0.0
O015808,P096,3,260,0.2
O015809,P086,1,1840,0.0
O015809,P021,1,620,0.0
O015809,P071,1,450,0.0
O015810,P096,1,260,0.1
O015811,P007,1,1390,0.0
O015812,P007,1,1390,0.0
O015813,P028,2,430,0.0
O015814,P014,2,1960,0.3
O015815,P096,2,260,0.1
O015815,P028,1,430,0.05
O015816,P074,3,890,0.3
O015817,P060,3,330,0.0
O015818,P096,1,260,0.1
O015818,P027,1,1330,0.0
O015819,P079,1,630,0.0
O015819,P051,1,700,0.1
O015820,P073,2,3790,0.2
O015821,P020,1,1760,0.05
O015822,P052,1,260,0.2
O015822,P035,1,390,0.0
O015822,P030,2,600,0.1
O015823,P055,1,210,0.05
O015824,P080,2,660,0.0
O015824,P012,2,1160,0.3
O015825,P051,1,700,0.1
O015825,P015,1,600,0.0
O015826,P022,1,1690,0.0
O015827,P068,2,260,0.0
O015827,P048,2,600,0.05
O015828,P020,1,1760,0.1
O015828,P051,1,700,0.2
O015828,P079,1,630,0.0
O015829,P076,2,2640,
O015830,P055,1,210,0.0
O015831,P096,2,260,0.0
O015832,P002,1,4330,0.3
O015833,P039,2,1980,0.05
O015834,P033,1,2190,0.0
O015835,P096,1,260,0.0
O015836,P008,1,5930,0.05
O015837,P020,1,1760,0.0
O015838,P096,2,260,0.05
O015838,P095,3,1840,0.1
O015838,P045,1,630,0.0
O015839,P040,2,430,0.0
O015839,P050,1,570,0.0
O015840,P062,1,400,0.3
O015841,P008,1,5930,0.2
O015842,P052,1,260,0.0
O015842,P010,1,6950,0.0
O015843,P043,1,1220,0.0
O015843,P046,1,860,0.0
O015843,P003,1,8480,0.1
O015843,P096,1,260,0.05
O015844,P020,1,1760,0.05
O015844,P047,1,1740,0.0
O015845,P096,1,260,0.2
O015845,P084,1,540,0.0
O015846,P035,1,390,0.0
O015846,P096,1,260,0.05
O015846,P070,2,800,0.05
O015847,P052,1,260,0.1
O015848,P080,3,660,0.0
O015849,P052,1,260,0.0
O015850,P018,2,790,0.2
O015851,P079,1,630,0.0
O015851,P030,1,600,0.2
O015851,P080,1,660,0.0
O015852,P061,2,660,0.05
O015853,P052,1,260,0.05
O015853,P096,1,260,0.2
O015854,P090,1,2690,0.05
O015855,P033,2,2190,0.2
O015856,P088,1,2510,0.0
O015856,P030,1,600,0.1
O015857,P060,1,330,0.1
O015858,P084,1,540,0.3
O015858,P067,1,290,0.0
O015859,P006,1,5860,0.0
O015860,P033,1,2190,0.0
O015860,P032,1,1590,0.0
O015860,P008,3,5930,0.2
O015861,P080,1,660,0.0
O015862,P043,1,1220,0.0
O015862,P082,1,580,0.0
O015862,P049,1,870,0.0
O015862,P037,1,470,0.0
O015863,P054,1,480,0.1
O015864,P002,1,4330,0.0
O015865,P050,1,570,0.1
O015865,P045,2,630,0.2
O015866,P078,1,3260,0.0
O015867,P033,1,2190,0.1
O015867,P054,1,480,0.05
O015867,P015,1,600,0.0
O015868,P020,3,1760,0.05
O015868,P033,1,2190,0.0
O015869,P007,1,1390,
O015870,P075,1,2130,0.3
O015871,P044,1,260,0.0
O015872,P003,2,8480,0.0
O015873,P039,1,1980,0.05
O015874,P028,2,430,0.05
O015874,P051,1,700,0.2
O015875,P008,1,5930,0.05
O015875,P055,1,210,0.0
O015876,P008,1,5930,0.0
O015876,P088,1,2510,0.0
O015877,P079,1,630,0.1
O015878,P088,2,2510,0.0
O015878,P051,1,700,0.0
O015878,P033,2,2190,0.1
O015878,P052,3,260,0.2
O015878,P079,3,630,0.0
O015879,P020,2,1760,0.3
O015880,P011,2,1280,0.1
O015880,P008,1,5930,0.2
O015881,P080,3,660,0.05
O015881,P033,1,2190,0.2
O015882,P028,1,430,0.0
O015882,P040,1,430,0.05
O015883,P001,1,5210,0.0
O015884,P020,1,1760,0.0
O015884,P092,1,1210,0.0
O015885,P002,1,4330,0.0
O015886,P052,1,260,0.0
O015887,P020,2,1760,0.2
O015888,P020,1,1760,0.2
O015889,P008,1,5930,0.0
O015889,P092,1,1210,0.1
O015890,P015,1,600,0.0
O015891,P076,2,2640,0.1
O015891,P031,2,700,0.05
O015891,P012,1,1160,0.0
O015891,P080,1,660,0.0
O015892,P034,1,490,0.2
O015892,P079,3,630,0.05
O015893,P040,2,430,0.0
O015894,P006,3,5860,0.0
O015894,P094,1,1100,0.0
O015895,P037,1,470,0.0
O015896,P076,2,2640,0.05
O015897,P085,3,1400,0.0
O015898,P020,1,1760,0.0
O015898,P004,1,1090,0.2
O015899,P018,1,790,0.2
O015900,P003,1,8480,0.05
O015901,P096,1,260,0.05
O015901,P041,1,4560,0.3
O015902,P047,1,1740,0.0
O015902,P012,1,1160,0.0
O015902,P043,1,1220,0.0
O015903,P027,1,1330,0.0
O015903,P003,2,8480,0.05
O015904,P096,2,260,0.2
O015905,P021,1,620,0.1
O015905,P088,1,2510,0.1
O015906,P096,1,260,0.1
O015907,P051,1,700,0.1
O015908,P055,2,210,0.05
O015908,P023,2,2180,0.0
O015909,P091,1,2490,0.0
O015909,P022,1,1690,0.0
O015910,P045,1,630,0.05
O015911,P052,2,260,0.0
O015912,P085,1,1400,0.1
O015912,P052,1,260,0.1
O015912,P082,1,580,0.0
O015913,P020,1,1760,0.3
O015913,P033,1,2190,0.2
O015914,P003,1,8480,0.1
O015915,P033,1,2190,0.0
O015915,P088,1,2510,0.05
O015916,P007,1,1390,0.0
O015916,P020,3,1760,0.1
O015917,P079,1,630,0.0
O015918,P010,1,6950,0.0
O015919,P096,1,260,0.0
O015920,P047,2,1740,0.0
O015921,P006,1,5860,0.0
O015922,P020,1,1760,0.05
O015922,P096,1,260,0.1
O015923,P052,1,260,0.1
O015924,P096,1,260,0.2
O015924,P052,2,260,0.05
O015925,P033,1,2190,0.1
O015926,P043,1,1220,0.0
O015927,P008,1,5930,0.0
O015928,P008,2,5930,0.0
O015929,P010,1,6950,0.0
O015930,P061,1,660,0.0
O015930,P094,2,1100,0.1
O015931,P079,1,630,0.05
O015931,P081,1,2850,0.05
O015931,P052,2,260,0.1
O015932,P085,1,1400,0.1
O015932,P020,1,1760,0.1
O015933,P076,1,2640,0.1
O015934,P033,1,2190,0.05
O015934,P098,1,930,0.0
O015935,P054,1,480,0.0
O015935,P052,2,260,0.3
O015936,P080,-1,660,0.2
O015936,P072,1,3800,0.0
O015937,P020,1,1760,0.05
O015938,P052,1,260,0.3
O015938,P054,1,480,0.0
O015939,P079,2,630,0.1
O015940,P028,1,430,0.0
O015941,P045,1,630,0.05
O015942,P088,1,2510,0.3
O015943,P081,3,2850,0.1
O015943,P035,1,390,0.0
O015944,P012,1,1160,0.05
O015944,P020,1,1760,0.0
O015945,P096,1,260,0.05
O015945,P083,2,710,0.0
O015946,P028,1,430,0.0
O015946,P064,1,550,0.0
O015947,P065,2,180,0.05
O015948,P066,2,160,0.1
O015949,P054,2,480,0.0
O015949,P037,1,470,0.3
O015950,P081,1,2850,0.0
O015951,P052,3,260,0.1
O015951,P020,1,1760,0.1
O015952,P030,1,600,0.0
O015953,P055,1,210,0.05
O015954,P080,2,660,0.0
O015955,P008,2,5930,0.0
O015956,P047,3,1740,0.1
O015957,P013,2,4850,0.3
O015958,P028,1,430,0.2
O015959,P047,1,1740,0.2
O015959,P084,1,540,0.0
O015959,P094,1,1100,0.3
O015959,P033,1,2190,0.0
O015960,P055,1,210,0.0
O015961,P033,1,2190,0.0
O015962,P079,1,630,0.0
O015963,P047,1,1740,0.0
O015964,P081,1,2850,0.0
O015965,P047,3,1740,
O015966,P033,3,2190,0.0
O015967,P073,1,3790,0.0
O015967,P050,1,570,0.1
O015967,P024,1,540,0.3
O015968,P080,1,660,0.0
O015969,P056,1,1440,0.1
O015970,P022,1,1690,0.1
O015971,P052,1,260,0.0
O015972,P092,1,1210,0.0
O015972,P008,2,5930,0.05
O015972,P045,1,630,0.05
O015972,P020,1,1760,0.0
O015973,P010,1,6950,0.05
O015974,P009,1,5010,0.0
O015975,P033,1,2190,0.0
O015975,P042,3,5470,0.05
O015976,P007,1,1390,0.05
O015977,P006,1,5860,0.0
O015978,P086,1,1840,0.0
O015978,P024,2,540,0.3
O015979,P012,1,1160,0.0
O015980,P052,1,260,0.1
O015981,P045,1,630,0.2
O015981,P013,2,4850,0.0
O015982,P096,1,260,0.1
O015982,P011,1,1280,0.0
O015982,P003,1,8480,0.0
O015983,P033,1,2190,0.0
O015984,P020,1,1760,0.0
O015985,P010,1,6950,0.3
O015985,P079,1,630,0.0
O015986,P008,1,5930,0.0
O015986,P051,2,700,0.3
O015987,P007,1,1390,0.2
O015988,P043,3,1220,0.0
O015989,P054,1,480,0.2
O015989,P061,1,660,0.0
O015990,P079,1,630,0.0
O015991,P053,1,310,0.2
O015992,P055,1,210,0.0
O015993,P008,1,5930,0.05
O015993,P055,1,210,0.3
O015994,P020,2,1760,0.1
O015995,P088,1,2510,0.0
O015995,P073,1,3790,0.0
O015995,P007,2,1390,0.0
O015995,P021,2,620,0.3
O015996,P050,1,570,0.0
O015996,P051,2,700,0.0
O015997,P056,3,1440,0.0
O015997,P008,1,5930,0.0
O015998,P008,1,5930,0.0
O015999,P003,1,8480,0.0
O016000,P097,1,1960,0.1
O016000,P096,1,260,0.2
O016000,P020,1,1760,0.3
O016001,P079,1,630,0.0
O016002,P033,1,2190,0.0
O016003,P033,1,2190,0.1
O016004,P020,1,1760,0.0
O016005,P017,1,1030,0.05
O016005,P002,1,4330,0.3
O016006,P050,1,570,0.0
O016006,P042,1,5470,0.2
O016007,P051,1,700,0.2
O016008,P096,1,260,0.3
O016009,P008,1,5930,0.0
O016010,P074,1,890,0.0
O016011,P055,1,210,0.2
O016012,P007,1,1390,0.0
O016012,P042,1,5470,0.3
O016012,P047,2,1740,0.1
O016013,P005,1,1960,0.0
O016013,P072,1,3800,0.0
O016013,P043,1,1220,0.3
O016014,P008,1,5930,0.1
O016014,P033,2,2190,0.1
O016015,P001,1,5210,0.3
O016015,P047,1,1740,0.2
O016015,P052,1,260,0.1
O016015,P079,1,630,0.0
O016016,P006,3,5860,0.0
O016016,P020,1,1760,0.0
O016017,P011,1,1280,0.05
O016018,P052,1,260,0.0
O016019,P034,1,490,0.1
O016019,P020,1,1760,0.05
O016020,P052,2,260,0.05
O016021,P080,1,660,
O016021,P010,1,6950,0.0
O016022,P008,1,5930,0.0
O016023,P047,1,1740,0.0
O016024,P033,2,2190,0.0
O016024,P079,1,630,0.0
O016025,P073,1,3790,0.0
O016026,P033,1,2190,0.2
O016027,P013,3,4850,0.0
O016027,P096,1,260,0.1
O016028,P076,1,2640,0.05
O016029,P033,1,2190,0.0
O016030,P043,2,1220,0.0
O016031,P003,1,8480,0.0
O016031,P076,1,2640,0.0
O016032,P092,2,1210,0.2
O016032,P008,3,5930,0.1
O016033,P055,1,210,0.1
O016033,P079,1,630,0.1
O016034,P002,1,4330,0.0
O016035,P014,1,1960,0.0
O016035,P033,2,2190,0.0
O016036,P033,3,2190,0.0
O016037,P090,1,2690,0.0
O016038,P082,1,580,0.2
O016039,P079,1,630,0.0
O016040,P054,1,480,0.0
O016041,P096,3,260,0.3
O016041,P003,1,8480,0.0
O016042,P080,1,660,0.05
O016043,P083,2,710,0.3
O016044,P053,1,310,0.1
O016045,P053,1,310,0.2
O016045,P061,1,660,0.3
O016046,P030,1,600,0.0
O016047,P047,2,1740,0.2
O016048,P052,1,260,0.1
O016049,P037,1,470,0.3
O016050,P078,2,3260,0.2
O016050,P094,3,1100,0.0
O016051,P012,1,1160,0.2
O016051,P047,1,1740,0.0
O016052,P070,1,800,0.0
O016053,P037,1,470,0.05
O016053,P021,3,620,0.05
O016054,P002,2,4330,0.2
O016054,P023,1,2180,0.0
O016055,P047,2,1740,0.0
O016056,P052,2,260,0.0
O016057,P073,1,3790,0.0
O016058,P020,3,1760,0.1
O016059,P020,2,1760,0.0
O016059,P012,1,1160,0.0
O016060,P096,1,260,0.0
O016060,P008,1,5930,0.1
O016061,P080,2,660,0.05
O016062,P020,2,1760,0.1
O016063,P022,1,1690,0.2
O016064,P079,1,630,0.3
O016065,P038,1,940,0.2
O016065,P066,2,160,0.3
O016065,P056,1,1440,0.3
O016066,P079,1,630,0.0
O016066,P071,1,450,0.0
O016066,P094,1,1100,0.1
O016067,P098,2,930,0.0
O016067,P052,2,260,0.1
O016068,P079,1,630,0.2
O016069,P052,1,260,0.0
O016070,P079,1,630,0.3
O016071,P042,1,5470,0.0
O016072,P008,1,5930,0.3
O016072,P050,2,570,0.0
O016073,P082,1,580,0.0
O016073,P024,1,540,0.0
O016074,P041,1,4560,0.1
O016075,P079,3,630,0.1
O016076,P024,1,540,0.2
O016076,P008,1,5930,0.0
O016077,P094,2,1100,0.2
O016077,P012,2,1160,0.1
O016078,P008,1,5930,0.0
O016079,P082,1,580,0.2
O016079,P011,1,1280,0.1
O016080,P088,1,2510,0.05
O016081,P005,1,1960,0.2
O016082,P077,1,4260,0.1
O016083,P020,1,1760,0.2
O016083,P079,1,630,0.0
O016083,P001,1,5210,0.0
O016084,P079,1,630,0.0
O016084,P052,1,260,0.1
O016085,P042,1,5470,0.05
O016086,P096,1,260,0.0
O016086,P081,1,2850,0.2
O016087,P054,1,480,0.0
O016088,P046,1,860,0.0
O016088,P056,1,1440,0.0
O016088,P090,3,2690,0.1
O016089,P013,1,4850,0.05
O016090,P053,1,310,0.0
O016091,P013,1,4850,0.0
O016092,P080,1,660,0.3
O016093,P060,1,330,0.1
O016093,P040,1,430,0.05
O016094,P077,1,4260,0.0
O016094,P053,1,310,0.3
O016095,P076,2,2640,0.0
O016096,P079,1,630,0.0
O016097,P053,1,310,0.0
O016097,P009,1,5010,0.3
O016098,P024,1,540,0.3
O016099,P008,1,5930,0.0
O016099,P051,1,700,0.05
O016100,P075,1,2130,0.1
O016100,P079,1,630,0.0
O016101,P007,1,1390,0.2
O016102,P016,1,650,0.0
O016102,P096,1,260,0.1
O016102,P047,1,1740,0.05
O016103,P004,1,1090,0.0
O016104,P006,1,5860,0.0
O016105,P083,1,710,0.0
O016106,P012,1,1160,0.05
O016106,P080,1,660,0.05
O016106,P008,1,5930,0.05
O016107,P069,1,250,0.0
O016107,P012,1,1160,0.0
O016108,P059,1,240,0.0
O016109,P038,1,940,0.0
O016109,P030,1,600,0.1
O016109,P029,1,570,0.0
O016109,P088,3,2510,0.1
O016110,P082,1,580,0.2
O016111,P092,3,1210,0.0
O016111,P043,1,1220,0.1
O016112,P056,1,1440,0.0
O016112,P040,1,430,0.0
O016112,P028,1,430,0.0
O016113,P090,1,2690,0.2
O016114,P047,1,1740,0.2
O016114,P061,2,660,0.05
O016115,P047,3,1740,0.0
O016116,P092,1,1210,0.05
O016117,P033,1,2190,0.0
O016117,P052,1,260,0.05
O016117,P057,1,360,0.0
O016117,P080,1,660,0.2
O016118,P072,1,3800,
O016118,P008,1,5930,0.2
O016118,P048,2,600,0.1
O016119,P007,1,1390,0.1
O016120,P081,1,2850,0.0
O016121,P033,1,2190,0.2
O016122,P001,2,5210,0.0
O016122,P096,1,260,0.0
O016123,P073,1,3790,0.0
O016124,P052,1,260,0.0
O016124,P047,1,1740,0.0
O016125,P005,2,1960,0.05
O016126,P018,2,790,0.2
O016127,P033,1,2190,0.2
O016128,P022,1,1690,0.05
O016128,P088,1,2510,0.1
O016128,P021,1,620,0.0
O016129,P052,1,260,0.05
O016129,P007,1,1390,0.2
O016130,P033,1,2190,0.0
O016130,P078,1,3260,0.1
O016131,P052,3,260,0.0
O016132,P082,1,580,0.3
O016132,P020,1,1760,0.0
O016133,P047,3,1740,0.2
O016134,P059,1,240,0.0
O016135,P091,1,2490,0.05
O016135,P051,1,700,0.1
O016136,P079,1,630,0.2
O016137,P052,1,260,0.0
O016137,P020,2,1760,0.0
O016138,P047,2,1740,0.0
O016139,P090,1,2690,0.0
O016139,P081,1,2850,0.3
O016139,P053,1,310,0.0
O016140,P052,2,260,0.1
O016141,P024,1,540,0.1
O016142,P080,1,660,0.0
O016143,P047,2,1740,0.1
O016143,P054,1,480,0.2
O016144,P077,1,4260,0.05
O016144,P080,1,660,0.05
O016145,P079,2,630,0.2
O016146,P018,2,790,0.0
O016146,P076,1,2640,0.05
O016147,P084,2,540,0.0
O016148,P032,1,1590,0.0
O016148,P079,1,630,0.05
O016149,P080,2,660,0.3
O016149,P077,1,4260,0.0
O016150,P033,1,2190,0.05
O016151,P028,1,430,0.05
O016152,P002,2,4330,0.1
O016152,P076,1,2640,0.0
O016152,P008,1,5930,0.0
O016153,P012,1,1160,0.0
O016153,P033,1,2190,0.0
O016154,P055,1,210,0.0
O016155,P007,1,1390,0.1
O016155,P051,1,700,0.0
O016156,P052,2,260,0.0
O016156,P012,2,1160,0.0
O016156,P017,1,1030,0.0
O016157,P052,1,260,0.1
O016157,P092,1,1210,0.0
O016157,P022,1,1690,0.2
O016157,P003,2,8480,0.0
O016157,P051,1,700,0.0
O016158,P055,1,210,0.0
O016158,P052,1,260,0.0
O016159,P008,1,5930,0.0
O016159,P042,1,5470,0.1
O016160,P088,1,2510,0.1
O016160,P047,1,1740,0.0
O016161,P065,2,180,0.0
O016161,P030,1,600,0.0
O016162,P020,1,1760,0.3
O016163,P020,1,1760,0.0
O016163,P051,1,700,0.2
O016164,P025,1,1700,0.0
O016164,P022,1,1690,
O016165,P047,2,1740,0.0
O016165,P014,1,1960,0.05
O016165,P042,1,5470,0.0
O016165,P020,1,1760,0.1
O016166,P020,1,1760,0.0
O016166,P043,1,1220,0.0
O016167,P096,1,260,0.0
O016167,P008,1,5930,0.0
O016168,P026,1,2100,0.1
O016169,P030,2,600,0.05
O016169,P008,1,5930,0.05
O016170,P022,1,1690,0.0
O016170,P096,2,260,0.2
O016171,P079,1,630,0.2
O016171,P020,1,1760,0.0
O016172,P008,1,5930,0.0
O016172,P047,1,1740,0.0
O016173,P040,1,430,0.05
O016173,P090,1,2690,0.05
O016174,P075,2,2130,0.0
O016174,P012,1,1160,0.2
O016175,P043,1,1220,0.0
O016176,P085,1,1400,
O016176,P047,1,1740,0.05
O016177,P029,1,570,0.0
O016177,P053,1,310,0.3
O016178,P085,2,1400,0.2
O016179,P048,2,600,0.0
O016179,P029,3,570,0.2
O016179,P075,1,2130,0.1
O016179,P040,1,430,0.2
O016180,P081,1,2850,0.05
O016181,P008,1,5930,0.0
O016182,P007,1,1390,0.0
O016183,P059,2,240,0.0
O016184,P081,2,2850,0.1
O016185,P075,1,2130,0.0
O016185,P007,1,1390,0.3
O016185,P028,2,430,0.0
O016186,P033,3,2190,0.0
O016186,P096,1,260,0.0
O016186,P007,2,1390,0.1
O016187,P047,1,1740,0.05
O016188,P084,1,540,0.0
O016188,P033,1,2190,0.05
O016189,P047,2,1740,0.0
O016189,P079,1,630,0.0
O016190,P052,1,260,0.0
O016190,P097,1,1960,0.05
O016191,P045,1,630,0.1
O016191,P082,1,580,0.0
O016191,P095,1,1840,0.05
O016192,P012,1,1160,0.1
O016192,P051,1,700,0.0
O016192,P008,1,5930,0.2
O016192,P028,1,430,0.0
O016193,P036,1,490,0.0
O016194,P079,1,630,0.0
O016194,P098,1,930,0.3
O016195,P050,1,570,0.0
O016196,P022,1,1690,0.0
O016197,P078,1,3260,0.2
O016198,P024,1,540,0.05
O016199,P008,1,5930,0.1
O016199,P084,1,540,0.2
O016199,P020,1,1760,0.0
O016200,P045,3,630,0.1
O016201,P002,1,4330,0.1
O016201,P051,1,700,0.2
O016202,P020,1,1760,0.0
O016202,P046,3,860,0.0
O016203,P066,1,160,0.0
O016203,P024,1,540,0.0
O016203,P051,1,700,0.0
O016204,P020,2,1760,0.0
O016204,P079,1,630,0.3
O016205,P057,1,360,0.05
O016206,P020,1,1760,0.1
O016206,P047,3,1740,0.0
O016206,P074,1,890,0.0
O016207,P055,1,210,0.2
O016208,P001,1,5210,0.2
O016209,P020,2,1760,0.1
O016210,P022,1,1690,0.1
O016211,P008,1,5930,0.3
O016211,P079,1,630,0.0
O016212,P009,1,5010,0.05
O016212,P006,1,5860,0.0
O016213,P004,1,1090,0.2
O016214,P020,1,1760,0.0
O016215,P053,1,310,0.0
O016216,P031,1,700,0.0
O016216,P084,1,540,0.1
O016217,P088,1,2510,0.0
O016218,P092,1,1210,0.05
O016219,P008,2,5930,0.05
O016220,P075,3,2130,0.1
O016221,P079,1,630,0.0
O016222,P052,2,260,0.0
O016223,P056,1,1440,0.05
O016224,P063,1,500,0.05
O016225,P008,1,5930,0.2
O016226,P052,1,260,0.0
O016226,P080,1,660,0.1
O016227,P008,3,5930,0.0
O016227,P001,1,5210,0.1
O016227,P094,2,1100,0.0
O016228,P029,1,570,0.2
O016228,P052,1,260,0.2
O016229,P051,1,700,0.05
O016230,P092,1,1210,0.0
O016231,P018,1,790,0.0
O016232,P001,2,5210,0.2
O016233,P076,2,2640,0.0
O016234,P051,3,700,0.05
O016235,P045,1,630,0.3
O016235,P028,1,430,0.2
O016236,P070,1,800,0.0
O016236,P079,1,630,0.05
O016236,P088,1,2510,0.0
O016237,P014,1,1960,0.0
O016238,P003,1,8480,0.0
O016239,P064,3,550,0.0
O016240,P018,1,790,0.05
O016241,P017,2,1030,0.0
O016242,P020,1,1760,0.2
O016243,P020,1,1760,0.0
O016243,P087,1,1570,0.0
O016244,P078,1,3260,0.0
O016244,P042,1,5470,0.3
O016244,P080,2,660,0.0
O016245,P055,1,210,0.0
O016246,P033,1,2190,0.0
O016246,P054,1,480,0.3
O016247,P054,1,480,0.1
O016247,P018,3,790,0.1
O016247,P052,1,260,0.0
O016248,P052,3,260,0.0
O016249,P010,1,6950,0.1
O016249,P054,1,480,0.0
O016249,P031,1,700,0.05
O016250,P047,1,1740,0.05
O016250,P007,1,1390,0.2
O016251,P094,1,1100,0.0
O016251,P051,1,700,0.05
O016252,P047,3,1740,0.05
O016253,P008,1,5930,0.0
O016254,P096,1,260,0.1
O016255,P038,1,940,0.1
O016256,P026,1,2100,0.0
O016256,P044,1,260,0.0
O016257,P052,2,260,0.2
O016257,P080,1,660,0.2
O016258,P020,1,1760,0.0
O016259,P043,2,1220,0.0
O016260,P051,1,700,0.1
O016261,P009,1,5010,0.0
O016262,P096,1,260,0.1
O016263,P090,1,2690,0.2
O016264,P001,1,5210,0.05
O016264,P026,3,2100,0.0
O016264,P051,1,700,0.0
O016265,P020,1,1760,0.1
O016265,P079,2,630,0.05
O016265,P047,3,1740,0.0
O016266,P088,1,2510,0.1
O016267,P079,1,630,0.05
O016268,P053,2,310,0.0
O016269,P007,1,1390,0.0
O016269,P051,1,700,0.0
O016269,P075,1,2130,0.2
O016270,P028,3,430,0.3
O016271,P051,1,700,0.0
O016272,P033,1,2190,0.2
O016273,P007,1,1390,0.05
O016274,P020,1,1760,0.1
O016274,P009,3,5010,0.2
O016275,P051,1,700,0.0
O016276,P042,2,5470,0.05
O016276,P007,1,1390,0.0
O016276,P031,1,700,0.1
O016277,P022,1,1690,0.0
O016278,P043,1,1220,0.0
O016279,P094,1,1100,0.1
O016280,P020,1,1760,0.0
O016281,P076,1,2640,0.2
O016281,P093,1,350,0.0
O016282,P047,1,1740,0.0
O016282,P054,1,480,0.1
O016283,P066,2,160,0.1
O016284,P020,3,1760,0.2
O016285,P077,2,4260,0.0
O016285,P079,1,630,0.1
O016286,P012,1,1160,0.0
O016286,P020,2,1760,0.0
O016287,P016,1,650,0.0
O016288,P065,1,180,0.0
O016288,P020,1,1760,0.0
O016289,P020,2,1760,0.0
O016289,P017,1,1030,0.05
O016289,P080,1,660,0.0
O016290,P079,1,630,0.0
O016291,P080,2,660,0.2
O016291,P094,1,1100,0.0
O016292,P010,1,6950,0.0
O016293,P020,1,1760,0.3
O016293,P052,1,260,0.1
O016294,P047,1,1740,0.1
O016295,P057,1,360,0.2
O016295,P079,1,630,0.3
O016296,P098,3,930,0.05
O016297,P094,1,1100,0.3
O016298,P072,2,3800,0.0
O016299,P067,2,290,0.0
O016299,P055,2,210,0.1
O016300,P080,1,660,0.1
O016301,P096,2,260,0.05
O016301,P050,1,570,0.0
O016302,P080,1,660,0.1
O016303,P082,2,580,0.1
O016303,P020,1,1760,0.0
O016304,P030,1,600,0.2
O016305,P002,1,4330,0.05
O016305,P095,1,1840,0.0
O016306,P033,3,2190,
O016307,P028,2,430,0.1
O016308,P033,1,2190,0.0
O016308,P003,1,8480,0.0
O016309,P047,3,1740,0.0
O016310,P003,1,8480,0.0
O016311,P071,3,450,0.05
O016312,P070,1,800,0.3
O016313,P081,2,2850,0.2
O016313,P026,1,2100,0.1
O016314,P096,2,260,0.3
O016315,P052,2,260,0.2
O016315,P005,1,1960,0.1
O016316,P008,1,5930,0.0
O016317,P047,1,1740,0.2
O016318,P092,1,1210,0.0
O016318,P040,3,430,0.0
O016319,P084,2,540,0.05
O016320,P007,2,1390,0.2
O016320,P044,1,260,0.0
O016321,P062,2,400,0.0
O016322,P076,2,2640,0.0
O016322,P020,1,1760,0.1
O016323,P050,1,570,0.0
O016323,P043,1,1220,0.0
O016324,P063,3,500,0.0
O016325,P070,3,800,0.3
O016325,P047,1,1740,0.2
O016326,P070,1,800,0.2
O016326,P094,1,1100,0.0
O016327,P096,3,260,0.0
O016328,P033,1,2190,
O016329,P071,3,450,0.2
O016329,P075,2,2130,0.0
O016330,P094,3,1100,0.05
O016331,P045,1,630,0.05
O016331,P096,1,260,0.0
O016332,P013,2,4850,0.0
O016332,P072,1,3800,0.0
O016333,P079,3,630,0.05
O016334,P052,1,260,0.05
O016335,P032,1,1590,0.0
O016335,P060,2,330,
O016336,P049,1,870,0.2
O016336,P074,2,890,0.0
O016336,P009,1,5010,0.0
O016337,P096,1,260,0.0
O016337,P095,1,1840,0.0
O016338,P040,1,430,0.0
O016338,P020,1,1760,0.05
O016339,P006,2,5860,0.2
O016339,P074,1,890,0.0
O016340,P053,1,310,0.1
O016341,P079,1,630,0.0
O016341,P034,1,490,0.0
O016341,P087,1,1570,0.05
O016342,P047,1,1740,0.0
O016343,P054,1,480,0.0
O016343,P094,1,1100,0.1
O016343,P047,2,1740,0.0
O016344,P076,1,2640,0.0
O016345,P047,2,1740,0.2
O016346,P029,1,570,0.0
O016347,P043,3,1220,0.1
O016347,P045,1,630,0.0
O016348,P088,1,2510,0.0
O016349,P033,1,2190,0.0
O016350,P033,1,2190,0.05
O016351,P079,2,630,0.0
O016352,P052,3,260,0.0
O016353,P096,1,260,0.0
O016353,P086,2,1840,0.0
O016353,P054,1,480,0.1
O016354,P020,2,1760,0.0
O016355,P017,1,1030,0.0
O016355,P038,2,940,0.2
O016356,P014,1,1960,0.0
O016356,P096,1,260,0.1
O016356,P015,1,600,0.2
O016356,P033,1,2190,0.0
O016357,P096,1,260,0.0
O016357,P026,1,2100,0.1
O016358,P092,1,1210,0.3
O016359,P033,1,2190,0.0
O016360,P033,3,2190,0.0
O016360,P085,1,1400,0.05
O016360,P052,2,260,0.2
O016361,P085,1,1400,0.3
O016361,P017,3,1030,0.0
O016362,P088,1,2510,0.2
O016363,P053,1,310,0.0
O016364,P088,2,2510,0.1
O016365,P051,1,700,0.05
O016365,P030,1,600,0.3
O016366,P007,1,1390,0.0
O016367,P047,3,1740,0.1
O016367,P075,2,2130,0.0
O016368,P074,1,890,0.2
O016368,P079,1,630,0.0
O016369,P022,1,1690,0.0
O016369,P033,1,2190,0.3
O016369,P056,1,1440,0.1
O016369,P052,2,260,0.2
O016370,P052,2,260,0.0
O016371,P096,1,260,0.0
O016371,P072,2,3800,0.0
O016372,P052,1,260,0.0
O016372,P001,1,5210,0.2
O016373,P080,1,660,0.0
O016374,P094,1,1100,0.3
O016375,P051,1,700,0.0
O016376,P047,1,1740,0.0
O016376,P068,1,260,0.0
O016377,P043,1,1220,0.0
O016377,P079,1,630,0.0
O016378,P050,1,570,0.05
O016379,P020,2,1760,0.05
O016379,P021,1,620,0.2
O016379,P079,3,630,0.1
O016380,P073,1,3790,0.0
O016380,P018,1,790,0.0
O016381,P006,1,5860,0.1
O016381,P094,2,1100,0.2
O016382,P006,1,5860,0.1
O016382,P079,1,630,0.1
O016383,P028,1,430,0.1
O016384,P028,2,430,0.2
O016385,P096,1,260,0.0
O016386,P063,1,500,0.0
O016386,P045,1,630,0.3
O016386,P096,1,260,0.05
O016387,P051,1,700,0.0
O016387,P079,1,630,0.2
O016388,P006,1,5860,0.05
O016388,P024,1,540,0.0
O016389,P080,1,660,0.0
O016389,P051,1,700,0.0
O016390,P033,2,2190,0.0
O016391,P033,1,2190,0.2
O016392,P059,1,240,0.2
O016392,P029,1,570,0.1
O016393,P016,2,650,0.0
O016393,P096,1,260,0.3
O016394,P095,1,1840,0.3
O016395,P047,3,1740,0.05
O016396,P022,1,1690,0.05
O016396,P079,1,630,0.1
O016397,P021,1,620,0.2
O016398,P079,1,630,0.0
O016398,P020,1,1760,0.3
O016398,P052,1,260,0.2
O016399,P028,1,430,0.2
O016400,P072,2,3800,0.3
O016400,P094,1,1100,0.05
O016401,P047,1,1740,0.0
O016402,P033,1,2190,0.1
O016402,P017,1,1030,0.0
O016403,P080,1,660,0.1
O016404,P096,2,260,0.2
O016404,P007,1,1390,0.0
O016405,P006,1,5860,0.1
O016406,P035,1,390,0.3
O016407,P071,2,450,0.1
O016407,P050,1,570,0.2
O016408,P020,1,1760,0.0
O016409,P096,2,260,0.0
O016410,P096,1,260,0.0
O016410,P015,1,600,0.0
O016411,P008,2,5930,0.3
O016412,P088,1,2510,0.0
O016412,P079,1,630,0.0
O016412,P007,1,1390,0.3
O016413,P048,1,600,0.1
O016413,P080,1,660,0.0
O016413,P052,1,260,0.0
O016414,P080,2,660,0.1
O016415,P028,3,430,0.0
O016416,P096,2,260,0.2
O016416,P048,1,600,0.1
O016417,P079,2,630,0.05
O016417,P054,2,480,0.0
O016418,P033,1,2190,0.0
O016418,P051,2,700,0.05
O016419,P080,3,660,0.0
O016420,P080,1,660,0.0
O016420,P031,1,700,0.0
O016421,P047,1,1740,0.0
O016422,P078,1,3260,0.0
O016423,P012,3,1160,0.0
O016424,P002,1,4330,0.2
O016425,P008,2,5930,0.0
O016426,P024,1,540,0.0
O016427,P073,1,3790,0.0
O016428,P082,2,580,0.2
O016428,P096,1,260,0.05
O016429,P020,1,1760,0.0
O016430,P004,2,1090,
O016431,P005,1,1960,0.1
O016432,P079,1,630,0.2
O016433,P035,1,390,0.1
O016433,P028,3,430,0.2
O016433,P084,1,540,0.0
O016434,P092,1,1210,0.0
O016435,P025,1,1700,0.1
O016435,P017,1,1030,0.0
O016436,P096,1,260,0.0
O016437,P077,1,4260,0.05
O016437,P004,2,1090,0.0
O016437,P010,1,6950,0.0
O016438,P001,1,5210,0.05
O016439,P051,1,700,0.1
O016440,P054,1,480,0.05
O016440,P096,1,260,0.0
O016440,P055,1,210,0.2
O016441,P084,1,540,
O016441,P026,1,2100,0.2
O016442,P051,2,700,
O016443,P047,2,1740,0.05
O016443,P020,1,1760,0.3
O016443,P043,1,1220,
O016444,P018,1,790,0.1
O016444,P011,1,1280,0.2
O016445,P098,1,930,0.0
O016446,P033,2,2190,0.05
O016447,P029,1,570,0.3
O016448,P047,1,1740,0.0
O016448,P019,2,2290,0.1
O016449,P003,2,8480,0.1
O016450,P081,1,2850,0.2
O016451,P052,1,260,0.2
O016452,P072,1,3800,0.0
O016453,P096,1,260,0.05
O016454,P052,1,260,0.1
O016454,P009,1,5010,0.0
O016455,P054,1,480,0.05
O016455,P052,1,260,0.0
O016456,P055,1,210,0.1
O016457,P047,1,1740,0.0
O016458,P004,1,1090,0.0
O016458,P020,1,1760,0.1
O016459,P020,1,1760,0.1
O016460,P088,1,2510,0.1
O016461,P054,3,480,0.0
O016462,P038,2,940,0.0
O016462,P088,1,2510,0.0
O016463,P052,1,260,0.0
O016464,P079,1,630,0.0
O016464,P078,1,3260,0.0
O016464,P033,2,2190,0.3
O016464,P039,1,1980,0.05
O016465,P008,1,5930,0.1
O016466,P096,1,260,0.2
O016467,P051,1,700,0.0
O016467,P077,3,4260,0.3
O016468,P031,1,700,0.0
O016469,P098,1,930,0.1
O016470,P096,1,260,0.0
O016471,P007,1,1390,0.05
O016472,P043,1,1220,0.2
O016472,P047,3,1740,0.05
O016473,P012,1,1160,0.1
O016474,P092,2,1210,0.0
O016474,P012,1,1160,0.0
O016475,P053,1,310,0.1
O016476,P097,1,1960,0.0
O016476,P018,1,790,0.0
O016476,P052,3,260,0.0
O016477,P074,1,890,0.2
O016478,P057,3,360,0.0
O016479,P009,2,5010,0.0
O016479,P047,1,1740,0.0
O016480,P047,1,1740,0.2
O016481,P055,2,210,0.2
O016482,P050,1,570,0.0
O016482,P092,2,1210,0.0
O016482,P052,3,260,0.05
O016483,P071,2,450,0.0
O016484,P020,2,1760,0.0
O016485,P093,1,350,0.0
O016486,P018,1,790,0.0
O016487,P052,1,260,0.0
O016487,P079,1,630,0.0
O016487,P012,1,1160,0.0
O016488,P015,3,600,0.0
O016488,P080,2,660,0.3
O016488,P054,3,480,0.0
O016488,P076,2,2640,0.3
O016489,P097,1,1960,0.0
O016490,P070,2,800,0.0
O016491,P079,1,630,0.0
O016491,P018,1,790,0.05
O016491,P028,1,430,0.0
O016491,P047,2,1740,0.3
O016492,P037,2,470,0.2
O016493,P052,1,260,0.0
O016494,P052,1,260,0.0
O016495,P052,1,260,0.0
O016495,P096,1,260,0.05
O016496,P004,1,1090,0.0
O016497,P051,2,700,0.0
O016497,P054,3,480,0.0
O016497,P008,1,5930,0.05
O016498,P045,2,630,0.3
O016499,P052,2,260,0.1
O016499,P082,1,580,0.0
O016500,P076,1,2640,0.0
O016500,P008,1,5930,0.05
O016501,P010,1,6950,0.2
O016502,P002,2,4330,0.05
O016503,P071,1,450,0.0
O016504,P021,1,620,0.1
O016504,P008,2,5930,0.05
O016505,P052,1,260,0.0
O016505,P070,2,800,0.0
O016506,P058,1,420,0.0
O016507,P082,1,580,0.0
O016508,P082,3,580,0.05
O016509,P040,1,430,0.0
O016509,P088,2,2510,0.0
O016510,P080,1,660,0.1
O016510,P007,1,1390,0.0
O016510,P033,1,2190,0.0
O016511,P047,1,1740,0.05
O016511,P071,1,450,0.05
O016511,P008,1,5930,0.05
O016512,P020,2,1760,0.3
O016512,P015,3,600,0.0
O016512,P010,1,6950,0.0
O016513,P085,2,1400,0.05
O016514,P022,1,1690,0.05
O016514,P074,3,890,0.2
O016515,P003,2,8480,0.0
O016515,P055,1,210,0.0
O016516,P020,1,1760,0.05
O016516,P007,2,1390,0.0
O016516,P052,1,260,0.0
O016516,P012,1,1160,0.0
O016517,P001,1,5210,0.05
O016517,P096,1,260,0.0
O016518,P051,3,700,0.0
O016519,P022,3,1690,0.0
O016519,P008,1,5930,0.0
O016519,P096,2,260,0.0
O016519,P047,1,1740,0.0
O016520,P053,2,310,0.0
O016521,P045,1,630,0.0
O016522,P012,1,1160,0.0
O016522,P047,1,1740,0.0
O016523,P002,1,4330,0.0
O016524,P044,1,260,0.0
O016525,P007,1,1390,0.2
O016526,P074,1,890,0.0
O016527,P039,3,1980,0.1
O016528,P051,1,700,0.1
O016529,P062,2,400,0.0
O016530,P052,1,260,0.0
O016531,P082,3,580,0.0
O016532,P052,1,260,0.1
O016533,P096,1,260,0.1
O016533,P034,1,490,0.0
O016534,P026,1,2100,0.0
O016534,P008,1,5930,0.0
O016535,P031,2,700,0.2
O016536,P047,1,1740,0.1
O016536,P028,2,430,0.05
O016537,P033,1,2190,0.05
O016537,P020,2,1760,0.0
O016538,P023,2,2180,0.0
O016539,P002,1,4330,0.2
O016540,P094,2,1100,0.0
O016541,P007,1,1390,0.2
O016541,P002,1,4330,0.0
O016542,P079,1,630,0.2
O016542,P054,3,480,0.05
O016543,P052,2,260,0.0
O016544,P010,1,6950,0.0
O016545,P092,1,1210,0.1
O016546,P033,1,2190,0.2
O016546,P014,1,1960,0.0
O016546,P070,3,800,0.0
O016547,P080,1,660,0.05
O016547,P028,1,430,0.1
O016548,P008,1,5930,0.2
O016549,P034,1,490,0.05
O016550,P084,1,540,0.1
O016551,P074,1,890,0.05
O016552,P096,1,260,0.0
O016552,P033,1,2190,0.0
O016553,P008,1,5930,0.0
O016554,P012,1,1160,0.05
O016554,P092,2,1210,0.0
O016554,P056,2,1440,0.1
O016555,P092,1,1210,0.0
O016556,P096,2,260,0.0
O016556,P053,1,310,0.1
O016557,P033,1,2190,0.0
O016558,P051,1,700,0.3
O016559,P020,1,1760,0.05
O016560,P052,1,260,0.0
O016561,P079,1,630,0.05
O016561,P053,1,310,0.3
O016562,P007,3,1390,0.0
O016563,P094,1,1100,0.05
O016563,P096,1,260,0.1
O016564,P002,1,4330,0.2
O016565,P020,1,1760,0.05
O016565,P051,1,700,0.2
O016566,P033,1,2190,0.0
O016566,P051,1,700,0.0
O016566,P080,1,660,0.1
O016567,P095,1,1840,0.3
O016567,P031,1,700,0.0
O016568,P054,1,480,0.2
O016568,P092,2,1210,0.0
O016568,P018,3,790,0.2
O016569,P010,1,6950,0.0
O016569,P047,1,1740,0.0
O016570,P074,1,890,0.0
O016571,P001,2,5210,0.1
O016571,P020,1,1760,0.0
O016571,P079,1,630,0.3
O016572,P020,1,1760,0.1
O016572,P072,1,3800,0.0
O016573,P062,1,400,0.0
O016574,P050,1,570,0.2
O016574,P072,2,3800,0.3
O016574,P080,1,660,0.2
O016575,P031,1,700,0.0
O016575,P080,1,660,0.3
O016576,P052,3,260,0.0
O016577,P052,2,260,0.2
O016577,P012,2,1160,0.0
O016578,P012,2,1160,0.1
O016579,P052,1,260,0.0
O016579,P079,1,630,0.0
O016580,P038,1,940,0.0
O016581,P022,1,1690,0.0
O016582,P003,1,8480,0.1
O016583,P069,1,250,0.05
O016583,P020,1,1760,0.05
O016584,P098,1,930,0.0
O016585,P047,1,1740,0.05
O016585,P079,2,630,0.0
O016586,P028,2,430,0.2
O016586,P051,1,700,0.0
O016586,P096,1,260,0.0
O016587,P033,1,2190,0.0
O016588,P031,1,700,0.0
O016588,P052,1,260,0.0
O016589,P078,1,3260,0.0
O016590,P080,1,660,0.0
O016591,P020,1,1760,0.05
O016591,P074,1,890,0.3
O016592,P018,1,790,0.0
O016592,P023,2,2180,0.05
O016592,P024,3,540,0.0
O016593,P055,1,210,0.0
O016593,P003,1,8480,0.05
O016594,P080,1,660,0.3
O016595,P022,1,1690,0.05
O016595,P050,1,570,0.0
O016595,P054,2,480,0.0
O016596,P047,1,1740,0.0
O016596,P082,1,580,0.0
O016597,P054,1,480,0.0
O016598,P052,1,260,0.0
O016599,P047,1,1740,0.1
O016600,P096,1,260,0.0
O016601,P008,1,5930,0.0
O016602,P043,1,1220,0.2
O016603,P015,1,600,0.3
O016604,P041,1,4560,0.0
O016604,P093,1,350,0.0
O016605,P033,1,2190,0.0
O016605,P052,1,260,0.0
O016606,P002,1,4330,0.0
O016606,P081,1,2850,0.1
O016607,P010,1,6950,0.0
O016607,P077,1,4260,0.0
O016608,P020,2,1760,0.2
O016609,P012,1,1160,0.0
O016610,P020,1,1760,0.3
O016610,P043,2,1220,0.0
O016611,P092,1,1210,0.1
O016611,P082,1,580,0.0
O016611,P008,1,5930,0.05
O016612,P088,1,2510,0.0
O016612,P033,1,2190,0.0
O016613,P096,1,260,0.2
O016614,P074,1,890,0.0
O016615,P033,2,2190,0.05
O016615,P098,2,930,0.0
O016616,P033,1,2190,0.2
O016616,P035,1,390,0.2
O016616,P008,1,5930,0.05
O016617,P007,1,1390,
O016617,P015,1,600,0.1
O016618,P020,2,1760,0.05
O016619,P054,2,480,0.3
O016620,P088,1,2510,0.0
O016620,P033,1,2190,0.1
O016620,P080,1,660,0.2
O016621,P054,1,480,0.0
O016622,P020,2,1760,0.0
O016622,P096,1,260,0.3
O016622,P033,1,2190,0.3
O016623,P047,1,1740,0.1
O016624,P008,3,5930,0.05
O016625,P007,1,1390,0.3
O016626,P086,2,1840,0.05
O016627,P028,1,430,0.05
O016627,P096,2,260,0.0
O016627,P079,1,630,0.0
O016628,P031,1,700,0.0
O016628,P054,1,480,0.1
O016628,P052,1,260,
O016629,P020,1,1760,0.0
O016630,P040,1,430,0.0
O016630,P052,2,260,0.1
O016630,P096,1,260,0.1
O016631,P074,1,890,0.0
O016631,P095,1,1840,0.0
O016631,P004,1,1090,0.1
O016632,P082,1,580,0.0
O016633,P004,1,1090,0.3
O016634,P054,1,480,0.0
O016634,P020,1,1760,0.0
O016635,P036,1,490,0.05
O016636,P020,1,1760,0.3
O016636,P008,1,5930,0.2
O016637,P008,1,5930,0.0
O016638,P079,1,630,0.0
O016638,P028,1,430,0.05
O016639,P033,1,2190,0.0
O016640,P052,1,260,0.3
O016641,P079,2,630,0.1
O016641,P037,2,470,0.3
O016641,P096,2,260,0.1
O016642,P052,2,260,0.05
O016642,P042,1,5470,0.3
O016643,P042,1,5470,0.0
O016643,P076,1,2640,0.05
O016643,P061,1,660,0.1
O016644,P022,3,1690,0.0
O016645,P008,1,5930,0.0
O016646,P043,3,1220,0.1
O016647,P092,1,1210,0.2
O016647,P096,1,260,0.0
O016647,P028,2,430,0.1
O016647,P047,1,1740,0.0
O016648,P030,1,600,0.0
O016649,P093,1,350,0.0
O016649,P002,3,4330,0.0
O016650,P020,3,1760,0.2
O016650,P008,1,5930,0.3
O016651,P047,1,1740,0.0
O016652,P080,1,660,0.0
O016652,P098,1,930,0.0
O016653,P020,1,1760,0.0
O016654,P050,1,570,0.0
O016654,P093,1,350,0.2
O016655,P041,1,4560,0.3
O016655,P040,1,430,0.0
O016655,P092,2,1210,0.1
O016655,P076,2,2640,0.2
O016656,P033,3,2190,0.0
O016657,P002,1,4330,0.0
O016658,P096,1,260,0.05
O016659,P007,1,1390,0.0
O016660,P047,1,1740,0.0
O016661,P098,1,930,0.05
O016661,P047,1,1740,0.0
O016662,P092,1,1210,0.3
O016663,P011,1,1280,0.2
O016663,P096,1,260,0.05
O016664,P090,1,2690,0.1
O016665,P033,1,2190,0.0
O016665,P007,1,1390,0.0
O016666,P043,2,1220,0.1
O016667,P065,1,180,0.0
O016667,P096,1,260,0.2
O016668,P085,1,1400,0.0
O016669,P050,1,570,0.05
O016669,P047,2,1740,0.05
O016670,P084,3,540,0.0
O016670,P053,2,310,0.0
O016671,P021,1,620,0.0
O016672,P096,1,260,0.0
O016672,P071,2,450,0.2
O016672,P047,1,1740,0.0
O016672,P052,1,260,0.1
O016673,P096,3,260,0.1
O016673,P081,1,2850,0.0
O016674,P054,1,480,0.2
O016674,P055,1,210,0.0
O016674,P033,1,2190,0.0
O016675,P088,1,2510,0.3
O016675,P096,1,260,0.0
O016675,P050,1,570,0.2
O016675,P030,1,600,0.0
O016675,P007,1,1390,0.05
O016676,P020,2,1760,0.0
O016677,P085,3,1400,0.0
O016677,P020,3,1760,0.2
O016677,P033,1,2190,0.0
O016678,P095,3,1840,0.0
O016678,P019,1,2290,0.05
O016679,P079,1,630,0.3
O016680,P008,1,5930,0.2
O016680,P094,1,1100,0.1
O016681,P081,1,2850,0.0
O016681,P096,1,260,0.05
O016682,P051,1,700,0.05
O016682,P043,1,1220,0.2
O016682,P096,1,260,0.2
O016683,P082,1,580,0.2
O016684,P028,1,430,0.2
O016685,P096,1,260,0.0
O016685,P051,1,700,0.1
O016686,P064,1,550,0.2
O016687,P096,1,260,0.0
O016688,P082,2,580,0.2
O016689,P096,2,260,0.2
O016689,P039,1,1980,0.3
O016689,P078,1,3260,0.05
O016690,P055,1,210,0.0
O016691,P012,2,1160,0.2
O016691,P033,3,2190,0.0
O016692,P094,1,1100,0.1
O016693,P051,1,700,0.0
O016694,P008,1,5930,0.0
O016694,P029,1,570,0.05
O016694,P080,1,660,0.0
O016695,P043,1,1220,0.0
O016695,P028,1,430,0.1
O016696,P052,1,260,0.0
O016697,P077,2,4260,0.0
O016698,P079,1,630,0.05
O016698,P022,1,1690,0.3
O016699,P051,1,700,0.0
O016699,P094,1,1100,0.0
O016699,P008,1,5930,0.0
O016700,P051,1,700,0.3
O016701,P010,2,6950,0.0
O016702,P079,2,630,0.05
O016703,P052,1,260,0.0
O016704,P016,2,650,0.3
O016705,P007,1,1390,0.3
O016706,P046,1,860,0.2
O016707,P051,2,700,0.1
O016708,P096,1,260,0.0
O016708,P043,1,1220,0.05
O016709,P079,3,630,0.1
O016710,P008,3,5930,0.0
O016711,P074,1,890,0.0
O016712,P007,3,1390,0.05
O016712,P047,1,1740,0.0
O016713,P075,1,2130,0.0
O016714,P058,1,420,0.2
O016714,P071,1,450,0.1
O016715,P052,1,260,0.0
O016716,P008,3,5930,0.0
O016716,P035,1,390,0.0
O016717,P020,1,1760,0.0
O016718,P070,1,800,0.05
O016718,P051,1,700,0.2
O016719,P042,1,5470,0.05
O016720,P047,1,1740,0.0
O016720,P012,1,1160,0.2
O016720,P033,1,2190,0.1
O016721,P076,1,2640,0.3
O016722,P088,1,2510,0.05
O016723,P065,1,180,0.3
O016724,P074,1,890,0.1
O016725,P091,1,2490,0.05
O016725,P002,2,4330,0.0
O016725,P050,3,570,0.0
O016725,P020,1,1760,0.0
O016726,P018,1,790,0.05
O016726,P083,1,710,0.3
O016727,P023,1,2180,0.0
O016728,P008,1,5930,0.0
O016728,P088,1,2510,0.1
O016729,P050,1,570,0.2
O016729,P016,3,650,0.0
O016730,P047,1,1740,0.0
O016730,P002,1,4330,0.2
O016731,P002,2,4330,0.2
O016731,P048,1,600,0.0
O016731,P023,1,2180,0.0
O016732,P054,2,480,0.05
O016732,P092,1,1210,0.3
O016733,P088,1,2510,0.0
O016734,P008,1,5930,0.0
O016735,P084,1,540,0.0
O016735,P088,1,2510,0.0
O016736,P047,1,1740,0.0
O016737,P098,1,930,0.0
O016738,P065,1,180,0.0
O016739,P033,2,2190,0.0
O016740,P032,2,1590,0.0
O016741,P007,1,1390,0.0
O016742,P088,1,2510,0.0
O016743,P054,1,480,0.0
O016743,P096,1,260,0.0
O016744,P049,1,870,0.0
O016744,P051,1,700,0.0
O016744,P053,1,310,0.2
O016744,P031,1,700,0.0
O016745,P051,1,700,0.0
O016746,P079,1,630,0.0
O016746,P007,3,1390,0.0
O016747,P080,1,660,0.0
O016747,P012,1,1160,0.1
O016748,P033,1,2190,0.1
O016749,P022,1,1690,0.05
O016749,P002,3,4330,0.0
O016750,P055,1,210,0.3
O016750,P018,1,790,0.0
O016750,P010,1,6950,0.0
O016750,P079,1,630,0.3
O016751,P002,1,4330,0.0
O016751,P044,1,260,0.1
O016751,P054,1,480,0.2
O016752,P081,1,2850,0.0
O016753,P096,1,260,0.05
O016754,P051,1,700,0.1
O016755,P001,1,5210,0.2
O016755,P002,1,4330,0.0
O016756,P028,1,430,0.0
O016757,P023,1,2180,0.0
O016757,P033,3,2190,0.1
O016758,P007,1,1390,0.0
O016759,P010,1,6950,0.2
O016760,P052,1,260,0.05
O016760,P019,2,2290,0.0
O016761,P052,1,260,0.2
O016762,P052,1,260,0.1
O016763,P080,1,660,0.0
O016764,P004,3,1090,0.2
O016765,P059,1,240,0.0
O016766,P088,1,2510,0.05
O016766,P051,2,700,0.0
O016766,P001,2,5210,0.2
O016767,P088,1,2510,0.05
O016768,P052,1,260,0.0
O016769,P093,3,350,0.0
O016770,P026,1,2100,0.0
O016770,P010,1,6950,0.0
O016771,P038,1,940,0.05
O016771,P018,1,790,0.0
O016771,P002,1,4330,0.05
O016772,P051,2,700,0.0
O016773,P031,1,700,0.1
O016774,P052,2,260,0.05
O016774,P072,1,3800,0.2
O016774,P002,1,4330,
O016775,P002,1,4330,0.0
O016776,P045,1,630,0.1
O016776,P068,3,260,0.1
O016777,P033,1,2190,0.0
O016777,P051,2,700,0.0
O016778,P018,1,790,0.05
O016779,P001,1,5210,0.0
O016779,P079,2,630,0.0
O016780,P008,1,5930,0.0
O016780,P096,1,260,0.0
O016781,P007,2,1390,0.0
O016782,P074,2,890,0.05
O016783,P030,2,600,0.0
O016784,P047,1,1740,0.0
O016785,P024,3,540,0.0
O016786,P077,2,4260,0.0
O016786,P048,2,600,0.0
O016787,P047,3,1740,0.2
O016788,P003,1,8480,0.05
O016789,P079,2,630,0.2
O016789,P020,1,1760,0.0
O016790,P037,1,470,0.05
O016790,P045,1,630,0.0
O016790,P031,1,700,0.2
O016791,P043,1,1220,0.05
O016791,P057,1,360,0.0
O016791,P047,1,1740,0.05
O016791,P006,2,5860,0.2
O016792,P054,1,480,0.2
O016793,P097,2,1960,0.0
O016794,P062,1,400,0.0
O016795,P076,1,2640,0.3
O016795,P006,1,5860,0.0
O016795,P096,1,260,0.0
O016795,P020,2,1760,0.0
O016796,P022,2,1690,0.0
O016796,P033,1,2190,0.3
O016797,P040,1,430,0.0
O016797,P010,3,6950,0.05
O016798,P007,1,1390,0.05
O016799,P006,1,5860,0.0
O016800,P020,1,1760,0.3
O016800,P052,1,260,0.3
O016801,P028,3,430,0.1
O016802,P082,3,580,0.0
O016802,P079,2,630,0.3
O016803,P052,3,260,0.05
O016803,P035,1,390,0.0
O016804,P030,1,600,0.05
O016805,P028,2,430,0.0
O016805,P079,2,630,0.05
O016806,P079,3,630,0.0
O016806,P024,1,540,0.05
O016806,P033,1,2190,0.05
O016807,P081,1,2850,0.05
O016807,P088,3,2510,0.1
O016808,P078,2,3260,0.0
O016808,P025,1,1700,0.3
O016809,P074,1,890,0.0
O016810,P007,1,1390,0.05
O016811,P063,1,500,
O016812,P081,1,2850,0.0
O016812,P047,1,1740,0.0
O016813,P072,1,3800,0.1
O016814,P007,1,1390,0.2
O016814,P057,1,360,0.3
O016814,P051,1,700,0.0
O016815,P007,1,1390,0.0
O016815,P042,1,5470,0.0
O016815,P076,3,2640,0.0
O016816,P022,1,1690,0.2
O016817,P051,1,700,0.0
O016817,P079,1,630,0.0
O016818,P052,2,260,0.0
O016818,P054,1,480,0.0
O016818,P033,2,2190,0.1
O016819,P012,3,1160,0.1
O016819,P030,1,600,0.0
O016820,P080,1,660,0.1
O016821,P030,1,600,0.0
O016822,P047,1,1740,0.3
O016822,P074,1,890,0.2
O016822,P079,1,630,0.0
O016823,P002,3,4330,0.1
O016824,P019,1,2290,0.3
O016825,P051,3,700,0.2
O016826,P047,1,1740,0.0
O016826,P022,1,1690,0.0
O016827,P051,1,700,0.0
O016828,P085,1,1400,0.0
O016829,P040,2,430,0.0
O016830,P001,2,5210,0.0
O016831,P081,1,2850,0.0
O016832,P079,1,630,0.0
O016833,P048,1,600,0.3
O016834,P092,1,1210,0.0
O016834,P034,1,490,0.0
O016835,P020,2,1760,0.0
O016835,P008,3,5930,0.0
O016836,P043,1,1220,0.3
O016837,P031,2,700,0.1
O016838,P019,3,2290,0.0
O016838,P082,1,580,0.05
O016839,P047,1,1740,0.05
O016840,P002,1,4330,0.0
O016840,P015,1,600,0.0
O016841,P079,1,630,0.0
O016841,P094,2,1100,0.0
O016841,P069,1,250,0.0
O016842,P022,2,1690,0.2
O016843,P082,1,580,0.0
O016844,P029,2,570,0.0
O016845,P097,1,1960,0.0
O016845,P002,1,4330,0.0
O016845,P081,1,2850,0.1
O016846,P033,1,2190,0.2
O016846,P045,1,630,0.0
O016847,P094,1,1100,0.1
O016847,P079,1,630,0.0
O016847,P002,1,4330,0.2
O016847,P052,1,260,0.1
O016848,P002,1,4330,0.05
O016848,P008,1,5930,0.2
O016849,P051,1,700,0.0
O016850,P047,1,1740,0.0
O016850,P075,1,2130,0.05
O016850,P020,1,1760,0.2
O016851,P096,2,260,0.0
O016851,P074,1,890,0.0
O016852,P033,2,2190,0.0
O016853,P026,1,2100,0.0
O016854,P035,1,390,0.1
O016855,P094,1,1100,0.0
O016855,P006,1,5860,0.0
O016855,P007,1,1390,0.0
O016856,P069,1,250,0.0
O016856,P049,1,870,0.0
O016857,P079,1,630,0.0
O016857,P024,1,540,0.05
O016858,P096,1,260,0.0
O016858,P036,1,490,0.1
O016859,P017,1,1030,0.0
O016860,P035,1,390,0.0
O016860,P051,3,700,0.05
O016860,P008,1,5930,0.2
O016860,P056,1,1440,0.2
O016861,P038,1,940,0.0
O016861,P047,1,1740,0.1
O016862,P034,1,490,0.0
O016863,P002,3,4330,0.0
O016864,P077,1,4260,0.1
O016865,P028,2,430,0.0
O016866,P077,2,4260,0.2
O016866,P042,1,5470,0.0
O016867,P028,1,430,0.0
O016867,P054,2,480,0.1
O016868,P079,1,630,0.05
O016868,P008,3,5930,0.2
O016869,P051,2,700,0.0
O016870,P052,3,260,0.0
O016870,P008,2,5930,0.05
O016871,P033,1,2190,0.0
O016872,P052,1,260,0.0
O016872,P002,1,4330,0.0
O016873,P052,1,260,0.05
O016873,P028,1,430,0.2
O016874,P044,1,260,0.1
O016874,P030,1,600,0.1
O016875,P002,1,4330,0.1
O016875,P021,1,620,0.1
O016875,P088,1,2510,0.3
O016876,P096,2,260,0.0
O016877,P096,2,260,0.0
O016877,P087,1,1570,0.1
O016877,P079,1,630,0.1
O016878,P097,1,1960,0.05
O016878,P054,1,480,0.0
O016879,P088,3,2510,0.0
O016879,P076,1,2640,0.05
O016880,P082,1,580,0.0
O016881,P096,1,260,
O016881,P079,2,630,0.0
O016881,P077,1,4260,0.0
O016882,P074,3,890,0.05
O016882,P008,1,5930,0.3
O016883,P092,1,1210,0.2
O016884,P047,1,1740,0.0
O016885,P020,1,1760,0.2
O016885,P052,1,260,0.1
O016886,P052,1,260,0.1
O016886,P096,2,260,0.0
O016886,P037,1,470,0.2
O016887,P010,1,6950,0.0
O016888,P028,1,430,0.1
O016888,P096,1,260,0.3
O016889,P050,1,570,0.2
O016889,P024,1,540,0.1
O016889,P076,1,2640,0.1
O016889,P092,1,1210,0.2
O016890,P028,2,430,0.0
O016890,P052,2,260,0.2
O016890,P012,1,1160,0.2
O016891,P010,1,6950,0.2
O016891,P040,1,430,0.3
O016891,P080,1,660,0.0
O016892,P046,3,860,0.05
O016892,P001,1,5210,0.05
O016892,P007,1,1390,0.1
O016893,P055,1,210,0.05
O016894,P020,1,1760,0.0
O016894,P034,1,490,0.0
O016895,P079,1,630,0.0
O016895,P058,1,420,0.1
O016896,P060,1,330,0.0
O016896,P043,2,1220,0.1
O016896,P033,1,2190,0.0
O016896,P047,1,1740,0.05
O016897,P037,1,470,0.1
O016898,P015,2,600,0.1
O016898,P020,2,1760,0.0
O016899,P009,1,5010,0.0
O016900,P020,1,1760,0.0
O016901,P053,2,310,0.0
O016902,P003,3,8480,0.05
O016903,P004,2,1090,0.0
O016903,P010,3,6950,0.0
O016904,P047,1,1740,0.3
O016905,P033,1,2190,0.0
O016906,P052,3,260,0.3
O016906,P079,2,630,0.0
O016906,P054,2,480,0.05
O016907,P028,2,430,0.2
O016907,P033,1,2190,0.0
O016908,P079,3,630,0.0
O016908,P090,1,2690,0.0
O016909,P042,2,5470,0.0
O016910,P073,1,3790,0.2
O016911,P030,1,600,0.2
O016912,P076,1,2640,0.0
O016912,P051,1,700,0.1
O016913,P047,1,1740,0.05
O016914,P020,3,1760,0.0
O016915,P079,1,630,0.0
O016915,P053,2,310,0.05
O016916,P033,1,2190,0.0
O016916,P079,2,630,0.0
O016916,P020,2,1760,0.0
O016917,P008,1,5930,0.0
O016918,P012,1,1160,0.0
O016919,P012,2,1160,0.0
O016920,P054,1,480,0.0
O016920,P033,2,2190,0.05
O016921,P079,1,630,0.3
O016921,P031,1,700,0.05
O016922,P077,1,4260,0.0
O016922,P079,1,630,0.3
O016923,P050,2,570,0.2
O016924,P001,1,5210,0.0
O016924,P088,1,2510,0.1
O016924,P043,1,1220,0.0
O016925,P080,1,660,0.2
O016925,P026,1,2100,0.0
O016926,P002,1,4330,0.0
O016926,P010,1,6950,0.1
O016927,P071,1,450,0.2
O016927,P074,1,890,0.1
O016928,P096,1,260,0.0
O016928,P049,1,870,0.05
O016928,P052,2,260,0.05
O016929,P028,1,430,0.0
O016930,P066,1,160,0.0
O016931,P029,1,570,0.1
O016932,P081,2,2850,0.0
O016933,P047,1,1740,0.0
O016933,P020,1,1760,0.05
O016934,P091,2,2490,0.3
O016935,P028,1,430,0.0
O016936,P001,1,5210,0.0
O016937,P077,1,4260,0.05
O016938,P052,2,260,0.3
O016938,P054,1,480,0.0
O016938,P088,2,2510,0.1
O016938,P001,3,5210,0.2
O016939,P050,2,570,0.0
O016940,P055,1,210,0.2
O016941,P028,1,430,0.3
O016942,P006,2,5860,0.1
O016943,P096,1,260,0.0
O016944,P045,1,630,0.3
O016945,P008,1,5930,0.0
O016945,P079,1,630,0.1
O016946,P040,1,430,0.3
O016947,P045,1,630,0.3
O016948,P047,2,1740,0.1
O016948,P028,1,430,0.3
O016949,P008,1,5930,0.0
O016950,P033,1,2190,0.2
O016951,P020,1,1760,0.0
O016952,P079,2,630,0.05
O016952,P081,1,2850,0.0
O016952,P053,1,310,0.0
O016952,P051,1,700,0.3
O016953,P002,1,4330,0.2
O016953,P080,1,660,0.0
O016953,P054,1,480,0.0
O016954,P087,2,1570,0.0
O016955,P010,2,6950,0.2
O016956,P002,2,4330,0.0
O016957,P051,1,700,0.0
O016957,P040,1,430,0.3
O016958,P006,1,5860,0.3
O016958,P002,1,4330,0.0
O016959,P091,2,2490,0.0
O016960,P054,2,480,0.0
O016961,P002,1,4330,0.3
O016962,P042,1,5470,0.3
O016963,P053,1,310,0.3
O016964,P096,1,260,0.0
O016965,P008,1,5930,0.0
O016966,P053,1,310,0.1
O016967,P012,2,1160,0.0
O016968,P050,1,570,0.0
O016969,P008,1,5930,0.0
O016970,P047,2,1740,0.05
O016970,P096,1,260,0.2
O016971,P096,1,260,0.05
O016972,P079,3,630,0.05
O016973,P007,1,1390,0.05
O016973,P059,1,240,0.0
O016974,P096,2,260,0.0
O016974,P051,1,700,0.2
O016975,P063,3,500,0.2
O016975,P054,1,480,0.1
O016976,P071,1,450,
O016976,P093,2,350,0.3
O016977,P097,1,1960,0.1
O016978,P040,1,430,0.3
O016979,P088,1,2510,0.3
O016980,P079,1,630,0.2
O016981,P092,1,1210,0.05
O016981,P070,1,800,0.0
O016982,P012,2,1160,0.0
O016983,P052,2,260,0.0
O016984,P079,1,630,0.05
O016984,P054,1,480,0.1
O016984,P080,3,660,0.0
O016985,P094,1,1100,0.05
O016985,P051,3,700,0.0
O016985,P063,2,500,0.1
O016986,P033,1,2190,0.1
O016987,P096,1,260,0.0
O016987,P079,2,630,0.0
O016988,P037,1,470,0.0
O016988,P007,3,1390,0.0
O016989,P053,1,310,0.1
O016989,P086,1,1840,0.0
O016990,P013,1,4850,0.2
O016990,P079,2,630,0.0
O016991,P074,1,890,0.2
O016992,P020,1,1760,0.0
O016993,P021,1,620,0.3
O016993,P079,1,630,0.05
O016994,P088,3,2510,0.2
O016995,P080,1,660,0.05
O016995,P085,1,1400,0.1
O016996,P033,1,2190,0.05
O016997,P030,1,600,0.3
O016997,P096,1,260,0.0
O016998,P022,1,1690,0.0
O016998,P006,1,5860,0.3
O016999,P052,1,260,0.1
O017000,P031,1,700,0.1
O017001,P020,1,1760,0.05
O017002,P085,1,1400,0.2
O017002,P054,1,480,0.0
O017002,P092,2,1210,
O017003,P020,3,1760,0.0
O017004,P012,1,1160,0.0
O017004,P054,1,480,0.0
O017005,P022,1,1690,0.05
O017006,P072,2,3800,0.0
O017007,P079,1,630,0.2
O017008,P034,3,490,0.0
O017009,P092,2,1210,0.3
O017010,P039,1,1980,0.0
O017011,P042,1,5470,0.0
O017012,P050,1,570,0.1
O017013,P079,1,630,0.0
O017013,P008,2,5930,0.0
O017014,P080,1,660,0.3
O017015,P096,1,260,0.0
O017016,P031,3,700,0.1
O017016,P020,1,1760,0.0
O017017,P052,1,260,0.0
O017018,P031,1,700,0.2
O017019,P070,1,800,0.05
O017020,P025,1,1700,0.0
O017020,P033,1,2190,0.05
O017021,P033,1,2190,0.0
O017022,P093,1,350,0.2
O017022,P006,1,5860,0.0
O017022,P020,1,1760,0.1
O017023,P026,2,2100,0.05
O017024,P047,1,1740,0.0
O017025,P008,1,5930,
O017025,P066,3,160,0.0
O017025,P043,1,1220,0.1
O017026,P096,1,260,0.2
O017026,P042,1,5470,0.0
O017027,P094,1,1100,0.0
O017027,P096,2,260,0.0
O017028,P085,1,1400,0.0
O017029,P044,1,260,0.05
O017030,P010,1,6950,0.2
O017031,P047,1,1740,0.0
O017032,P006,1,5860,0.0
O017032,P012,1,1160,0.0
O017033,P047,1,1740,0.3
O017033,P079,2,630,0.0
O017034,P090,1,2690,0.1
O017035,P087,2,1570,0.0
O017035,P069,1,250,0.0
O017036,P046,1,860,0.05
O017037,P082,1,580,0.05
O017038,P012,1,1160,0.2
O017039,P096,3,260,0.0
O017040,P050,2,570,0.05
O017041,P074,1,890,0.0
O017042,P052,2,260,0.0
O017043,P096,1,260,0.3
O017044,P012,1,1160,0.0
O017045,P024,1,540,0.0
O017045,P020,1,1760,0.1
O017046,P002,1,4330,0.3
O017047,P037,1,470,0.0
O017047,P069,1,250,0.0
O017047,P054,1,480,0.1
O017048,P004,1,1090,0.0
O017048,P079,1,630,0.0
O017048,P028,1,430,0.1
O017049,P052,2,260,0.0
O017050,P079,3,630,0.0
O017051,P051,2,700,0.1
O017051,P043,1,1220,0.05
O017052,P098,1,930,0.0
O017052,P034,1,490,0.05
O017053,P075,1,2130,0.0
O017053,P096,1,260,0.0
O017054,P077,1,4260,0.0
O017055,P028,1,430,0.0
O017056,P040,2,430,0.0
O017057,P012,1,1160,0.0
O017057,P016,1,650,0.0
O017058,P033,1,2190,0.0
O017059,P079,1,630,0.2
O017059,P081,1,2850,0.1
O017060,P010,2,6950,0.0
O017061,P079,1,630,0.0
O017062,P051,1,700,0.05
O017063,P008,1,5930,0.1
O017064,P080,2,660,0.0
O017065,P097,3,1960,0.0
O017066,P080,1,660,0.0
O017067,P007,1,1390,0.0
O017068,P008,1,5930,0.1
O017068,P003,1,8480,0.3
O017069,P043,2,1220,0.0
O017069,P047,1,1740,0.0
O017069,P092,1,1210,0.2
O017070,P092,1,1210,0.05
O017071,P007,1,1390,0.0
O017071,P024,1,540,0.0
O017072,P010,3,6950,0.0
O017073,P043,1,1220,0.1
O017073,P055,1,210,0.05
O017074,P052,1,260,0.0
O017074,P057,1,360,0.05
O017075,P053,1,310,0.0
O017075,P078,3,3260,0.0
O017076,P070,1,800,0.3
O017077,P081,1,2850,0.0
O017077,P074,2,890,0.0
O017077,P096,1,260,0.05
O017078,P051,2,700,0.0
O017079,P050,2,570,0.05
O017080,P096,3,260,0.2
O017081,P033,1,2190,0.05
O017082,P085,1,1400,0.0
O017083,P070,1,800,0.0
O017084,P020,1,1760,0.2
O017085,P038,1,940,0.05
O017086,P096,2,260,0.0
O017086,P019,2,2290,0.1
O017086,P087,1,1570,0.1
O017086,P084,1,540,0.3
O017087,P096,1,260,0.0
O017087,P002,3,4330,0.05
O017087,P066,1,160,0.0
O017088,P088,3,2510,0.0
O017089,P047,1,1740,0.1
O017089,P020,1,1760,0.1
O017089,P081,1,2850,0.1
O017090,P006,2,5860,0.3
O017091,P033,1,2190,0.0
O017092,P045,1,630,0.05
O017093,P063,1,500,0.1
O017093,P045,1,630,0.0
O017094,P017,3,1030,0.1
O017094,P034,2,490,0.05
O017095,P095,1,1840,0.0
O017095,P074,1,890,0.1
O017096,P033,1,2190,0.0
O017097,P007,1,1390,0.05
O017098,P078,2,3260,
O017098,P040,1,430,0.05
O017098,P080,1,660,0.0
O017099,P028,1,430,0.3
O017100,P079,1,630,0.0
O017101,P054,1,480,0.0
O017102,P007,1,1390,0.0
O017102,P011,2,1280,0.0
O017102,P052,2,260,0.0
O017102,P047,2,1740,0.05
O017103,P010,1,6950,0.0
O017103,P096,1,260,0.05
O017104,P020,1,1760,0.0
O017105,P047,1,1740,0.05
O017105,P020,1,1760,0.05
O017106,P052,1,260,0.0
O017106,P047,2,1740,0.0
O017107,P033,3,2190,0.0
O017107,P004,1,1090,0.1
O017108,P096,2,260,0.1
O017108,P052,3,260,0.2
O017108,P008,1,5930,0.0
O017109,P020,1,1760,0.0
O017109,P092,1,1210,0.2
O017109,P080,1,660,0.0
O017110,P096,1,260,0.0
O017111,P038,1,940,0.05
O017111,P096,1,260,0.1
O017112,P010,3,6950,0.0
O017112,P034,1,490,0.0
O017113,P018,1,790,0.0
O017114,P096,2,260,
O017115,P090,2,2690,0.0
O017116,P047,1,1740,0.0
O017117,P052,2,260,0.05
O017118,P045,1,630,0.0
O017119,P008,1,5930,0.0
O017119,P059,1,240,0.3
O017120,P065,1,180,0.05
O017121,P088,2,2510,0.05
O017122,P045,1,630,0.1
O017123,P034,1,490,0.2
O017123,P012,1,1160,0.1
O017123,P028,2,430,0.2
O017124,P020,1,1760,0.0
O017124,P075,1,2130,0.0
O017125,P052,1,260,0.0
O017126,P096,2,260,0.1
O017127,P079,1,630,0.0
O017127,P082,1,580,0.0
O017127,P073,1,3790,0.2
O017128,P084,2,540,
O017128,P080,1,660,0.1
O017129,P090,1,2690,0.2
O017130,P052,1,260,0.05
O017131,P096,1,260,0.0
O017132,P030,1,600,0.1
O017133,P071,1,450,0.1
O017133,P069,3,250,0.2
O017134,P088,1,2510,0.0
O017134,P077,1,4260,0.05
O017134,P054,1,480,0.05
O017135,P020,1,1760,0.3
O017135,P072,1,3800,0.3
O017136,P084,1,540,0.05
O017136,P020,1,1760,0.3
O017137,P033,1,2190,0.0
O017138,P079,1,630,0.0
O017138,P012,1,1160,0.2
O017139,P033,1,2190,0.1
O017140,P076,1,2640,0.0
O017140,P090,1,2690,0.3
O017141,P061,3,660,0.0
O017142,P047,1,1740,0.1
O017142,P082,2,580,0.0
O017143,P095,1,1840,0.0
O017143,P051,2,700,0.0
O017143,P090,1,2690,0.2
O017144,P062,1,400,0.05
O017144,P010,1,6950,0.0
O017145,P033,2,2190,0.05
O017145,P052,1,260,0.0
O017146,P020,1,1760,0.1
O017146,P051,1,700,0.1
O017146,P047,1,1740,0.0
O017146,P036,1,490,0.1
O017147,P052,1,260,0.0
O017147,P047,1,1740,0.05
O017148,P052,1,260,0.1
O017149,P020,2,1760,0.1
O017149,P042,1,5470,0.0
O017150,P040,3,430,0.0
O017151,P015,1,600,0.0
O017152,P079,1,630,0.0
O017152,P033,1,2190,0.0
O017153,P010,1,6950,0.05
O017153,P008,2,5930,0.0
O017154,P008,1,5930,0.2
O017155,P096,2,260,0.0
O017155,P032,1,1590,0.0
O017156,P008,1,5930,0.2
O017156,P088,1,2510,0.05
O017157,P047,3,1740,0.0
O017158,P040,1,430,0.1
O017159,P069,1,250,0.0
O017159,P002,1,4330,0.0
O017160,P020,2,1760,0.0
O017161,P096,1,260,0.0
O017162,P048,1,600,0.0
O017163,P079,2,630,0.2
O017163,P088,2,2510,0.1
O017164,P019,1,2290,0.05
O017165,P002,1,4330,0.0
O017166,P096,1,260,0.1
O017167,P076,1,2640,0.0
O017168,P002,1,4330,0.0
O017168,P026,1,2100,0.3
O017169,P061,1,660,0.0
O017170,P051,2,700,0.1
O017170,P005,1,1960,0.0
O017170,P008,2,5930,0.2
O017171,P006,1,5860,0.1
O017171,P085,1,1400,0.0
O017171,P080,1,660,0.1
O017172,P051,1,700,0.3
O017173,P041,2,4560,0.05
O017174,P033,1,2190,0.05
O017175,P033,2,2190,0.0
O017175,P032,1,1590,0.05
O017176,P078,2,3260,0.3
O017176,P054,2,480,0.0
O017177,P033,1,2190,0.0
O017177,P055,2,210,0.1
O017177,P006,2,5860,0.0
O017178,P050,1,570,0.0
O017179,P010,1,6950,0.2
O017180,P096,1,260,0.0
O017181,P052,1,260,0.0
O017182,P005,2,1960,0.0
O017183,P096,1,260,0.0
O017183,P045,1,630,0.1
O017183,P028,2,430,0.1
O017184,P039,2,1980,0.0
O017184,P051,1,700,0.1
O017184,P050,1,570,0.0
O017185,P020,1,1760,0.2
O017186,P012,2,1160,0.3
O017187,P014,2,1960,0.05
O017187,P079,2,630,0.0
O017187,P039,2,1980,0.0
O017188,P006,1,5860,0.2
O017188,P023,1,2180,0.05
O017189,P011,1,1280,0.05
O017189,P052,1,260,0.0
O017189,P079,2,630,0.0
O017189,P045,1,630,0.0
O017190,P088,2,2510,0.1
O017190,P060,1,330,0.1
O017191,P051,1,700,0.2
O017192,P052,3,260,0.0
O017192,P047,1,1740,0.0
O017193,P003,1,8480,0.0
O017194,P058,1,420,0.2
O017195,P003,3,8480,0.2
O017195,P067,1,290,0.05
O017195,P004,1,1090,0.05
O017195,P002,1,4330,0.05
O017196,P020,1,1760,0.2
O017196,P098,3,930,0.0
O017196,P052,1,260,0.0
O017197,P002,1,4330,0.05
O017198,P040,2,430,0.0
O017199,P049,1,870,0.1
O017199,P050,1,570,
O017200,P090,1,2690,0.2
O017201,P073,1,3790,0.1
O017201,P020,2,1760,0.0
O017201,P052,1,260,0.0
O017202,P010,1,6950,0.2
O017203,P009,2,5010,0.05
O017204,P049,3,870,0.0
O017205,P022,1,1690,0.2
O017206,P020,2,1760,0.0
O017206,P022,1,1690,0.2
O017207,P020,1,1760,0.2
O017208,P033,1,2190,0.0
O017208,P008,1,5930,0.0
O017208,P043,3,1220,0.2
O017209,P092,1,1210,0.0
O017210,P057,1,360,0.0
O017211,P045,1,630,0.2
O017212,P007,3,1390,0.05
O017212,P096,1,260,0.0
O017212,P020,1,1760,0.0
O017213,P059,1,240,0.0
O017213,P042,1,5470,0.1
O017214,P043,2,1220,0.05
O017215,P048,1,600,0.3
O017216,P047,1,1740,0.0
O017216,P028,3,430,0.0
O017217,P082,1,580,0.0
O017217,P012,1,1160,0.05
O017218,P069,1,250,0.3
O017219,P047,1,1740,0.0
O017220,P088,1,2510,0.0
O017221,P001,1,5210,0.0
O017221,P071,1,450,0.0
O017221,P031,2,700,0.0
O017222,P002,1,4330,0.1
O017223,P096,1,260,0.0
O017223,P079,2,630,0.1
O017224,P054,1,480,0.1
O017225,P053,1,310,0.0
O017225,P047,1,1740,0.0
O017226,P045,1,630,0.0
O017226,P057,1,360,0.0
O017226,P033,3,2190,0.0
O017227,P052,1,260,0.0
O017228,P022,3,1690,0.0
O017228,P054,1,480,0.2
O017229,P074,1,890,0.2
O017229,P006,3,5860,0.0
O017229,P096,1,260,0.05
O017230,P023,1,2180,0.05
O017231,P034,1,490,0.0
O017232,P047,1,1740,0.1
O017233,P051,2,700,0.1
O017233,P034,2,490,0.0
O017233,P088,1,2510,0.1
O017234,P098,2,930,0.0
O017234,P043,1,1220,0.0
O017235,P092,1,1210,0.0
O017235,P096,1,260,0.1
O017236,P018,1,790,0.0
O017236,P077,1,4260,0.3
O017237,P076,1,2640,0.0
O017237,P082,1,580,
O017238,P085,1,1400,0.0
O017239,P092,2,1210,0.0
O017239,P015,2,600,0.0
O017240,P033,2,2190,0.05
O017240,P084,1,540,0.0
O017241,P079,2,630,0.0
O017241,P028,1,430,0.05
O017242,P001,2,5210,0.0
O017243,P052,3,260,0.2
O017244,P051,2,700,0.0
O017245,P020,1,1760,0.0
O017246,P047,1,1740,0.0
O017247,P010,1,6950,0.0
O017248,P022,2,1690,0.0
O017249,P020,1,1760,0.0
O017250,P098,2,930,0.2
O017251,P092,1,1210,0.0
O017252,P033,1,2190,0.3
O017252,P096,3,260,0.0
O017253,P098,1,930,0.0
O017253,P077,1,4260,0.1
O017254,P098,3,930,0.2
O017255,P052,1,260,0.0
O017255,P030,2,600,0.05
O017255,P024,1,540,0.0
O017256,P052,1,260,0.0
O017257,P096,1,260,0.0
O017258,P096,3,260,0.3
O017258,P007,2,1390,0.3
O017259,P051,1,700,0.3
O017259,P079,1,630,0.0
O017260,P033,1,2190,0.0
O017261,P096,1,260,0.1
O017262,P083,1,710,0.0
O017263,P031,1,700,0.0
O017264,P008,3,5930,0.0
O017265,P012,1,1160,0.2
O017265,P079,1,630,0.0
O017265,P046,1,860,0.0
O017266,P070,1,800,0.1
O017266,P080,1,660,0.1
O017267,P047,1,1740,0.0
O017267,P034,3,490,0.0
O017268,P055,1,210,0.0
O017269,P054,1,480,
O017270,P031,1,700,0.0
O017270,P045,1,630,0.1
O017271,P075,1,2130,0.0
O017272,P068,1,260,0.0
O017273,P096,1,260,0.1
O017273,P079,3,630,0.05
O017274,P094,2,1100,0.2
O017275,P008,1,5930,0.1
O017275,P007,1,1390,0.1
O017276,P088,3,2510,0.1
O017277,P047,1,1740,0.05
O017278,P085,1,1400,0.0
O017279,P051,1,700,0.0
O017280,P052,1,260,0.0
O017281,P006,1,5860,0.0
O017282,P036,3,490,0.0
O017282,P047,1,1740,0.1
O017283,P061,1,660,0.0
O017284,P052,1,260,0.05
O017284,P040,1,430,0.0
O017285,P052,1,260,0.0
O017285,P051,2,700,0.3
O017286,P009,1,5010,0.05
O017287,P052,2,260,0.0
O017288,P047,2,1740,0.05
O017289,P078,1,3260,0.0
O017289,P002,1,4330,0.0
O017290,P047,1,1740,0.05
O017290,P038,1,940,0.0
O017291,P054,1,480,0.3
O017291,P020,1,1760,0.2
O017292,P084,2,540,0.1
O017292,P085,1,1400,0.0
O017292,P088,1,2510,0.1
O017293,P007,1,1390,0.0
O017294,P096,1,260,0.0
O017295,P080,1,660,0.0
O017296,P079,1,630,0.05
O017296,P052,3,260,0.0
O017297,P019,2,2290,0.2
O017297,P079,2,630,0.0
O017298,P011,1,1280,0.05
O017299,P052,1,260,0.2
O017299,P074,1,890,0.05
O017300,P040,1,430,0.0
O017301,P055,1,210,0.0
O017301,P068,1,260,0.2
O017301,P003,1,8480,0.0
O017302,P010,3,6950,0.0
O017302,P007,3,1390,0.0
O017303,P008,1,5930,0.0
O017304,P080,3,660,0.1
O017305,P033,1,2190,0.0
O017306,P028,1,430,0.3
O017306,P077,1,4260,0.0
O017306,P012,1,1160,0.3
O017307,P054,1,480,0.0
O017308,P088,1,2510,0.0
O017309,P052,1,260,0.2
O017310,P079,1,630,0.0
O017311,P020,1,1760,0.0
O017311,P078,1,3260,0.2
O017312,P035,1,390,0.2
O017313,P096,1,260,0.2
O017313,P078,2,3260,0.1
O017314,P069,1,250,0.1
O017315,P020,1,1760,0.2
O017316,P007,1,1390,0.0
O017317,P047,1,1740,0.0
O017318,P098,1,930,0.05
O017318,P008,2,5930,0.3
O017318,P096,1,260,0.1
O017319,P036,3,490,0.0
O017320,P034,1,490,0.1
O017320,P020,1,1760,0.05
O017320,P031,2,700,0.0
O017321,P020,1,1760,0.05
O017322,P018,1,790,0.1
O017323,P088,1,2510,0.0
O017324,P082,1,580,0.0
O017324,P096,1,260,0.0
O017325,P079,1,630,0.2
O017326,P047,1,1740,0.1
O017327,P008,1,5930,0.05
O017327,P070,1,800,0.05
O017327,P019,2,2290,0.0
O017328,P028,1,430,0.05
O017329,P080,1,660,0.0
O017329,P007,2,1390,0.0
O017330,P084,1,540,0.05
O017331,P008,1,5930,0.1
O017332,P047,1,1740,0.2
O017333,P002,2,4330,0.05
O017333,P084,1,540,0.2
O017334,P020,2,1760,0.2
O017334,P002,1,4330,0.0
O017335,P057,2,360,0.0
O017335,P080,1,660,0.2
O017336,P080,2,660,0.0
O017336,P003,1,8480,0.0
O017337,P080,1,660,0.2
O017338,P033,1,2190,0.0
O017339,P052,1,260,0.0
O017340,P072,1,3800,0.2
O017340,P071,1,450,0.05
O017340,P060,1,330,0.05
O017341,P053,2,310,0.0
O017342,P047,-1,1740,0.0
O017342,P007,1,1390,0.3
O017343,P096,1,260,0.1
O017344,P082,1,580,0.0
O017344,P092,2,1210,0.05
O017344,P003,1,8480,0.0
O017345,P003,2,8480,0.1
O017346,P053,1,310,0.1
O017346,P096,2,260,0.0
O017347,P081,1,2850,0.1
O017348,P096,1,260,0.1
O017349,P069,1,250,0.2
O017349,P079,1,630,0.0
O017349,P008,1,5930,0.2
O017350,P033,1,2190,0.0
O017350,P034,1,490,0.05
O017351,P096,1,260,0.05
O017352,P008,1,5930,0.0
O017353,P033,1,2190,0.05
O017353,P096,1,260,0.1
O017354,P054,1,480,0.2
O017354,P038,1,940,0.2
O017355,P067,1,290,0.3
O017355,P008,1,5930,0.05
O017356,P021,1,620,0.0
O017357,P098,2,930,0.0
O017357,P088,3,2510,0.05
O017358,P006,1,5860,0.2
O017358,P051,2,700,0.2
O017359,P085,1,1400,0.0
O017359,P047,1,1740,0.0
O017360,P094,1,1100,0.2
O017360,P052,1,260,0.0
O017361,P001,2,5210,0.05
O017361,P028,2,430,0.3
O017362,P022,1,1690,0.0
O017363,P040,1,430,0.3
O017363,P003,2,8480,0.0
O017364,P082,3,580,0.05
O017364,P016,1,650,0.0
O017365,P028,1,430,0.0
O017366,P096,1,260,0.1
O017366,P079,1,630,0.05
O017367,P081,1,2850,0.1
O017367,P013,1,4850,0.0
O017367,P096,1,260,0.2
O017368,P076,1,2640,0.0
O017368,P020,1,1760,0.0
O017369,P096,2,260,0.1
O017370,P051,1,700,0.0
O017370,P002,1,4330,0.0
O017371,P090,3,2690,0.3
O017371,P037,1,470,0.0
O017371,P096,2,260,0.3
O017371,P092,1,1210,0.1
O017372,P079,1,630,0.0
O017372,P039,1,1980,0.2
O017373,P043,1,1220,0.0
O017374,P048,1,600,0.0
O017375,P009,3,5010,0.05
O017376,P040,1,430,0.05
O017377,P020,1,1760,0.0
O017378,P007,1,1390,0.0
O017378,P075,1,2130,0.2
O017379,P072,1,3800,0.0
O017380,P079,1,630,0.1
O017380,P002,2,4330,0.0
O017381,P055,1,210,0.2
O017382,P009,1,5010,0.1
O017383,P085,1,1400,0.0
O017384,P079,2,630,0.2
O017385,P084,1,540,0.1
O017386,P025,1,1700,0.0
O017387,P096,2,260,0.0
O017387,P088,1,2510,0.0
O017388,P020,2,1760,0.2
O017388,P006,1,5860,0.0
O017389,P032,3,1590,0.05
O017390,P022,1,1690,0.05
O017390,P015,2,600,0.2
O017391,P050,2,570,0.05
O017392,P096,1,260,0.0
O017393,P096,1,260,0.0
O017393,P023,3,2180,0.0
O017394,P090,1,2690,0.0
O017394,P096,1,260,0.1
O017394,P054,1,480,0.0
O017395,P052,2,260,0.05
O017396,P047,2,1740,0.1
O017397,P081,2,2850,0.0
O017397,P092,1,1210,0.1
O017397,P055,1,210,0.1
O017397,P006,1,5860,0.0
O017398,P010,1,6950,0.0
O017398,P095,2,1840,0.1
O017399,P052,2,260,0.05
O017400,P097,1,1960,0.0
O017400,P082,1,580,0.1
O017401,P020,1,1760,0.05
O017401,P047,1,1740,0.0
O017402,P092,1,1210,0.0
O017402,P096,1,260,0.0
O017403,P033,1,2190,0.0
O017404,P062,1,400,0.0
O017404,P044,1,260,0.0
O017404,P091,1,2490,0.3
O017404,P003,2,8480,0.05
O017405,P054,1,480,0.05
O017406,P082,1,580,0.2
O017407,P010,1,6950,0.0
O017408,P036,1,490,0.0
O017409,P092,3,1210,0.0
O017410,P083,1,710,0.1
O017410,P001,1,5210,0.3
O017411,P008,1,5930,0.2
O017412,P092,1,1210,0.0
O017412,P007,1,1390,0.1
O017413,P047,1,1740,0.0
O017413,P052,1,260,0.05
O017414,P033,1,2190,0.05
O017414,P008,2,5930,0.05
O017414,P020,1,1760,0.0
O017415,P002,2,4330,0.0
O017416,P051,2,700,0.0
O017416,P056,1,1440,0.0
O017416,P028,1,430,0.1
O017417,P074,1,890,0.0
O017417,P045,1,630,0.1
O017417,P079,1,630,0.1
O017418,P012,1,1160,0.0
O017419,P045,1,630,0.0
O017419,P076,1,2640,0.0
O017420,P095,1,1840,0.0
O017420,P074,1,890,0.2
O017420,P020,1,1760,0.1
O017421,P020,3,1760,0.0
O017421,P052,1,260,0.3
O017422,P008,1,5930,0.0
O017423,P043,1,1220,0.2
O017423,P020,1,1760,0.0
O017423,P071,3,450,0.0
O017423,P002,2,4330,0.0
O017424,P012,1,1160,0.0
O017424,P084,1,540,0.0
O017424,P096,2,260,0.0
O017425,P096,1,260,0.1
O017425,P020,2,1760,0.05
O017426,P001,1,5210,0.0
O017426,P033,1,2190,0.05
O017427,P047,2,1740,0.2
O017427,P007,1,1390,0.0
O017428,P012,1,1160,0.1
O017429,P078,3,3260,0.3
O017429,P033,2,2190,0.1
O017430,P054,1,480,0.0
O017430,P008,1,5930,0.05
O017431,P053,1,310,0.0
O017431,P051,2,700,0.0
O017432,P088,1,2510,0.05
O017433,P011,1,1280,0.3
O017434,P052,1,260,0.1
O017435,P075,1,2130,0.0
O017436,P078,2,3260,0.05
O017436,P026,1,2100,0.2
O017436,P020,1,1760,0.0
O017437,P012,1,1160,0.2
O017438,P084,1,540,0.2
O017438,P020,2,1760,0.05
O017439,P079,2,630,0.2
O017439,P020,1,1760,0.3
O017439,P009,2,5010,0.0
O017440,P085,3,1400,0.0
O017440,P077,1,4260,0.0
O017440,P022,1,1690,0.1
O017441,P002,1,4330,0.0
O017442,P042,1,5470,0.0
O017442,P020,1,1760,0.0
O017442,P010,1,6950,0.0
O017442,P096,1,260,0.0
O017442,P051,1,700,0.1
O017443,P010,1,6950,0.1
O017444,P079,1,630,0.2
O017445,P018,1,790,0.3
O017445,P079,2,630,0.0
O017446,P002,1,4330,0.3
O017446,P047,1,1740,0.0
O017447,P008,1,5930,0.2
O017447,P020,1,1760,0.0
O017448,P043,2,1220,0.1
O017448,P029,3,570,0.05
O017449,P047,1,1740,0.0
O017449,P036,2,490,0.2
O017449,P026,1,2100,0.0
O017449,P080,3,660,0.3
O017450,P096,1,260,0.2
O017451,P007,1,1390,0.0
O017451,P050,2,570,0.3
O017452,P052,1,260,0.1
O017453,P033,1,2190,0.0
O017453,P077,3,4260,0.3
O017454,P052,2,260,0.05
O017454,P047,3,1740,0.2
O017455,P079,1,630,0.1
O017456,P044,2,260,0.1
O017456,P008,2,5930,0.05
O017456,P012,1,1160,0.2
O017457,P033,1,2190,0.1
O017458,P012,2,1160,0.2
O017459,P082,2,580,0.0
O017460,P008,1,5930,0.1
O017461,P031,1,700,0.0
O017461,P033,1,2190,0.0
O017461,P069,1,250,0.05
O017462,P033,1,2190,0.0
O017463,P033,1,2190,0.1
O017463,P053,1,310,0.0
O017464,P088,1,2510,0.0
O017464,P033,2,2190,0.0
O017465,P047,2,1740,0.3
O017465,P021,2,620,0.0
O017466,P079,1,630,0.0
O017467,P031,1,700,0.0
O017467,P096,2,260,0.1
O017468,P092,2,1210,0.0
O017469,P020,1,1760,0.05
O017469,P085,1,1400,0.0
O017470,P052,1,260,0.3
O017470,P043,1,1220,0.0
O017471,P074,3,890,0.3
O017472,P012,2,1160,0.1
O017473,P052,1,260,0.0
O017474,P052,1,260,0.0
O017474,P043,1,1220,0.0
O017475,P081,1,2850,0.0
O017475,P045,1,630,0.0
O017476,P090,2,2690,0.0
O017477,P006,2,5860,0.1
O017477,P025,3,1700,0.1
O017478,P042,1,5470,0.05
O017478,P020,1,1760,0.1
O017478,P062,1,400,0.2
O017479,P020,1,1760,0.2
O017479,P046,1,860,0.2
O017480,P054,1,480,0.0
O017480,P051,2,700,0.05
O017481,P033,1,2190,0.05
O017481,P096,2,260,0.0
O017482,P022,3,1690,0.1
O017483,P062,1,400,0.05
O017483,P028,1,430,0.05
O017484,P051,1,700,0.05
O017484,P079,1,630,0.1
O017485,P052,1,260,0.1
O017486,P074,1,890,0.0
O017487,P051,1,700,0.3
O017488,P051,1,700,0.0
O017489,P052,1,260,0.2
O017490,P096,2,260,0.1
O017491,P053,2,310,0.05
O017492,P008,1,5930,0.0
O017493,P031,1,700,0.2
O017493,P011,3,1280,0.3
O017493,P092,1,1210,0.0
O017494,P002,2,4330,0.0
O017494,P052,1,260,0.0
O017494,P006,3,5860,0.05
O017495,P039,1,1980,0.05
O017495,P059,2,240,0.0
O017496,P020,3,1760,0.1
O017497,P070,1,800,0.2
O017497,P052,2,260,0.2
O017498,P012,1,1160,0.3
O017499,P007,1,1390,0.0
O017500,P033,1,2190,0.1
O017500,P010,1,6950,0.0
O017501,P052,1,260,0.0
O017501,P031,1,700,0.3
O017501,P033,3,2190,0.0
O017502,P096,1,260,0.1
O017502,P047,3,1740,0.1
O017503,P082,1,580,0.0
O017504,P033,1,2190,0.0
O017505,P007,1,1390,0.0
O017506,P057,1,360,0.2
O017506,P008,3,5930,0.0
O017507,P050,3,570,0.0
O017508,P036,3,490,0.0
O017509,P088,2,2510,0.1
O017510,P090,1,2690,0.0
O017510,P069,1,250,0.0
O017511,P059,1,240,0.0
O017511,P033,1,2190,0.0
O017512,P033,2,2190,0.3
O017512,P038,1,940,0.2
O017513,P020,3,1760,0.0
O017514,P084,1,540,0.05
O017515,P074,1,890,0.3
O017515,P051,2,700,0.0
O017516,P054,1,480,0.0
O017516,P079,1,630,0.0
O017516,P035,1,390,0.3
O017517,P023,1,2180,0.0
O017517,P052,1,260,0.05
O017518,P037,1,470,0.3
O017519,P051,1,700,0.0
O017520,P024,2,540,0.2
O017521,P052,1,260,0.0
O017522,P092,1,1210,0.05
O017523,P028,1,430,0.0
O017523,P088,1,2510,0.0
O017524,P079,1,630,0.05
O017524,P033,1,2190,0.0
O017525,P032,1,1590,0.1
O017525,P051,1,700,0.05
O017525,P024,1,540,0.0
O017526,P051,2,700,0.0
O017527,P098,1,930,0.0
O017527,P096,1,260,0.05
O017528,P076,2,2640,0.1
O017529,P012,3,1160,0.05
O017530,P010,1,6950,0.0
O017530,P033,2,2190,0.0
O017531,P072,2,3800,0.0
O017532,P008,2,5930,0.05
O017533,P036,2,490,0.0
O017533,P096,2,260,0.0
O017534,P079,3,630,0.0
O017535,P002,1,4330,0.0
O017536,P038,2,940,0.0
O017536,P010,1,6950,0.0
O017536,P079,1,630,0.1
O017537,P033,2,2190,0.1
O017538,P070,1,800,0.05
O017538,P008,1,5930,0.05
O017538,P096,3,260,0.05
O017539,P080,1,660,0.0
O017540,P096,1,260,0.0
O017541,P007,3,1390,0.1
O017542,P012,1,1160,0.3
O017542,P021,1,620,0.0
O017543,P096,2,260,
O017543,P030,1,600,0.05
O017543,P075,1,2130,0.2
O017543,P035,1,390,0.1
O017544,P015,3,600,0.3
O017545,P082,2,580,0.0
O017546,P063,1,500,0.0
O017546,P008,2,5930,0.0
O017546,P052,1,260,0.2
O017547,P019,1,2290,0.0
O017548,P029,2,570,0.0
O017548,P057,1,360,0.1
O017549,P002,1,4330,0.0
O017549,P079,1,630,0.05
O017550,P096,1,260,
O017550,P020,3,1760,0.05
O017550,P001,1,5210,0.0
O017551,P070,1,800,0.0
O017551,P011,1,1280,0.1
O017551,P021,1,620,0.0
O017552,P086,1,1840,0.1
O017553,P074,1,890,0.0
O017554,P079,1,630,0.0
O017555,P020,1,1760,0.0
O017556,P047,2,1740,0.0
O017557,P052,1,260,0.0
O017558,P028,2,430,0.1
O017558,P071,1,450,0.0
O017559,P097,2,1960,0.0
O017559,P025,1,1700,0.0
O017559,P013,1,4850,0.05
O017560,P092,1,1210,0.05
O017560,P014,1,1960,0.1
O017561,P079,3,630,0.0
O017561,P008,1,5930,0.05
O017562,P069,2,250,0.05
O017563,P096,2,260,0.0
O017563,P051,1,700,0.1
O017563,P028,1,430,0.0
O017563,P055,1,210,0.0
O017564,P020,2,1760,0.05
O017565,P096,1,260,0.2
O017565,P010,1,6950,0.0
O017565,P029,1,570,0.3
O017566,P022,3,1690,0.0
O017566,P079,2,630,0.05
O017567,P047,2,1740,0.0
O017568,P022,2,1690,0.0
O017568,P015,1,600,0.0
O017568,P096,2,260,0.1
O017569,P008,1,5930,0.0
O017569,P003,1,8480,0.0
O017570,P076,1,2640,0.0
O017570,P080,1,660,0.05
O017571,P007,1,1390,0.2
O017571,P088,1,2510,0.05
O017571,P047,3,1740,0.0
O017572,P050,1,570,0.3
O017573,P054,1,480,0.3
O017573,P050,1,570,0.1
O017574,P096,1,260,0.1
O017574,P008,1,5930,0.0
O017574,P047,1,1740,0.0
O017575,P052,1,260,0.0
O017575,P033,1,2190,0.1
O017576,P088,1,2510,0.0
O017577,P020,3,1760,0.0
O017577,P070,1,800,0.0
O017577,P096,1,260,0.05
O017577,P003,1,8480,0.2
O017578,P080,1,660,0.05
O017579,P028,2,430,0.0
O017579,P062,2,400,0.0
O017580,P002,2,4330,0.1
O017581,P024,1,540,0.0
O017582,P025,2,1700,0.2
O017583,P006,1,5860,0.05
O017583,P031,1,700,0.0
O017583,P050,1,570,0.0
O017584,P096,3,260,0.1
O017585,P079,1,630,0.2
O017586,P031,1,700,0.0
O017586,P008,1,5930,0.0
O017587,P008,1,5930,
O017588,P045,1,630,0.0
O017589,P033,1,2190,0.0
O017589,P018,1,790,0.2
O017590,P012,1,1160,0.1
O017591,P096,1,260,0.2
O017591,P078,1,3260,0.0
O017592,P033,3,2190,0.0
O017592,P078,1,3260,0.0
O017593,P096,1,260,0.2
O017593,P015,1,600,0.0
O017593,P047,1,1740,0.0
O017594,P047,1,1740,0.0
O017594,P074,1,890,0.1
O017595,P095,1,1840,0.2
O017596,P010,1,6950,0.1
O017597,P084,2,540,0.0
O017598,P092,1,1210,0.0
O017598,P002,2,4330,0.0
O017599,P051,1,700,0.05
O017600,P082,1,580,0.1
O017600,P058,3,420,0.0
O017601,P011,1,1280,0.0
O017602,P096,1,260,0.05
O017603,P020,1,1760,0.0
O017604,P012,1,1160,0.05
O017604,P054,1,480,0.0
O017604,P020,1,1760,0.0
O017605,P051,1,700,0.0
O017606,P028,1,430,0.05
O017606,P008,1,5930,0.0
O017607,P078,1,3260,0.05
O017608,P061,1,660,0.1
O017609,P079,1,630,0.3
O017610,P096,1,260,0.05
O017611,P096,1,260,0.0
O017612,P052,2,260,0.05
O017613,P002,1,4330,0.0
O017614,P085,1,1400,0.05
O017614,P079,1,630,0.2
O017615,P031,1,700,0.0
O017616,P002,1,4330,0.0
O017617,P078,1,3260,0.0
O017618,P018,1,790,0.0
O017618,P020,1,1760,0.0
O017619,P096,1,260,0.2
O017620,P030,1,600,
O017621,P010,2,6950,0.1
O017621,P052,3,260,0.0
O017621,P079,1,630,0.0
O017622,P081,1,2850,
O017622,P039,1,1980,0.0
O017622,P079,1,630,0.0
O017623,P040,1,430,0.0
O017624,P072,1,3800,0.0
O017625,P006,1,5860,0.2
O017626,P088,1,2510,0.0
O017626,P003,1,8480,0.0
O017627,P047,1,1740,0.0
O017628,P031,1,700,0.0
O017628,P096,2,260,0.0
O017629,P096,1,260,0.0
O017630,P079,1,630,0.0
O017631,P081,1,2850,0.0
O017632,P020,1,1760,0.0
O017633,P031,1,700,0.05
O017634,P006,2,5860,0.0
O017635,P074,1,890,0.0
O017635,P094,2,1100,0.2
O017636,P079,1,630,0.05
O017637,P047,2,1740,0.1
O017638,P007,1,1390,0.0
O017638,P014,1,1960,0.2
O017639,P096,1,260,0.0
O017639,P052,3,260,0.2
O017640,P006,2,5860,0.1
O017640,P051,3,700,0.0
O017640,P012,1,1160,0.1
O017641,P051,2,700,0.0
O017641,P053,1,310,0.05
O017642,P072,2,3800,0.05
O017642,P081,1,2850,0.0
O017643,P052,2,260,0.3
O017643,P096,1,260,0.2
O017643,P012,1,1160,0.2
O017643,P088,2,2510,0.05
O017644,P052,2,260,0.0
O017644,P028,1,430,0.0
O017645,P007,1,1390,0.0
O017646,P079,1,630,0.1
O017647,P055,1,210,0.05
O017647,P010,1,6950,0.0
O017648,P096,2,260,
O017649,P057,1,360,0.1
O017650,P033,1,2190,0.05
O017651,P047,1,1740,0.0
O017652,P094,3,1100,0.0
O017652,P047,1,1740,0.0
O017653,P080,1,660,0.0
O017654,P061,1,660,0.05
O017655,P037,1,470,0.0
O017656,P030,3,600,0.0
O017656,P038,1,940,0.0
O017657,P074,1,890,0.0
O017657,P020,1,1760,0.2
O017658,P012,1,1160,0.2
O017658,P095,1,1840,0.0
O017659,P079,1,630,0.0
O017660,P007,1,1390,0.1
O017661,P051,2,700,0.2
O017662,P049,2,870,0.0
O017663,P011,1,1280,
O017663,P051,2,700,0.2
O017664,P079,2,630,0.1
O017664,P074,1,890,0.0
O017664,P020,1,1760,0.0
O017665,P028,1,430,0.05
O017666,P008,1,5930,0.2
O017666,P079,1,630,0.05
O017666,P025,1,1700,0.0
O017667,P074,1,890,0.0
O017668,P036,1,490,0.1
O017669,P012,1,1160,0.1
O017669,P019,3,2290,0.2
O017670,P092,2,1210,0.0
O017671,P011,3,1280,0.0
O017671,P092,3,1210,0.2
O017672,P081,2,2850,0.1
O017673,P096,1,260,0.0
O017674,P045,1,630,0.0
O017675,P048,3,600,0.0
O017675,P047,1,1740,0.0
O017676,P040,2,430,0.3
O017677,P051,3,700,0.0
O017677,P076,1,2640,0.2
O017678,P052,1,260,0.0
O017679,P047,1,1740,0.0
O017680,P022,1,1690,0.0
O017680,P047,2,1740,0.3
O017681,P055,1,210,0.0
O017682,P079,2,630,0.0
O017682,P052,2,260,0.1
O017683,P051,3,700,0.0
O017683,P006,1,5860,0.1
O017684,P029,1,570,0.05
O017685,P009,2,5010,0.0
O017685,P092,1,1210,0.3
O017685,P096,1,260,0.0
O017686,P095,1,1840,0.0
O017687,P082,3,580,0.0
O017688,P055,1,210,
O017689,P054,1,480,0.1
O017690,P033,1,2190,0.0
O017690,P075,1,2130,0.2
O017691,P012,1,1160,0.0
O017692,P045,1,630,0.2
O017693,P090,2,2690,0.0
O017693,P086,2,1840,0.1
O017694,P082,1,580,0.3
O017694,P008,1,5930,0.2
O017694,P024,1,540,0.0
O017695,P007,1,1390,0.0
O017696,P049,1,870,0.1
O017697,P092,2,1210,0.1
O017697,P020,1,1760,0.0
O017698,P016,1,650,0.0
O017699,P096,1,260,0.0
O017699,P050,2,570,0.0
O017700,P092,1,1210,0.1
O017701,P054,1,480,0.0
O017701,P082,1,580,0.1
O017701,P058,3,420,0.2
O017702,P057,1,360,0.0
O017703,P033,1,2190,0.3
O017703,P079,1,630,0.0
O017704,P096,1,260,0.3
O017704,P075,1,2130,0.0
O017705,P076,1,2640,0.0
O017705,P020,2,1760,0.1
O017705,P002,1,4330,0.3
O017706,P096,1,260,0.0
O017707,P015,1,600,0.0
O017708,P034,1,490,0.2
O017708,P085,3,1400,0.2
O017708,P002,3,4330,0.3
O017709,P079,1,630,0.0
O017709,P060,1,330,0.05
O017710,P052,1,260,0.0
O017711,P061,1,660,0.05
O017712,P047,1,1740,0.2
O017713,P007,1,1390,0.05
O017713,P031,1,700,0.1
O017713,P020,1,1760,0.2
O017714,P088,1,2510,0.2
O017714,P004,3,1090,0.1
O017714,P085,1,1400,0.2
O017714,P051,3,700,0.1
O017715,P077,3,4260,0.1
O017716,P008,1,5930,0.0
O017717,P033,1,2190,0.05
O017718,P017,2,1030,0.0
O017719,P055,1,210,0.3
O017720,P096,1,260,0.1
O017721,P047,2,1740,0.1
O017721,P020,3,1760,0.0
O017721,P012,1,1160,0.05
O017722,P079,1,630,0.2
O017722,P096,1,260,0.0
O017723,P033,2,2190,0.0
O017723,P096,1,260,0.05
O017724,P040,1,430,0.1
O017724,P047,1,1740,0.0
O017725,P003,1,8480,0.0
O017726,P029,1,570,0.05
O017727,P008,1,5930,0.0
O017728,P052,3,260,0.3
O017729,P052,1,260,0.05
O017729,P008,3,5930,0.1
O017730,P031,1,700,0.0
O017731,P033,1,2190,0.1
O017731,P039,1,1980,0.0
O017731,P074,3,890,0.2
O017731,P079,3,630,0.2
O017731,P052,1,260,0.1
O017732,P002,1,4330,0.1
O017733,P090,2,2690,0.3
O017733,P096,1,260,0.0
O017733,P088,1,2510,0.1
O017734,P079,1,630,0.0
O017734,P002,1,4330,0.1
O017735,P043,1,1220,0.0
O017736,P096,1,260,0.2
O017737,P047,1,1740,0.0
O017738,P020,1,1760,0.05
O017739,P054,1,480,0.3
O017740,P080,2,660,0.2
O017740,P092,1,1210,0.0
O017741,P053,1,310,0.2
O017742,P021,1,620,0.3
O017743,P003,1,8480,0.0
O017744,P007,2,1390,0.3
O017745,P053,3,310,0.3
O017745,P068,1,260,0.3
O017745,P080,1,660,0.0
O017746,P043,1,1220,0.05
O017746,P090,1,2690,0.0
O017747,P007,1,1390,0.3
O017748,P020,2,1760,0.2
O017749,P090,1,2690,0.0
O017750,P096,1,260,0.05
O017751,P015,1,600,0.0
O017751,P028,2,430,0.0
O017752,P037,1,470,0.0
O017753,P043,1,1220,0.0
O017753,P079,1,630,0.1
O017754,P008,1,5930,0.2
O017754,P039,3,1980,0.1
O017754,P082,2,580,0.05
O017754,P024,1,540,0.0
O017755,P020,1,1760,0.0
O017755,P084,2,540,0.1
O017756,P008,1,5930,0.2
O017757,P030,2,600,0.1
O017758,P070,1,800,0.2
O017759,P088,1,2510,0.2
O017760,P020,1,1760,0.05
O017761,P096,2,260,0.1
O017761,P050,1,570,0.2
O017762,P020,1,1760,0.2
O017763,P067,1,290,0.0
O017764,P052,1,260,0.3
O017764,P006,1,5860,0.05
O017765,P046,1,860,0.0
O017766,P082,1,580,0.1
O017766,P006,1,5860,0.3
O017766,P079,2,630,0.05
O017767,P020,1,1760,0.2
O017767,P074,1,890,0.0
O017768,P045,1,630,0.2
O017769,P080,1,660,0.0
O017769,P092,1,1210,0.0
O017770,P053,2,310,0.1
O017770,P073,2,3790,0.0
O017771,P051,1,700,0.0
O017772,P008,2,5930,0.0
O017772,P047,1,1740,0.1
O017772,P020,2,1760,0.0
O017773,P001,1,5210,0.0
O017773,P008,1,5930,0.3
O017773,P047,3,1740,0.0
O017774,P042,1,5470,0.05
O017774,P086,1,1840,0.0
O017775,P096,1,260,0.0
O017776,P020,1,1760,0.2
O017776,P008,1,5930,0.0
O017777,P084,1,540,0.2
O017778,P066,3,160,0.3
O017778,P051,1,700,0.3
O017778,P082,1,580,0.0
O017779,P031,1,700,0.0
O017779,P010,1,6950,0.05
O017779,P033,3,2190,0.0
O017780,P002,2,4330,0.05
O017780,P006,1,5860,0.0
O017780,P079,1,630,0.05
O017781,P096,1,260,0.0
O017781,P007,1,1390,0.1
O017782,P096,1,260,0.3
O017782,P055,1,210,0.0
O017783,P092,1,1210,0.0
O017783,P047,1,1740,0.2
O017783,P080,1,660,0.0
O017783,P052,2,260,0.05
O017784,P062,1,400,0.2
O017784,P047,1,1740,0.0
O017785,P007,1,1390,0.0
O017785,P076,1,2640,0.05
O017785,P052,1,260,0.0
O017786,P070,1,800,0.05
O017787,P032,1,1590,0.0
O017788,P020,2,1760,0.0
O017789,P045,1,630,0.05
O017789,P096,1,260,0.0
O017789,P048,1,600,0.2
O017790,P033,1,2190,0.3
O017791,P004,1,1090,0.0
O017792,P058,1,420,0.2
O017793,P010,2,6950,0.0
O017793,P080,1,660,0.05
O017794,P024,1,540,0.0
O017794,P028,1,430,0.2
O017795,P033,1,2190,0.0
O017795,P007,1,1390,0.2
O017796,P072,1,3800,0.2
O017797,P030,1,600,0.05
O017797,P028,1,430,0.2
O017798,P068,2,260,0.0
O017799,P096,1,260,0.1
O017799,P017,1,1030,0.3
O017800,P079,1,630,0.2
O017801,P080,1,660,0.05
O017801,P021,1,620,0.0
O017802,P084,1,540,0.0
O017802,P014,1,1960,0.0
O017803,P033,3,2190,0.2
O017804,P052,2,260,0.0
O017804,P055,1,210,0.0
O017805,P075,1,2130,0.1
O017806,P036,1,490,0.1
O017806,P092,1,1210,0.0
O017807,P027,1,1330,0.05
O017808,P012,1,1160,0.0
O017808,P079,1,630,0.0
O017808,P096,1,260,0.0
O017809,P064,1,550,0.2
O017810,P007,1,1390,0.0
O017811,P024,2,540,0.0
O017811,P047,1,1740,0.2
O017812,P079,2,630,0.05
O017812,P033,1,2190,0.2
O017813,P007,1,1390,0.3
O017814,P052,1,260,0.2
O017815,P047,1,1740,0.2
O017816,P047,1,1740,0.3
O017817,P002,1,4330,0.0
O017818,P006,1,5860,0.2
O017819,P068,1,260,0.0
O017819,P002,1,4330,0.05
O017820,P008,1,5930,0.0
O017820,P007,1,1390,0.1
O017821,P052,1,260,0.05
O017821,P033,1,2190,0.0
O017821,P007,1,1390,0.0
O017822,P033,1,2190,0.05
O017822,P059,1,240,0.3
O017823,P053,2,310,0.0
O017823,P054,1,480,0.0
O017824,P044,1,260,0.1
O017825,P054,1,480,0.0
O017825,P079,1,630,0.2
O017826,P022,1,1690,0.0
O017826,P053,2,310,0.2
O017827,P054,1,480,0.0
O017828,P010,1,6950,0.2
O017829,P012,1,1160,0.1
O017829,P051,1,700,0.0
O017830,P071,1,450,0.0
O017831,P007,1,1390,0.05
O017831,P094,3,1100,0.0
O017831,P082,1,580,0.0
O017831,P054,1,480,0.0
O017832,P079,3,630,0.05
O017833,P078,2,3260,0.3
O017834,P094,2,1100,0.05
O017835,P020,1,1760,0.0
O017836,P028,1,430,0.2
O017836,P096,2,260,0.0
O017836,P020,1,1760,0.1
O017837,P084,2,540,0.0
O017838,P032,1,1590,0.05
O017838,P020,3,1760,0.0
O017839,P073,3,3790,0.0
O017840,P054,1,480,0.1
O017841,P053,1,310,0.0
O017842,P008,1,5930,0.0
O017842,P012,1,1160,0.0
O017843,P096,3,260,0.0
O017843,P046,1,860,0.3
O017843,P097,1,1960,0.05
O017844,P033,1,2190,0.2
O017844,P003,1,8480,0.05
O017844,P020,1,1760,0.3
O017845,P054,2,480,0.1
O017846,P007,1,1390,0.2
O017846,P033,1,2190,0.2
O017847,P081,1,2850,0.05
O017848,P033,2,2190,0.0
O017848,P028,1,430,0.0
O017848,P055,1,210,0.05
O017849,P054,1,480,0.0
O017849,P079,1,630,0.0
O017850,P096,1,260,0.0
O017851,P080,1,660,0.05
O017851,P092,3,1210,0.0
O017852,P009,1,5010,0.1
O017853,P063,1,500,0.0
O017854,P006,1,5860,0.0
O017855,P051,1,700,0.0
O017855,P002,1,4330,0.0
O017855,P086,1,1840,0.05
O017856,P021,1,620,0.0
O017857,P008,2,5930,0.2
O017857,P076,1,2640,0.0
O017857,P034,3,490,0.2
O017858,P053,2,310,0.1
O017859,P020,1,1760,0.0
O017859,P052,1,260,0.3
O017860,P052,1,260,0.1
O017861,P057,1,360,0.0
O017861,P028,2,430,0.0
O017861,P047,2,1740,0.0
O017862,P047,1,1740,0.1
O017863,P047,1,1740,0.05
O017863,P020,1,1760,0.0
O017864,P033,3,2190,0.0
O017865,P049,2,870,0.0
O017866,P033,1,2190,0.2
O017867,P088,1,2510,0.0
O017867,P050,2,570,0.1
O017868,P020,1,1760,0.2
O017869,P073,1,3790,0.0
O017870,P079,1,630,0.0
O017870,P047,1,1740,0.05
O017870,P071,1,450,0.05
O017871,P068,2,260,0.1
O017872,P069,3,250,0.0
O017873,P076,3,2640,0.0
O017873,P020,2,1760,0.3
O017874,P047,1,1740,0.0
O017875,P075,1,2130,0.3
O017876,P018,1,790,0.2
O017877,P092,1,1210,0.0
O017877,P018,1,790,0.2
O017878,P094,1,1100,0.0
O017879,P080,2,660,0.1
O017880,P007,1,1390,0.0
O017880,P080,1,660,0.05
O017880,P079,2,630,0.0
O017881,P043,1,1220,0.1
O017881,P054,2,480,0.0
O017882,P059,3,240,0.05
O017883,P081,2,2850,0.2
O017883,P051,1,700,0.0
O017884,P076,1,2640,0.0
O017885,P008,1,5930,0.0
O017885,P080,3,660,0.0
O017885,P054,1,480,0.1
O017886,P001,1,5210,0.05
O017887,P064,1,550,0.1
O017888,P092,2,1210,0.0
O017889,P020,1,1760,0.1
O017889,P073,1,3790,0.1
O017890,P020,2,1760,0.1
O017890,P007,1,1390,0.0
O017891,P079,1,630,0.0
O017891,P052,1,260,0.1
O017892,P071,1,450,0.2
O017893,P010,1,6950,0.05
O017894,P079,1,630,0.0
O017894,P033,3,2190,0.0
O017895,P082,1,580,0.1
O017895,P021,1,620,0.0
O017896,P096,1,260,0.0
O017897,P020,1,1760,0.3
O017897,P037,1,470,0.0
O017898,P031,1,700,0.2
O017899,P020,1,1760,0.2
O017900,P079,1,630,0.0
O017901,P094,2,1100,0.1
O017901,P035,1,390,0.05
O017902,P052,1,260,0.0
O017903,P078,1,3260,0.3
O017903,P007,2,1390,0.2
O017903,P088,2,2510,0.05
O017903,P050,1,570,0.0
O017904,P020,1,1760,0.05
O017905,P028,2,430,0.0
O017905,P026,1,2100,0.3
O017906,P039,1,1980,0.2
O017907,P048,1,600,0.0
O017908,P096,1,260,0.3
O017909,P052,1,260,0.0
O017910,P080,2,660,0.0
O017910,P028,1,430,0.2
O017910,P096,1,260,0.0
O017911,P055,1,210,0.05
O017912,P096,1,260,0.0
O017913,P045,1,630,0.1
O017913,P038,2,940,0.2
O017914,P052,2,260,0.05
O017915,P045,1,630,0.0
O017916,P020,1,1760,0.0
O017916,P088,1,2510,0.0
O017916,P082,1,580,0.0
O017917,P060,1,330,0.0
O017918,P007,3,1390,0.1
O017919,P020,2,1760,0.2
O017920,P052,1,260,0.0
O017920,P051,2,700,0.0
O017921,P031,1,700,0.0
O017921,P043,1,1220,0.0
O017922,P020,1,1760,0.0
O017923,P020,1,1760,0.0
O017924,P033,1,2190,0.2
O017925,P039,1,1980,0.05
O017926,P021,2,620,0.0
O017926,P012,1,1160,0.0
O017927,P020,1,1760,0.0
O017928,P030,1,600,0.0
O017928,P052,1,260,0.0
O017929,P002,1,4330,0.0
O017930,P040,1,430,0.0
O017931,P052,1,260,0.05
O017931,P008,1,5930,0.0
O017931,P047,1,1740,0.05
O017932,P025,1,1700,0.2
O017932,P004,1,1090,0.0
O017933,P074,1,890,0.0
O017934,P025,1,1700,0.0
O017935,P073,1,3790,0.0
O017935,P022,1,1690,0.0
O017935,P080,1,660,0.3
O017936,P035,1,390,0.0
O017937,P075,1,2130,0.0
O017938,P007,1,1390,0.05
O017938,P029,1,570,0.1
O017938,P017,3,1030,0.0
O017939,P079,1,630,0.3
O017940,P051,2,700,0.0
O017940,P082,3,580,0.05
O017941,P025,1,1700,0.0
O017941,P006,1,5860,0.0
O017942,P092,1,1210,0.2
O017943,P096,1,260,0.2
O017944,P084,1,540,0.0
O017945,P045,3,630,0.1
O017945,P026,2,2100,0.3
O017946,P096,1,260,0.0
O017946,P087,1,1570,0.3
O017947,P050,1,570,0.0
O017947,P080,2,660,0.1
O017948,P052,2,260,0.0
O017948,P028,2,430,0.0
O017948,P088,1,2510,0.0
O017949,P082,3,580,0.3
O017950,P052,1,260,0.2
O017951,P055,3,210,0.0
O017951,P032,1,1590,0.0
O017952,P009,3,5010,0.3
O017953,P080,1,660,0.0
O017954,P033,2,2190,0.0
O017955,P096,2,260,0.0
O017955,P033,1,2190,0.0
O017956,P030,1,600,0.1
O017957,P076,2,2640,0.2
O017958,P047,1,1740,0.0
O017958,P020,1,1760,0.0
O017958,P004,1,1090,0.0
O017959,P020,1,1760,0.2
O017959,P052,1,260,0.0
O017960,P079,1,630,0.1
O017961,P031,1,700,0.1
O017962,P096,1,260,0.05
O017963,P096,2,260,0.0
O017964,P043,1,1220,0.1
O017965,P028,1,430,0.0
O017966,P004,1,1090,0.0
O017966,P033,1,2190,0.1
O017967,P096,2,260,0.1
O017967,P002,1,4330,0.1
O017968,P002,1,4330,0.0
O017969,P051,1,700,0.05
O017969,P007,1,1390,0.0
O017970,P096,1,260,0.05
O017971,P074,1,890,0.0
O017971,P096,2,260,0.1
O017971,P020,1,1760,0.05
O017972,P050,1,570,0.0
O017972,P077,1,4260,0.0
O017973,P002,1,4330,0.0
O017973,P079,2,630,0.0
O017974,P008,1,5930,0.0
O017975,P088,1,2510,0.0
O017976,P078,1,3260,0.2
O017977,P079,1,630,0.3
O017977,P001,1,5210,0.2
O017978,P096,1,260,0.1
O017978,P009,1,5010,0.3
O017978,P034,1,490,0.0
O017979,P043,1,1220,0.0
O017979,P079,1,630,0.0
O017980,P093,2,350,0.1
O017980,P068,1,260,0.0
O017981,P046,1,860,0.0
O017981,P059,3,240,0.2
O017982,P076,2,2640,0.1
O017983,P051,1,700,0.2
O017984,P096,3,260,0.0
O017984,P073,1,3790,0.0
O017984,P078,1,3260,0.3
O017985,P077,1,4260,0.0
O017985,P096,1,260,0.0
O017986,P096,1,260,0.1
O017986,P059,3,240,0.0
O017987,P052,1,260,0.0
O017987,P088,1,2510,0.0
O017987,P020,1,1760,0.0
O017988,P051,1,700,0.05
O017989,P001,3,5210,0.0
O017990,P054,1,480,0.2
O017991,P052,1,260,0.0
O017992,P007,2,1390,0.2
O017993,P033,1,2190,0.0
O017993,P055,1,210,0.0
O017994,P064,3,550,0.05
O017994,P057,1,360,0.0
O017995,P029,1,570,0.05
O017995,P092,2,1210,0.05
O017996,P028,1,430,0.0
O017997,P054,2,480,0.2
O017998,P080,1,660,0.1
O017998,P048,1,600,0.05
O017998,P087,1,1570,0.0
O017998,P032,1,1590,0.1
O017999,P088,1,2510,0.3
O017999,P054,1,480,0.0
O018000,P063,1,500,0.2
O018000,P079,2,630,0.1
O018000,P051,1,700,0.05
O018001,P052,1,260,0.1
O018002,P076,1,2640,0.05
O018002,P053,2,310,0.05
O018003,P050,1,570,0.2
O018003,P055,2,210,0.0
O018004,P062,1,400,0.0
O018005,P088,1,2510,0.0
O018005,P096,1,260,0.0
O018006,P044,1,260,0.0
O018006,P028,1,430,0.2
O018006,P043,2,1220,0.0
O018007,P096,1,260,0.2
O018008,P061,1,660,0.0
O018008,P017,1,1030,0.1
O018009,P051,1,700,0.1
O018010,P054,1,480,0.3
O018010,P055,3,210,0.3
O018010,P013,1,4850,0.3
O018011,P052,2,260,0.05
O018012,P073,1,3790,0.1
O018013,P029,1,570,0.1
O018014,P006,1,5860,0.1
O018014,P014,1,1960,0.0
O018015,P052,1,260,0.0
O018016,P059,1,240,0.0
O018017,P051,1,700,0.05
O018017,P052,1,260,0.0
O018017,P005,1,1960,0.3
O018018,P049,1,870,0.05
O018019,P052,1,260,0.0
O018020,P069,1,250,0.0
O018021,P020,2,1760,0.0
O018021,P033,1,2190,0.0
O018022,P020,1,1760,0.0
O018022,P079,1,630,0.2
O018023,P090,1,2690,0.0
O018023,P052,1,260,0.05
O018024,P024,3,540,0.0
O018025,P088,2,2510,0.1
O018025,P052,1,260,0.0
O018026,P007,2,1390,0.0
O018026,P096,1,260,0.0
O018026,P092,1,1210,0.0
O018027,P096,1,260,0.0
O018027,P020,1,1760,0.3
O018028,P003,2,8480,0.0
O018029,P058,1,420,0.1
O018030,P096,1,260,0.05
O018030,P012,1,1160,0.0
O018031,P070,1,800,0.3
O018031,P088,1,2510,0.1
O018031,P022,1,1690,0.05
O018032,P096,1,260,0.05
O018033,P055,1,210,0.1
O018034,P021,1,620,0.1
O018034,P051,1,700,0.2
O018034,P005,1,1960,0.1
O018035,P060,1,330,0.1
O018035,P007,1,1390,0.0
O018036,P047,1,1740,0.0
O018036,P031,1,700,0.0
O018036,P069,1,250,0.0
O018037,P080,1,660,0.0
O018038,P096,1,260,0.0
O018039,P020,3,1760,0.3
O018040,P077,1,4260,0.0
O018041,P012,1,1160,0.0
O018042,P082,1,580,0.2
O018043,P057,2,360,0.2
O018044,P020,3,1760,0.0
O018045,P003,3,8480,0.2
O018045,P088,1,2510,0.2
O018046,P011,1,1280,0.3
O018047,P096,1,260,0.0
O018048,P033,1,2190,0.0
O018049,P007,1,1390,0.0
O018050,P006,2,5860,0.0
O018051,P096,1,260,0.0
O018051,P002,2,4330,0.1
O018052,P007,3,1390,0.05
O018052,P047,1,1740,0.0
O018053,P001,1,5210,0.0
O018054,P051,1,700,0.05
O018054,P010,1,6950,0.0
O018055,P052,3,260,0.0
O018056,P033,1,2190,0.05
O018057,P065,1,180,0.2
O018058,P088,1,2510,0.2
O018058,P031,2,700,0.0
O018059,P074,1,890,0.05
O018060,P001,1,5210,0.05
O018061,P077,1,4260,0.1
O018062,P072,1,3800,0.0
O018062,P051,3,700,0.2
O018062,P007,1,1390,0.1
O018063,P040,1,430,0.0
O018064,P008,2,5930,0.2
O018065,P043,2,1220,0.1
O018066,P082,2,580,0.0
O018067,P066,1,160,0.05
O018068,P033,1,2190,0.3
O018068,P020,1,1760,
O018068,P012,2,1160,0.3
O018069,P043,1,1220,0.0
O018069,P033,3,2190,0.0
O018070,P033,3,2190,0.1
O018071,P051,1,700,0.0
O018071,P003,3,8480,0.0
O018072,P053,1,310,0.1
O018072,P052,1,260,0.0
O018073,P086,1,1840,0.0
O018074,P033,1,2190,0.0
O018074,P055,1,210,
O018075,P088,1,2510,0.05
O018076,P002,1,4330,0.0
O018077,P069,3,250,0.1
O018077,P079,1,630,0.0
O018078,P090,1,2690,0.0
O018078,P035,1,390,0.0
O018079,P007,1,1390,0.0
O018079,P022,1,1690,0.3
O018080,P098,1,930,0.0
O018081,P055,2,210,0.0
O018082,P080,1,660,0.0
O018083,P039,3,1980,0.0
O018084,P020,1,1760,0.0
O018084,P006,1,5860,0.05
O018085,P088,1,2510,0.0
O018086,P089,2,530,0.0
O018086,P003,1,8480,0.1
O018087,P051,2,700,0.05
O018088,P020,1,1760,0.0
O018088,P007,1,1390,0.3
O018088,P096,1,260,0.0
O018089,P043,2,1220,0.05
O018090,P051,1,700,0.2
O018090,P096,1,260,0.1
O018090,P054,1,480,0.0
O018091,P062,1,400,0.0
O018091,P097,1,1960,0.1
O018092,P068,2,260,0.1
O018093,P037,2,470,0.0
O018094,P045,1,630,0.0
O018095,P077,1,4260,0.1
O018096,P052,2,260,0.0
O018097,P092,1,1210,0.0
O018097,P079,1,630,0.0
O018098,P012,1,1160,0.0
O018099,P022,1,1690,0.1
O018100,P052,2,260,0.0
O018100,P047,1,1740,0.1
O018101,P088,1,2510,0.0
O018101,P033,3,2190,0.0
O018101,P038,1,940,0.0
O018101,P060,1,330,0.05
O018102,P043,1,1220,0.3
O018103,P052,1,260,0.1
O018103,P082,1,580,
O018104,P031,1,700,0.2
O018104,P001,2,5210,0.0
O018105,P008,1,5930,0.0
O018105,P083,1,710,0.0
O018106,P010,1,6950,0.0
O018106,P020,2,1760,0.0
O018107,P052,1,260,0.0
O018107,P033,1,2190,0.0
O018108,P020,1,1760,0.2
O018109,P088,1,2510,0.2
O018109,P061,1,660,0.1
O018109,P060,2,330,0.0
O018110,P003,1,8480,0.05
O018111,P079,1,630,0.0
O018112,P028,1,430,0.1
O018113,P020,1,1760,0.05
O018113,P007,3,1390,0.05
O018114,P022,3,1690,0.05
O018114,P034,1,490,0.0
O018115,P007,1,1390,0.1
O018116,P036,1,490,0.0
O018116,P010,1,6950,0.0
O018117,P018,1,790,0.0
O018118,P002,1,4330,0.0
O018119,P073,1,3790,0.0
O018120,P008,1,5930,0.05
O018120,P094,1,1100,0.0
O018121,P077,3,4260,0.05
O018121,P031,1,700,0.2
O018122,P033,1,2190,0.3
O018122,P007,1,1390,0.0
O018123,P088,1,2510,0.05
O018124,P080,1,660,0.2
O018125,P079,1,630,0.0
O018125,P057,1,360,0.0
O018125,P037,2,470,0.1
O018126,P047,1,1740,0.0
O018127,P001,1,5210,0.0
O018127,P008,1,5930,0.3
O018128,P040,1,430,0.0
O018129,P096,1,260,0.0
O018130,P040,3,430,
O018131,P098,1,930,0.1
O018131,P006,3,5860,0.0
O018132,P079,1,630,0.2
O018133,P053,1,310,0.1
O018134,P052,1,260,0.0
O018134,P054,1,480,0.0
O018135,P052,1,260,0.2
O018136,P075,1,2130,0.0
O018137,P027,1,1330,0.0
O018137,P077,1,4260,0.0
O018138,P096,1,260,0.2
O018139,P011,1,1280,0.2
O018139,P003,2,8480,0.3
O018140,P030,1,600,0.0
O018141,P045,1,630,0.05
O018141,P002,1,4330,0.0
O018142,P007,1,1390,0.0
O018142,P079,1,630,0.0
O018143,P088,1,2510,0.0
O018144,P096,1,260,0.05
O018145,P018,1,790,0.05
O018146,P096,2,260,0.05
O018147,P020,2,1760,0.1
O018148,P012,1,1160,0.05
O018149,P028,1,430,0.1
O018150,P043,1,1220,0.2
O018151,P012,2,1160,0.05
O018152,P018,1,790,0.0
O018152,P051,1,700,0.0
O018153,P010,1,6950,0.0
O018154,P088,1,2510,0.3
O018155,P073,2,3790,0.05
O018155,P003,3,8480,0.0
O018156,P037,1,470,0.0
O018156,P020,1,1760,0.2
O018157,P060,1,330,0.2
O018158,P096,1,260,0.0
O018159,P013,1,4850,0.0
O018159,P002,2,4330,0.0
O018160,P020,1,1760,0.2
O018161,P080,1,660,0.05
O018161,P052,1,260,0.1
O018161,P020,1,1760,0.0
O018162,P007,2,1390,0.0
O018163,P047,1,1740,0.0
O018164,P095,1,1840,0.05
O018165,P033,1,2190,0.1
O018165,P079,1,630,0.0
O018166,P092,1,1210,0.0
O018166,P020,1,1760,0.0
O018166,P045,2,630,0.05
O018167,P002,1,4330,0.05
O018168,P008,3,5930,0.3
O018168,P052,1,260,0.1
O018168,P002,2,4330,0.0
O018169,P002,1,4330,0.2
O018170,P085,2,1400,0.2
O018171,P051,1,700,0.0
O018171,P007,1,1390,0.0
O018172,P055,1,210,0.1
O018173,P047,1,1740,0.2
O018174,P008,1,5930,0.0
O018175,P072,1,3800,0.0
O018175,P052,1,260,0.0
O018176,P075,1,2130,0.0
O018176,P047,1,1740,0.0
O018177,P008,1,5930,0.0
O018178,P012,1,1160,0.0
O018178,P051,1,700,0.0
O018178,P079,1,630,0.05
O018179,P008,1,5930,0.0
O018180,P002,1,4330,0.0
O018181,P096,1,260,0.0
O018182,P023,2,2180,0.05
O018182,P079,3,630,0.3
O018183,P051,2,700,0.0
O018184,P015,1,600,0.1
O018185,P033,1,2190,0.0
O018186,P007,1,1390,0.0
O018187,P072,1,3800,0.1
O018188,P049,1,870,0.0
O018189,P008,3,5930,0.1
O018190,P024,1,540,0.0
O018191,P060,2,330,0.0
O018192,P043,3,1220,0.2
O018192,P040,1,430,0.2
O018192,P028,3,430,0.0
O018192,P073,2,3790,0.2
O018193,P052,1,260,0.05
O018193,P079,1,630,0.1
O018194,P020,1,1760,0.0
O018195,P092,1,1210,0.3
O018195,P052,3,260,0.2
O018196,P096,1,260,0.0
O018196,P033,3,2190,0.0
O018197,P083,2,710,0.1
O018198,P047,1,1740,0.0
O018199,P010,2,6950,0.2
O018200,P001,1,5210,0.0
O018201,P012,1,1160,0.05
O018201,P079,1,630,0.1
O018202,P013,1,4850,0.2
O018202,P031,1,700,0.1
O018202,P007,1,1390,0.2
O018202,P098,1,930,0.0
O018202,P096,1,260,0.05
O018203,P052,2,260,0.0
O018204,P020,1,1760,0.2
O018205,P041,1,4560,0.3
O018205,P082,1,580,0.05
O018206,P001,1,5210,0.0
O018207,P098,1,930,0.0
O018208,P033,2,2190,0.2
O018208,P096,3,260,0.0
O018209,P055,3,210,0.0
O018209,P033,1,2190,0.1
O018210,P055,1,210,0.0
O018211,P020,1,1760,0.0
O018211,P038,1,940,0.1
O018212,P055,2,210,0.0
O018212,P015,1,600,0.0
O018213,P051,3,700,0.1
O018214,P001,1,5210,0.05
O018215,P085,1,1400,0.0
O018215,P080,1,660,0.1
O018216,P080,1,660,0.3
O018217,P096,2,260,0.1
O018218,P096,1,260,0.0
O018219,P040,3,430,0.0
O018220,P007,1,1390,0.0
O018221,P051,1,700,0.3
O018222,P033,1,2190,0.3
O018222,P064,1,550,0.1
O018223,P033,1,2190,0.1
O018223,P075,1,2130,0.0
O018224,P008,3,5930,0.3
O018224,P096,3,260,0.0
O018225,P029,1,570,0.3
O018225,P002,2,4330,0.0
O018226,P008,1,5930,0.1
O018227,P033,1,2190,0.0
O018228,P096,2,260,0.05
O018229,P080,1,660,0.0
O018229,P072,1,3800,0.0
O018229,P070,1,800,0.0
O018230,P046,1,860,0.0
O018231,P006,1,5860,0.0
O018232,P033,1,2190,0.2
O018233,P030,1,600,0.0
O018234,P086,1,1840,0.0
O018234,P096,1,260,0.3
O018234,P054,3,480,0.0
O018235,P007,1,1390,0.1
O018235,P033,1,2190,0.0
O018236,P092,1,1210,0.0
O018236,P022,1,1690,0.0
O018237,P051,1,700,0.3
O018237,P007,1,1390,0.2
O018237,P095,1,1840,0.0
O018238,P081,1,2850,0.0
O018238,P071,1,450,0.0
O018239,P082,2,580,
O018239,P033,1,2190,0.1
O018240,P080,1,660,0.0
O018240,P032,1,1590,0.1
O018240,P005,2,1960,0.0
O018241,P052,1,260,0.1
O018242,P074,1,890,0.1
O018242,P053,2,310,0.2
O018243,P088,1,2510,0.1
O018243,P098,1,930,0.1
O018243,P055,1,210,0.3
O018244,P004,1,1090,0.2
O018245,P003,1,8480,0.05
O018246,P079,1,630,0.0
O018246,P020,1,1760,0.0
O018247,P079,1,630,0.0
O018248,P004,1,1090,0.1
O018249,P049,1,870,0.05
O018250,P096,1,260,0.0
O018250,P020,1,1760,0.1
O018250,P094,1,1100,0.0
O018251,P020,3,1760,0.0
O018251,P033,1,2190,0.3
O018252,P005,2,1960,0.0
O018253,P007,2,1390,0.0
O018253,P052,1,260,0.0
O018253,P079,2,630,0.3
O018254,P020,1,1760,0.05
O018255,P052,1,260,0.0
O018256,P007,1,1390,0.05
O018256,P061,1,660,0.2
O018257,P053,1,310,0.1
O018258,P033,3,2190,0.1
O018258,P047,1,1740,0.05
O006380,P043,1,1220,0.0
O016244,P080,2,660,0.0
O015180,P033,1,2190,0.0
O012298,P096,3,260,0.1
O017921,P031,1,700,0.0
O016717,P020,1,1760,0.0
O006590,P047,1,1740,0.0
O003758,P082,1,580,0.05
O017454,P052,2,260,0.05
O007388,P079,1,630,0.1
O004071,P053,1,310,0.05
O017935,P022,1,1690,0.0
O000902,P012,1,1160,0.1
O016780,P096,1,260,0.0
O001606,P080,2,660,0.2
O006341,P033,1,2190,0.0
O014916,P079,1,630,0.0
O015707,P007,1,1390,0.1
O011450,P027,2,1330,0.2
O014429,P051,1,700,0.1
O017205,P022,1,1690,0.2
O003504,P035,2,390,0.0
O016464,P033,2,2190,0.3
O009666,P036,1,490,0.0
O014609,P079,1,630,0.3
O009569,P037,1,470,0.2
O016102,P047,1,1740,0.05
O014823,P088,1,2510,0.0
O001813,P092,1,1210,0.0
O013470,P016,1,650,0.2
O010020,P088,1,2510,0.0
O005346,P051,1,700,0.05
O013418,P096,2,260,0.0
O003751,P055,1,210,0.1
O013533,P010,1,6950,0.1
O010308,P011,1,1280,0.0
O014326,P082,2,580,0.0
O007030,P028,1,430,0.0
O004531,P033,1,2190,0.05
O009955,P080,1,660,0.1
O016839,P047,1,1740,0.05
O017069,P043,2,1220,0.0
O010311,P047,1,1740,0.0
O000584,P047,3,1740,0.0
O008624,P003,1,8480,0.0
O001557,P079,1,630,0.05
O016165,P047,2,1740,0.0
O006251,P054,2,480,0.0
O001566,P039,1,1980,0.0
O017304,P080,3,660,0.1
O006916,P052,1,260,0.0
O017643,P012,1,1160,0.2
O004850,P096,1,260,0.0
O009699,P039,1,1980,0.0
O001926,P040,2,430,0.1
O007176,P050,2,570,0.0
O014140,P054,1,480,0.1
O010906,P094,3,1100,0.3
O017517,P052,1,260,0.05
O014958,P069,1,250,0.1
O004921,P008,3,5930,0.1
O008812,P012,1,1160,0.0
O016590,P080,1,660,0.0
O004044,P017,1,1030,0.05
O017563,P055,1,210,0.0
O001175,P092,1,1210,0.0
O013516,P094,1,1100,0.05
O017571,P007,1,1390,0.2
O017393,P096,1,260,0.0
O003877,P059,1,240,0.0
O012984,P053,2,310,0.2
O005144,P033,2,2190,0.3
O010634,P045,1,630,0.0
O011065,P020,1,1760,
O004523,P034,2,490,0.1
O013247,P066,1,160,0.2
O003673,P076,1,2640,0.3
O005558,P047,3,1740,0.1
O001060,P047,2,1740,0.0
O013836,P039,3,1980,0.0
O014658,P081,3,2850,0.0
O017397,P081,2,2850,0.0
O001296,P051,1,700,0.0
O017849,P054,1,480,0.0
O015283,P052,1,260,0.0
O014845,P088,1,2510,0.05
O001476,P007,1,1390,0.05
O017504,P033,1,2190,0.0
O009074,P008,1,5930,0.05
O007671,P096,1,260,0.0
O001350,P014,1,1960,0.0
O002510,P080,1,660,0.2
O014384,P096,1,260,0.3
O009257,P078,1,3260,0.0
O017769,P080,1,660,0.0
O005357,P003,1,8480,0.0
O000819,P008,1,5930,0.3
O016630,P052,2,260,0.1
O006254,P052,1,260,0.0
O009128,P048,1,600,0.0
O017577,P096,1,260,0.05
O007489,P043,1,1220,0.2
O017456,P012,1,1160,0.2
O003757,P070,1,800,0.05
O004468,P004,1,1090,0.3
O005489,P014,2,1960,0.0
O002039,P049,1,870,0.05
O007280,P017,2,1030,0.0
O012564,P024,3,540,0.0
O016497,P008,1,5930,0.05
O003999,P092,2,1210,0.0
O007216,P007,2,1390,0.0
O017127,P079,1,630,0.0
O017587,P008,1,5930,0.1
O008788,P051,1,700,0.0
O010616,P051,1,700,0.0
O007520,P052,1,260,0.0
O004986,P012,1,1160,0.2
O008312,P020,1,1760,0.05
O014996,P033,2,2190,0.3
O015427,P070,1,800,0.0
O000171,P096,1,260,0.0
O005170,P008,1,5930,0.1
O004203,P050,3,570,0.05
O003802,P092,1,1210,0.0
O015691,P047,1,1740,0.0
O002125,P092,1,1210,0.0
O013174,P080,1,660,0.05
O010462,P003,1,8480,0.1
O012760,P006,1,5860,0.1
O016410,P096,1,260,0.0
O004121,P033,1,2190,0.1
O008975,P022,1,1690,0.05
O004949,P016,3,650,0.0
O009887,P052,1,260,0.1
O014735,P085,2,1400,0.05
O006951,P086,1,1840,0.2
O011672,P088,1,2510,0.0
O015255,P081,2,2850,0.0
O017902,P052,1,260,0.0
O011844,P098,3,930,0.1
O008221,P040,3,430,0.2
O018253,P079,2,630,0.3
O016348,P088,1,2510,0.0
O000450,P048,1,600,0.1
O009203,P026,3,2100,0.05
O007969,P068,1,260,0.05
O011184,P053,1,310,0.05
O010682,P089,1,530,0.1
O005902,P038,1,940,0.05
O012276,P007,2,1390,0.1
O004454,P052,1,260,0.0
O015097,P030,1,600,0.3
O000510,P092,1,1210,0.0
O017558,P071,1,450,0.0
O005164,P006,1,5860,0.0
O006843,P008,1,5930,0.0
O017875,P075,1,2130,0.3
O007299,P098,1,930,0.0
O006443,P002,2,4330,0.0
O007114,P052,1,260,0.0
O014061,P003,1,8480,0.1
O014157,P081,2,2850,0.1
O013377,P007,1,1390,0.0
O016249,P010,1,6950,0.1
O012557,P020,1,1760,0.0
O003001,P096,1,260,0.3
O010581,P033,1,2190,0.1
O002619,P038,3,940,0.0
O014401,P002,2,4330,0.1
O012596,P036,1,490,0.2
O000629,P082,1,580,0.0
O007689,P096,1,260,0.3
O016582,P003,1,8480,0.1
O001092,P052,1,260,0.1
O012267,P096,2,260,0.0
O001330,P096,1,260,0.2
O009460,P028,3,430,0.1
O001944,P039,1,1980,0.2
O003467,P071,1,450,0.0
O011157,P020,2,1760,0.0
O003337,P075,1,2130,0.0
O011862,P008,1,5930,0.0
O003235,P050,1,570,0.3
O013889,P051,2,700,0.0
O004917,P096,1,260,0.0
O004150,P037,1,470,0.0
O017130,P052,1,260,0.05
O011412,P054,1,480,0.0
O012562,P080,1,660,0.3
O010485,P052,1,260,0.0
O002237,P064,3,550,0.0
O015372,P094,1,1100,0.0
O006582,P092,1,1210,0.0
O009900,P080,2,660,0.3
O011400,P080,2,660,0.0
O015006,P033,1,2190,0.0
O006436,P096,2,260,0.1
O015662,P044,1,260,0.1
O004330,P002,3,4330,0.05
O015403,P079,1,630,0.0
O010062,P036,1,490,0.0
O001255,P096,1,260,0.1
O005100,P009,2,5010,0.1
O012886,P008,1,5930,0.2
O016176,P085,1,1400,0.0
O002036,P092,1,1210,0.05
O006947,P080,1,660,0.1
O009809,P045,2,630,0.2
O003541,P093,1,350,0.05
O003473,P066,1,160,0.0
O011963,P031,1,700,0.2
O018007,P096,1,260,0.2
O000311,P029,2,570,0.0
O001835,P052,1,260,0.2
O003151,P008,1,5930,0.2
O016902,P003,3,8480,0.05
O003756,P045,1,630,0.0
O007499,P054,2,480,0.0
O003263,P078,1,3260,0.0
O001668,P079,1,630,0.05
O011162,P031,1,700,0.3
O002732,P054,1,480,0.0
O004213,P096,1,260,0.05
O005870,P088,1,2510,0.2
O001435,P052,1,260,0.0
O015838,P045,1,630,0.0
O012043,P028,2,430,0.05
O012142,P020,2,1760,0.05
O005680,P096,1,260,0.0
O007801,P001,1,5210,0.05
O001504,P079,1,630,0.2
O016424,P002,1,4330,0.2
O002449,P047,1,1740,0.0
O017560,P014,1,1960,0.1
O004232,P024,3,540,0.0
O015925,P033,1,2190,0.1
O009644,P027,1,1330,0.05
O007287,P020,1,1760,0.05
O001335,P051,2,700,0.05
O011064,P038,1,940,0.0
O004244,P024,1,540,0.0
O017532,P008,2,5930,0.05
O009384,P065,1,180,0.0
O005630,P047,2,1740,0.0
O017126,P096,2,260,0.1
O014693,P054,3,480,0.05
O015993,P055,1,210,0.3
O010130,P053,1,310,0.0
O012440,P092,1,1210,0.0
O006675,P043,2,1220,
O008465,P002,1,4330,0.3
O011856,P079,2,630,0.3
O016699,P051,1,700,0.0
O001691,P028,3,430,0.0
O005607,P033,1,2190,0.1
O000961,P073,2,3790,0.0
O000790,P011,1,1280,0.2
O016726,P083,1,710,0.3
O006190,P082,2,580,0.2
O002084,P020,1,1760,0.1
O009276,P060,1,330,0.0
O011580,P022,1,1690,0.0
O013446,P054,1,480,0.0
O007349,P055,3,210,0.05
O017258,P007,2,1390,0.3
O014174,P092,2,1210,0.1
O004406,P071,2,450,0.3
O010902,P060,3,330,0.1
O012001,P007,1,1390,0.0
O004871,P079,3,630,0.1
O008270,P011,1,1280,0.2
O013736,P019,1,2290,0.2
O005177,P079,1,630,0.05
O010999,P008,3,5930,0.2
O003401,P047,1,1740,0.0
O005710,P071,1,450,0.0
O000170,P098,1,930,0.3
O010040,P096,1,260,0.0
O015751,P096,1,260,0.1
O006018,P098,1,930,0.0
O001417,P054,1,480,0.0
O004369,P017,2,1030,0.0
O009997,P056,1,1440,0.0
O009311,P080,2,660,0.0
O010630,P020,1,1760,0.0
O002732,P020,1,1760,0.0
O010753,P034,1,490,0.05
O004856,P047,2,1740,0.0
O012114,P096,1,260,0.1
O012445,P017,1,1030,0.05
O016027,P096,1,260,0.1
