order_id,customer_id,order_date,order_status,payment_method,shipping_fee
O015484,C05110,2023-09-11,Delivered,Net Banking,0.0
O000339,C00140,2025-09-21,Delivered,upi,0.0
O002092,C00645,2024-03-24,Delivered,Debit Card,99.0
O016980,C05594,2025-02-28,Delivered,Credit Card,0.0
O009893,C03265,2024-03-18,Delivered,COD,0.0
O018082,C05939,2024-06-25,Delivered,Credit Card,0.0
O012009,C04035,2025-07-20,Delivered,upi,40.0
O001463,C00464,2024-04-23,Returned,Net Banking,40.0
O016357,C05395,2025-07-07,Delivered,Debit Card,0.0
O015119,C04980,2024-07-15,Delivered,COD,0.0
O013491,C04494,2023-01-16,Delivered,upi,0.0
O001264,C00414,2025-08-26,Returned,Debit Card,60.0
O002099,C00649,2025-04-03,Delivered,upi,40.0
O009171,C03008,2025-03-05,Delivered,Credit Card,40.0
O002387,C00765,2025-09-09,Delivered,COD,40.0
O015798,C05209,2024-10-21,Delivered,Credit Card,0.0
O009022,C02964,2024-10-26,Returned,upi,0.0
O001233,C00402,2025-03-28,Delivered,Debit Card,60.0
O003992,C01309,2024-08-08,Delivered,upi,99.0
O002578,C00819,2025-05-19,Delivered,upi,60.0
O011291,C03762,2024-10-22,Delivered,upi,99.0
O006804,C02249,2025-08-01,Delivered,upi,40.0
O006598,C02180,2025-07-14,Delivered,COD,99.0
O001487,C00467,2025-04-06,Delivered,Credit Card,0.0
O016255,C05361,2024-10-24,Delivered,Debit Card,0.0
O011728,C03924,2025-05-04,Delivered,Net Banking,0.0
O000338,C00140,2025-09-15,Delivered,Net Banking,0.0
O013379,C04453,2024-03-04,Delivered,Debit Card,0.0
O017055,C05613,2024-11-25,Delivered,upi,40.0
O017524,C05778,2024-04-18,Delivered,Credit Card,40.0
O016360,C05397,2025-02-20,Delivered,upi,0.0
O006572,C02173,2024-10-15,Delivered,upi,0.0
O005015,C01675,2025-04-21,Returned,Debit Card,99.0
O009398,C03093,2024-05-03,Delivered,Debit Card,60.0
O003965,C01303,2024-11-18,Delivered,Credit Card,60.0
O007406,C02474,2024-11-09,Delivered,upi,0.0
O006091,C02025,2024-04-26,Delivered,upi,99.0
O008148,C02683,2024-10-09,Delivered,upi,60.0
O014562,C04807,2024-12-23,Delivered,upi,0.0
O002977,C00932,2025-06-18,Delivered,Debit Card,40.0
O010155,C03349,2024-10-09,Delivered,Debit Card,40.0
O002500,C00794,2024-06-19,Returned,COD,0.0
O003655,C01197,2025-05-17,Delivered,COD,0.0
O017468,C05761,2024-08-31,Delivered,upi,60.0
O010342,C03428,2025-09-09,Delivered,COD,0.0
O000231,C00105,2025-01-13,delivered,upi,0.0
O005688,C01885,2023-07-07,Delivered,upi,0.0
O010308,C03416,2023-09-22,Delivered,Credit Card,0.0
O010679,C03546,2024-11-11,Delivered,upi,40.0
O009927,C03270,2025-07-27,Delivered,upi,40.0
O010137,C03338,2024-04-30,Delivered,COD,99.0
O003402,C01088,2024-11-09,Delivered,Debit Card,0.0
O004463,C01492,2023-11-07,Delivered,Debit Card,0.0
O000131,C00071,2024-06-27,Delivered,upi,60.0
O016874,C05564,2025-01-02,Delivered,Credit Card,0.0
O004689,C01558,2025-05-24,Delivered,Debit Card,40.0
O008440,C02794,2025-03-31,Delivered,upi,0.0
O005965,C01980,2023-05-20,Delivered,CREDIT CARD,0.0
O004909,C01643,2024-02-12,Delivered,upi,99.0
O004943,C01646,2024-11-18,delivered,COD,0.0
O002960,C00927,2025-09-03,Cancelled,upi,60.0
O009736,C03207,2025-06-01,Delivered,COD,0.0
O005583,C01843,2025-05-06,Delivered,upi,0.0
O012166,C04095,2024-01-04,Delivered,Credit Card,99.0
O001245,C00406,2025-05-01,Delivered,Credit Card,0.0
O011542,C03861,2025-04-22,Returned,Credit Card,40.0
O012928,C04297,2025-05-24,delivered,Credit Card,0.0
O009936,C03274,2024-08-19,Returned,COD,0.0
O013041,C04338,2023-07-04,Delivered,upi,0.0
O006997,C02333,2025-02-18,Delivered,DEBIT CARD,0.0
O001801,C00573,2023-04-20,Delivered,Credit Card,0.0
O003536,C01138,2024-03-20,Delivered,DEBIT CARD,0.0
O008328,C02765,2024-02-01,Delivered,Credit Card,0.0
O006160,C02041,2024-04-17,Delivered,Debit Card,60.0
O010836,C03596,2024-08-26,Delivered,COD,0.0
O011583,C03866,2024-11-01,delivered,Debit Card,0.0
O011099,C03671,2025-08-21,Delivered,upi,99.0
O009201,C03017,2024-04-04,Delivered,Debit Card,0.0
O017067,C05613,2025-08-27,Returned,Debit Card,0.0
O012486,C04177,2024-12-22,Delivered,Credit Card,40.0
O012285,C04131,2024-10-18,Delivered,COD,0.0
O011911,C04000,2023-11-12,Delivered,Net Banking,40.0
O000229,C00105,2024-11-03,Returned,COD,60.0
O009366,C03077,2025-06-03,Cancelled,Credit Card,60.0
O009514,C03115,2023-07-29,delivered,UPI,40.0
O017471,C05761,2025-02-04,Returned,upi,99.0
O003498,C01121,2024-12-03,Delivered,Credit Card,99.0
O014986,C04927,2025-09-27,Delivered,Credit Card,0.0
O011586,C03866,2024-12-11,Returned,Credit Card,99.0
O001651,C00521,2024-05-18,Delivered,Credit Card,0.0
O012194,C04109,2025-03-06,Delivered,upi,60.0
O002168,C00685,2025-03-01,Delivered,COD,0.0
O013635,C04526,2025-03-06,Cancelled,COD,40.0
O005024,C01679,2023-04-01,Delivered,COD,40.0
O006732,C02235,2023-07-07,Cancelled,Net Banking,99.0
O013990,C04644,2025-03-18,Delivered,Net Banking,99.0
O007047,C02356,2025-06-10,Delivered,Credit Card,0.0
O000653,C00239,2024-04-15,Delivered,upi,99.0
O002070,C00635,2025-06-05,Delivered,Debit Card,0.0
O006182,C02041,2025-01-31,Cancelled,COD,60.0
O005235,C01740,2025-02-02,Delivered,upi,0.0
O002056,C00627,2025-09-07,Delivered,Debit Card,99.0
O017848,C05869,2024-06-13,Delivered,Net Banking,0.0
O017595,C05809,2024-03-12,Delivered,Credit Card,60.0
O011628,C03874,2024-06-25,Delivered,Credit Card,99.0
O001788,C00565,2024-04-20,Delivered,Net Banking,0.0
O011003,C03655,2025-02-01,delivered,COD,0.0
O011870,C03989,2023-04-04,Delivered,Debit Card,60.0
O010939,C03633,2023-04-20,Delivered,COD,40.0
O005561,C01833,2025-08-23,Delivered,Net Banking,0.0
O005568,C01835,2024-04-19,delivered,Net Banking,0.0
O002301,C00733,2024-10-06,Delivered,upi,0.0
O010741,C03570,2025-06-16,Delivered,upi,0.0
O018138,C05955,2024-12-15,Delivered,Debit Card,0.0
O015873,C05226,2025-08-31,Delivered,upi,60.0
O013511,C04496,2023-10-18,delivered,Debit Card,60.0
O004381,C01451,2025-07-01,Delivered,upi,0.0
O016228,C05353,2025-02-02,Delivered,Credit Card,0.0
O015445,C05095,2025-08-03,Delivered,UPI,40.0
O012714,C04234,2024-10-06,Delivered,upi,40.0
O000987,C00356,2024-06-14,Delivered,NET BANKING,99.0
O014154,C04707,2025-06-13,Delivered,Credit Card,40.0
O012559,C04198,2023-08-01,Delivered,Credit Card,60.0
O008113,C02668,2025-07-29,Delivered,upi,99.0
O017341,C05712,2024-09-23,Delivered,upi,0.0
O006807,C02250,2023-07-22,Delivered,upi,99.0
O005861,C01949,2024-11-17,Delivered,upi,40.0
O004433,C01475,2024-08-09,Cancelled,COD,40.0
O009842,C03257,2024-02-07,Delivered,COD,40.0
O004816,C01598,2025-06-04,Returned,COD,99.0
O000223,C00105,2024-04-18,Returned,upi,99.0
O016910,C05574,2025-06-23,Delivered,Debit Card,99.0
O008821,C02920,2024-08-15,Delivered,upi,0.0
O016894,C05570,2024-04-25,Delivered,upi,40.0
O012531,C04189,2025-04-21,Returned,Credit Card,99.0
O000507,C00193,2025-02-13,Returned,upi,0.0
O004986,C01664,2024-04-14,Delivered,Net Banking,0.0
O012025,C04043,2024-08-21,Delivered,COD,99.0
O008942,C02942,2024-12-16,Delivered,upi,60.0
O009993,C03296,2024-09-28,Returned,COD,99.0
O014172,C04710,2024-04-03,Delivered,COD,0.0
O013391,C04459,2025-02-19,Delivered,Net Banking,40.0
O008391,C02787,2024-06-02,Delivered,Credit Card,40.0
O000596,C00217,2023-05-28,Returned,upi,99.0
O015806,C05213,2024-04-08,Delivered,Debit Card,0.0
O013839,C04587,2025-03-22,Delivered,COD,99.0
O002089,C00643,2024-03-22,Delivered,Credit Card,0.0
O004347,C01441,2023-12-11,Delivered,Credit Card,60.0
O000787,C00302,2025-06-26,Delivered,upi,0.0
O014498,C04794,2025-03-22,Delivered,,99.0
O005273,C01748,2025-08-11,Delivered,Credit Card,60.0
O000560,C00208,2025-01-11,Delivered,Credit Card,40.0
O011756,C03936,2025-01-10,Delivered,upi,0.0
O014155,C04708,2024-06-13,Delivered,Debit Card,40.0
O005666,C01880,2023-10-06,Delivered,Debit Card,60.0
O001554,C00495,2024-10-16,Delivered,upi,0.0
O012577,C04207,2023-10-19,Delivered,upi,40.0
O007476,C02497,2025-04-27,Delivered,upi,0.0
O016272,C05370,2025-01-01,Delivered,COD,99.0
O002816,C00889,2023-10-20,Returned,Credit Card,0.0
O001454,C00464,2023-10-23,Delivered,Debit Card,0.0
O005727,C01898,2023-04-26,Delivered,upi,0.0
O014020,C04655,2024-06-27,Returned,Credit Card,0.0
O017137,C05647,2023-06-13,Delivered,COD,0.0
O017125,C05640,2024-03-18,Delivered,upi,0.0
O005151,C01708,2025-02-07,Delivered,Debit Card,40.0
O006402,C02114,2023-06-16,Delivered,upi,99.0
O009975,C03289,2024-11-24,Delivered,DEBIT CARD,40.0
O012626,C04219,2024-12-31,Delivered,Debit Card,40.0
O010683,C03546,2025-05-02,Delivered,Credit Card,40.0
O004693,C01559,2025-06-17,Delivered,upi,40.0
O015443,C05094,2023-12-22,Delivered,COD,0.0
O012562,C04198,2024-09-29,Delivered,Credit Card,99.0
O009283,C03041,2024-05-14,Delivered,Net Banking,0.0
O002604,C00827,2024-10-23,Delivered,upi,60.0
O008359,C02771,2025-09-01,Delivered,upi,0.0
O017390,C05729,2025-02-13,Delivered,Credit Card,40.0
O012893,C04291,2025-08-06,Delivered,Debit Card,0.0
O014738,C04859,2023-09-16,Delivered,DEBIT CARD,0.0
O011371,C03795,2025-02-01,Delivered,upi,0.0
O000381,C00153,2024-06-06,Returned,upi,0.0
O013643,C04528,2024-08-27,Delivered,upi,0.0
O008742,C02889,2025-06-19,Delivered,Net Banking,99.0
O002225,C00702,2024-05-22,Returned,upi,0.0
O012556,C04197,2023-05-19,Delivered,Debit Card,99.0
O016121,C05306,2025-07-09,Delivered,upi,0.0
O002164,C00681,2024-12-18,Delivered,COD,99.0
O004292,C01419,2025-03-31,Delivered,upi,40.0
O012375,C04154,2024-08-10,Delivered,Credit Card,0.0
O016274,C05370,2025-08-06,Delivered,Debit Card,60.0
O014382,C04759,2024-10-27,Delivered,upi,40.0
O014032,C04657,2024-07-28,Delivered,upi,60.0
O018118,C05941,2025-05-23,Delivered,COD,99.0
O005537,C01832,2024-11-23,Delivered,upi,60.0
O014800,C04880,2024-04-03,Delivered,upi,0.0
O012788,C04256,2024-05-25,Delivered,upi,0.0
O013129,C04368,2023-12-22,Delivered,Debit Card,0.0
O003942,C01300,2023-12-30,delivered,upi,60.0
O017032,C05609,2025-09-23,Returned,upi,0.0
O013299,C04427,2025-01-29,Delivered,COD,99.0
O015098,C04971,2024-06-18,Delivered,COD,0.0
O014952,C04922,2023-07-04,Delivered,upi,60.0
O005177,C01717,2025-08-26,Delivered,upi,40.0
O014115,C04689,2025-07-18,Delivered,upi,0.0
O011490,C03843,2024-07-25,Delivered,upi,40.0
O017769,C05847,2025-05-22,Delivered,upi,99.0
O001447,C00462,2024-07-13,Delivered,COD,0.0
O013245,C04406,2023-09-16,Delivered,Credit Card,40.0
O001592,C00501,2023-11-03,Delivered,upi,60.0
O007029,C02351,2025-06-20,Delivered,COD,0.0
O009767,C03220,2025-04-01,Returned,,0.0
O006695,C02217,2025-07-19,Delivered,Debit Card,0.0
O010267,C03402,2025-02-27,Delivered,Net Banking,0.0
O004889,C01633,2024-07-30,Delivered,upi,60.0
O011203,C03727,2024-12-24,Delivered,upi,0.0
O000365,C00151,2025-04-19,Delivered,upi,60.0
O004784,C01592,2023-06-11,Cancelled,UPI,0.0
O014679,C04841,2025-01-22,Delivered,upi,60.0
O006155,C02041,2024-01-23,Delivered,Credit Card,0.0
O008546,C02832,2023-03-18,Delivered,COD,40.0
O013659,C04535,2024-05-08,Delivered,Debit Card,40.0
O012674,C04233,2025-09-17,Delivered,,40.0
O017466,C05761,2024-06-11,Delivered,Credit Card,60.0
O005500,C01824,2024-10-11,Delivered,DEBIT CARD,60.0
O016645,C05489,2024-11-22,Delivered,upi,60.0
O005675,C01884,2023-04-28,Delivered,Net Banking,0.0
O005409,C01798,2024-06-21,delivered,upi,60.0
O015193,C05007,2025-07-09,Delivered,COD,0.0
O005764,C01907,2025-04-29,delivered,Credit Card,60.0
O005627,C01866,2024-05-03,Cancelled,upi,40.0
O002193,C00697,2024-02-22,Returned,upi,99.0
O011064,C03664,2025-05-20,Delivered,Credit Card,0.0
O005375,C01783,2025-08-30,delivered,upi,0.0
O013992,C04644,2025-04-03,Delivered,Debit Card,40.0
O007695,C02545,2023-06-28,Delivered,Debit Card,0.0
O014057,C04662,2025-01-30,Delivered,Net Banking,99.0
O006360,C02097,2025-09-06,Delivered,COD,0.0
O015557,C05132,2025-07-05,Delivered,upi,99.0
O002727,C00866,2024-09-06,Delivered,Debit Card,40.0
O007889,C02588,2025-09-15,Delivered,Credit Card,99.0
O016398,C05408,2024-06-22,Delivered,upi,0.0
O001199,C00395,2025-07-30,Delivered,Net Banking,40.0
O016347,C05391,2023-08-26,Delivered,upi,60.0
O006418,C02115,2025-06-29,Delivered,Net Banking,40.0
O005542,C01833,2024-06-15,Delivered,upi,60.0
O017223,C05669,2025-02-19,Delivered,COD,0.0
O017449,C05748,2024-04-02,Delivered,COD,0.0
O013632,C04525,2025-03-19,Delivered,upi,0.0
O008177,C02695,2024-06-21,Delivered,Debit Card,0.0
O012552,C04195,2025-06-30,Delivered,Net Banking,0.0
O006501,C02153,2025-05-16,Delivered,upi,40.0
O001524,C00483,2025-04-01,Delivered,upi,0.0
O008696,C02876,2024-02-09,Cancelled,upi,60.0
O007456,C02491,2025-01-18,Delivered,upi,99.0
O000425,C00167,2024-03-14,Cancelled,Net Banking,99.0
O002657,C00835,2024-01-23,Delivered,upi,0.0
O006268,C02057,2024-11-27,Delivered,Credit Card,99.0
O006908,C02290,2024-12-15,Returned,Net Banking,99.0
O015196,C05010,2024-12-24,Delivered,Debit Card,0.0
O007766,C02552,2025-04-02,Delivered,COD,0.0
O013893,C04617,2024-03-15,Delivered,upi,0.0
O011937,C04010,2023-08-15,Delivered,upi,0.0
O011007,C03655,2025-05-27,Cancelled,COD,0.0
O001388,C00434,2023-10-31,Delivered,Credit Card,0.0
O009414,C03093,2025-04-13,Delivered,COD,0.0
O016263,C05365,2023-05-06,Delivered,upi,40.0
O003401,C01087,2025-08-22,Delivered,Debit Card,0.0
O006630,C02196,2025-06-18,cancelled,Debit Card,60.0
O012074,C04061,2025-02-10,Delivered,upi,60.0
O014504,C04795,2023-11-21,Delivered,COD,40.0
O000549,C00204,2024-03-18,Delivered,upi,0.0
O012801,C04262,2025-09-20,Delivered,upi,0.0
O008465,C02808,2024-11-20,Delivered,Debit Card,40.0
O012351,C04144,2024-09-14,Delivered,Credit Card,0.0
O000728,C00279,2025-09-23,Delivered,Debit Card,40.0
O009940,C03277,2024-11-14,Delivered,upi,40.0
O007755,C02552,2024-08-29,Delivered,upi,60.0
O004233,C01396,2025-04-06,Returned,upi,0.0
O013428,C04471,2024-11-02,Delivered,upi,40.0
O008008,C02631,2025-09-04,Delivered,COD,99.0
O003352,C01069,2025-07-29,Returned,COD,0.0
O016381,C05402,2023-07-26,Delivered,Debit Card,0.0
O002207,C00697,2025-06-15,Delivered,upi,0.0
O016458,C05416,2024-08-24,Delivered,COD,99.0
O017080,C05618,2023-08-15,Delivered,Debit Card,60.0
O000488,C00187,2025-01-25,Delivered,COD,60.0
O004380,C01450,2025-03-01,Delivered,Net Banking,0.0
O003194,C01015,2025-01-24,Delivered,Credit Card,60.0
O005412,C01800,2025-04-23,Delivered,Credit Card,40.0
O013049,C04341,2025-09-17,Delivered,COD,40.0
O015717,C05173,2024-10-10,Delivered,upi,99.0
O013267,C04418,2024-08-25,Returned,upi,0.0
O009624,C03155,2024-09-07,delivered,upi,60.0
O010594,C03516,2023-10-21,Cancelled,upi,60.0
O001257,C00410,2025-05-17,Returned,upi,99.0
O013890,C04616,2025-03-01,Returned,COD,40.0
O000683,C00252,2024-07-16,Delivered,Credit Card,0.0
O017908,C05888,2025-04-17,Returned,Debit Card,0.0
O008794,C02911,2023-03-05,Cancelled,COD,0.0
O017288,C05701,2025-08-17,Delivered,upi,0.0
O013458,C04476,2024-10-12,Delivered,upi,60.0
O000737,C00280,2024-12-17,Delivered,upi,99.0
O009625,C03155,2024-09-15,Cancelled,Debit Card,99.0
O007830,C02570,2025-01-03,Delivered,upi,40.0
O014825,C04885,2024-10-21,Delivered,Credit Card,99.0
O006506,C02154,2024-03-22,Delivered,Debit Card,99.0
O006940,C02308,2024-06-16,Delivered,upi,60.0
O002462,C00781,2025-02-08,Delivered,upi,99.0
O000082,C00040,2024-10-05,Delivered,Debit Card,99.0
O002029,C00624,2023-09-26,Returned,Net Banking,40.0
O004474,C01499,2024-04-25,Delivered,Debit Card,0.0
O005582,C01842,2024-01-19,Delivered,DEBIT CARD,99.0
O014646,C04831,2023-09-09,Delivered,upi,40.0
O014427,C04775,2024-06-27,Returned,Debit Card,0.0
O012156,C04089,2025-08-11,Delivered,Credit Card,60.0
O010546,C03506,2024-04-04,Delivered,Credit Card,40.0
O012789,C04256,2024-10-23,Delivered,Net Banking,40.0
O012741,C04239,2025-06-12,Delivered,upi,60.0
O005032,C01680,2024-06-27,Delivered,Debit Card,0.0
O014531,C04806,2024-02-14,Delivered,upi,99.0
O015271,C05031,2025-03-19,Delivered,COD,0.0
O006809,C02251,2024-01-08,Returned,Debit Card,40.0
O008937,C02939,2024-07-19,Delivered,Credit Card,0.0
O009865,C03257,2025-07-21,Delivered,upi,40.0
O009050,C02972,2024-06-28,returned,Net Banking,0.0
O016265,C05365,2025-04-05,Returned,Debit Card,60.0
O003372,C01082,2024-10-08,Delivered,upi,0.0
O004345,C01440,2024-01-22,Delivered,Credit Card,0.0
O007028,C02350,2025-09-13,Delivered,COD,40.0
O012257,C04123,2024-06-24,Delivered,Credit Card,40.0
O015036,C04954,2024-01-13,Cancelled,COD,60.0
O009518,C03115,2024-01-09,Delivered,upi,0.0
O012621,C04219,2024-11-03,Returned,upi,60.0
O003181,C01010,2025-05-13,Delivered,Credit Card,0.0
O017875,C05874,2025-04-07,Delivered,upi,60.0
O013072,C04352,2025-04-13,Delivered,upi,99.0
O011843,C03973,2025-08-10,Delivered,Debit Card,60.0
O013441,C04471,2025-04-16,Delivered,Debit Card,40.0
O004920,C01643,2025-08-30,Delivered,Net Banking,0.0
O010112,C03330,2025-03-26,Delivered,DEBIT CARD,0.0
O014784,C04874,2025-05-30,Delivered,COD,0.0
O017101,C05628,2025-02-11,Delivered,COD,60.0
O001354,C00427,2025-03-07,Cancelled,COD,60.0
O002925,C00915,2025-02-07,Delivered,upi,0.0
O006316,C02075,2024-11-30,Delivered,upi,60.0
O018206,C05983,2025-06-06,Delivered,upi,0.0
O001720,C00547,2024-03-08,Delivered,upi,99.0
O014896,C04906,2025-05-14,Delivered,Net Banking,40.0
O017221,C05669,2024-09-18,Delivered,upi,0.0
O016130,C05313,2025-07-23,Returned,upi,40.0
O000364,C00150,2024-02-25,returned,upi,60.0
O018096,C05939,2024-11-14,Delivered,Debit Card,0.0
O006064,C02016,2024-02-17,Delivered,Credit Card,0.0
O008653,C02866,2023-09-21,Delivered,upi,0.0
O000071,C00034,2025-03-17,Returned,COD,0.0
O000169,C00089,2025-07-04,Returned,Credit Card,60.0
O009872,C03259,2024-08-22,Delivered,Net Banking,0.0
O006035,C02005,2024-01-19,Delivered,upi,99.0
O018139,C05956,2025-09-08,Delivered,Debit Card,40.0
O017374,C05729,2023-11-06,Delivered,COD,99.0
O006044,C02006,2023-11-18,Delivered,Debit Card,0.0
O002214,C00700,2024-12-24,Delivered,COD,0.0
O001372,C00428,2024-10-07,Delivered,upi,60.0
O013443,C04471,2025-05-03,Delivered,Debit Card,99.0
O001298,C00421,2025-08-11,Delivered,Net Banking,0.0
O002553,C00812,2023-04-21,Delivered,Debit Card,99.0
O016143,C05318,2024-10-24,Delivered,Debit Card,0.0
O006698,C02217,2025-09-22,Returned,Credit Card,40.0
O002514,C00797,2025-07-11,Delivered,COD,40.0
O007057,C02364,2023-11-09,Delivered,Credit Card,0.0
O007523,C02510,2025-02-28,Delivered,upi,0.0
O005888,C01952,2024-05-06,Returned,Debit Card,0.0
O014971,C04922,2025-08-12,Returned,upi,40.0
O014755,C04866,2023-09-11,Delivered,COD,99.0
O003760,C01231,2024-08-17,Delivered,Credit Card,0.0
O009964,C03283,2025-07-24,Delivered,COD,40.0
O003106,C00986,2024-02-13,Delivered,CREDIT CARD,0.0
O002492,C00788,2025-01-04,Delivered,Credit Card,0.0
O014079,C04672,2024-03-04,Delivered,upi,0.0
O015863,C05224,2024-07-23,Delivered,upi,40.0
O005734,C01900,2024-12-19,Delivered,upi,60.0
O011008,C03655,2025-05-30,Delivered,upi,40.0
O011759,C03938,2024-03-01,Delivered,upi,60.0
O007953,C02613,2023-08-22,Delivered,,0.0
O011537,C03860,2025-02-04,Delivered,Credit Card,0.0
O000845,C00317,2023-12-10,Delivered,upi,0.0
O012758,C04247,2023-11-03,Delivered,Credit Card,99.0
O018134,C05954,2024-12-21,Delivered,Credit Card,0.0
O001169,C00394,2024-07-01,Delivered,upi,60.0
O016755,C05528,2025-08-09,Delivered,Debit Card,60.0
O009245,C03031,2025-01-10,Delivered,Credit Card,60.0
O012497,C04184,2025-02-12,Cancelled,upi,0.0
O002094,C00646,2025-06-06,Delivered,upi,99.0
O004963,C01651,2024-08-14,delivered,COD,40.0
O002894,C00908,2024-11-22,Delivered,upi,60.0
O000262,C00118,2023-10-09,Delivered,upi,0.0
O013315,C04432,2025-06-19,Delivered,Debit Card,0.0
O007528,C02513,2024-12-04,Delivered,upi,0.0
O000808,C00306,2024-10-12,Returned,upi,40.0
O003602,C01166,2025-05-30,Delivered,Debit Card,99.0
O005739,C01903,2024-04-18,Delivered,upi,0.0
O007707,C02545,2024-03-18,delivered,Credit Card,0.0
O004530,C01524,2024-09-10,Delivered,,0.0
O001498,C00474,2024-10-23,Delivered,Debit Card,99.0
O002704,C00855,2025-03-04,Delivered,Credit Card,40.0
O001653,C00521,2024-07-23,Delivered,Credit Card,99.0
O012150,C04088,2025-09-18,Delivered,Net Banking,60.0
O002728,C00866,2025-01-11,Delivered,COD,99.0
O006878,C02273,2025-01-13,Delivered,Debit Card,0.0
O004892,C01636,2023-11-14,Delivered,upi,0.0
O002556,C00813,2023-03-06,Delivered,upi,99.0
O014128,C04698,2023-08-02,Delivered,Credit Card,40.0
O006633,C02198,2024-08-14,Delivered,Credit Card,40.0
O010798,C03584,2025-05-13,delivered,upi,99.0
O016373,C05400,2025-07-19,returned,Debit Card,60.0
O015684,C05169,2024-07-26,Delivered,upi,99.0
O001935,C00597,2024-02-10,Delivered,Credit Card,99.0
O011877,C03993,2023-02-15,Delivered,Net Banking,0.0
O010139,C03339,2024-09-22,Delivered,upi,0.0
O005557,C01833,2025-06-10,Delivered,Debit Card,60.0
O018102,C05939,2025-02-05,delivered,upi,40.0
O002632,C00831,2025-02-21,Delivered,upi,0.0
O014796,C04880,2023-06-20,Delivered,Net Banking,60.0
O006239,C02049,2024-04-14,Delivered,Debit Card,40.0
O014389,C04761,2025-05-21,Returned,upi,60.0
O014197,C04716,2023-06-01,Delivered,Credit Card,40.0
O016331,C05380,2025-07-27,Delivered,Debit Card,40.0
O000651,C00239,2024-04-02,delivered,upi,40.0
O003524,C01132,2025-01-03,Delivered,Credit Card,60.0
O001310,C00425,2023-06-14,Delivered,COD,0.0
O006917,C02296,2023-10-29,Delivered,upi,0.0
O008196,C02701,2025-03-14,Delivered,Net Banking,99.0
O003724,C01222,2024-07-21,Delivered,Debit Card,40.0
O013117,C04363,2024-09-24,Delivered,upi,60.0
O001384,C00433,2025-06-24,Delivered,COD,60.0
O006236,C02048,2025-03-23,Delivered,Credit Card,0.0
O007784,C02554,2024-12-13,Delivered,COD,60.0
O010338,C03424,2024-03-17,Delivered,upi,60.0
O010862,C03607,2024-10-06,Delivered,COD,0.0
O013743,C04561,2025-02-21,Delivered,COD,40.0
O003921,C01288,2025-06-04,Delivered,Credit Card,60.0
O014189,C04713,2025-05-26,Delivered,upi,0.0
O009756,C03218,2024-08-25,Delivered,upi,0.0
O001367,C00427,2025-08-08,Delivered,upi,40.0
O014567,C04810,2023-11-22,Delivered,,40.0
O007924,C02601,2024-01-21,Returned,upi,40.0
O015145,C04988,2025-06-30,Cancelled,upi,40.0
O012172,C04097,2023-11-26,Delivered,upi,60.0
O014519,C04801,2025-04-27,Delivered,Net Banking,99.0
O005246,C01744,2024-03-02,Delivered,COD,99.0
O018032,C05928,2025-09-05,delivered,Credit Card,60.0
O006853,C02266,2025-07-01,Delivered,Credit Card,0.0
O010827,C03592,2025-03-28,Delivered,upi,0.0
O006771,C02243,2024-12-11,Delivered,upi,99.0
O010954,C03638,2024-06-08,Delivered,upi,99.0
O008443,C02795,2025-04-22,delivered,Credit Card,0.0
O000320,C00138,2024-07-12,Delivered,Credit Card,60.0
O009781,C03229,2024-02-12,Delivered,Debit Card,0.0
O002197,C00697,2024-07-25,Cancelled,COD,99.0
O008174,C02694,2025-02-05,Delivered,Debit Card,99.0
O015658,C05162,2025-02-10,Delivered,upi,40.0
O001397,C00438,2025-07-04,Delivered,upi,0.0
O000863,C00322,2025-05-29,Delivered,upi,99.0
O008735,C02886,2025-02-21,Delivered,Debit Card,60.0
O011111,C03675,2024-02-28,Delivered,Debit Card,99.0
O000505,C00193,2025-01-20,Delivered,upi,0.0
O011703,C03912,2025-07-06,delivered,Debit Card,60.0
O010959,C03640,2024-01-03,Delivered,COD,60.0
O016502,C05428,2025-06-29,Delivered,Debit Card,40.0
O001899,C00592,2024-03-14,Delivered,Credit Card,40.0
O005701,C01886,2024-12-24,Delivered,Credit Card,99.0
O001711,C00545,2023-09-09,Delivered,Credit Card,60.0
O009737,C03208,2024-10-13,Returned,Credit Card,0.0
O002586,C00821,2023-08-14,Delivered,Credit Card,40.0
O001785,C00563,2024-08-08,Delivered,upi,40.0
O011039,C03663,2025-07-26,Delivered,upi,0.0
O017566,C05794,2024-03-13,Delivered,Credit Card,40.0
O002025,C00622,2025-09-12,Delivered,Net Banking,40.0
O017423,C05741,2024-06-11,Delivered,COD,99.0
O002694,C00852,2023-10-11,Delivered,upi,0.0
O003098,C00985,2024-01-10,Delivered,COD,0.0
O009336,C03065,2025-07-14,Delivered,COD,40.0
O007820,C02565,2025-08-05,Delivered,Net Banking,60.0
O002395,C00766,2025-02-02,Delivered,,60.0
O009727,C03200,2023-11-17,Returned,Credit Card,0.0
O017196,C05661,2024-10-09,Delivered,,40.0
O012785,C04255,2024-10-04,delivered,Net Banking,40.0
O015567,C05137,2024-07-29,Delivered,upi,99.0
O017239,C05675,2025-05-28,Delivered,Credit Card,99.0
O000925,C00337,2024-08-29,Delivered,Debit Card,0.0
O007291,C02438,2025-03-11,Delivered,Net Banking,0.0
O013255,C04409,2024-09-16,Delivered,UPI,60.0
O002384,C00762,2025-04-12,Returned,Debit Card,60.0
O009642,C03156,2025-06-13,Delivered,upi,0.0
O009097,C02992,2024-03-12,Delivered,upi,0.0
O009990,C03295,2025-04-23,Delivered,Net Banking,0.0
O006983,C02331,2024-12-19,Delivered,upi,40.0
O011535,C03860,2024-11-23,Delivered,upi,99.0
O016257,C05363,2025-07-08,Delivered,upi,40.0
O002940,C00918,2024-09-17,Delivered,COD,60.0
O004279,C01419,2024-03-30,Delivered,Net Banking,0.0
O007155,C02387,2024-09-24,Delivered,upi,0.0
O001411,C00447,2024-04-15,Delivered,Debit Card,60.0
O001595,C00501,2024-01-04,Delivered,Debit Card,0.0
O017761,C05842,2025-04-28,Delivered,upi,0.0
O004897,C01638,2024-06-07,Delivered,upi,0.0
O017116,C05634,2024-04-13,Delivered,UPI,0.0
O001663,C00526,2023-10-26,Delivered,upi,60.0
O004715,C01568,2025-03-19,Delivered,Net Banking,40.0
O004605,C01539,2025-06-15,Cancelled,DEBIT CARD,0.0
O003165,C01000,2025-09-13,Delivered,upi,60.0
O017888,C05878,2024-08-15,Delivered,upi,99.0
O011531,C03856,2023-06-06,Returned,COD,0.0
O009885,C03265,2023-12-01,delivered,Credit Card,60.0
O013290,C04424,2025-05-12,Delivered,COD,40.0
O009369,C03080,2024-05-21,Delivered,upi,99.0
O014737,C04858,2023-10-07,delivered,Credit Card,0.0
O014586,C04812,2024-01-27,Delivered,Net Banking,0.0
O004276,C01419,2024-02-03,Delivered,Net Banking,0.0
O014977,C04923,2024-07-25,Delivered,Debit Card,0.0
O002266,C00718,2024-11-29,Delivered,Debit Card,60.0
O010639,C03533,2023-10-03,Delivered,Credit Card,0.0
O006518,C02156,2025-05-09,Delivered,COD,99.0
O013673,C04536,2025-07-01,Delivered,upi,0.0
O014582,C04811,2023-08-14,Delivered,upi,40.0
O015660,C05163,2024-04-15,Delivered,upi,0.0
O011731,C03927,2025-09-12,Delivered,upi,99.0
O012753,C04243,2025-05-05,Delivered,upi,0.0
O016858,C05558,2023-02-25,Delivered,Credit Card,40.0
O006492,C02148,2024-05-25,Delivered,Credit Card,0.0
O005388,C01788,2025-05-25,Delivered,Debit Card,40.0
O002996,C00946,2024-10-20,Delivered,upi,60.0
O016208,C05343,2023-04-06,Delivered,upi,40.0
O012140,C04086,2023-09-13,Delivered,Credit Card,99.0
O005257,C01745,2025-02-27,Delivered,COD,0.0
O015935,C05250,2024-02-19,Delivered,Debit Card,60.0
O015077,C04962,2025-07-19,Delivered,upi,0.0
O008860,C02926,2024-09-01,Delivered,Credit Card,40.0
O012522,C04186,2025-09-15,Delivered,Debit Card,40.0
O004714,C01568,2023-09-15,Delivered,upi,40.0
O014381,C04759,2024-07-12,Delivered,upi,40.0
O003048,C00967,2024-09-19,Delivered,upi,0.0
O013617,C04523,2024-10-12,Delivered,upi,60.0
O013619,C04524,2023-11-14,Delivered,upi,99.0
O012989,C04324,2024-03-08,delivered,Net Banking,0.0
O010641,C03533,2024-01-17,Delivered,Debit Card,0.0
O004329,C01433,2025-02-15,Delivered,upi,0.0
O002723,C00865,2024-05-02,Delivered,Credit Card,40.0
O010977,C03642,2024-08-21,Delivered,upi,40.0
O008065,C02654,2023-11-19,Delivered,Net Banking,99.0
O009460,C03102,2024-09-08,Delivered,COD,0.0
O016945,C05586,2025-02-18,Delivered,NET BANKING,99.0
O005710,C01892,2025-06-07,Delivered,upi,99.0
O009729,C03202,2024-07-18,Delivered,upi,0.0
O010745,C03573,2024-09-27,Delivered,upi,0.0
O003464,C01102,2024-11-02,Delivered,Debit Card,0.0
O016048,C05276,2023-04-16,Delivered,Credit Card,0.0
O018004,C05919,2025-03-25,Delivered,COD,0.0
O016329,C05379,2023-04-03,Delivered,Net Banking,99.0
O005082,C01694,2023-08-30,Delivered,NET BANKING,40.0
O017516,C05776,2025-05-25,Delivered,Debit Card,60.0
O013024,C04332,2023-08-25,Delivered,upi,40.0
O004758,C01581,2024-01-06,delivered,upi,99.0
O003673,C01203,2023-11-24,Delivered,CREDIT CARD,0.0
O000306,C00132,2024-12-14,Delivered,UPI,60.0
O005088,C01694,2023-11-30,Delivered,UPI,60.0
O007912,C02596,2023-08-22,Delivered,Debit Card,0.0
O002236,C00704,2025-04-10,Delivered,Credit Card,60.0
O009745,C03212,2025-04-27,Delivered,upi,0.0
O003085,C00981,2024-04-22,Delivered,Credit Card,0.0
O002868,C00907,2023-12-31,Delivered,upi,0.0
O007336,C02454,2024-03-21,Delivered,upi,60.0
O013561,C04503,2025-05-09,Delivered,upi,40.0
O002071,C00636,2023-10-25,Delivered,COD,0.0
O017006,C05599,2024-04-25,Delivered,upi,0.0
O002833,C00895,2024-10-01,Cancelled,upi,40.0
O015722,C05174,2023-10-19,Returned,upi,40.0
O009539,C03119,2023-04-05,Delivered,upi,0.0
O018068,C05936,2025-03-18,Delivered,COD,0.0
O012453,C04166,2025-05-17,Delivered,Debit Card,60.0
O005250,C01744,2024-10-20,Delivered,Credit Card,40.0
O014299,C04727,2024-11-18,Delivered,COD,40.0
O000177,C00094,2024-12-22,Delivered,COD,60.0
O017234,C05673,2025-02-17,Delivered,Net Banking,99.0
O011468,C03843,2023-07-12,Delivered,upi,60.0
O009289,C03044,2025-08-15,Delivered,upi,40.0
O001072,C00372,2024-02-28,Delivered,upi,0.0
O010838,C03598,2023-10-09,delivered,upi,0.0
O016239,C05356,2024-08-02,Delivered,Net Banking,99.0
O008197,C02702,2025-09-07,Delivered,upi,60.0
O010737,C03570,2024-07-11,Delivered,Credit Card,0.0
O014280,C04720,2025-02-10,Delivered,COD,40.0
O000292,C00129,2024-03-04,Delivered,Debit Card,0.0
O011328,C03773,2025-08-29,Delivered,Credit Card,40.0
O009221,C03024,2025-08-03,Returned,upi,0.0
O005986,C01990,2023-10-02,Delivered,,60.0
O005732,C01899,2024-04-24,Delivered,Debit Card,0.0
O008879,C02926,2025-07-12,Delivered,Debit Card,40.0
O014927,C04915,2024-12-18,Delivered,Net Banking,99.0
O003821,C01249,2025-08-15,Cancelled,,0.0
O009316,C03056,2024-12-03,Delivered,Credit Card,60.0
O001895,C00592,2023-12-17,Delivered,Net Banking,60.0
O011027,C03660,2024-12-16,Delivered,Debit Card,0.0
O002699,C00853,2023-11-04,Delivered,Credit Card,0.0
O011842,C03972,2025-08-03,Returned,COD,0.0
O006574,C02174,2023-11-25,Cancelled,Debit Card,60.0
O002985,C00936,2025-08-03,Cancelled,upi,0.0
O014180,C04710,2025-02-03,Delivered,upi,60.0
O001550,C00495,2024-08-05,Delivered,COD,60.0
O012879,C04290,2024-11-12,Delivered,COD,60.0
O000913,C00337,2024-01-03,Delivered,Credit Card,60.0
O013173,C04385,2024-11-24,Delivered,Credit Card,60.0
O015875,C05226,2025-09-23,Delivered,COD,60.0
O017057,C05613,2024-12-25,Delivered,COD,0.0
O004468,C01495,2025-03-20,Delivered,Net Banking,0.0
O010667,C03540,2024-07-23,Delivered,Credit Card,40.0
O003273,C01037,2024-07-26,Delivered,Net Banking,0.0
O006769,C02243,2024-09-21,Delivered,Debit Card,60.0
O013181,C04386,2025-07-06,Delivered,upi,99.0
O004602,C01539,2025-05-06,Delivered,upi,99.0
O012851,C04285,2024-01-27,Delivered,Debit Card,40.0
O012267,C04125,2025-09-09,Delivered,upi,99.0
O000240,C00108,2025-07-05,Cancelled,,99.0
O005792,C01922,2023-07-15,Delivered,,0.0
O001686,C00535,2025-07-13,Delivered,Debit Card,99.0
O017195,C05661,2024-09-12,Delivered,Debit Card,0.0
O000376,C00152,2025-07-02,Delivered,CREDIT CARD,40.0
O015991,C05260,2025-09-20,Delivered,Debit Card,0.0
O005720,C01895,2024-07-01,Delivered,upi,40.0
O001755,C00557,2025-01-19,Delivered,COD,40.0
O017801,C05855,2024-07-23,Returned,Credit Card,0.0
O014353,C04748,2025-03-02,Delivered,upi,40.0
O015680,C05168,2024-12-08,Delivered,COD,40.0
O013638,C04527,2024-09-06,Delivered,upi,99.0
O008116,C02671,2023-12-15,Delivered,upi,0.0
O004799,C01592,2025-05-08,Delivered,upi,60.0
O008754,C02894,2025-02-14,Delivered,upi,40.0
O014052,C04660,2023-11-01,Delivered,Net Banking,60.0
O008999,C02963,2023-10-08,Delivered,Net Banking,0.0
O005449,C01814,2023-12-17,Delivered,upi,0.0
O008829,C02923,2023-12-07,Delivered,Credit Card,99.0
O000626,C00233,2025-07-26,Delivered,upi,99.0
O006989,C02332,2025-02-12,Delivered,upi,99.0
O018003,C05919,2024-02-25,Delivered,upi,0.0
O017460,C05756,2023-08-23,Delivered,upi,0.0
O003040,C00965,2024-04-09,Delivered,upi,0.0
O014207,C04716,2024-06-01,Delivered,upi,0.0
O014250,C04718,2024-05-01,Delivered,upi,99.0
O001350,C00427,2025-02-01,Delivered,Net Banking,0.0
O004427,C01470,2024-04-28,Delivered,Debit Card,0.0
O017278,C05695,2025-06-12,Delivered,upi,0.0
O006634,C02198,2024-10-04,delivered,Credit Card,99.0
O011492,C03843,2024-08-22,Delivered,Net Banking,60.0
O014331,C04739,2025-02-06,Cancelled,Credit Card,60.0
O014512,C04799,2024-02-23,Delivered,upi,40.0
O017911,C05888,2025-09-02,Returned,upi,99.0
O015579,C05144,2023-08-09,Delivered,upi,40.0
O002304,C00734,2024-08-08,Delivered,upi,40.0
O002419,C00774,2025-04-25,Delivered,Credit Card,40.0
O006900,C02287,2023-05-26,Returned,COD,99.0
O010937,C03632,2024-09-29,delivered,,0.0
O006161,C02041,2024-04-19,Delivered,COD,60.0
O003245,C01027,2024-08-25,Delivered,Debit Card,0.0
O008023,C02639,2023-06-20,Delivered,upi,0.0
O014964,C04922,2024-10-22,Delivered,Credit Card,99.0
O000490,C00189,2024-05-25,Delivered,Credit Card,40.0
O015805,C05213,2024-02-26,Delivered,upi,99.0
O005121,C01701,2025-09-11,Delivered,Credit Card,60.0
O017482,C05764,2024-05-18,Delivered,COD,0.0
O000272,C00121,2024-11-11,delivered,upi,0.0
O010242,C03391,2023-09-08,Returned,upi,60.0
O012137,C04084,2025-02-18,Delivered,COD,60.0
O014686,C04846,2024-12-18,Delivered,Credit Card,40.0
O005782,C01917,2025-09-24,Delivered,Net Banking,0.0
O015753,C05191,2025-07-16,Delivered,upi,0.0
O016566,C05461,2024-09-08,Delivered,upi,0.0
O005648,C01872,2024-11-04,Cancelled,COD,99.0
O007616,C02526,2024-06-25,Delivered,upi,40.0
O009282,C03041,2023-10-30,Delivered,Credit Card,99.0
O004601,C01539,2025-05-03,Delivered,Credit Card,0.0
O004979,C01660,2024-12-21,Delivered,upi,0.0
O008215,C02710,2025-04-06,Delivered,Credit Card,0.0
O017590,C05806,2025-02-14,Delivered,Debit Card,40.0
O006252,C02053,2025-02-13,Delivered,Debit Card,0.0
O011218,C03731,2023-11-10,Delivered,UPI,99.0
O017009,C05599,2024-10-17,Cancelled,Debit Card,0.0
O014357,C04751,2025-09-28,Delivered,Debit Card,99.0
O017392,C05729,2025-04-20,Delivered,Net Banking,40.0
O011562,C03864,2023-07-24,Delivered,upi,0.0
O010313,C03418,2024-02-26,Delivered,upi,60.0
O001973,C00609,2024-12-29,Delivered,Net Banking,0.0
O018066,C05936,2024-12-16,Delivered,Debit Card,99.0
O017836,C05867,2025-01-22,Delivered,upi,99.0
O017509,C05776,2023-03-12,Delivered,upi,0.0
O015674,C05167,2025-02-24,Delivered,upi,0.0
O001559,C00495,2025-01-13,Delivered,Credit Card,40.0
O014597,C04812,2025-09-25,Delivered,CREDIT CARD,60.0
O014325,C04738,2025-02-13,Delivered,upi,40.0
O017800,C05854,2023-08-04,Delivered,upi,60.0
O014912,C04914,2024-07-07,Delivered,COD,0.0
O008499,C02812,2025-05-05,Delivered,upi,0.0
O011899,C03997,2024-03-24,Delivered,COD,60.0
O017247,C05679,2024-07-31,Delivered,upi,40.0
O002441,C00778,2024-12-27,Delivered,Debit Card,40.0
O014205,C04716,2024-02-03,Delivered,Net Banking,0.0
O006032,C02005,2023-05-01,Delivered,Credit Card,0.0
O014604,C04815,2025-07-09,Delivered,upi,99.0
O014002,C04647,2023-06-22,Delivered,upi,0.0
O007243,C02421,2023-04-19,Delivered,upi,40.0
O002128,C00664,2024-02-04,Delivered,COD,0.0
O000685,C00252,2024-10-05,Delivered,Debit Card,60.0
O004694,C01559,2025-07-18,Delivered,Credit Card,60.0
O013355,C04446,2025-09-25,Delivered,upi,0.0
O011047,C03664,2024-04-10,Delivered,upi,0.0
O017283,C05698,2023-03-17,Delivered,COD,99.0
O016543,C05452,2024-12-12,delivered,CREDIT CARD,0.0
O006579,C02177,2023-09-21,Delivered,upi,0.0
O016956,C05588,2025-01-12,Delivered,upi,99.0
O015598,C05151,2025-06-26,Delivered,DEBIT CARD,40.0
O007629,C02526,2025-06-19,Delivered,Credit Card,0.0
O009187,C03011,2024-08-02,Delivered,upi,99.0
O001906,C00592,2024-06-18,Delivered,upi,0.0
O017289,C05702,2024-05-16,Delivered,upi,99.0
O012130,C04082,2025-01-20,Delivered,Credit Card,0.0
O012393,C04158,2024-11-05,Delivered,upi,99.0
O013064,C04348,2024-11-30,Delivered,UPI,0.0
O003938,C01300,2023-11-10,Delivered,UPI,60.0
O016694,C05511,2023-06-22,Delivered,upi,40.0
O004871,C01629,2025-02-15,Delivered,upi,0.0
O008992,C02961,2025-02-17,Delivered,upi,40.0
O007890,C02588,2025-09-27,Delivered,upi,0.0
O011836,C03971,2024-05-29,Delivered,COD,99.0
O015467,C05105,2025-02-10,Delivered,upi,0.0
O000684,C00252,2024-07-30,Delivered,COD,99.0
O007488,C02503,2024-05-13,Delivered,Debit Card,99.0
O013252,C04408,2024-09-17,Delivered,COD,40.0
O011310,C03767,2025-02-14,Delivered,UPI,0.0
O016447,C05415,2024-07-28,Delivered,Net Banking,0.0
O013208,C04394,2023-12-09,Delivered,upi,40.0
O005697,C01885,2024-10-09,Delivered,Net Banking,60.0
O011118,C03680,2025-07-02,Cancelled,upi,99.0
O016316,C05375,2023-06-16,Delivered,Net Banking,0.0
O009991,C03295,2025-05-17,Delivered,upi,60.0
O009367,C03078,2024-03-11,Delivered,upi,0.0
O004235,C01397,2024-06-09,Delivered,Debit Card,0.0
O008430,C02794,2024-11-20,Delivered,COD,99.0
O007939,C02607,2024-02-18,Delivered,Credit Card,99.0
O003906,C01282,2025-03-11,Delivered,UPI,0.0
O015541,C05130,2024-01-08,Delivered,Credit Card,40.0
O017308,C05705,2024-12-27,Cancelled,upi,0.0
O002218,C00701,2023-12-23,Delivered,Credit Card,0.0
O016638,C05489,2024-04-12,Delivered,upi,0.0
O005878,C01952,2023-12-02,Delivered,Debit Card,0.0
O014186,C04712,2024-04-02,Delivered,upi,0.0
O010873,C03612,2025-01-10,Returned,Credit Card,99.0
O017982,C05908,2023-10-28,Delivered,Net Banking,40.0
O004558,C01538,2024-12-21,Delivered,Debit Card,99.0
O000530,C00201,2023-08-26,Delivered,COD,40.0
O002145,C00670,2025-08-02,Delivered,Net Banking,99.0
O015825,C05218,2025-04-20,Delivered,COD,0.0
O008159,C02688,2023-04-21,delivered,upi,60.0
O012970,C04316,2023-08-22,Delivered,NET BANKING,60.0
O000570,C00211,2023-06-21,Delivered,upi,60.0
O011419,C03818,2024-06-19,Delivered,UPI,0.0
O009217,C03024,2025-01-15,Delivered,upi,99.0
O013991,C04644,2025-04-01,Delivered,upi,60.0
O008364,C02773,2024-06-09,Cancelled,Net Banking,0.0
O011554,C03862,2025-04-14,Delivered,upi,60.0
O010523,C03494,2025-05-14,Delivered,Net Banking,0.0
O014744,C04860,2024-07-23,Delivered,Credit Card,99.0
O001866,C00587,2024-08-22,Delivered,upi,60.0
O001512,C00479,2024-09-10,Delivered,Debit Card,40.0
O007279,C02434,2024-09-27,Delivered,upi,40.0
O003269,C01035,2024-12-25,Returned,Debit Card,0.0
O003877,C01271,2025-05-02,Delivered,upi,99.0
O017721,C05837,2023-08-27,Delivered,Credit Card,40.0
O012014,C04038,2024-12-19,Delivered,Credit Card,99.0
O003971,C01306,2025-09-25,Cancelled,upi,60.0
O002966,C00928,2025-09-14,Delivered,Debit Card,99.0
O016883,C05566,2025-01-16,Delivered,Debit Card,99.0
O005216,C01736,2023-05-13,Delivered,upi,0.0
O008932,C02938,2023-02-21,Delivered,upi,60.0
O016489,C05422,2024-05-24,Delivered,Net Banking,0.0
O008531,C02824,2024-02-07,Delivered,COD,40.0
O010345,C03431,2025-04-17,Returned,upi,0.0
O009572,C03137,2025-04-29,Cancelled,Debit Card,0.0
O016022,C05267,2023-12-31,Delivered,upi,0.0
O013407,C04464,2024-11-16,Cancelled,Credit Card,40.0
O014808,C04885,2023-10-07,Delivered,Debit Card,0.0
O007589,C02523,2024-05-31,Delivered,upi,0.0
O015685,C05170,2024-02-11,Delivered,upi,0.0
O015990,C05260,2025-09-16,Delivered,Credit Card,40.0
O017996,C05918,2023-08-08,Delivered,Credit Card,60.0
O003303,C01050,2023-04-21,delivered,Net Banking,99.0
O009952,C03279,2025-01-28,Delivered,upi,60.0
O011791,C03955,2024-09-02,Delivered,UPI,40.0
O017750,C05838,2024-09-21,Delivered,upi,0.0
O010192,C03362,2023-08-09,Delivered,Credit Card,60.0
O003661,C01197,2025-07-14,Delivered,Credit Card,0.0
O004532,C01525,2025-07-30,Delivered,upi,0.0
O016503,C05429,2023-11-06,Delivered,upi,0.0
O001523,C00483,2025-02-18,Delivered,upi,60.0
O015007,C04942,2023-10-30,Delivered,,0.0
O016597,C05473,2024-04-24,Delivered,Debit Card,60.0
O014468,C04794,2023-03-07,Delivered,Debit Card,0.0
O008867,C02926,2025-01-09,Delivered,upi,40.0
O002148,C00671,2024-05-28,Delivered,Debit Card,0.0
O003299,C01048,2025-08-03,Delivered,upi,40.0
O012821,C04273,2023-08-03,Delivered,Credit Card,0.0
O016648,C05489,2025-01-20,Delivered,upi,40.0
O002787,C00877,2023-09-09,Delivered,Credit Card,0.0
O009247,C03031,2025-02-15,Delivered,Credit Card,99.0
O000062,C00030,2024-06-23,Delivered,upi,0.0
O005898,C01952,2025-01-11,Delivered,Debit Card,0.0
O011482,C03843,2024-02-27,delivered,Net Banking,60.0
O016725,C05518,2024-01-25,Delivered,upi,0.0
O000595,C00216,2024-11-01,Cancelled,upi,60.0
O009357,C03074,2025-04-08,Delivered,upi,60.0
O008715,C02883,2025-06-05,Delivered,Credit Card,0.0
O000802,C00306,2023-11-23,Delivered,upi,0.0
O015295,C05041,2024-02-08,Delivered,Debit Card,40.0
O003729,C01224,2023-01-15,Delivered,COD,40.0
O013031,C04334,2023-07-10,delivered,upi,0.0
O009125,C03004,2025-05-19,Delivered,COD,0.0
O016679,C05499,2024-11-27,Returned,COD,60.0
O012445,C04166,2024-10-21,Delivered,UPI,0.0
O009293,C03046,2023-12-02,Delivered,upi,99.0
O017378,C05729,2024-03-05,Returned,Credit Card,0.0
O001369,C00427,2025-08-12,Delivered,Debit Card,99.0
O015601,C05153,2025-09-15,Delivered,upi,99.0
O002030,C00624,2024-01-14,Delivered,Credit Card,99.0
O013317,C04434,2023-05-09,Delivered,COD,0.0
O003605,C01168,2024-02-02,Cancelled,upi,60.0
O005892,C01952,2024-07-12,Delivered,Credit Card,99.0
O006300,C02065,2025-03-11,Delivered,COD,0.0
O015328,C05052,2024-10-24,Delivered,upi,0.0
O000153,C00080,2023-03-24,Delivered,COD,0.0
O013764,C04568,2024-10-17,Returned,Debit Card,60.0
O004695,C01560,2023-08-26,Delivered,COD,99.0
O010535,C03503,2025-02-03,Returned,Debit Card,99.0
O000841,C00316,2024-09-26,Delivered,Credit Card,99.0
O008284,C02742,2024-02-08,Delivered,Credit Card,60.0
O003321,C01055,2024-10-11,Delivered,COD,99.0
O012492,C04181,2025-02-26,Delivered,COD,0.0
O006645,C02202,2024-04-04,Delivered,Debit Card,0.0
O016044,C05273,2024-12-01,Delivered,COD,0.0
O000933,C00337,2025-01-27,Delivered,upi,99.0
O012236,C04122,2024-05-26,Delivered,DEBIT CARD,40.0
O000890,C00334,2024-08-24,Delivered,COD,99.0
O016205,C05342,2023-01-29,delivered,upi,0.0
O012653,C04229,2024-02-01,Delivered,upi,60.0
O005689,C01885,2023-09-17,Delivered,Net Banking,40.0
O002075,C00636,2024-04-08,Delivered,upi,99.0
O008646,C02864,2024-07-24,Delivered,Debit Card,40.0
O006111,C02037,2025-07-25,Delivered,COD,40.0
O011221,C03731,2025-03-25,Returned,COD,0.0
O008078,C02659,2024-01-27,Delivered,Credit Card,40.0
O009589,C03145,2024-03-12,Delivered,COD,0.0
O007272,C02427,2025-02-19,Delivered,upi,0.0
O002194,C00697,2024-03-28,Delivered,COD,40.0
O000043,C00025,2024-03-12,Delivered,Debit Card,0.0
O003653,C01195,2025-05-29,Delivered,Credit Card,60.0
O018019,C05923,2024-07-20,Returned,upi,0.0
O009919,C03268,2024-02-29,Delivered,upi,99.0
O015897,C05232,2025-07-08,Delivered,upi,40.0
O002398,C00767,2024-02-09,Returned,upi,40.0
O006705,C02224,2023-06-17,Delivered,Credit Card,99.0
O011210,C03730,2024-12-19,Delivered,Net Banking,0.0
O002849,C00900,2024-01-18,Delivered,Credit Card,40.0
O013297,C04426,2025-06-08,Delivered,COD,99.0
O011770,C03947,2023-05-03,delivered,COD,0.0
O004925,C01646,2023-09-17,Delivered,upi,40.0
O014510,C04798,2025-04-03,Delivered,Debit Card,99.0
O005445,C01812,2025-06-17,Delivered,Debit Card,0.0
O012114,C04075,2023-08-12,Delivered,upi,40.0
O003285,C01038,2025-05-07,Delivered,upi,0.0
O001037,C00363,2025-04-06,Delivered,Net Banking,40.0
O012705,C04234,2024-06-21,Delivered,COD,99.0
O002163,C00680,2025-09-24,Delivered,Credit Card,0.0
O012145,C04088,2025-08-20,Delivered,Credit Card,0.0
O009223,C03025,2023-08-17,Delivered,upi,40.0
O008825,C02922,2023-11-08,Delivered,Net Banking,99.0
O015889,C05229,2024-08-18,Delivered,upi,40.0
O007411,C02475,2024-06-30,delivered,upi,0.0
O004995,C01668,2025-03-19,Delivered,Debit Card,99.0
O016657,C05491,2025-03-13,Delivered,upi,0.0
O005031,C01680,2024-06-16,Delivered,Debit Card,0.0
O010292,C03411,2024-08-13,Delivered,upi,0.0
O006030,C02004,2025-05-17,Delivered,Credit Card,0.0
O005607,C01857,2023-11-12,Delivered,Credit Card,0.0
O014350,C04746,2025-01-28,Delivered,Debit Card,0.0
O009430,C03097,2024-05-07,Delivered,Credit Card,40.0
O012032,C04048,2025-05-31,Returned,upi,40.0
O016607,C05474,2023-10-16,Delivered,DEBIT CARD,60.0
O013791,C04571,2025-04-30,Delivered,COD,40.0
O006143,C02041,2023-07-10,Cancelled,COD,60.0
O008155,C02685,2025-07-14,Delivered,Debit Card,99.0
O001368,C00427,2025-08-10,Delivered,Debit Card,60.0
O004051,C01330,2025-02-06,Delivered,upi,0.0
O000002,C00002,2025-04-08,Delivered,Debit Card,0.0
O004091,C01344,2025-02-11,Delivered,Net Banking,0.0
O012594,C04214,2025-03-29,Delivered,Net Banking,99.0
O016518,C05438,2025-09-14,Delivered,Debit Card,0.0
O001546,C00494,2025-09-08,Delivered,upi,40.0
O002224,C00702,2024-03-03,Delivered,Credit Card,99.0
O006261,C02054,2024-01-28,delivered,Debit Card,60.0
O005344,C01775,2024-12-07,Delivered,Debit Card,60.0
O005769,C01908,2025-04-29,Delivered,COD,40.0
O001091,C00382,2024-09-29,Delivered,upi,99.0
O003898,C01277,2023-12-08,Cancelled,upi,0.0
O006835,C02262,2024-09-10,Returned,Debit Card,0.0
O017158,C05660,2024-05-25,Cancelled,upi,40.0
O012806,C04265,2023-06-15,Delivered,Debit Card,0.0
O003572,C01152,2024-12-18,Delivered,Debit Card,99.0
O014963,C04922,2024-08-01,Delivered,Credit Card,99.0
O008973,C02954,2024-08-20,Delivered,,0.0
O006911,C02293,2024-07-08,Delivered,Net Banking,0.0
O007235,C02416,2024-11-21,Delivered,Debit Card,0.0
O005724,C01896,2025-07-09,delivered,Credit Card,0.0
O004278,C01419,2024-03-28,Returned,upi,40.0
O005614,C01860,2023-10-07,Delivered,Net Banking,0.0
O005210,C01735,2024-04-08,Delivered,upi,99.0
O018043,C05933,2024-08-31,Delivered,upi,0.0
O010050,C03309,2024-02-08,Delivered,upi,0.0
O011377,C03799,2023-10-18,Delivered,upi,0.0
O016931,C05583,2025-05-13,delivered,upi,0.0
O002144,C00669,2024-08-21,delivered,COD,0.0
O010351,C03433,2025-07-22,Delivered,COD,99.0
O016711,C05514,2024-09-09,Delivered,Debit Card,99.0
O016158,C05327,2024-11-25,Delivered,,40.0
O010407,C03449,2024-04-11,Delivered,Credit Card,0.0
O009032,C02964,2025-07-31,Delivered,COD,0.0
O008698,C02877,2023-12-12,Delivered,upi,40.0
O007961,C02614,2023-09-06,Delivered,upi,40.0
O003946,C01300,2024-08-24,Returned,upi,60.0
O010560,C03509,2024-04-27,Delivered,COD,40.0
O005485,C01817,2024-10-27,Delivered,Debit Card,0.0
O001152,C00391,2025-05-22,Delivered,Debit Card,40.0
O016558,C05457,2025-06-27,Delivered,upi,40.0
O016076,C05290,2024-07-05,Delivered,upi,0.0
O012340,C04143,2025-04-09,Delivered,Credit Card,40.0
O010906,C03622,2024-12-17,Delivered,UPI,0.0
O003065,C00972,2025-07-26,Delivered,Debit Card,99.0
O008337,C02768,2024-02-06,Delivered,upi,0.0
O007054,C02361,2025-02-10,Delivered,COD,99.0
O001497,C00473,2025-06-11,Delivered,Credit Card,0.0
O016262,C05365,2023-04-08,Delivered,Net Banking,99.0
O014649,C04832,2023-04-17,Delivered,Debit Card,40.0
O002746,C00871,2025-04-19,Returned,upi,0.0
O016088,C05291,2025-01-18,Delivered,COD,0.0
O012952,C04309,2023-07-02,Returned,Credit Card,99.0
O014816,C04885,2024-02-24,Delivered,Debit Card,0.0
O000235,C00105,2025-06-13,Delivered,Debit Card,60.0
O014391,C04763,2023-09-14,Delivered,DEBIT CARD,0.0
O010790,C03582,2024-10-08,Delivered,Debit Card,0.0
O003126,C00989,2024-10-12,Delivered,COD,60.0
O015773,C05204,2025-02-24,Delivered,upi,0.0
O010328,C03421,2023-04-23,Cancelled,upi,0.0
O000885,C00330,2025-01-17,Delivered,upi,0.0
O004410,C01465,2024-08-14,Delivered,upi,0.0
O012035,C04049,2024-09-18,Delivered,upi,0.0
O014547,C04806,2025-02-14,Delivered,Net Banking,0.0
O001838,C00581,2024-10-10,Delivered,upi,0.0
O007098,C02377,2025-05-27,Delivered,Credit Card,99.0
O016942,C05586,2024-04-26,Delivered,upi,40.0
O009053,C02974,2023-06-28,Delivered,upi,0.0
O015527,C05125,2025-05-12,Delivered,upi,60.0
O006043,C02006,2023-08-11,Delivered,upi,60.0
O013528,C04498,2025-04-12,Delivered,upi,99.0
O006785,C02244,2025-06-25,Delivered,Debit Card,40.0
O012200,C04112,2024-03-25,Delivered,COD,60.0
O017748,C05837,2025-05-16,Delivered,Credit Card,0.0
O001396,C00437,2023-12-05,Delivered,upi,0.0
O012721,C04234,2025-01-06,Cancelled,Credit Card,60.0
O014050,C04659,2025-07-13,Delivered,upi,60.0
O004014,C01317,2025-07-04,Delivered,upi,0.0
O007942,C02608,2025-04-12,delivered,Debit Card,60.0
O006736,C02237,2023-02-25,Delivered,Credit Card,40.0
O011529,C03854,2025-07-16,Delivered,upi,99.0
O001190,C00394,2025-07-28,Delivered,upi,60.0
O017430,C05745,2024-08-20,Delivered,upi,40.0
O003759,C01231,2024-05-27,Delivered,upi,0.0
O007780,C02554,2024-03-26,Delivered,Net Banking,0.0
O010090,C03324,2024-08-19,Delivered,Credit Card,60.0
O007948,C02612,2024-08-13,Delivered,Debit Card,0.0
O008617,C02855,2024-09-13,Delivered,upi,60.0
O003037,C00965,2023-12-04,Returned,Credit Card,60.0
O010773,C03577,2025-02-01,Returned,upi,0.0
O002200,C00697,2024-11-05,Delivered,COD,0.0
O011682,C03902,2023-12-22,Delivered,upi,0.0
O016643,C05489,2024-06-24,Delivered,COD,0.0
O004887,C01631,2025-04-22,Returned,Net Banking,0.0
O013573,C04508,2025-02-21,Delivered,Credit Card,60.0
O008365,C02773,2025-08-31,Returned,Debit Card,60.0
O004743,C01579,2025-01-06,Delivered,UPI,60.0
O015705,C05170,2025-09-17,Delivered,Credit Card,60.0
O005729,C01898,2023-10-02,Delivered,Debit Card,0.0
O004762,C01581,2024-08-30,Delivered,Debit Card,0.0
O015502,C05118,2023-06-24,Delivered,upi,40.0
O016796,C05542,2025-04-05,Delivered,DEBIT CARD,60.0
O007369,C02463,2024-07-24,Delivered,Credit Card,99.0
O002408,C00770,2025-08-23,Cancelled,upi,99.0
O015821,C05216,2025-08-07,Delivered,Debit Card,99.0
O001129,C00391,2023-07-13,Delivered,Debit Card,40.0
O018057,C05936,2023-12-04,Delivered,Net Banking,99.0
O011195,C03721,2023-08-16,Delivered,Credit Card,0.0
O012344,C04144,2023-08-21,Delivered,Credit Card,60.0
O002909,C00909,2025-08-12,Delivered,Debit Card,60.0
O006932,C02301,2024-10-15,Delivered,Debit Card,99.0
O016433,C05411,2024-10-16,Delivered,COD,0.0
O004688,C01558,2025-05-10,Returned,COD,99.0
O014153,C04707,2023-11-14,Delivered,upi,99.0
O012062,C04059,2023-12-31,Delivered,upi,40.0
O016185,C05333,2025-08-10,Delivered,upi,0.0
O000813,C00307,2024-05-09,Delivered,Net Banking,0.0
O015268,C05031,2025-02-12,Delivered,UPI,0.0
O000478,C00182,2024-10-05,Delivered,Debit Card,0.0
O017251,C05682,2025-06-23,Delivered,upi,0.0
O005598,C01852,2025-05-12,Delivered,Debit Card,40.0
O001013,C00358,2025-07-07,Delivered,Credit Card,99.0
O009257,C03031,2025-07-22,Delivered,COD,40.0
O008936,C02939,2024-05-20,Delivered,upi,99.0
O003186,C01012,2025-03-31,Delivered,upi,0.0
O000078,C00037,2025-07-24,Delivered,COD,99.0
O002891,C00908,2024-09-11,Cancelled,COD,0.0
O000852,C00320,2023-05-27,Delivered,COD,0.0
O005725,C01897,2024-01-05,Cancelled,upi,40.0
O003328,C01058,2023-07-11,Delivered,upi,60.0
O013687,C04538,2024-11-19,Delivered,upi,0.0
O015833,C05220,2024-02-19,Cancelled,Net Banking,99.0
O014590,C04812,2024-04-30,Delivered,Credit Card,99.0
O003403,C01089,2023-02-23,Delivered,COD,0.0
O012464,C04170,2025-04-01,Delivered,upi,60.0
O002014,C00619,2024-02-10,Delivered,COD,99.0
O009335,C03065,2025-02-25,Delivered,upi,40.0
O007418,C02475,2024-10-12,Delivered,Debit Card,0.0
O007169,C02388,2024-03-15,Delivered,upi,60.0
O017342,C05712,2024-09-27,Delivered,upi,99.0
O014493,C04794,2024-12-15,delivered,Credit Card,99.0
O015479,C05106,2025-04-25,Delivered,COD,0.0
O001657,C00522,2025-07-23,Cancelled,upi,99.0
O000658,C00239,2024-11-10,Delivered,upi,0.0
O008051,C02648,2025-05-11,Delivered,upi,0.0
O008320,C02759,2025-08-18,Cancelled,Credit Card,40.0
O006801,C02249,2025-06-01,Delivered,UPI,40.0
O015641,C05159,2024-11-08,Returned,upi,60.0
O014635,C04823,2025-09-27,Delivered,upi,60.0
O006337,C02082,2025-08-06,Delivered,Debit Card,40.0
O001964,C00609,2024-06-21,Delivered,Net Banking,0.0
O007600,C02526,2023-05-09,Delivered,upi,99.0
O003905,C01281,2024-05-30,Delivered,upi,60.0
O001002,C00358,2024-02-07,Delivered,Credit Card,0.0
O000455,C00177,2025-06-09,Delivered,upi,0.0
O014947,C04922,2023-04-05,Delivered,Credit Card,60.0
O009584,C03143,2025-04-18,Delivered,COD,0.0
O004559,C01538,2024-12-26,Returned,Credit Card,99.0
O010608,C03522,2024-02-22,Delivered,UPI,40.0
O014788,C04876,2023-07-24,Delivered,upi,0.0
O002053,C00627,2025-06-12,Delivered,upi,0.0
O010904,C03622,2024-10-21,Delivered,Debit Card,0.0
O005974,C01983,2024-10-23,Cancelled,upi,99.0
O016836,C05552,2025-07-17,Delivered,Credit Card,40.0
O008861,C02926,2024-09-28,Delivered,upi,60.0
O008976,C02956,2023-02-18,Delivered,COD,0.0
O007490,C02503,2024-07-07,Delivered,Debit Card,40.0
O010792,C03583,2024-12-07,Delivered,UPI,40.0
O006944,C02310,2025-03-20,Delivered,Credit Card,60.0
O002652,C00834,2024-12-23,Delivered,upi,0.0
O008315,C02756,2025-04-10,Delivered,Credit Card,40.0
O005920,C01960,2024-09-25,Delivered,COD,0.0
O013045,C04338,2024-01-01,Delivered,Credit Card,0.0
O014264,C04720,2024-04-05,Delivered,upi,60.0
O010522,C03494,2025-04-28,Delivered,upi,40.0
O010472,C03470,2025-03-13,Delivered,Credit Card,99.0
O013136,C04369,2024-11-27,Delivered,Debit Card,60.0
O011552,C03862,2025-03-24,Delivered,COD,40.0
O003939,C01300,2023-11-19,Delivered,upi,99.0
O000745,C00280,2025-08-26,Delivered,Debit Card,99.0
O002809,C00887,2023-11-20,Delivered,Debit Card,60.0
O008953,C02945,2023-12-15,Delivered,Debit Card,99.0
O003055,C00970,2023-08-25,Delivered,Credit Card,0.0
O000380,C00152,2025-09-23,Delivered,Net Banking,99.0
O003742,C01228,2024-12-04,Delivered,Credit Card,0.0
O010368,C03440,2024-12-30,Delivered,Net Banking,99.0
O001204,C00397,2025-06-04,Delivered,upi,0.0
O010250,C03394,2025-06-21,Delivered,COD,99.0
O002644,C00833,2025-01-17,Delivered,upi,0.0
O015914,C05241,2025-03-06,Delivered,COD,60.0
O004624,C01543,2023-07-31,Delivered,COD,0.0
O003859,C01262,2023-12-16,Delivered,upi,40.0
O010241,C03390,2025-03-02,Delivered,Net Banking,0.0
O010270,C03404,2025-06-06,Delivered,COD,40.0
O003290,C01043,2025-02-10,Cancelled,upi,0.0
O012632,C04219,2025-03-25,Returned,COD,40.0
O006371,C02103,2023-03-28,Delivered,Credit Card,0.0
O015418,C05082,2025-02-19,Delivered,Debit Card,99.0
O015426,C05087,2024-03-10,Delivered,Debit Card,0.0
O008238,C02721,2025-05-04,Delivered,upi,40.0
O012773,C04250,2025-03-15,Delivered,COD,40.0
O010066,C03312,2024-09-10,Delivered,Debit Card,0.0
O007719,C02545,2025-02-09,Delivered,upi,99.0
O018209,C05985,2024-05-14,Delivered,upi,40.0
O001098,C00383,2025-09-24,Delivered,upi,0.0
O015664,C05165,2025-04-10,Delivered,Debit Card,0.0
O011647,C03884,2023-09-07,Delivered,Credit Card,99.0
O005788,C01920,2023-07-07,Delivered,COD,60.0
O000713,C00274,2024-03-24,delivered,upi,60.0
O016070,C05287,2024-06-26,Delivered,Credit Card,0.0
O009340,C03068,2023-08-20,Delivered,Credit Card,0.0
O011316,C03772,2023-12-21,Delivered,Credit Card,60.0
O002804,C00886,2023-09-12,Delivered,COD,60.0
O010305,C03414,2024-02-25,Delivered,,0.0
O002931,C00916,2025-09-21,Delivered,Credit Card,40.0
O007485,C02503,2023-11-27,Returned,upi,40.0
O006699,C02218,2025-01-14,Delivered,upi,40.0
O017010,C05600,2025-05-20,Delivered,Net Banking,60.0
O014780,C04872,2024-07-07,Delivered,upi,40.0
O009055,C02976,2024-02-21,Delivered,Debit Card,0.0
O014298,C04727,2024-01-17,Delivered,Credit Card,40.0
O005081,C01694,2023-08-28,delivered,upi,0.0
O000640,C00238,2024-10-16,Delivered,upi,40.0
O000368,C00152,2024-11-30,Delivered,upi,40.0
O012098,C04067,2025-01-02,Delivered,upi,0.0
O001032,C00361,2025-03-19,Returned,upi,99.0
O011015,C03656,2025-05-02,Delivered,Net Banking,0.0
O010581,C03512,2024-07-07,Delivered,Net Banking,60.0
O002911,C00910,2024-11-17,Delivered,COD,60.0
O011815,C03966,2025-01-04,Delivered,COD,40.0
O008373,C02777,2023-09-05,Delivered,upi,0.0
O001211,C00398,2024-11-24,Delivered,Debit Card,0.0
O013067,C04351,2024-05-03,Delivered,upi,0.0
O006417,C02115,2025-05-04,Delivered,Debit Card,60.0
O011882,C03994,2023-07-07,Delivered,Debit Card,0.0
O014772,C04868,2024-09-09,Delivered,Credit Card,0.0
O006959,C02320,2023-12-15,Cancelled,Credit Card,0.0
O009410,C03093,2025-01-25,Delivered,Debit Card,40.0
O000591,C00213,2025-09-15,Delivered,upi,0.0
O011467,C03843,2023-07-07,Delivered,upi,99.0
O011407,C03813,2025-07-15,Delivered,UPI,0.0
O012276,C04128,2024-09-15,Delivered,Credit Card,40.0
O007202,C02402,2025-04-18,Returned,Debit Card,40.0
O017030,C05609,2025-01-22,Delivered,upi,0.0
O003274,C01037,2024-09-16,Delivered,upi,40.0
O001737,C00552,2025-06-10,Returned,Debit Card,0.0
O017670,C05827,2025-09-06,Delivered,Debit Card,40.0
O009216,C03024,2024-12-23,Returned,Credit Card,40.0
O012248,C04123,2023-11-08,Delivered,Credit Card,0.0
O005022,C01678,2025-08-30,Delivered,Credit Card,0.0
O011086,C03668,2024-12-16,Delivered,Credit Card,99.0
O013061,C04348,2023-11-06,Delivered,upi,0.0
O017671,C05828,2024-06-27,Delivered,upi,99.0
O012910,C04297,2024-01-29,Delivered,,99.0
O001723,C00549,2023-11-28,Delivered,Debit Card,60.0
O016979,C05594,2025-01-11,Delivered,upi,40.0
O015574,C05140,2024-04-14,Delivered,upi,99.0
O000740,C00280,2025-05-22,Delivered,upi,0.0
O018201,C05980,2025-08-04,Delivered,Credit Card,60.0
O000142,C00073,2023-08-16,Delivered,Net Banking,40.0
O014650,C04832,2023-07-22,Delivered,Net Banking,99.0
O004134,C01354,2025-04-29,Delivered,Credit Card,0.0
O014222,C04717,2023-11-05,delivered,Debit Card,60.0
O011792,C03956,2025-01-16,Delivered,NET BANKING,0.0
O013953,C04639,2024-11-09,Delivered,upi,40.0
O005192,C01728,2024-07-03,Delivered,,99.0
O001606,C00501,2025-03-05,Delivered,Net Banking,99.0
O007231,C02413,2025-06-09,Delivered,Credit Card,40.0
O017943,C05899,2023-08-11,Delivered,Credit Card,0.0
O006957,C02318,2024-05-08,Delivered,upi,40.0
O012913,C04297,2024-04-01,Returned,upi,60.0
O000817,C00309,2025-01-07,Delivered,Credit Card,0.0
O008730,C02886,2024-11-02,Delivered,COD,99.0
O014114,C04689,2024-03-30,Delivered,Debit Card,0.0
O016564,C05460,2024-10-21,delivered,NET BANKING,0.0
O002649,C00834,2024-10-08,Delivered,Net Banking,99.0
O001859,C00587,2024-03-30,Delivered,Debit Card,0.0
O002969,C00929,2024-08-12,Cancelled,upi,0.0
O011340,C03776,2024-10-05,Returned,Credit Card,0.0
O018001,C05919,2023-08-12,Delivered,Debit Card,60.0
O000189,C00096,2025-09-09,Delivered,upi,40.0
O009475,C03102,2025-05-13,delivered,Debit Card,60.0
O005021,C01678,2024-12-29,Delivered,Debit Card,99.0
O013039,C04338,2023-04-24,Delivered,upi,40.0
O016939,C05586,2024-01-11,delivered,Credit Card,99.0
O002789,C00877,2024-06-04,Returned,COD,40.0
O009332,C03065,2024-09-02,Delivered,,0.0
O004293,C01419,2025-04-23,Delivered,upi,60.0
O010476,C03472,2024-05-29,Delivered,Credit Card,99.0
O014336,C04739,2025-04-25,Delivered,COD,40.0
O010898,C03622,2023-07-28,Delivered,Debit Card,60.0
O017454,C05752,2024-04-06,Delivered,Net Banking,0.0
O012619,C04219,2024-08-21,Delivered,Debit Card,99.0
O009412,C03093,2025-02-16,Delivered,COD,0.0
O005657,C01876,2024-02-03,Delivered,COD,0.0
O008064,C02654,2023-10-29,Delivered,Credit Card,99.0
O004937,C01646,2024-08-06,Returned,COD,60.0
O016226,C05353,2023-07-15,Delivered,Net Banking,0.0
O016891,C05570,2023-12-09,Returned,COD,0.0
O012462,C04170,2024-06-19,Delivered,upi,0.0
O008810,C02917,2023-05-25,Delivered,Credit Card,60.0
O010854,C03603,2025-09-14,Delivered,upi,99.0
O003850,C01258,2023-08-07,Delivered,Debit Card,40.0
O008321,C02760,2025-03-14,Delivered,Debit Card,0.0
O015732,C05178,2024-08-23,Delivered,Debit Card,0.0
O010949,C03636,2024-12-16,Delivered,COD,40.0
O009480,C03105,2024-02-14,Delivered,Debit Card,60.0
O000900,C00337,2023-07-12,Delivered,Net Banking,40.0
O015865,C05224,2025-01-19,Delivered,upi,60.0
O013710,C04550,2025-02-15,Cancelled,Credit Card,40.0
O002650,C00834,2024-11-03,Delivered,COD,0.0
O004362,C01446,2024-08-15,Delivered,upi,0.0
O012682,C04234,2023-07-31,Delivered,upi,40.0
O004144,C01362,2025-09-04,delivered,upi,0.0
O004385,C01454,2024-01-20,Delivered,upi,0.0
O005661,C01878,2024-09-17,Delivered,upi,0.0
O014566,C04809,2025-06-05,Delivered,upi,60.0
O014060,C04664,2024-12-23,Delivered,upi,0.0
O015434,C05090,2024-06-24,Delivered,upi,99.0
O009890,C03265,2024-01-10,Delivered,Credit Card,0.0
O013899,C04619,2024-08-18,Delivered,Debit Card,60.0
O010930,C03629,2024-09-24,Delivered,Credit Card,99.0
O000005,C00004,2024-02-23,Returned,COD,99.0
O000464,C00181,2023-11-09,Delivered,upi,0.0
O002250,C00708,2025-03-17,Delivered,upi,40.0
O012840,C04283,2025-06-22,Delivered,upi,0.0
O008136,C02679,2024-09-07,Delivered,upi,99.0
O002997,C00947,2024-07-19,Delivered,Debit Card,40.0
O016401,C05408,2024-07-11,delivered,upi,0.0
O009474,C03102,2025-05-04,Delivered,Debit Card,0.0
O017903,C05885,2024-11-17,Delivered,UPI,99.0
O010724,C03563,2025-05-02,Delivered,upi,0.0
O012180,C04101,2024-07-14,Delivered,Credit Card,60.0
O005685,C01885,2023-03-28,Delivered,upi,0.0
O012780,C04254,2023-10-14,Delivered,upi,99.0
O017726,C05837,2023-12-15,Cancelled,Net Banking,60.0
O000965,C00343,2024-11-29,Delivered,Credit Card,0.0
O016280,C05372,2023-11-01,delivered,upi,0.0
O004639,C01549,2025-01-01,Delivered,COD,40.0
O009639,C03155,2025-07-01,Delivered,upi,99.0
O005926,C01962,2025-09-24,Delivered,Credit Card,60.0
O011860,C03982,2024-10-07,Delivered,upi,0.0
O013093,C04360,2024-10-29,Delivered,upi,0.0
O014678,C04841,2024-11-16,Returned,COD,0.0
O002847,C00900,2023-11-20,Returned,COD,40.0
O014436,C04778,2025-02-11,Delivered,Debit Card,60.0
O017833,C05867,2024-05-22,Delivered,Credit Card,0.0
O006824,C02260,2025-03-13,Delivered,UPI,0.0
O003799,C01243,2024-11-19,Delivered,Debit Card,99.0
O004231,C01394,2025-04-17,Delivered,Debit Card,99.0
O008887,C02928,2025-03-14,Delivered,DEBIT CARD,0.0
O014868,C04898,2025-09-02,Delivered,DEBIT CARD,0.0
O012377,C04155,2025-06-02,Delivered,upi,60.0
O016141,C05318,2024-05-09,Delivered,Debit Card,60.0
O000827,C00313,2025-06-20,delivered,COD,99.0
O009387,C03087,2024-10-13,Delivered,upi,99.0
O000627,C00234,2024-11-08,Delivered,upi,0.0
O014490,C04794,2024-10-10,Delivered,upi,99.0
O011089,C03669,2025-09-02,Delivered,upi,0.0
O000803,C00306,2024-03-28,Delivered,upi,40.0
O017837,C05867,2025-02-07,Delivered,Credit Card,99.0
O006790,C02246,2024-05-08,Delivered,Debit Card,40.0
O004281,C01419,2024-04-27,Delivered,upi,0.0
O011143,C03695,2024-04-28,Delivered,Debit Card,60.0
O005244,C01743,2024-03-26,Delivered,COD,60.0
O001197,C00395,2025-05-09,Delivered,upi,0.0
O010651,C03534,2025-08-10,Delivered,upi,0.0
O008640,C02864,2023-04-12,Delivered,upi,0.0
O014159,C04708,2025-01-22,Returned,upi,40.0
O001872,C00587,2025-05-28,Cancelled,upi,40.0
O010932,C03630,2025-05-13,Delivered,Net Banking,0.0
O010847,C03600,2024-11-11,Delivered,upi,0.0
O010619,C03529,2023-06-07,Delivered,Net Banking,0.0
O001985,C00609,2025-06-21,delivered,upi,0.0
O016359,C05396,2024-04-29,Delivered,Credit Card,0.0
O010469,C03470,2024-06-11,Delivered,upi,40.0
O002752,C00873,2024-02-24,Delivered,upi,0.0
O013661,C04536,2024-05-15,Delivered,upi,40.0
O012775,C04250,2025-06-25,Delivered,Net Banking,40.0
O010370,C03441,2025-02-02,Delivered,Debit Card,99.0
O014726,C04857,2024-07-24,Delivered,Net Banking,99.0
O014338,C04739,2025-08-25,Delivered,Credit Card,60.0
O006843,C02264,2024-08-12,Delivered,Net Banking,60.0
O008166,C02690,2024-08-12,Delivered,upi,0.0
O000642,C00239,2023-06-22,Delivered,COD,40.0
O006762,C02242,2025-03-04,Delivered,upi,60.0
O005050,C01682,2025-06-11,Delivered,Credit Card,60.0
O014860,C04894,2025-02-07,Delivered,COD,0.0
O004290,C01419,2025-03-08,Delivered,Net Banking,0.0
O013903,C04619,2024-10-22,Delivered,upi,0.0
O005860,C01949,2024-11-01,Delivered,NET BANKING,60.0
O002042,C00627,2024-02-22,Delivered,COD,99.0
O005639,C01870,2024-10-29,Delivered,Debit Card,99.0
O005776,C01913,2025-07-07,Delivered,Credit Card,40.0
O013399,C04462,2025-02-28,Delivered,UPI,0.0
O014803,C04882,2024-06-23,Delivered,COD,99.0
O009403,C03093,2024-08-06,Delivered,Credit Card,60.0
O006571,C02173,2024-09-19,Delivered,COD,0.0
O008049,C02646,2025-05-23,delivered,UPI,40.0
O013685,C04537,2025-02-17,Delivered,COD,99.0
O001493,C00471,2023-12-03,Delivered,Credit Card,60.0
O011738,C03929,2025-06-19,Delivered,Credit Card,0.0
O011372,C03795,2025-05-13,Delivered,upi,0.0
O009680,C03177,2024-09-23,Delivered,upi,0.0
O015917,C05243,2024-10-07,Delivered,upi,40.0
O013906,C04620,2024-02-17,Delivered,upi,40.0
O003016,C00954,2023-11-05,Delivered,Net Banking,0.0
O009875,C03260,2024-09-02,Delivered,upi,40.0
O002192,C00697,2023-11-21,Delivered,upi,40.0
O006358,C02095,2024-06-07,Returned,Credit Card,40.0
O001210,C00398,2024-10-06,Delivered,Debit Card,60.0
O009620,C03154,2025-08-15,delivered,Debit Card,0.0
O005558,C01833,2025-06-25,Delivered,upi,60.0
O007487,C02503,2024-01-27,Returned,Net Banking,99.0
O012874,C04290,2024-04-14,Delivered,upi,0.0
O001073,C00372,2024-05-05,Returned,Credit Card,99.0
O017171,C05661,2023-06-29,Delivered,Debit Card,40.0
O002477,C00783,2025-04-04,Delivered,Debit Card,40.0
O004902,C01640,2023-11-25,Delivered,upi,40.0
O001251,C00409,2023-11-04,Delivered,COD,0.0
O006815,C02256,2025-08-24,Delivered,upi,40.0
O007661,C02532,2025-04-05,delivered,Net Banking,60.0
O011359,C03785,2025-04-30,Delivered,upi,60.0
O011208,C03730,2023-11-29,Delivered,UPI,0.0
O010998,C03655,2024-07-16,Delivered,Credit Card,0.0
O001214,C00398,2025-06-16,Delivered,Credit Card,0.0
O009937,C03274,2025-03-18,Delivered,Credit Card,99.0
O005967,C01981,2024-07-24,Delivered,Net Banking,99.0
O006071,C02020,2025-07-17,Delivered,Debit Card,40.0
O017847,C05869,2024-06-05,Delivered,upi,0.0
O000279,C00122,2025-05-03,Delivered,COD,60.0
O001014,C00358,2025-08-09,Delivered,upi,0.0
O013610,C04522,2023-12-03,Delivered,Debit Card,0.0
O000077,C00037,2025-07-19,Delivered,DEBIT CARD,40.0
O005953,C01975,2024-08-03,Delivered,Credit Card,40.0
O001435,C00457,2025-03-26,Delivered,upi,0.0
O006117,C02039,2024-08-26,Delivered,upi,40.0
O006390,C02106,2025-04-27,Delivered,,99.0
O017148,C05657,2024-07-13,Delivered,Debit Card,60.0
O012627,C04219,2025-01-06,Delivered,Net Banking,99.0
O002871,C00907,2024-07-08,Delivered,Net Banking,0.0
O004554,C01536,2025-04-09,Delivered,Net Banking,0.0
O005779,C01915,2023-08-25,delivered,COD,40.0
O014480,C04794,2024-01-31,Returned,Debit Card,0.0
O013844,C04591,2024-12-08,Delivered,upi,60.0
O001254,C00409,2024-11-11,Delivered,Credit Card,60.0
O011197,C03723,2024-01-30,Delivered,Net Banking,40.0
O008616,C02855,2024-04-18,Delivered,upi,99.0
O004907,C01643,2023-12-02,Cancelled,Net Banking,0.0
O015278,C05032,2025-01-08,Delivered,upi,60.0
O016231,C05356,2023-03-28,Delivered,,0.0
O010917,C03624,2023-11-20,Delivered,Credit Card,0.0
O013260,C04412,2025-09-04,Delivered,upi,40.0
O014379,C04759,2024-05-29,Delivered,COD,60.0
O005571,C01835,2024-06-29,delivered,upi,0.0
O013200,C04392,2025-04-10,Delivered,upi,40.0
O000687,C00254,2024-12-12,Delivered,COD,0.0
O017553,C05790,2023-12-25,Delivered,Debit Card,0.0
O005171,C01712,2025-08-15,Delivered,upi,99.0
O010393,C03449,2023-05-19,Delivered,Credit Card,40.0
O015984,C05260,2025-08-12,Delivered,upi,0.0
O006223,C02046,2024-11-27,Delivered,upi,0.0
O012976,C04320,2023-05-17,Delivered,Net Banking,0.0
O006885,C02279,2023-11-07,Cancelled,COD,0.0
O006401,C02113,2024-11-29,Cancelled,upi,0.0
O001070,C00372,2023-10-03,Delivered,UPI,0.0
O008500,C02812,2025-08-04,Returned,Credit Card,40.0
O016443,C05413,2023-08-16,Returned,COD,40.0
O015614,C05155,2025-08-26,Delivered,COD,40.0
O010947,C03634,2025-03-11,Returned,upi,0.0
O010247,C03394,2025-02-28,Delivered,COD,0.0
O002575,C00817,2025-04-25,Delivered,,99.0
O010674,C03543,2025-09-21,Returned,Net Banking,40.0
O015280,C05034,2025-02-07,Delivered,COD,99.0
O012291,C04134,2023-12-24,Delivered,Credit Card,40.0
O006614,C02187,2024-11-15,Delivered,Credit Card,40.0
O010802,C03585,2023-10-24,Delivered,upi,40.0
O012521,C04186,2025-09-14,Delivered,Credit Card,40.0
O017217,C05669,2023-07-02,Delivered,upi,40.0
O004287,C01419,2024-11-15,Delivered,upi,0.0
O008781,C02906,2025-03-18,Delivered,Net Banking,99.0
O007445,C02484,2024-09-08,Delivered,upi,0.0
O014231,C04717,2024-03-13,Delivered,upi,60.0
O003018,C00956,2024-05-28,Delivered,upi,0.0
O011855,C03981,2023-10-05,Cancelled,upi,60.0
O013206,C04394,2023-09-04,Delivered,upi,60.0
O001110,C00386,2025-01-10,Delivered,Net Banking,99.0
O017105,C05630,2025-09-09,Returned,COD,60.0
O007949,C02612,2024-12-29,Delivered,upi,0.0
O012175,C04099,2025-06-03,Delivered,upi,0.0
O006849,C02265,2025-03-22,Delivered,upi,40.0
O017166,C05661,2023-05-22,Delivered,CREDIT CARD,0.0
O005362,C01780,2024-05-01,Delivered,Debit Card,60.0
O015411,C05078,2024-08-18,Returned,Net Banking,99.0
O017910,C05888,2025-08-20,Delivered,Debit Card,40.0
O003253,C01029,2024-07-30,Delivered,upi,0.0
O011869,C03988,2025-08-04,Delivered,upi,0.0
O007354,C02461,2024-12-01,Delivered,upi,60.0
O015257,C05027,2023-08-01,Delivered,COD,99.0
O014329,C04739,2024-07-12,Delivered,upi,60.0
O007284,C02436,2023-12-16,Delivered,Debit Card,99.0
O013852,C04596,2023-10-30,Delivered,upi,0.0
O013057,C04347,2024-09-23,Delivered,upi,0.0
O005759,C01906,2024-03-20,Delivered,upi,0.0
O008692,C02875,2025-06-24,Delivered,Credit Card,0.0
O000252,C00112,2025-07-18,Cancelled,Debit Card,0.0
O006146,C02041,2023-10-21,Delivered,Debit Card,60.0
O001921,C00594,2023-12-04,Delivered,upi,0.0
O017883,C05876,2024-06-30,Delivered,upi,40.0
O003551,C01142,2023-09-18,Delivered,Debit Card,60.0
O002067,C00634,2025-06-01,Delivered,COD,40.0
O003685,C01206,2025-01-25,Delivered,Credit Card,0.0
O006544,C02163,2025-08-15,Delivered,upi,0.0
O002484,C00784,2025-07-14,Delivered,Debit Card,0.0
O005662,C01878,2024-10-03,Delivered,COD,0.0
O017587,C05803,2025-06-13,Delivered,Credit Card,0.0
O012977,C04320,2023-05-22,Delivered,upi,99.0
O006157,C02041,2024-02-10,Delivered,upi,40.0
O000799,C00306,2023-07-24,Delivered,upi,40.0
O011695,C03908,2024-05-12,Delivered,COD,0.0
O003867,C01266,2025-01-22,delivered,UPI,60.0
O016031,C05269,2025-09-08,Delivered,upi,40.0
O016346,C05391,2023-08-11,Delivered,Net Banking,0.0
O005094,C01694,2025-03-20,Delivered,upi,40.0
O004374,C01448,2025-07-27,delivered,Net Banking,40.0
O002127,C00663,2025-08-03,Delivered,upi,60.0
O017012,C05601,2023-05-03,Delivered,upi,0.0
O004566,C01538,2025-02-24,Delivered,upi,0.0
O006808,C02250,2023-11-05,Delivered,COD,99.0
O017658,C05820,2025-08-26,delivered,COD,99.0
O008888,C02929,2024-12-11,Delivered,,0.0
O003784,C01240,2023-12-14,Delivered,DEBIT CARD,40.0
O004663,C01558,2023-02-27,Delivered,upi,0.0
O014985,C04927,2025-08-03,Delivered,COD,40.0
O001584,C00497,2025-07-04,Delivered,Credit Card,60.0
O012824,C04275,2024-07-24,Delivered,upi,99.0
O004719,C01571,2024-08-15,Delivered,COD,0.0
O009324,C03061,2025-06-13,delivered,Credit Card,0.0
O002421,C00774,2025-05-06,Delivered,upi,0.0
O009373,C03081,2024-10-05,Delivered,upi,0.0
O014535,C04806,2024-03-30,Returned,upi,40.0
O015093,C04969,2024-03-16,Returned,Debit Card,60.0
O001443,C00461,2024-12-04,Delivered,upi,40.0
O006746,C02237,2024-11-09,Delivered,Net Banking,99.0
O000971,C00347,2024-06-30,Delivered,upi,60.0
O007300,C02442,2025-05-05,Delivered,COD,40.0
O003706,C01211,2024-06-03,Returned,COD,60.0
O013657,C04533,2025-04-17,Delivered,upi,0.0
O000072,C00034,2025-03-23,Returned,Credit Card,99.0
O001240,C00403,2024-03-04,Delivered,Credit Card,60.0
O014082,C04672,2025-08-13,Delivered,Credit Card,60.0
O001083,C00378,2024-06-21,Delivered,UPI,0.0
O005849,C01945,2024-08-09,Returned,Credit Card,0.0
O002449,C00780,2024-04-22,Delivered,upi,0.0
O009368,C03079,2024-12-21,Delivered,upi,40.0
O012478,C04174,2024-08-17,Delivered,COD,60.0
O009054,C02975,2023-05-15,Delivered,Debit Card,0.0
O012036,C04049,2024-10-27,Delivered,upi,0.0
O007651,C02532,2024-03-07,Delivered,upi,99.0
O007521,C02510,2024-08-25,Delivered,COD,60.0
O015430,C05087,2025-04-21,Delivered,upi,40.0
O003559,C01148,2025-05-19,Cancelled,Credit Card,60.0
O002274,C00721,2025-03-14,Delivered,COD,0.0
O010489,C03478,2024-12-03,Delivered,COD,99.0
O007172,C02389,2024-10-04,Delivered,upi,60.0
O007656,C02532,2024-08-03,Delivered,Credit Card,40.0
O012630,C04219,2025-02-23,Delivered,COD,99.0
O009444,C03100,2024-07-17,Delivered,Debit Card,0.0
O017683,C05835,2024-05-30,Delivered,upi,40.0
O015651,C05159,2025-04-05,Delivered,upi,40.0
O004466,C01493,2024-03-25,Returned,Credit Card,40.0
O014975,C04923,2024-03-15,delivered,upi,60.0
O002596,C00825,2025-05-12,Delivered,Debit Card,40.0
O010274,C03408,2024-09-30,Delivered,Debit Card,99.0
O000720,C00275,2023-07-03,Delivered,Net Banking,0.0
O017528,C05781,2023-04-23,Delivered,Net Banking,0.0
O000152,C00079,2025-08-19,Delivered,Net Banking,0.0
O000826,C00312,2024-03-17,Delivered,COD,0.0
O012599,C04215,2025-04-12,Delivered,Net Banking,0.0
O009951,C03279,2024-10-27,Delivered,Credit Card,99.0
O002039,C00626,2023-10-17,Delivered,Credit Card,99.0
O015616,C05157,2023-09-09,Delivered,Credit Card,40.0
O001069,C00371,2025-08-14,Delivered,COD,0.0
O003778,C01237,2025-07-23,Delivered,upi,99.0
O012125,C04081,2024-11-17,Delivered,UPI,40.0
O002759,C00873,2024-08-23,Delivered,COD,99.0
O017744,C05837,2025-03-20,Delivered,Credit Card,0.0
O008678,C02874,2025-02-24,Delivered,upi,99.0
O012021,C04041,2025-05-13,Delivered,Credit Card,0.0
O010298,C03412,2024-08-12,Delivered,upi,99.0
O014786,C04875,2024-01-13,Delivered,Net Banking,60.0
O017623,C05815,2023-07-06,Cancelled,upi,0.0
O003425,C01094,2024-12-14,Delivered,Net Banking,99.0
O011497,C03843,2024-09-28,Delivered,upi,0.0
O003053,C00970,2023-01-20,Delivered,upi,0.0
O012876,C04290,2024-10-03,Delivered,upi,40.0
O016650,C05489,2025-04-12,Delivered,COD,99.0
O010316,C03420,2023-12-21,Delivered,Credit Card,0.0
O016212,C05343,2025-02-21,Delivered,CREDIT CARD,0.0
O003250,C01029,2024-05-18,Delivered,Debit Card,0.0
O010409,C03449,2024-06-02,Delivered,Credit Card,99.0
O016477,C05417,2023-11-28,Returned,Debit Card,0.0
O004349,C01442,2025-05-11,Delivered,upi,40.0
O003644,C01189,2024-10-21,Delivered,upi,60.0
O016802,C05543,2024-06-25,Delivered,Debit Card,0.0
O013674,C04537,2023-08-22,Delivered,upi,40.0
O010842,C03598,2025-08-26,Delivered,COD,40.0
O001196,C00395,2025-02-25,delivered,upi,60.0
O000609,C00224,2023-04-22,Delivered,upi,0.0
O018257,C05999,2025-07-10,Delivered,Debit Card,60.0
O007592,C02523,2024-11-02,Returned,UPI,40.0
O001784,C00562,2025-08-18,Delivered,upi,0.0
O014170,C04710,2024-03-20,Delivered,Debit Card,40.0
O002571,C00815,2025-07-11,Delivered,Net Banking,60.0
O011010,C03655,2025-06-19,Delivered,upi,0.0
O010074,C03315,2025-06-02,Delivered,upi,40.0
O006668,C02213,2023-03-19,Delivered,COD,60.0
O012591,C04213,2025-06-10,Delivered,COD,40.0
O000399,C00154,2024-12-11,Delivered,upi,60.0
O001566,C00496,2025-02-17,Delivered,upi,60.0
O005497,C01824,2024-06-03,Delivered,COD,60.0
O008556,C02834,2024-04-10,Delivered,upi,99.0
O008254,C02730,2025-02-12,Delivered,Net Banking,0.0
O015748,C05187,2024-03-26,Delivered,Debit Card,99.0
O015950,C05257,2024-09-29,Delivered,upi,40.0
O017366,C05728,2023-03-12,delivered,Credit Card,99.0
O014272,C04720,2024-10-21,delivered,Credit Card,0.0
O005783,C01918,2025-09-25,delivered,upi,40.0
O010150,C03345,2024-11-15,delivered,upi,0.0
O006276,C02062,2023-12-17,Returned,upi,0.0
O014414,C04772,2025-08-12,Delivered,Debit Card,99.0
O003839,C01254,2024-07-06,Delivered,COD,40.0
O012618,C04219,2024-08-06,Returned,Debit Card,0.0
O005413,C01801,2024-02-03,Cancelled,upi,0.0
O013215,C04394,2025-08-20,Delivered,Net Banking,99.0
O012857,C04285,2025-01-18,Delivered,,0.0
O017282,C05698,2023-01-17,Delivered,COD,60.0
O015103,C04973,2023-03-03,Delivered,upi,0.0
O007514,C02507,2025-05-31,Delivered,Debit Card,99.0
O009281,C03041,2023-10-04,Delivered,upi,99.0
O010549,C03506,2024-11-21,Delivered,Debit Card,60.0
O000278,C00122,2025-01-06,Delivered,COD,0.0
O007089,C02375,2023-04-11,Delivered,upi,40.0
O003552,C01142,2024-05-04,Delivered,Net Banking,0.0
O000270,C00121,2024-10-06,Delivered,COD,60.0
O006050,C02009,2024-02-15,Delivered,upi,60.0
O010166,C03353,2025-09-14,Delivered,upi,0.0
O014717,C04857,2024-02-24,Delivered,COD,0.0
O003393,C01086,2024-09-01,Delivered,Credit Card,60.0
O002129,C00664,2024-02-24,Delivered,COD,0.0
O005654,C01873,2025-06-14,Delivered,upi,0.0
O017339,C05712,2023-03-25,Delivered,DEBIT CARD,99.0
O013127,C04366,2025-02-28,Delivered,Net Banking,60.0
O007039,C02352,2025-02-01,Delivered,upi,40.0
O010529,C03499,2024-12-26,Delivered,COD,0.0
O014131,C04698,2024-04-29,Delivered,Credit Card,60.0
O010657,C03538,2025-07-29,Delivered,Net Banking,0.0
O005178,C01718,2023-12-02,Delivered,Credit Card,40.0
O008839,C02924,2025-03-22,Delivered,Net Banking,60.0
O001708,C00544,2024-03-24,Delivered,Debit Card,99.0
O009808,C03239,2025-01-07,Delivered,upi,99.0
O016218,C05347,2024-10-04,Delivered,Credit Card,40.0
O005882,C01952,2024-02-07,Delivered,upi,0.0
O015983,C05260,2025-07-25,delivered,COD,99.0
O005267,C01747,2025-03-05,Delivered,Debit Card,40.0
O013371,C04452,2023-10-23,Returned,upi,0.0
O005668,C01881,2025-07-07,Delivered,upi,99.0
O006840,C02262,2025-08-06,Delivered,upi,0.0
O005153,C01708,2025-03-21,Delivered,upi,40.0
O010036,C03308,2024-03-01,Delivered,upi,0.0
O012749,C04241,2025-02-15,Delivered,Debit Card,40.0
O006961,C02320,2025-04-18,Delivered,upi,0.0
O001034,C00361,2025-05-22,Delivered,Credit Card,0.0
O007266,C02427,2024-04-19,Delivered,upi,99.0
O006942,C02309,2025-05-17,Delivered,Credit Card,0.0
O003916,C01287,2025-03-26,delivered,Debit Card,40.0
O012147,C04088,2025-09-09,Delivered,upi,99.0
O009308,C03051,2025-03-21,Delivered,upi,0.0
O000663,C00242,2024-12-17,Returned,COD,0.0
O001226,C00402,2024-08-08,Delivered,Net Banking,0.0
O011229,C03734,2024-10-15,Delivered,upi,99.0
O000571,C00211,2023-08-01,Delivered,upi,60.0
O007100,C02377,2025-09-09,Delivered,Debit Card,99.0
O009574,C03137,2025-05-30,Delivered,Debit Card,40.0
O012031,C04048,2025-03-22,Delivered,COD,60.0
O014015,C04653,2023-09-05,Delivered,Debit Card,99.0
O017849,C05869,2024-07-18,Delivered,upi,99.0
O010005,C03300,2025-08-26,Delivered,Debit Card,40.0
O015629,C05159,2024-05-19,Cancelled,upi,0.0
O013716,C04552,2024-12-20,Delivered,upi,99.0
O005673,C01882,2024-12-30,Delivered,upi,0.0
O012206,C04113,2023-08-15,Returned,Net Banking,99.0
O005923,C01962,2024-02-22,Delivered,upi,0.0
O017679,C05833,2025-02-14,Delivered,UPI,60.0
O007630,C02526,2025-06-27,Delivered,Debit Card,40.0
O001325,C00427,2024-03-17,Delivered,upi,99.0
O000167,C00089,2025-01-27,Delivered,upi,99.0
O000355,C00147,2025-01-11,Delivered,upi,40.0
O005447,C01813,2024-09-30,delivered,Credit Card,40.0
O012430,C04164,2024-06-15,Delivered,Credit Card,0.0
O012303,C04135,2025-05-04,Delivered,Debit Card,40.0
O002119,C00659,2025-02-18,Delivered,upi,60.0
O015383,C05064,2024-11-27,Delivered,COD,99.0
O011495,C03843,2024-09-13,Returned,Debit Card,60.0
O005158,C01712,2024-08-20,Delivered,upi,0.0
O006027,C02001,2025-09-24,Delivered,upi,0.0
O000567,C00211,2023-03-21,Delivered,upi,60.0
O003135,C00996,2024-09-13,Delivered,upi,40.0
O002635,C00831,2026-06-01,Delivered,upi,99.0
O016654,C05489,2025-09-22,Delivered,Net Banking,40.0
O005540,C01833,2024-05-22,Delivered,upi,99.0
O003237,C01027,2023-12-29,Delivered,UPI,60.0
O007904,C02596,2023-01-28,Delivered,Credit Card,0.0
O014766,C04867,2025-03-08,Delivered,upi,0.0
O001658,C00523,2025-06-03,Delivered,Credit Card,0.0
O001976,C00609,2025-02-19,delivered,upi,99.0
O016873,C05564,2024-12-29,Delivered,upi,99.0
O006362,C02098,2024-03-19,Delivered,COD,40.0
O001773,C00560,2025-06-12,Cancelled,upi,40.0
O015683,C05168,2025-06-11,Delivered,Net Banking,0.0
O018155,C05962,2024-02-17,Delivered,Net Banking,60.0
O011682,C03902,2023-12-22,Delivered,upi,0.0
O011469,C03843,2023-07-20,Delivered,upi,99.0
O006397,C02109,2024-12-17,Returned,Debit Card,0.0
O004729,C01572,2025-01-20,Delivered,COD,0.0
O015009,C04943,2025-04-12,Delivered,COD,0.0
O000788,C00303,2023-01-05,Delivered,Debit Card,0.0
O015816,C05216,2023-08-17,Returned,upi,40.0
O014149,C04704,2025-05-15,Delivered,Credit Card,0.0
O017777,C05851,2023-09-14,Delivered,upi,99.0
O010203,C03368,2025-03-23,Returned,Debit Card,40.0
O009654,C03162,2025-07-31,Delivered,Debit Card,99.0
O005276,C01748,2025-09-25,Delivered,COD,0.0
O006042,C02006,2023-08-09,Delivered,Net Banking,40.0
O006247,C02053,2024-08-28,Delivered,upi,0.0
O000949,C00338,2024-03-26,Delivered,COD,40.0
O016532,C05445,2025-05-08,Delivered,upi,99.0
O011331,C03775,2024-07-26,Returned,Credit Card,0.0
O005137,C01705,2025-02-13,returned,COD,0.0
O010887,C03617,2025-03-27,Delivered,Credit Card,0.0
O016311,C05372,2025-07-20,returned,Debit Card,60.0
O010249,C03394,2025-05-04,delivered,upi,40.0
O014902,C04908,2024-06-27,Delivered,upi,99.0
O007060,C02364,2025-05-14,Delivered,Debit Card,60.0
O003489,C01115,2025-08-24,Delivered,COD,60.0
O000176,C00094,2024-12-08,Delivered,upi,0.0
O017096,C05627,2024-04-17,Delivered,upi,99.0
O008944,C02942,2025-04-26,Delivered,COD,0.0
O018108,C05939,2025-07-08,Delivered,COD,99.0
O013278,C04421,2025-01-29,Delivered,COD,60.0
O002946,C00921,2024-10-02,Delivered,Credit Card,99.0
O000578,C00211,2025-01-16,Delivered,upi,0.0
O013064,C04348,2024-11-30,Delivered,upi,0.0
O006676,C02216,2023-03-12,Delivered,Debit Card,0.0
O014626,C04823,2024-09-26,Delivered,COD,99.0
O000520,C00195,2023-09-21,Delivered,upi,99.0
O016914,C05576,2025-06-26,Delivered,Credit Card,99.0
O016207,C05342,2024-12-28,Delivered,COD,60.0
O006625,C02195,2023-01-22,Delivered,upi,60.0
O016327,C05378,2024-12-27,Delivered,Credit Card,60.0
O018242,C05991,2025-03-19,Delivered,COD,0.0
O013036,C04336,2025-08-01,Delivered,COD,0.0
O001273,C00418,2023-12-31,Delivered,Net Banking,0.0
O003317,C01052,2025-05-14,Delivered,Debit Card,0.0
O004096,C01346,2024-07-05,Delivered,upi,99.0
O011624,C03874,2023-11-23,Delivered,Credit Card,99.0
O001831,C00581,2023-09-09,Delivered,Credit Card,40.0
O014699,C04850,2025-01-16,Delivered,upi,0.0
O000020,C00010,2024-10-16,Delivered,upi,0.0
O017708,C05836,2025-01-21,Delivered,Credit Card,40.0
O011233,C03735,2024-01-27,Delivered,Credit Card,0.0
O010434,C03453,2024-12-01,Delivered,Net Banking,0.0
O004935,C01646,2024-05-16,Delivered,upi,60.0
O008549,C02832,2023-11-04,Delivered,upi,99.0
O014177,C04710,2024-07-18,Delivered,CREDIT CARD,40.0
O010303,C03413,2024-05-12,Delivered,Debit Card,0.0
O011065,C03664,2025-06-18,Delivered,Debit Card,99.0
O016570,C05463,2025-03-08,Delivered,Credit Card,60.0
O015521,C05124,2025-02-09,Delivered,DEBIT CARD,0.0
O014058,C04663,2025-04-16,Returned,COD,99.0
O007705,C02545,2023-12-23,Delivered,Debit Card,99.0
O003730,C01225,2024-08-10,delivered,Net Banking,0.0
O017933,C05896,2024-12-21,Delivered,Net Banking,0.0
O008691,C02875,2025-03-25,Delivered,COD,60.0
O016251,C05360,2025-03-14,Delivered,upi,60.0
O008883,C02926,2025-09-29,Delivered,COD,0.0
O013593,C04513,2025-05-24,Delivered,Debit Card,99.0
O009576,C03138,2025-02-12,Delivered,upi,0.0
O016957,C05589,2024-02-24,Delivered,upi,99.0
O017402,C05732,2025-06-27,Delivered,Credit Card,60.0
O006931,C02301,2024-05-27,Delivered,Net Banking,60.0
O008990,C02959,2024-03-09,Delivered,UPI,99.0
O001205,C00398,2023-06-27,Delivered,Credit Card,0.0
O015572,C05139,2024-12-10,Delivered,upi,40.0
O000277,C00121,2025-05-02,Delivered,COD,60.0
O004644,C01552,2023-09-24,Returned,Credit Card,99.0
O009982,C03292,2023-10-09,Delivered,Credit Card,40.0
O009592,C03146,2025-05-25,Delivered,Net Banking,0.0
O016734,C05521,2025-01-18,Delivered,upi,0.0
O012706,C04234,2024-06-26,Delivered,Net Banking,99.0
O016905,C05572,2025-03-01,Delivered,upi,0.0
O002907,C00909,2025-03-24,Delivered,Net Banking,60.0
O017807,C05858,2024-09-25,delivered,Credit Card,0.0
O011746,C03931,2024-03-31,Delivered,Net Banking,60.0
O011052,C03664,2024-06-14,Delivered,CREDIT CARD,40.0
O015999,C05263,2023-04-24,Delivered,Debit Card,99.0
O003603,C01167,2023-07-16,Delivered,COD,60.0
O006408,C02115,2024-05-09,Returned,Net Banking,0.0
O013122,C04364,2024-06-25,Delivered,upi,40.0
O009260,C03033,2023-01-24,Delivered,COD,60.0
O002939,C00918,2024-05-14,Delivered,UPI,0.0
O006639,C02198,2025-03-27,Delivered,Net Banking,0.0
O011374,C03797,2024-05-06,Delivered,COD,40.0
O014393,C04764,2024-04-03,Delivered,upi,99.0
O004893,C01636,2025-03-01,Delivered,Net Banking,60.0
O008268,C02736,2024-08-01,Delivered,COD,60.0
O014063,C04666,2024-05-22,Delivered,COD,40.0
O002390,C00766,2024-04-18,Delivered,Credit Card,99.0
O003203,C01019,2025-05-18,Delivered,Credit Card,40.0
O003338,C01064,2024-05-02,Delivered,Debit Card,60.0
O006156,C02041,2024-02-01,Delivered,upi,60.0
O009239,C03031,2024-09-02,Delivered,upi,40.0
O000722,C00275,2025-07-06,Delivered,upi,0.0
O005771,C01909,2024-06-29,Delivered,upi,0.0
O007653,C02532,2024-06-30,Delivered,upi,60.0
O011215,C03731,2023-07-12,Cancelled,upi,99.0
O003643,C01188,2024-08-05,Delivered,UPI,40.0
O004508,C01514,2024-01-12,Returned,COD,99.0
O008734,C02886,2025-02-02,Delivered,DEBIT CARD,60.0
O008084,C02659,2024-10-12,returned,Debit Card,40.0
O014680,C04842,2025-06-14,Delivered,upi,60.0
O003978,C01308,2024-03-10,Delivered,upi,60.0
O018014,C05921,2025-08-01,Delivered,Debit Card,0.0
O015180,C05004,2025-03-19,Delivered,Credit Card,0.0
O017576,C05800,2025-01-15,Returned,UPI,60.0
O006213,C02046,2024-04-17,Cancelled,COD,0.0
O002798,C00882,2025-07-19,Delivered,Net Banking,60.0
O001255,C00409,2025-05-08,Delivered,COD,99.0
O011737,C03929,2025-04-20,Returned,Net Banking,40.0
O002437,C00778,2024-07-18,Delivered,upi,60.0
O001710,C00544,2024-11-25,Delivered,Credit Card,60.0
O000868,C00325,2024-01-28,Returned,Debit Card,99.0
O010111,C03330,2024-10-19,Delivered,Net Banking,0.0
O010659,C03539,2025-02-12,Delivered,upi,99.0
O009598,C03148,2023-06-24,Delivered,Credit Card,99.0
O012838,C04281,2024-11-25,Delivered,upi,60.0
O007301,C02442,2025-05-10,Delivered,upi,40.0
O007370,C02463,2024-08-03,Delivered,upi,0.0
O011127,C03688,2024-03-14,Delivered,Debit Card,99.0
O007568,C02519,2024-05-25,Delivered,upi,60.0
O016335,C05383,2024-12-03,Delivered,upi,0.0
O015294,C05041,2023-11-05,Delivered,UPI,0.0
O012831,C04277,2025-09-11,Delivered,upi,60.0
O013011,C04329,2023-06-07,Delivered,upi,99.0
O010317,C03420,2024-02-13,Delivered,Credit Card,60.0
O004746,C01580,2024-04-12,Delivered,Net Banking,99.0
O007996,C02625,2024-10-08,Delivered,Credit Card,99.0
O008534,C02826,2024-11-04,Cancelled,upi,99.0
O013855,C04597,2025-06-07,Delivered,COD,99.0
O005061,C01686,2025-05-31,Delivered,upi,99.0
O006377,C02104,2024-12-09,Returned,upi,40.0
O013302,C04429,2023-01-16,Delivered,COD,0.0
O010331,C03421,2023-09-17,Delivered,UPI,0.0
O013386,C04459,2023-03-17,Delivered,Debit Card,99.0
O017884,C05877,2024-07-14,Delivered,upi,40.0
O015320,C05050,2025-02-04,Delivered,Credit Card,40.0
O011991,C04030,2024-03-03,Delivered,upi,99.0
O011788,C03954,2024-11-26,Delivered,upi,0.0
O011683,C03902,2023-12-26,Delivered,COD,0.0
O013216,C04395,2023-07-19,Delivered,Credit Card,99.0
O007859,C02582,2024-11-05,Delivered,Debit Card,0.0
O011632,C03875,2025-09-02,Delivered,upi,0.0
O003972,C01307,2023-12-15,Delivered,COD,0.0
O003154,C01000,2025-04-29,Delivered,UPI,0.0
O014235,C04717,2024-05-25,Delivered,COD,99.0
O014304,C04730,2024-10-04,Delivered,Debit Card,60.0
O001944,C00601,2024-07-22,Delivered,Net Banking,40.0
O009144,C03007,2024-01-11,delivered,upi,0.0
O012208,C04115,2023-03-20,Delivered,upi,0.0
O007249,C02423,2024-07-26,Delivered,upi,60.0
O000281,C00122,2025-08-31,Delivered,,0.0
O017397,C05730,2024-03-30,Delivered,upi,40.0
O004469,C01496,2025-02-18,cancelled,upi,40.0
O001704,C00543,2025-04-05,Delivered,upi,0.0
O010473,C03470,2025-04-27,Delivered,Credit Card,40.0
O005556,C01833,2025-05-19,Delivered,upi,99.0
O000554,C00207,2024-07-16,Delivered,upi,40.0
O016758,C05530,2023-08-23,Delivered,Debit Card,40.0
O011519,C03846,2024-08-28,Delivered,COD,60.0
O005194,C01729,2023-12-28,Delivered,COD,0.0
O009103,C02994,2025-06-25,Delivered,Net Banking,99.0
O011755,C03935,2024-01-11,Delivered,upi,60.0
O010323,C03420,2024-06-29,Delivered,Net Banking,40.0
O007893,C02590,2025-06-17,Delivered,COD,40.0
O005621,C01861,2025-08-07,Delivered,COD,60.0
O006292,C02064,2024-10-18,Delivered,COD,0.0
O006548,C02166,2025-05-21,Delivered,Debit Card,60.0
O010256,C03396,2024-08-24,Delivered,upi,60.0
O003792,C01241,2024-11-19,Delivered,COD,40.0
O005085,C01694,2023-10-15,Delivered,Credit Card,40.0
O002579,C00820,2023-09-26,Delivered,Net Banking,60.0
O014466,C04793,2023-04-13,Delivered,Debit Card,0.0
O002653,C00834,2025-03-04,Delivered,upi,0.0
O017831,C05867,2023-10-23,Delivered,upi,60.0
O000168,C00089,2025-03-23,Delivered,upi,40.0
O004749,C01580,2024-09-01,Delivered,Debit Card,60.0
O016479,C05417,2024-03-19,Delivered,COD,99.0
O013931,C04631,2025-06-25,Delivered,Debit Card,0.0
O014362,C04754,2024-12-25,Delivered,COD,99.0
O000880,C00327,2025-01-20,Delivered,COD,0.0
O010697,C03552,2024-11-23,Delivered,upi,0.0
O004722,C01571,2025-02-25,Returned,Debit Card,0.0
O017606,C05812,2023-08-22,Delivered,upi,60.0
O014024,C04657,2023-11-17,Delivered,COD,99.0
O004771,C01583,2025-02-16,Delivered,upi,99.0
O013567,C04505,2025-01-11,Delivered,Credit Card,40.0
O013435,C04471,2025-02-07,Delivered,Net Banking,99.0
O008956,C02945,2024-06-02,Delivered,Net Banking,99.0
O002300,C00732,2025-03-18,Delivered,COD,99.0
O010072,C03313,2025-07-30,Delivered,upi,0.0
O006107,C02034,2024-11-14,Delivered,COD,40.0
O017851,C05869,2024-12-30,delivered,COD,60.0
O017316,C05710,2024-01-03,Delivered,upi,40.0
O013352,C04446,2025-07-03,Delivered,Debit Card,0.0
O011491,C03843,2024-07-26,Delivered,Net Banking,60.0
O002288,C00726,2025-08-05,Delivered,Credit Card,0.0
O004446,C01483,2024-09-21,Delivered,upi,60.0
O007990,C02623,2024-04-15,Returned,upi,99.0
O013523,C04498,2024-08-23,Delivered,upi,0.0
O005806,C01929,2025-03-24,Delivered,upi,60.0
O007241,C02419,2024-11-01,Cancelled,upi,99.0
O015438,C05092,2023-12-23,Delivered,COD,0.0
O002598,C00826,2023-09-20,Delivered,upi,0.0
O004363,C01446,2025-03-17,Returned,Debit Card,99.0
O008249,C02727,2023-11-01,Returned,upi,0.0
O004378,C01449,2024-07-26,Delivered,Net Banking,0.0
O016161,C05327,2025-01-20,Delivered,upi,40.0
O016198,C05341,2024-06-08,Delivered,upi,99.0
O007778,C02554,2024-01-27,Returned,Credit Card,0.0
O011678,C03899,2025-04-16,Delivered,Credit Card,0.0
O010979,C03643,2024-01-03,Delivered,upi,99.0
O009321,C03058,2025-07-17,Delivered,upi,40.0
O001231,C00402,2025-03-03,Delivered,COD,99.0
O009179,C03009,2023-11-01,Delivered,Debit Card,0.0
O009035,C02966,2023-04-25,Delivered,Debit Card,0.0
O003833,C01254,2024-01-26,Delivered,Debit Card,0.0
O015329,C05052,2024-12-20,Delivered,COD,0.0
O001700,C00542,2024-10-19,Delivered,upi,60.0
O014890,C04904,2023-10-17,Delivered,upi,60.0
O011765,C03943,2025-07-15,Delivered,Debit Card,0.0
O003036,C00965,2023-11-11,Delivered,upi,0.0
O002797,C00881,2023-09-19,Delivered,upi,0.0
O006890,C02281,2025-06-12,Returned,Debit Card,60.0
O016703,C05512,2025-05-29,Delivered,upi,60.0
O013396,C04461,2025-06-19,Delivered,Credit Card,0.0
O012859,C04285,2025-03-11,Delivered,Credit Card,0.0
O003979,C01308,2024-05-05,Delivered,upi,99.0
O015624,C05159,2023-12-19,Cancelled,Debit Card,40.0
O005002,C01670,2024-08-18,Delivered,Debit Card,99.0
O010329,C03421,2023-04-30,returned,upi,0.0
O010174,C03355,2023-02-19,Delivered,upi,60.0
O011304,C03767,2024-02-07,Delivered,Debit Card,99.0
O009063,C02977,2024-07-19,Delivered,Debit Card,40.0
O010427,C03450,2024-07-02,Delivered,upi,40.0
O011103,C03673,2024-08-25,Delivered,upi,40.0
O012211,C04118,2024-05-17,Delivered,Credit Card,60.0
O007189,C02396,2024-10-13,Delivered,upi,60.0
O002436,C00778,2024-06-08,Returned,Debit Card,40.0
O014194,C04715,2024-11-08,Returned,upi,99.0
O017346,C05715,2025-04-18,Delivered,upi,0.0
O000496,C00192,2023-10-18,Delivered,Credit Card,99.0
O004691,C01558,2025-06-06,Delivered,COD,40.0
O013319,C04434,2024-03-12,Delivered,upi,0.0
O017812,C05861,2023-08-21,Delivered,upi,0.0
O014340,C04739,2025-09-14,Delivered,upi,99.0
O010742,C03571,2024-05-28,Delivered,Debit Card,60.0
O007174,C02389,2025-05-30,Delivered,Debit Card,40.0
O002081,C00639,2025-03-24,Delivered,upi,99.0
O002835,C00897,2025-06-03,Delivered,upi,0.0
O013246,C04407,2023-10-27,Delivered,Credit Card,99.0
O008782,C02906,2025-03-26,Cancelled,Credit Card,40.0
O005842,C01943,2025-07-18,Delivered,Credit Card,40.0
O009219,C03024,2025-04-13,Delivered,Credit Card,0.0
O015199,C05013,2024-11-09,Delivered,Credit Card,0.0
O011464,C03843,2023-06-20,Delivered,upi,0.0
O011635,C03877,2023-12-14,Delivered,COD,0.0
O014668,C04839,2024-03-11,Delivered,upi,0.0
O005355,C01779,2024-10-16,Returned,Debit Card,0.0
O006561,C02168,2025-08-22,Returned,Debit Card,60.0
O002999,C00948,2025-05-24,Delivered,upi,0.0
O015414,C05080,2023-01-03,returned,upi,60.0
O006262,C02054,2024-05-06,Delivered,upi,0.0
O010014,C03303,2024-03-05,Delivered,Credit Card,0.0
O001063,C00370,2025-08-19,Delivered,Debit Card,40.0
O000121,C00066,2025-09-09,Delivered,upi,99.0
O001888,C00592,2023-10-20,delivered,Debit Card,99.0
O004443,C01481,2025-03-29,delivered,Credit Card,99.0
O017791,C05851,2025-04-16,Delivered,upi,99.0
O012644,C04225,2024-10-09,Delivered,Credit Card,40.0
O009723,C03196,2025-09-12,Delivered,Credit Card,60.0
O011671,C03895,2024-10-27,Returned,upi,99.0
O012429,C04164,2024-06-07,cancelled,Net Banking,99.0
O009330,C03064,2025-07-16,Delivered,Debit Card,0.0
O003463,C01102,2024-10-06,Delivered,Debit Card,0.0
O012730,C04234,2025-04-20,Delivered,upi,40.0
O002926,C00915,2025-03-21,Delivered,upi,0.0
O003392,C01086,2024-07-19,Cancelled,upi,0.0
O017347,C05716,2025-07-29,Delivered,upi,0.0
O007186,C02394,2024-10-23,Delivered,Net Banking,60.0
O009679,C03176,2025-03-16,Delivered,upi,40.0
O015275,C05031,2025-06-23,Delivered,Credit Card,0.0
O017286,C05700,2025-09-09,Returned,UPI,99.0
O007388,C02471,2023-02-24,Delivered,Debit Card,99.0
O013765,C04568,2025-05-28,Delivered,Credit Card,0.0
O007987,C02621,2023-12-16,Cancelled,Net Banking,60.0
O012990,C04324,2024-10-02,Delivered,upi,0.0
O009932,C03273,2025-06-12,Delivered,Credit Card,99.0
O013669,C04536,2025-03-31,Returned,Debit Card,0.0
O008126,C02674,2023-05-29,Returned,Net Banking,99.0
O005247,C01744,2024-04-15,Returned,upi,40.0
O012283,C04130,2025-06-15,Delivered,upi,0.0
O006623,C02193,2025-04-11,Delivered,Net Banking,60.0
O007529,C02514,2024-06-29,Delivered,Credit Card,0.0
O011150,C03695,2024-10-10,Delivered,Credit Card,0.0
O008798,C02913,2024-12-23,Delivered,upi,60.0
O002639,C00832,2025-03-07,Delivered,upi,99.0
O014157,C04708,2024-09-28,Delivered,upi,0.0
O006530,C02161,2023-12-05,Delivered,Credit Card,0.0
O009999,C03298,2025-05-08,Delivered,Debit Card,60.0
O008752,C02894,2024-01-20,Delivered,COD,0.0
O009686,C03181,2024-09-10,delivered,COD,0.0
O007104,C02379,2025-01-17,Delivered,Net Banking,0.0
O000194,C00098,2024-12-13,delivered,COD,0.0
O002493,C00789,2023-06-08,Delivered,Credit Card,60.0
O001691,C00539,2025-08-06,Delivered,upi,0.0
O017562,C05792,2023-12-29,Returned,upi,99.0
O013872,C04608,2025-03-08,Delivered,upi,60.0
O000875,C00326,2025-05-30,Delivered,upi,60.0
O011353,C03781,2025-09-27,Delivered,Debit Card,40.0
O017646,C05820,2024-12-22,Delivered,Debit Card,0.0
O017121,C05637,2024-08-01,Delivered,COD,0.0
O009118,C03000,2024-10-30,Delivered,COD,99.0
O015407,C05075,2025-03-04,Delivered,Credit Card,0.0
O012734,C04234,2025-05-22,Returned,Debit Card,60.0
O016929,C05581,2025-07-24,Cancelled,Credit Card,60.0
O017866,C05872,2025-07-27,Delivered,Net Banking,99.0
O018116,C05940,2024-11-09,Returned,upi,0.0
O005389,C01789,2025-09-26,Delivered,Credit Card,99.0
O001033,C00361,2025-04-02,Delivered,COD,99.0
O001165,C00394,2024-05-21,Delivered,Credit Card,40.0
O010186,C03361,2023-04-13,Delivered,Credit Card,60.0
O015109,C04976,2024-12-13,Delivered,Net Banking,60.0
O015796,C05208,2025-07-20,Delivered,Debit Card,0.0
O007838,C02573,2025-05-13,Delivered,upi,40.0
O001046,C00363,2025-07-08,Delivered,COD,60.0
O008781,C02906,2025-03-18,Delivered,Net Banking,99.0
O014283,C04722,2024-09-16,Delivered,Credit Card,40.0
O013250,C04407,2025-05-20,Delivered,upi,0.0
O006709,C02225,2025-06-18,Delivered,upi,60.0
O014318,C04734,2024-09-24,Delivered,COD,60.0
O012835,C04280,2025-07-18,Delivered,COD,0.0
O004048,C01330,2024-03-28,Delivered,upi,40.0
O008569,C02838,2023-12-12,Delivered,upi,60.0
O017820,C05864,2024-03-02,Delivered,Credit Card,0.0
O000091,C00048,2024-08-09,delivered,Net Banking,0.0
O003015,C00954,2023-09-19,Delivered,Credit Card,0.0
O010585,C03513,2025-04-25,Delivered,Debit Card,0.0
O004120,C01349,2025-01-08,Returned,Debit Card,99.0
O005274,C01748,2025-09-02,Delivered,Credit Card,0.0
O013853,C04596,2024-08-07,Delivered,Net Banking,0.0
O011900,C03997,2024-05-01,Delivered,Credit Card,0.0
O004321,C01431,2024-12-11,Delivered,Debit Card,60.0
O001989,C00609,2025-08-27,Delivered,upi,99.0
O000487,C00186,2025-09-13,Delivered,Credit Card,99.0
O014009,C04650,2024-08-10,Delivered,COD,0.0
O003044,C00965,2025-05-10,delivered,upi,99.0
O017611,C05814,2023-04-07,Delivered,upi,99.0
O004179,C01381,2024-08-17,Delivered,,99.0
O003930,C01295,2023-12-04,Delivered,COD,40.0
O016601,C05473,2024-11-05,Delivered,Debit Card,0.0
O017856,C05872,2023-08-26,Delivered,Debit Card,99.0
O017079,C05617,2024-09-22,Delivered,Debit Card,99.0
O017001,C05599,2023-11-14,Delivered,upi,99.0
O004000,C01313,2023-11-13,Delivered,Credit Card,99.0
O004369,C01448,2024-08-14,Delivered,Credit Card,0.0
O015516,C05124,2024-02-19,Delivered,upi,0.0
O015440,C05092,2024-06-26,Delivered,Net Banking,40.0
O003297,C01048,2025-06-20,Delivered,upi,0.0
O008585,C02845,2024-09-14,Delivered,upi,99.0
O005749,C01903,2025-01-20,Delivered,upi,40.0
O011461,C03842,2025-04-20,Delivered,Credit Card,99.0
O011829,C03971,2023-11-08,Delivered,Credit Card,40.0
O010878,C03615,2024-03-09,Delivered,Debit Card,0.0
O016284,C05372,2023-11-28,Delivered,upi,0.0
O003469,C01106,2023-10-26,Delivered,Credit Card,0.0
O017304,C05705,2024-09-01,Delivered,upi,0.0
O012713,C04234,2024-09-22,Delivered,upi,0.0
O012388,C04157,2024-12-07,Delivered,upi,0.0
O010925,C03626,2024-07-28,Returned,COD,99.0
O011719,C03920,2025-09-29,Delivered,Debit Card,0.0
O005589,C01847,2023-09-21,Delivered,upi,99.0
O003046,C00967,2024-05-20,Delivered,upi,0.0
O017606,C05812,2023-08-22,Delivered,upi,60.0
O017035,C05610,2023-05-28,Returned,Debit Card,40.0
O008211,C02708,2024-04-08,Delivered,upi,0.0
O005740,C01903,2024-05-12,Delivered,upi,99.0
O001318,C00427,2023-12-14,Delivered,UPI,60.0
O013282,C04421,2025-08-23,Delivered,COD,40.0
O017258,C05687,2024-05-18,Delivered,Net Banking,40.0
O006631,C02197,2024-09-26,Delivered,Credit Card,99.0
O003109,C00986,2024-09-22,Delivered,Debit Card,0.0
O011349,C03780,2025-03-18,Delivered,upi,0.0
O016039,C05272,2024-10-03,Delivered,Debit Card,0.0
O006531,C02161,2024-02-08,Delivered,COD,99.0
O004951,C01648,2025-07-18,Delivered,Net Banking,0.0
O008358,C02771,2025-08-23,Delivered,Credit Card,40.0
O011433,C03824,2025-09-16,Returned,Credit Card,60.0
O018078,C05938,2025-04-11,Delivered,upi,0.0
O003275,C01037,2024-10-02,delivered,Net Banking,0.0
O009486,C03109,2023-01-22,Delivered,,40.0
O007815,C02564,2024-02-25,Delivered,Credit Card,99.0
O014501,C04794,2025-04-20,Delivered,upi,0.0
O001471,C00464,2024-10-26,Delivered,Debit Card,60.0
O011509,C03843,2025-03-31,Returned,upi,99.0
O009189,C03012,2024-09-26,Delivered,upi,0.0
O006074,C02022,2025-05-07,Delivered,upi,99.0
O001882,C00588,2025-09-25,Delivered,upi,40.0
O011610,C03870,2024-03-27,Delivered,Net Banking,0.0
O001157,C00394,2024-01-27,Delivered,upi,60.0
O015396,C05072,2024-07-15,Delivered,upi,60.0
O013090,C04358,2024-11-15,Delivered,Credit Card,60.0
O009471,C03102,2025-04-03,Delivered,upi,0.0
O008339,C02768,2024-07-23,Delivered,upi,40.0
O016999,C05598,2025-08-30,delivered,upi,99.0
O007663,C02532,2025-05-24,Delivered,Credit Card,0.0
O007014,C02341,2024-01-14,Delivered,Credit Card,60.0
O004173,C01379,2025-02-15,Returned,Net Banking,40.0
O015164,C04997,2024-05-07,Delivered,UPI,99.0
O004855,C01620,2025-01-05,Delivered,COD,0.0
O009653,C03162,2025-02-22,Delivered,upi,99.0
O017417,C05740,2024-12-14,Delivered,Credit Card,60.0
O014712,C04856,2025-03-14,Delivered,Credit Card,60.0
O003045,C00966,2025-08-03,Delivered,upi,40.0
O006896,C02285,2024-01-13,cancelled,Credit Card,99.0
O013583,C04511,2024-06-10,Delivered,COD,40.0
O002234,C00703,2023-10-02,Delivered,upi,99.0
O014243,C04717,2025-01-16,Delivered,upi,40.0
O000128,C00071,2023-04-10,Delivered,upi,40.0
O009789,C03232,2025-06-26,Delivered,upi,0.0
O018103,C05939,2025-03-28,Delivered,upi,0.0
O000290,C00129,2023-11-16,Delivered,upi,40.0
O016698,C05511,2025-04-16,Delivered,Credit Card,99.0
O001529,C00484,2023-11-10,Delivered,upi,60.0
O006079,C02023,2024-03-05,Delivered,COD,0.0
O013210,C04394,2024-02-04,Delivered,Net Banking,99.0
O014418,C04773,2025-03-21,Delivered,Debit Card,0.0
O003227,C01026,2025-05-16,Delivered,COD,40.0
O016064,C05284,2025-05-15,Returned,Debit Card,99.0
O000804,C00306,2024-04-10,Delivered,Net Banking,40.0
O009196,C03015,2025-01-22,Delivered,COD,40.0
O012435,C04166,2024-03-01,Delivered,Credit Card,40.0
O004683,C01558,2025-01-09,Delivered,upi,0.0
O014500,C04794,2025-04-17,Delivered,COD,99.0
O017589,C05805,2025-07-15,Delivered,upi,40.0
O017169,C05661,2023-06-07,Delivered,Debit Card,99.0
O002277,C00723,2024-05-26,Delivered,Debit Card,40.0
O002711,C00861,2023-02-03,Returned,DEBIT CARD,60.0
O014470,C04794,2023-05-31,Returned,COD,40.0
O003456,C01101,2025-03-07,Returned,COD,99.0
O014898,C04908,2023-04-19,Delivered,Net Banking,0.0
O012284,C04131,2024-08-20,Delivered,Debit Card,60.0
O015975,C05258,2025-07-29,Returned,Net Banking,60.0
O014223,C04717,2023-11-11,Delivered,COD,0.0
O000429,C00167,2024-07-21,Delivered,COD,60.0
O008505,C02814,2023-04-26,Delivered,COD,99.0
O000623,C00230,2025-03-17,Delivered,upi,0.0
O016249,C05359,2024-11-07,Delivered,upi,99.0
O015687,C05170,2024-05-17,Delivered,Credit Card,60.0
O017259,C05687,2024-07-12,Delivered,upi,0.0
O009838,C03255,2025-08-06,Delivered,Credit Card,40.0
O002160,C00680,2025-05-20,Delivered,Net Banking,60.0
O013771,C04571,2024-03-17,Delivered,Debit Card,0.0
O017830,C05867,2023-10-09,Delivered,upi,0.0
O016760,C05531,2023-09-27,Delivered,Credit Card,99.0
O013465,C04482,2024-05-26,delivered,COD,0.0
O015410,C05077,2024-04-24,Delivered,Credit Card,60.0
O001611,C00504,2025-01-12,Delivered,Net Banking,40.0
O004316,C01427,2025-01-15,Delivered,upi,0.0
O004343,C01439,2025-08-04,Delivered,NET BANKING,0.0
O013615,C04523,2024-07-14,Delivered,upi,40.0
O017336,C05711,2025-07-19,delivered,Credit Card,99.0
O003092,C00984,2025-03-04,Delivered,upi,0.0
O002065,C00633,2024-07-13,Delivered,COD,40.0
O010277,C03408,2024-12-17,Delivered,Net Banking,0.0
O001933,C00596,2024-06-12,Delivered,upi,0.0
O000050,C00025,2025-04-04,Delivered,upi,40.0
O000610,C00225,2024-04-21,Delivered,upi,60.0
O015829,C05220,2023-11-30,Delivered,COD,40.0
O013998,C04644,2025-09-22,Delivered,COD,60.0
O007770,C02552,2025-07-11,Delivered,COD,0.0
O014070,C04669,2023-11-08,Cancelled,Debit Card,99.0
O002548,C00809,2023-07-24,Returned,upi,99.0
O011786,C03953,2025-03-05,Delivered,upi,0.0
O003127,C00990,2025-09-30,Delivered,Credit Card,60.0
O008958,C02947,2024-03-12,Delivered,COD,0.0
O013004,C04326,2025-08-03,Delivered,COD,0.0
O014599,C04813,2024-12-06,Returned,upi,40.0
O002934,C00917,2023-08-17,Delivered,Credit Card,60.0
O009080,C02989,2023-02-12,Delivered,Net Banking,99.0
O003334,C01064,2023-06-15,Delivered,Debit Card,99.0
O009706,C03189,2024-08-22,delivered,upi,0.0
O016751,C05528,2024-09-07,Delivered,upi,40.0
O003873,C01270,2024-07-11,Delivered,Net Banking,0.0
O007246,C02421,2023-10-11,Delivered,upi,99.0
O001358,C00427,2025-05-10,Delivered,Credit Card,60.0
O010094,C03326,2024-10-16,Delivered,Debit Card,60.0
O006242,C02052,2025-09-28,Delivered,Net Banking,60.0
O008527,C02822,2025-01-13,Delivered,upi,0.0
O011993,C04030,2024-10-09,Delivered,upi,99.0
O007992,C02623,2024-08-29,Delivered,COD,0.0
O015789,C05208,2023-04-21,Cancelled,upi,0.0
O002318,C00740,2025-08-13,Delivered,COD,0.0
O016639,C05489,2024-05-02,Delivered,Credit Card,0.0
O007497,C02503,2024-11-26,Delivered,Credit Card,0.0
O007861,C02583,2025-01-21,Delivered,Debit Card,0.0
O012270,C04126,2025-04-09,delivered,Debit Card,40.0
O016400,C05408,2024-07-04,Delivered,upi,40.0
O010778,C03578,2025-06-24,Returned,Debit Card,99.0
O006400,C02112,2024-10-24,Delivered,Debit Card,0.0
O003146,C01000,2024-12-31,Delivered,UPI,40.0
O014984,C04926,2026-06-01,Delivered,Net Banking,40.0
O006219,C02046,2024-08-09,Delivered,UPI,60.0
O018231,C05987,2024-08-03,Delivered,Debit Card,40.0
O011726,C03922,2025-02-01,Cancelled,DEBIT CARD,0.0
O008894,C02931,2025-07-29,Delivered,upi,99.0
O000856,C00322,2025-03-01,Delivered,COD,0.0
O006739,C02237,2023-10-06,Delivered,UPI,0.0
O011122,C03683,2024-12-04,Delivered,upi,60.0
O005142,C01708,2023-03-04,Delivered,Credit Card,0.0
O003279,C01037,2025-02-27,Delivered,upi,60.0
O011093,C03670,2024-07-12,Delivered,Debit Card,99.0
O007281,C02435,2025-04-04,Delivered,upi,40.0
O008000,C02627,2025-03-20,Delivered,upi,0.0
O008494,C02811,2025-03-25,Delivered,upi,60.0
O015372,C05061,2024-10-12,Delivered,COD,0.0
O016623,C05486,2025-04-08,Delivered,upi,99.0
O017396,C05730,2023-10-08,Delivered,upi,60.0
O001516,C00480,2024-12-06,Returned,Credit Card,99.0
O000762,C00291,2023-03-10,Delivered,Credit Card,40.0
O012196,C04110,2025-01-01,Delivered,Credit Card,0.0
O013272,C04421,2024-08-13,Delivered,COD,99.0
O002133,C00664,2025-04-19,Delivered,upi,40.0
O004245,C01402,2024-12-29,Delivered,upi,60.0
O004507,C01513,2025-01-28,Delivered,upi,60.0
O005466,C01815,2024-05-16,Delivered,Net Banking,0.0
O005925,C01962,2025-08-06,Delivered,upi,0.0
O017857,C05872,2023-12-19,Returned,upi,99.0
O003569,C01151,2024-09-25,Delivered,upi,60.0
O002086,C00640,2025-02-12,Delivered,Debit Card,99.0
O001660,C00524,2025-04-03,Delivered,Credit Card,40.0
O000110,C00060,2023-06-22,Delivered,upi,40.0
O012862,C04285,2025-05-31,Delivered,Credit Card,0.0
O004483,C01505,2024-06-08,Delivered,COD,99.0
O007958,C02614,2023-05-19,Delivered,COD,0.0
O001041,C00363,2025-05-02,Delivered,Net Banking,40.0
O001712,C00545,2024-03-26,Delivered,Debit Card,0.0
O003019,C00957,2023-11-10,Delivered,upi,0.0
O009139,C03007,2023-08-13,Delivered,upi,99.0
O011383,C03802,2023-12-28,Delivered,Net Banking,0.0
O016887,C05568,2023-06-19,Returned,upi,99.0
O013879,C04612,2024-06-16,Cancelled,Debit Card,40.0
O010276,C03408,2024-12-06,Delivered,upi,0.0
O001423,C00449,2024-12-29,Delivered,Debit Card,0.0
O003741,C01228,2024-10-16,Delivered,Credit Card,99.0
O007195,C02399,2024-11-21,Delivered,,0.0
O010604,C03519,2025-01-03,Delivered,upi,60.0
O016688,C05506,2025-04-15,Delivered,upi,0.0
O014261,C04720,2024-02-11,Returned,upi,60.0
O015511,C05124,2023-09-01,Delivered,upi,99.0
O017718,C05837,2023-07-31,Delivered,upi,0.0
O006527,C02158,2025-05-13,Delivered,upi,40.0
O004325,C01431,2025-09-16,Delivered,upi,40.0
O007401,C02473,2024-04-11,Delivered,Debit Card,40.0
O016394,C05408,2024-05-22,Delivered,upi,0.0
O004888,C01632,2023-11-06,Delivered,COD,0.0
O014121,C04694,2023-10-17,Delivered,Debit Card,0.0
O016123,C05308,2024-07-14,Delivered,upi,60.0
O011925,C04008,2023-04-05,Delivered,upi,0.0
O012354,C04145,2024-01-21,Returned,upi,0.0
O005152,C01708,2025-02-24,Delivered,upi,0.0
O016672,C05496,2023-10-16,Delivered,Debit Card,99.0
O006365,C02099,2024-07-22,Delivered,COD,60.0
O009098,C02993,2024-09-26,Delivered,upi,60.0
O006492,C02148,2024-05-25,Delivered,Credit Card,0.0
O001735,C00551,2025-06-02,Delivered,Credit Card,0.0
O007788,C02554,2025-05-23,Delivered,Debit Card,40.0
O010647,C03533,2024-07-21,Delivered,Debit Card,0.0
O003115,C00986,2024-12-09,cancelled,Debit Card,0.0
O001191,C00394,2025-08-31,Delivered,upi,0.0
O018067,C05936,2024-12-21,Delivered,upi,99.0
O009863,C03257,2025-07-12,Delivered,upi,0.0
O010694,C03550,2024-09-12,Delivered,Credit Card,0.0
O004517,C01520,2024-09-04,Delivered,upi,0.0
O016087,C05291,2024-12-04,Delivered,Debit Card,40.0
O015301,C05044,2024-01-09,Delivered,upi,40.0
O000040,C00023,2025-04-27,Delivered,upi,40.0
O010413,C03449,2024-07-22,Returned,upi,99.0
O008070,C02655,2025-09-08,Delivered,upi,0.0
O005646,C01872,2023-08-28,Delivered,Debit Card,99.0
O017919,C05890,2025-09-29,Delivered,upi,99.0
O006982,C02331,2024-11-02,Delivered,upi,40.0
O011954,C04016,2025-03-27,Delivered,,99.0
O010665,C03539,2025-08-23,Delivered,upi,0.0
O016545,C05454,2025-07-09,Delivered,upi,0.0
O015895,C05232,2023-12-19,Delivered,Net Banking,40.0
O008788,C02910,2024-10-09,Delivered,upi,0.0
O005483,C01816,2024-12-14,Delivered,Credit Card,40.0
O001259,C00411,2025-09-09,Delivered,Credit Card,60.0
O012639,C04223,2025-03-17,Delivered,upi,0.0
O015281,C05035,2023-11-25,Delivered,COD,60.0
O005438,C01810,2025-05-07,Returned,Credit Card,60.0
O010956,C03639,2024-11-09,Delivered,upi,60.0
O009163,C03008,2024-04-12,Delivered,upi,0.0
O003019,C00957,2023-11-10,Delivered,upi,0.0
O004147,C01365,2025-06-09,Delivered,COD,60.0
O015900,C05234,2025-02-07,Delivered,COD,60.0
O008784,C02908,2024-10-25,Delivered,COD,99.0
O008387,C02784,2025-06-01,Delivered,upi,60.0
O007364,C02462,2024-03-01,Delivered,Credit Card,0.0
O013691,C04542,2025-05-05,Delivered,upi,0.0
O004165,C01377,2023-12-15,Delivered,upi,0.0
O012316,C04140,2024-05-01,delivered,COD,99.0
O017399,C05732,2024-09-22,Delivered,upi,0.0
O018049,C05936,2023-04-18,Delivered,COD,99.0
O015965,C05258,2024-06-09,delivered,upi,99.0
O011839,C03972,2024-12-23,delivered,Credit Card,0.0
O013857,C04598,2023-08-22,Delivered,Debit Card,0.0
O009423,C03096,2024-11-27,Delivered,Debit Card,0.0
O018250,C05994,2024-03-03,Delivered,Net Banking,99.0
O013547,C04502,2024-12-04,Delivered,Credit Card,40.0
O002961,C00928,2024-04-28,Delivered,Debit Card,0.0
O002377,C00758,2024-03-14,Delivered,upi,0.0
O017823,C05864,2025-05-09,Delivered,upi,99.0
O004353,C01443,2024-10-09,Delivered,Credit Card,0.0
O000811,C00306,2024-11-18,Returned,Credit Card,40.0
O011636,C03878,2023-01-14,Delivered,Debit Card,40.0
O015378,C05064,2023-09-10,Delivered,upi,99.0
O007628,C02526,2025-03-08,Delivered,upi,99.0
O014578,C04811,2023-04-24,Returned,upi,40.0
O001626,C00511,2023-10-07,Delivered,upi,99.0
O011503,C03843,2024-12-23,Returned,upi,60.0
O006149,C02041,2023-11-03,Delivered,upi,60.0
O003421,C01092,2025-09-19,Delivered,upi,99.0
O008749,C02891,2024-04-17,Delivered,Debit Card,60.0
O000059,C00029,2025-03-02,Delivered,COD,40.0
O013207,C04394,2023-09-20,Delivered,Net Banking,60.0
O018199,C05980,2023-10-18,delivered,Credit Card,40.0
O018085,C05939,2024-08-18,Delivered,Net Banking,0.0
O014670,C04839,2025-02-02,Delivered,Debit Card,99.0
O002827,C00892,2025-02-14,Delivered,upi,0.0
O000350,C00146,2024-12-09,Delivered,upi,60.0
O008914,C02934,2025-07-04,Delivered,upi,0.0
O003749,C01231,2023-08-11,Delivered,Debit Card,99.0
O018126,C05947,2025-02-23,Delivered,Debit Card,0.0
O015239,C05019,2024-03-29,Delivered,COD,60.0
O015864,C05224,2024-08-16,Delivered,Debit Card,0.0
O009162,C03008,2024-02-21,Delivered,COD,0.0
O012500,C04185,2024-04-15,Delivered,upi,0.0
O009338,C03067,2024-12-03,Delivered,upi,40.0
O011387,C03803,2024-02-14,Delivered,Credit Card,99.0
O013226,C04399,2025-04-30,Delivered,COD,40.0
O017974,C05905,2025-01-30,Delivered,upi,99.0
O000222,C00105,2024-04-11,Delivered,upi,0.0
O004653,C01554,2024-03-15,Delivered,upi,0.0
O014899,C04908,2023-10-20,Delivered,Credit Card,0.0
O015412,C05079,2025-04-04,Delivered,upi,99.0
O013873,C04609,2023-11-13,Delivered,upi,99.0
O008852,C02926,2024-02-26,Delivered,Net Banking,0.0
O012426,C04164,2023-12-05,Delivered,Debit Card,0.0
O011262,C03750,2023-11-29,Returned,upi,40.0
O012192,C04109,2024-12-25,Delivered,Debit Card,0.0
O011520,C03847,2023-05-30,Delivered,Net Banking,0.0
O005608,C01857,2023-11-24,Delivered,COD,99.0
O000734,C00280,2024-10-04,returned,Debit Card,0.0
O017639,C05819,2024-11-24,Cancelled,Debit Card,60.0
O007352,C02461,2024-08-05,Delivered,Debit Card,99.0
O001178,C00394,2025-02-15,Delivered,upi,0.0
O012933,C04297,2025-07-18,Cancelled,Debit Card,0.0
O008957,C02946,2024-06-17,Delivered,upi,60.0
O005552,C01833,2025-01-31,Delivered,Net Banking,40.0
O002929,C00915,2025-05-20,Returned,Net Banking,60.0
O012772,C04250,2024-03-03,Delivered,Debit Card,60.0
O006563,C02168,2025-09-20,Delivered,COD,60.0
O005968,C01981,2024-10-13,Delivered,upi,40.0
O006635,C02198,2024-11-06,Cancelled,Debit Card,0.0
O004028,C01324,2025-04-07,Delivered,Net Banking,99.0
O016816,C05544,2025-09-05,Delivered,upi,40.0
O011763,C03941,2025-07-28,Delivered,COD,0.0
O005619,C01861,2025-03-10,Delivered,upi,40.0
O008833,C02923,2024-01-25,Cancelled,Debit Card,60.0
O017735,C05837,2024-08-23,Delivered,upi,99.0
O005525,C01828,2025-04-14,Delivered,Debit Card,40.0
O004159,C01373,2024-03-24,Delivered,upi,99.0
O012347,C04144,2024-06-15,delivered,upi,40.0
O012799,C04262,2024-09-24,Delivered,Credit Card,0.0
O001335,C00427,2024-07-07,Delivered,COD,60.0
O010143,C03341,2023-10-19,Delivered,upi,0.0
O013984,C04644,2024-08-18,Delivered,upi,60.0
O009823,C03249,2025-04-24,Cancelled,upi,40.0
O016756,C05528,2025-09-27,Delivered,Net Banking,99.0
O010910,C03622,2025-07-20,Delivered,Debit Card,40.0
O004009,C01316,2023-02-26,Delivered,upi,0.0
O014065,C04667,2024-05-15,Delivered,COD,40.0
O007748,C02552,2024-04-22,Delivered,COD,40.0
O003592,C01164,2025-09-24,Delivered,CREDIT CARD,0.0
O014335,C04739,2025-03-31,Delivered,upi,99.0
O017301,C05705,2024-06-21,Delivered,upi,0.0
O005750,C01903,2025-02-20,Returned,COD,99.0
O011768,C03945,2025-09-11,Delivered,Debit Card,40.0
O014518,C04801,2025-04-18,Delivered,upi,0.0
O002513,C00797,2025-05-13,Delivered,Credit Card,0.0
O004647,C01552,2025-03-25,Delivered,upi,60.0
O011305,C03767,2024-05-15,Delivered,Credit Card,60.0
O000146,C00075,2025-08-27,Delivered,Debit Card,40.0
O015070,C04961,2024-06-28,Delivered,Net Banking,0.0
O011061,C03664,2025-03-01,Delivered,upi,40.0
O013142,C04372,2023-10-10,Delivered,Debit Card,40.0
O004552,C01536,2024-10-17,Returned,upi,99.0
O006664,C02211,2024-01-11,Delivered,COD,0.0
O006868,C02273,2023-12-08,Delivered,Debit Card,0.0
O004161,C01375,2024-12-19,Delivered,upi,99.0
O006015,C01998,2024-02-27,Delivered,Debit Card,0.0
O006110,C02037,2025-06-20,Returned,COD,0.0
O002689,C00848,2024-05-14,Cancelled,COD,99.0
O008900,C02934,2024-11-25,Delivered,upi,60.0
O007875,C02588,2024-04-03,Delivered,Credit Card,60.0
O013444,C04471,2025-05-10,Delivered,Credit Card,0.0
O017363,C05726,2023-08-18,Delivered,Debit Card,60.0
O008652,C02866,2023-06-06,Delivered,COD,0.0
O002627,C00830,2025-03-12,Delivered,DEBIT CARD,40.0
O015400,C05075,2023-08-09,Delivered,Net Banking,60.0
O000136,C00072,2023-11-15,Delivered,Credit Card,60.0
O003073,C00977,2024-08-06,Delivered,COD,60.0
O017864,C05872,2025-02-02,Delivered,Debit Card,0.0
O012465,C04170,2025-07-31,Delivered,Credit Card,99.0
O011631,C03874,2025-01-23,Delivered,upi,0.0
O007954,C02613,2023-12-24,Delivered,Credit Card,0.0
O015055,C04956,2023-05-12,Delivered,upi,0.0
O007223,C02409,2025-06-07,Returned,Debit Card,40.0
O003637,C01187,2024-07-06,Delivered,Debit Card,40.0
O001605,C00501,2025-02-05,Cancelled,Credit Card,0.0
O004742,C01579,2024-12-29,Delivered,UPI,0.0
O014305,C04730,2025-02-09,Delivered,Debit Card,60.0
O017205,C05661,2025-02-20,Delivered,Debit Card,99.0
O009989,C03294,2023-12-09,Delivered,Debit Card,0.0
O003263,C01032,2025-01-09,Delivered,upi,0.0
O000955,C00339,2024-07-18,Delivered,upi,60.0
O017084,C05621,2025-02-08,Delivered,upi,0.0
O002080,C00638,2025-05-05,Cancelled,upi,60.0
O015044,C04954,2025-01-28,Delivered,upi,60.0
O017100,C05628,2024-07-25,Delivered,upi,0.0
O016899,C05571,2023-12-07,Delivered,Credit Card,0.0
O017039,C05610,2023-09-06,Delivered,Debit Card,0.0
O000525,C00197,2025-09-18,Delivered,Credit Card,60.0
O003026,C00958,2025-04-18,Delivered,Net Banking,0.0
O017117,C05635,2023-09-27,delivered,upi,0.0
O013348,C04446,2025-02-06,Delivered,upi,60.0
O006951,C02315,2024-09-20,Delivered,upi,60.0
O007798,C02559,2024-03-11,Delivered,upi,99.0
O012523,C04187,2025-03-14,Delivered,Net Banking,0.0
O012826,C04276,2024-10-05,Returned,upi,0.0
O014593,C04812,2024-09-10,Delivered,upi,0.0
O007610,C02526,2024-02-03,Delivered,Credit Card,0.0
O003512,C01128,2023-10-24,Cancelled,upi,0.0
O004178,C01380,2024-10-05,Delivered,upi,60.0
O017613,C05814,2024-07-14,Delivered,COD,99.0
O004232,C01395,2024-09-02,Delivered,Credit Card,40.0
O012738,C04237,2025-01-18,Delivered,Debit Card,0.0
O004846,C01616,2024-11-21,Delivered,Credit Card,0.0
O017348,C05717,2024-12-21,Delivered,Credit Card,0.0
O013373,C04452,2024-03-08,Delivered,upi,0.0
O017665,C05824,2024-07-08,Delivered,Credit Card,0.0
O011201,C03726,2024-02-10,Delivered,Debit Card,40.0
O014936,C04917,2024-12-28,Delivered,Credit Card,40.0
O012766,C04249,2025-05-29,Delivered,upi,40.0
O006075,C02022,2025-08-06,Delivered,Credit Card,99.0
O014326,C04738,2025-05-16,Delivered,COD,40.0
O004953,C01649,2024-03-16,Delivered,Credit Card,0.0
O000521,C00195,2023-10-07,Delivered,upi,60.0
O002167,C00684,2024-04-10,Delivered,upi,0.0
O014976,C04923,2024-05-13,Delivered,COD,99.0
O009422,C03095,2025-08-20,Returned,upi,0.0
O008295,C02748,2025-07-25,Delivered,upi,0.0
O006277,C02062,2024-09-10,Returned,Net Banking,99.0
O002828,C00892,2025-03-27,Delivered,COD,0.0
O007383,C02467,2025-08-26,Returned,COD,60.0
O004713,C01567,2024-08-30,Delivered,Credit Card,40.0
O012199,C04111,2024-09-26,Delivered,upi,0.0
O016106,C05301,2025-04-23,Delivered,upi,0.0
O001937,C00597,2025-01-02,Delivered,Credit Card,60.0
O006622,C02192,2024-11-26,Delivered,Debit Card,60.0
O003325,C01057,2024-07-11,Delivered,upi,40.0
O011716,C03919,2024-02-02,Delivered,COD,40.0
O016195,C05338,2024-04-26,Delivered,Debit Card,60.0
O015496,C05114,2024-12-06,Delivered,COD,99.0
O012812,C04268,2024-01-13,Delivered,Debit Card,0.0
O014277,C04720,2024-12-13,Delivered,Net Banking,0.0
O014276,C04720,2024-12-03,Delivered,Debit Card,99.0
O004939,C01646,2024-09-09,Delivered,COD,0.0
O005044,C01680,2025-03-31,Delivered,upi,0.0
O006619,C02190,2023-10-24,Delivered,DEBIT CARD,0.0
O004282,C01419,2024-08-17,Delivered,COD,0.0
O014001,C04647,2023-01-15,Delivered,upi,0.0
O000017,C00008,2023-09-22,Delivered,COD,40.0
O009568,C03136,2025-04-24,Delivered,COD,0.0
O010071,C03313,2025-03-03,Delivered,upi,99.0
O009462,C03102,2024-10-06,Delivered,upi,99.0
O016784,C05541,2024-08-04,Delivered,upi,0.0
O015617,C05157,2024-04-15,Delivered,COD,60.0
O007757,C02552,2024-10-28,Delivered,Net Banking,99.0
O001013,C00358,2025-07-07,Delivered,Credit Card,99.0
O010332,C03421,2024-01-13,Returned,upi,0.0
O008896,C02932,2025-09-05,Delivered,Net Banking,40.0
O011837,C03971,2024-07-22,Delivered,upi,0.0
O009003,C02964,2023-02-06,delivered,upi,0.0
O016622,C05485,2024-09-18,Returned,upi,0.0
O007350,C02461,2023-07-01,Delivered,Debit Card,0.0
O015110,C04976,2024-12-14,Delivered,upi,60.0
O004872,C01630,2024-04-06,Delivered,Credit Card,40.0
O004774,C01585,2023-02-17,Delivered,upi,99.0
O010245,C03393,2024-01-04,Delivered,Credit Card,60.0
O005652,C01873,2023-06-07,Delivered,Credit Card,99.0
O011543,C03861,2025-04-27,Delivered,COD,0.0
O006199,C02046,2023-05-02,Delivered,upi,40.0
O005628,C01867,2025-09-10,Delivered,,0.0
O010307,C03415,2025-08-11,Delivered,Credit Card,0.0
O002358,C00756,2024-04-30,Delivered,upi,40.0
O011848,C03976,2025-02-20,Delivered,Credit Card,60.0
O001464,C00464,2024-05-20,Delivered,Net Banking,0.0
O011421,C03820,2024-05-24,Delivered,upi,0.0
O009602,C03148,2024-06-06,Delivered,Credit Card,99.0
O011556,C03862,2025-05-11,Delivered,upi,99.0
O003340,C01064,2025-03-10,Delivered,Debit Card,99.0
O018069,C05936,2025-05-17,Delivered,COD,0.0
O010579,C03512,2024-03-09,Delivered,UPI,60.0
O009638,C03155,2025-06-07,Delivered,upi,99.0
O011128,C03688,2024-10-16,Delivered,upi,0.0
O001880,C00588,2025-08-29,Returned,Debit Card,99.0
O007551,C02516,2025-05-10,Delivered,upi,40.0
O001940,C00597,2025-05-25,Delivered,upi,40.0
O007448,C02486,2025-02-05,Returned,Net Banking,0.0
O005933,C01968,2023-06-12,Delivered,COD,99.0
O014402,C04766,2025-06-28,Delivered,Credit Card,99.0
O000006,C00004,2024-04-10,Delivered,upi,0.0
O001301,C00422,2024-12-01,Delivered,upi,0.0
O013118,C04363,2025-01-15,Cancelled,Debit Card,0.0
O011438,C03827,2025-09-17,Returned,COD,99.0
O009461,C03102,2024-09-24,Cancelled,Debit Card,60.0
O008856,C02926,2024-06-07,Delivered,Debit Card,99.0
O014048,C04658,2025-08-09,Delivered,COD,60.0
O009364,C03076,2025-06-01,Cancelled,upi,99.0
O005315,C01766,2023-12-17,Delivered,UPI,99.0
O017011,C05601,2023-03-16,Delivered,upi,99.0
O000552,C00206,2024-06-22,Delivered,upi,99.0
O016465,C05416,2024-12-13,Delivered,Debit Card,0.0
O004097,C01346,2025-01-11,Delivered,upi,0.0
O016655,C05490,2024-12-16,Cancelled,upi,0.0
O003358,C01072,2025-04-06,Returned,UPI,0.0
O001221,C00400,2024-03-09,Returned,Credit Card,0.0
O016915,C05577,2024-07-03,Delivered,upi,40.0
O004030,C01324,2025-05-29,Delivered,upi,0.0
O017521,C05777,2023-07-05,Cancelled,upi,60.0
O010554,C03506,2025-07-23,Delivered,upi,60.0
O017406,C05735,2025-03-22,Delivered,upi,40.0
O008607,C02852,2024-05-20,Delivered,Debit Card,0.0
O012302,C04134,2024-11-16,Delivered,COD,60.0
O014440,C04779,2025-09-23,Delivered,Debit Card,99.0
O005035,C01680,2024-07-10,Delivered,upi,0.0
O007997,C02626,2023-10-25,Delivered,upi,0.0
O015548,C05130,2024-06-18,Delivered,upi,40.0
O005275,C01748,2025-09-14,Delivered,upi,99.0
O014151,C04705,2025-07-12,Delivered,Net Banking,0.0
O012332,C04140,2025-02-24,Delivered,COD,99.0
O016389,C05406,2025-09-09,Delivered,Net Banking,0.0
O001805,C00574,2023-08-19,Delivered,upi,0.0
O005243,C01742,2024-08-28,Delivered,COD,99.0
O004938,C01646,2024-09-01,Delivered,upi,99.0
O018120,C05942,2024-10-05,Delivered,Credit Card,99.0
O000707,C00271,2025-03-02,Delivered,Credit Card,0.0
O016055,C05278,2025-04-05,Delivered,Credit Card,0.0
O006626,C02195,2023-05-09,Delivered,Credit Card,0.0
O004001,C01313,2024-07-10,Delivered,Net Banking,60.0
O007612,C02526,2024-04-08,Delivered,Debit Card,40.0
O006992,C02333,2024-07-09,Delivered,Debit Card,99.0
O000419,C00165,2024-12-22,Delivered,upi,60.0
O010637,C03533,2023-06-22,Returned,upi,0.0
O005391,C01791,2024-08-11,Delivered,upi,60.0
O002923,C00915,2025-01-07,Cancelled,COD,60.0
O009116,C03000,2024-06-28,Delivered,COD,0.0
O004576,C01538,2025-06-28,Delivered,upi,0.0
O006225,C02046,2025-01-31,Delivered,upi,0.0
O014946,C04922,2023-04-04,Delivered,Credit Card,0.0
O009683,C03180,2024-04-06,Delivered,upi,40.0
O010709,C03557,2023-11-11,Delivered,upi,0.0
O001930,C00596,2023-07-23,Cancelled,upi,99.0
O015926,C05249,2024-11-23,Delivered,COD,60.0
O008357,C02771,2025-08-17,Delivered,COD,60.0
O014814,C04885,2024-01-28,Delivered,Net Banking,99.0
O003268,C01034,2025-06-25,Delivered,Credit Card,40.0
O011565,C03864,2024-06-15,Returned,DEBIT CARD,0.0
O013641,C04528,2023-12-30,Delivered,upi,0.0
O000209,C00105,2023-04-14,Delivered,upi,60.0
O002314,C00740,2025-06-04,delivered,upi,0.0
O015355,C05058,2023-12-07,Delivered,upi,60.0
O009131,C03006,2024-08-22,Delivered,COD,99.0
O017443,C05747,2024-06-26,Delivered,Debit Card,0.0
O001089,C00382,2023-03-15,delivered,Debit Card,40.0
O007767,C02552,2025-04-07,Delivered,upi,40.0
O013592,C04513,2025-05-22,Delivered,Debit Card,0.0
O003887,C01273,2024-09-16,Delivered,upi,0.0
O002149,C00672,2023-09-14,Delivered,NET BANKING,40.0
O003108,C00986,2024-08-18,Delivered,Credit Card,60.0
O008758,C02895,2024-03-02,Cancelled,Debit Card,0.0
O001038,C00363,2025-04-15,Delivered,Credit Card,40.0
O009813,C03240,2025-02-20,Delivered,upi,60.0
O016922,C05579,2025-03-05,Returned,COD,40.0
O014689,C04846,2025-03-08,Delivered,Credit Card,40.0
O011144,C03695,2024-05-20,Delivered,Debit Card,40.0
O016736,C05523,2025-05-29,Delivered,Debit Card,99.0
O012778,C04252,2025-09-11,Delivered,upi,0.0
O006775,C02243,2025-05-26,Returned,upi,40.0
O011587,C03866,2024-12-14,Delivered,Debit Card,40.0
O000960,C00342,2024-08-30,Delivered,Credit Card,60.0
O007108,C02381,2024-11-12,Delivered,COD,40.0
O000910,C00337,2023-11-30,Delivered,upi,0.0
O000038,C00021,2024-12-23,Delivered,Debit Card,0.0
O002344,C00752,2024-07-01,Delivered,upi,60.0
O007867,C02584,2025-05-28,Returned,Credit Card,0.0
O015095,C04969,2024-11-20,Delivered,NET BANKING,40.0
O016137,C05317,2024-06-03,Delivered,COD,60.0
O008111,C02667,2024-01-18,Delivered,upi,99.0
O000792,C00303,2025-08-15,Delivered,upi,0.0
O000214,C00105,2023-07-21,Delivered,upi,40.0
O016405,C05408,2024-10-05,Delivered,upi,0.0
O000087,C00045,2023-07-20,Delivered,upi,40.0
O015650,C05159,2025-03-18,Delivered,upi,99.0
O016424,C05411,2023-05-21,Delivered,Debit Card,0.0
O004611,C01539,2025-09-28,Delivered,Credit Card,99.0
O001048,C00363,2025-07-28,Delivered,upi,0.0
O004456,C01489,2025-02-12,Cancelled,Net Banking,40.0
O003928,C01293,2024-12-18,Delivered,UPI,60.0
O001203,C00397,2024-04-30,Delivered,Credit Card,40.0
O004754,C01580,2025-03-26,Delivered,upi,40.0
O002841,C00900,2023-05-26,Delivered,COD,60.0
O010555,C03507,2024-06-25,Delivered,CREDIT CARD,40.0
O015874,C05226,2025-09-12,Delivered,COD,60.0
O013982,C04644,2024-06-27,Delivered,COD,40.0
O012294,C04134,2024-03-18,Delivered,Credit Card,40.0
O015287,C05037,2025-06-12,Delivered,COD,99.0
O008804,C02915,2025-06-07,Delivered,upi,0.0
O017763,C05842,2025-05-27,Delivered,upi,0.0
O015201,C05014,2024-06-11,Delivered,COD,40.0
O009303,C03048,2025-01-08,Delivered,Credit Card,60.0
O010422,C03449,2025-04-23,Delivered,COD,40.0
O009731,C03202,2025-06-10,Delivered,Debit Card,0.0
O004035,C01325,2025-08-07,Delivered,COD,0.0
O007285,C02437,2023-07-05,Delivered,upi,60.0
O003826,C01253,2024-07-22,Delivered,Debit Card,0.0
O012463,C04170,2025-01-12,Delivered,upi,99.0
O005493,C01821,2025-06-19,Delivered,COD,60.0
O005932,C01968,2023-05-15,delivered,COD,0.0
O000033,C00019,2023-07-13,Delivered,Credit Card,0.0
O018156,C05962,2024-07-02,Delivered,upi,99.0
O014088,C04676,2024-06-19,Returned,Debit Card,0.0
O007733,C02549,2024-12-20,Delivered,Credit Card,40.0
O003537,C01139,2024-11-13,Delivered,upi,0.0
O005900,C01952,2025-02-02,Delivered,DEBIT CARD,40.0
O012728,C04234,2025-04-02,Delivered,Debit Card,99.0
O017089,C05622,2024-07-16,Delivered,COD,40.0
O003702,C01211,2024-02-16,Delivered,upi,0.0
O000743,C00280,2025-07-06,Delivered,upi,0.0
O000772,C00292,2024-10-01,Delivered,Credit Card,0.0
O000853,C00321,2024-03-27,Delivered,Credit Card,99.0
O003367,C01080,2024-04-25,Delivered,upi,0.0
O017808,C05858,2024-12-11,Delivered,upi,99.0
O011474,C03843,2023-08-26,Delivered,Net Banking,0.0
O012177,C04101,2023-06-12,delivered,UPI,99.0
O006596,C02180,2025-06-02,Delivered,Credit Card,60.0
O017897,C05882,2024-08-31,Delivered,COD,0.0
O002998,C00948,2024-12-07,Delivered,,0.0
O000527,C00199,2025-05-23,Delivered,Debit Card,60.0
O006093,C02026,2024-09-20,Delivered,upi,0.0
O000195,C00098,2025-04-22,Delivered,upi,40.0
O008945,C02943,2024-12-18,Delivered,upi,0.0
O007151,C02387,2024-06-17,Delivered,Debit Card,60.0
O008010,C02633,2024-12-24,Delivered,upi,0.0
O000981,C00353,2025-03-03,Delivered,upi,60.0
O013600,C04517,2024-12-15,Delivered,COD,0.0
O000649,C00239,2024-01-28,Delivered,upi,0.0
O004741,C01579,2024-12-08,Delivered,Debit Card,40.0
O003507,C01124,2025-01-23,Delivered,Debit Card,40.0
O003546,C01140,2025-01-15,Delivered,UPI,99.0
O007556,C02516,2025-07-04,Delivered,UPI,0.0
O004239,C01399,2023-02-14,Returned,upi,40.0
O015221,C05014,2025-03-01,Delivered,COD,40.0
O006231,C02046,2025-06-15,Delivered,Credit Card,99.0
O005000,C01669,2025-03-28,Delivered,Debit Card,99.0
O010907,C03622,2025-02-14,Returned,COD,60.0
O003380,C01084,2023-05-29,Delivered,Credit Card,99.0
O010261,C03397,2023-10-19,Delivered,COD,0.0
O013552,C04502,2025-06-12,Delivered,Debit Card,0.0
O009079,C02988,2023-12-23,Delivered,Net Banking,60.0
O009557,C03132,2024-06-13,Delivered,upi,99.0
O003446,C01101,2024-08-28,Cancelled,Credit Card,60.0
O007362,C02462,2023-12-23,delivered,upi,40.0
O004620,C01542,2024-02-29,Delivered,Credit Card,40.0
O009636,C03155,2025-04-15,Delivered,COD,60.0
O011166,C03703,2023-11-06,Delivered,Debit Card,0.0
O006525,C02158,2025-01-09,delivered,Debit Card,99.0
O000613,C00226,2025-05-16,delivered,Credit Card,99.0
O001945,C00602,2023-11-18,Returned,COD,40.0
O017574,C05799,2023-06-24,Delivered,DEBIT CARD,60.0
O012499,C04185,2024-01-05,Delivered,Credit Card,60.0
O009859,C03257,2025-06-08,Delivered,upi,40.0
O000421,C00165,2025-01-24,Delivered,Credit Card,40.0
O016790,C05542,2024-06-15,Delivered,Credit Card,0.0
O015444,C05094,2025-09-11,Delivered,upi,40.0
O011584,C03866,2024-11-05,Delivered,Net Banking,99.0
O010398,C03449,2023-11-07,Delivered,Debit Card,99.0
O003175,C01008,2025-05-14,Delivered,UPI,40.0
O012279,C04129,2025-05-19,Delivered,upi,0.0
O003891,C01274,2024-10-29,Delivered,upi,0.0
O006324,C02078,2024-05-19,Delivered,DEBIT CARD,60.0
O012383,C04157,2023-10-22,Delivered,upi,0.0
O012379,C04157,2023-02-15,Delivered,Debit Card,60.0
O004997,C01669,2023-08-28,Delivered,COD,60.0
O004803,C01592,2025-09-01,Delivered,upi,0.0
O007278,C02433,2024-12-27,Delivered,Credit Card,0.0
O013308,C04431,2023-09-16,Delivered,upi,40.0
O000396,C00153,2025-03-03,Delivered,Debit Card,0.0
O005554,C01833,2025-03-21,Delivered,Net Banking,0.0
O016911,C05574,2025-08-01,Delivered,Net Banking,0.0
O009132,C03006,2024-10-17,Cancelled,upi,60.0
O002306,C00736,2024-03-26,Delivered,upi,0.0
O004568,C01538,2025-03-14,Delivered,Debit Card,99.0
O001907,C00592,2024-08-27,Delivered,upi,0.0
O008308,C02755,2024-01-09,Delivered,Credit Card,0.0
O004205,C01388,2024-05-24,Delivered,Credit Card,0.0
O008713,C02883,2025-05-07,Delivered,Debit Card,99.0
O016692,C05510,2023-12-17,Returned,upi,99.0
O016777,C05535,2025-09-29,Delivered,Credit Card,0.0
O004225,C01394,2024-08-22,Delivered,COD,0.0
O016293,C05372,2024-07-30,Delivered,Credit Card,99.0
O004815,C01598,2025-05-17,Delivered,Net Banking,99.0
O008270,C02737,2024-01-10,Delivered,COD,0.0
O018221,C05986,2024-11-05,Returned,upi,40.0
O003445,C01101,2024-08-11,Cancelled,upi,0.0
O004565,C01538,2025-02-09,Delivered,Debit Card,99.0
O008213,C02709,2024-12-25,Delivered,upi,40.0
O014092,C04680,2024-12-25,Delivered,COD,0.0
O015419,C05082,2025-03-20,delivered,upi,0.0
O002563,C00814,2023-03-28,Returned,COD,0.0
O003391,C01086,2024-07-15,Delivered,Debit Card,60.0
O001052,C00363,2025-09-17,Delivered,Credit Card,60.0
O009564,C03134,2025-09-27,Delivered,upi,99.0
O015149,C04990,2023-09-07,Delivered,upi,0.0
O013102,C04362,2025-07-24,Delivered,upi,99.0
O010563,C03509,2024-11-06,Delivered,Credit Card,60.0
O000637,C00237,2025-05-19,Delivered,COD,99.0
O014989,C04930,2025-06-28,Delivered,upi,0.0
O008651,C02865,2025-06-29,Delivered,upi,0.0
O007666,C02532,2025-08-20,Delivered,upi,99.0
O015891,C05230,2025-06-03,Delivered,,40.0
O017185,C05661,2024-03-28,Delivered,upi,40.0
O010481,C03476,2025-05-19,Delivered,Debit Card,0.0
O017266,C05690,2023-02-24,Delivered,Debit Card,99.0
O003624,C01181,2025-02-21,Delivered,Credit Card,60.0
O016109,C05303,2024-11-25,Returned,UPI,99.0
O017635,C05819,2024-04-14,Delivered,Debit Card,99.0
O003849,C01257,2025-08-08,Delivered,upi,0.0
O017732,C05837,2024-03-10,Returned,Credit Card,60.0
O013747,C04562,2025-03-06,Delivered,COD,99.0
O010825,C03592,2024-01-27,Delivered,upi,60.0
O017151,C05658,2024-11-03,Returned,upi,60.0
O017446,C05748,2023-07-29,Returned,upi,0.0
O004309,C01422,2023-04-06,Delivered,COD,99.0
O004467,C01494,2024-06-14,Delivered,Debit Card,0.0
O007522,C02510,2024-11-12,Delivered,Net Banking,0.0
O014190,C04714,2024-10-09,Delivered,upi,60.0
O013636,C04526,2025-09-11,Delivered,Credit Card,99.0
O018255,C05998,2025-07-25,Delivered,,40.0
O000228,C00105,2024-10-31,Returned,upi,0.0
O017738,C05837,2024-10-21,Delivered,Credit Card,0.0
O006483,C02143,2025-03-13,Delivered,Debit Card,99.0
O002278,C00724,2025-01-16,Delivered,Net Banking,99.0
O010601,C03518,2023-02-22,Delivered,Debit Card,0.0
O004481,C01504,2025-09-01,Delivered,upi,0.0
O017684,C05835,2024-06-27,Delivered,Net Banking,0.0
O010834,C03596,2023-11-26,Delivered,upi,0.0
O003364,C01078,2024-08-12,Delivered,upi,0.0
O009416,C03093,2025-06-17,Delivered,Debit Card,40.0
O017917,C05890,2024-09-18,Delivered,Credit Card,99.0
O008668,C02874,2023-08-10,Delivered,upi,99.0
O013889,C04615,2024-04-17,Delivered,upi,0.0
O015907,C05236,2025-03-13,Delivered,Credit Card,0.0
O003419,C01091,2025-01-30,Delivered,upi,60.0
O014482,C04794,2024-02-23,Delivered,upi,0.0
O003755,C01231,2024-01-29,Returned,Net Banking,40.0
O008635,C02862,2025-07-02,Delivered,COD,60.0
O010475,C03471,2024-06-18,Delivered,Net Banking,0.0
O015744,C05186,2025-05-08,Delivered,Net Banking,40.0
O007470,C02496,2023-03-27,Returned,Debit Card,0.0
O011303,C03766,2025-09-26,Delivered,Debit Card,40.0
O005868,C01952,2023-03-10,Delivered,COD,0.0
O013482,C04489,2025-01-19,Delivered,Credit Card,0.0
O011241,C03740,2024-02-17,Delivered,upi,0.0
O013816,C04577,2025-06-20,Delivered,,0.0
O004414,C01467,2023-11-14,Returned,Debit Card,0.0
O011284,C03761,2025-07-08,Delivered,upi,99.0
O012472,C04172,2024-07-06,Delivered,upi,40.0
O004226,C01394,2024-08-28,Delivered,upi,60.0
O006237,C02048,2025-04-10,Returned,Credit Card,40.0
O013656,C04533,2025-03-29,Delivered,Credit Card,0.0
O002742,C00871,2024-09-14,Delivered,upi,0.0
O006880,C02274,2025-06-17,Delivered,COD,99.0
O011408,C03813,2025-08-02,Returned,Debit Card,40.0
O014333,C04739,2025-02-25,Delivered,Debit Card,40.0
O013056,C04347,2024-07-08,Delivered,Debit Card,99.0
O013548,C04502,2024-12-20,Delivered,Net Banking,0.0
O016027,C05269,2024-08-25,Returned,upi,0.0
O005729,C01898,2023-10-02,Delivered,DEBIT CARD,0.0
O011327,C03773,2025-04-16,Delivered,Debit Card,0.0
O010743,C03571,2024-08-02,Delivered,COD,0.0
O006820,C02258,2024-12-10,delivered,COD,0.0
O002055,C00627,2025-08-03,Delivered,upi,40.0
O002090,C00644,2023-03-23,Delivered,Net Banking,40.0
O005124,C01702,2025-01-20,Delivered,upi,99.0
O006844,C02264,2024-09-01,Returned,Debit Card,40.0
O001094,C00382,2025-04-24,Delivered,Credit Card,0.0
O003844,C01254,2024-11-05,Delivered,upi,40.0
O012168,C04095,2025-08-28,Delivered,upi,0.0
O016701,C05511,2025-07-23,delivered,Credit Card,0.0
O012000,C04033,2025-02-23,Returned,COD,60.0
O013892,C04617,2023-09-26,Delivered,Credit Card,0.0
O007095,C02377,2025-03-12,Delivered,COD,0.0
O011202,C03727,2024-05-21,Delivered,Credit Card,0.0
O011893,C03994,2024-03-18,Cancelled,upi,99.0
O013013,C04329,2024-10-26,Delivered,Net Banking,0.0
O008599,C02850,2025-01-28,Delivered,Credit Card,40.0
O016815,C05544,2025-08-09,Delivered,upi,0.0
O003322,C01055,2025-05-21,Delivered,upi,40.0
O004854,C01620,2024-09-01,Returned,upi,0.0
O013805,C04577,2024-06-01,Delivered,Debit Card,0.0
O002807,C00886,2024-01-08,Delivered,upi,0.0
O010689,C03548,2025-03-02,Delivered,upi,0.0
O012792,C04259,2025-09-23,Delivered,,0.0
O010666,C03539,2025-08-27,Delivered,Debit Card,0.0
O010734,C03568,2025-08-30,Delivered,CREDIT CARD,0.0
O005387,C01788,2025-03-18,Delivered,COD,40.0
O009034,C02965,2024-11-28,Delivered,COD,0.0
O004595,C01539,2025-02-19,Delivered,upi,60.0
O001232,C00402,2025-03-20,Delivered,Net Banking,0.0
O014988,C04929,2025-05-09,Delivered,Credit Card,0.0
O011250,C03746,2023-09-26,Delivered,COD,0.0
O012133,C04084,2023-08-11,Delivered,Credit Card,99.0
O001756,C00557,2025-01-30,Returned,Net Banking,99.0
O005524,C01828,2025-02-18,Delivered,Debit Card,99.0
O001206,C00398,2023-11-07,Returned,COD,0.0
O015490,C05111,2025-08-26,Delivered,Debit Card,0.0
O016765,C05534,2024-02-29,Delivered,upi,99.0
O004737,C01578,2024-01-05,Delivered,,0.0
O008864,C02926,2024-12-30,Delivered,upi,99.0
O013130,C04368,2024-01-17,Delivered,upi,0.0
O002583,C00820,2024-09-30,Delivered,upi,0.0
O003991,C01309,2023-12-25,Delivered,Debit Card,0.0
O003493,C01117,2025-03-23,Delivered,upi,0.0
O017027,C05608,2024-07-15,Delivered,Credit Card,99.0
O014106,C04686,2023-07-25,Delivered,Net Banking,99.0
O017425,C05743,2024-08-25,Delivered,COD,60.0
O007208,C02403,2024-10-21,Delivered,Net Banking,0.0
O001200,C00396,2024-06-07,Delivered,COD,0.0
O006449,C02133,2024-09-17,Delivered,COD,60.0
O007481,C02501,2024-03-15,Delivered,Credit Card,0.0
O006134,C02041,2023-04-04,returned,Credit Card,60.0
O015940,C05251,2025-03-24,Delivered,Debit Card,0.0
O011342,C03777,2025-08-20,Delivered,UPI,60.0
O006194,C02044,2024-02-13,Delivered,upi,99.0
O005746,C01903,2024-09-19,Returned,upi,40.0
O010471,C03470,2024-08-11,Delivered,upi,60.0
O008151,C02685,2024-11-21,Delivered,upi,0.0
O018051,C05936,2023-08-01,Delivered,Credit Card,40.0
O009835,C03252,2025-09-03,Delivered,upi,99.0
O016889,C05569,2024-09-14,Delivered,upi,40.0
O015755,C05193,2024-01-21,Delivered,upi,0.0
O013522,C04498,2024-08-04,Cancelled,Debit Card,99.0
O004681,C01558,2024-10-06,Returned,COD,0.0
O007572,C02519,2024-08-03,Delivered,Credit Card,0.0
O006476,C02139,2024-05-23,Delivered,Net Banking,0.0
O002601,C00827,2024-06-15,Delivered,COD,0.0
O012515,C04186,2025-02-21,Delivered,Debit Card,60.0
O003858,C01261,2024-05-08,Delivered,Debit Card,0.0
O014664,C04837,2025-03-30,Returned,,0.0
O015842,C05220,2024-09-27,Delivered,Credit Card,0.0
O007598,C02526,2023-03-22,Delivered,upi,0.0
O018018,C05923,2023-11-01,Delivered,COD,99.0
O010041,C03308,2024-06-20,returned,upi,0.0
O003266,C01033,2025-07-06,Delivered,UPI,60.0
O007908,C02596,2023-03-23,Delivered,Credit Card,0.0
O002776,C00876,2023-04-11,Delivered,Debit Card,0.0
O017699,C05835,2025-06-16,Delivered,upi,40.0
O015575,C05141,2025-07-22,Delivered,Credit Card,40.0
O008524,C02820,2025-02-24,Delivered,Net Banking,0.0
O006375,C02104,2024-09-28,Delivered,UPI,60.0
O001750,C00553,2025-09-27,Delivered,upi,0.0
O013706,C04549,2024-06-24,Delivered,upi,0.0
O008401,C02790,2023-03-05,Delivered,upi,99.0
O006642,C02200,2023-12-05,Delivered,upi,99.0
O010785,C03580,2025-08-25,Delivered,Credit Card,60.0
O013570,C04507,2023-10-24,Delivered,COD,0.0
O013333,C04440,2024-11-09,Delivered,Credit Card,0.0
O008605,C02851,2025-07-25,Delivered,upi,60.0
O004073,C01340,2024-08-20,Delivered,upi,0.0
O015968,C05258,2024-10-05,Delivered,Credit Card,0.0
O007808,C02561,2024-12-18,Delivered,Net Banking,40.0
O017244,C05678,2025-08-17,Delivered,Credit Card,60.0
O001986,C00609,2025-07-06,Delivered,Credit Card,40.0
O010960,C03640,2024-02-04,Delivered,Credit Card,40.0
O015035,C04954,2023-12-25,Delivered,upi,40.0
O002491,C00788,2024-12-11,Delivered,upi,40.0
O000406,C00159,2025-07-12,Delivered,Credit Card,99.0
O010864,C03608,2025-09-12,Delivered,upi,0.0
O002096,C00647,2024-11-28,Delivered,COD,0.0
O015381,C05064,2024-02-06,Delivered,COD,60.0
O004669,C01558,2023-10-06,Delivered,COD,99.0
O002020,C00620,2024-05-18,Returned,upi,0.0
O010774,C03577,2025-02-28,Delivered,Debit Card,60.0
O017358,C05722,2025-08-18,delivered,COD,40.0
O002038,C00625,2024-10-04,Delivered,Credit Card,40.0
O005401,C01793,2025-04-15,delivered,COD,0.0
O011231,C03734,2024-10-29,Delivered,COD,40.0
O011807,C03963,2024-10-23,Delivered,COD,40.0
O012670,C04232,2024-10-14,Delivered,upi,0.0
O012349,C04144,2024-07-20,Cancelled,COD,40.0
O000707,C00271,2025-03-02,Delivered,Credit Card,0.0
O004100,C01347,2025-05-30,Cancelled,Credit Card,0.0
O002152,C00674,2025-06-20,Delivered,upi,60.0
O002920,C00915,2024-11-04,Returned,Credit Card,0.0
O002869,C00907,2024-04-07,Delivered,upi,99.0
O008418,C02794,2023-09-29,Returned,Credit Card,0.0
O005617,C01861,2024-05-08,Delivered,Credit Card,0.0
O006788,C02245,2024-07-22,Delivered,Debit Card,60.0
O017644,C05820,2024-11-28,Delivered,upi,99.0
O014479,C04794,2024-01-21,Delivered,COD,40.0
O000234,C00105,2025-06-10,Delivered,Debit Card,0.0
O003397,C01086,2025-01-22,Delivered,Net Banking,99.0
O011605,C03869,2024-07-24,Delivered,Net Banking,0.0
O004200,C01386,2025-04-03,Delivered,Credit Card,0.0
O012087,C04066,2025-03-14,Delivered,upi,0.0
O016256,C05362,2024-05-22,delivered,upi,60.0
O007548,C02516,2025-04-05,Returned,upi,0.0
O011888,C03994,2024-02-04,Delivered,upi,0.0
O002777,C00876,2023-06-01,Delivered,upi,0.0
O011165,C03702,2024-08-23,Delivered,Debit Card,0.0
O017591,C05807,2025-04-27,Delivered,upi,40.0
O002285,C00726,2024-05-07,Delivered,Credit Card,0.0
O006745,C02237,2024-10-19,delivered,upi,60.0
O010128,C03334,2024-10-29,Delivered,Net Banking,40.0
O006702,C02221,2024-11-22,Delivered,COD,0.0
O007362,C02462,2023-12-23,Delivered,upi,40.0
O015146,C04988,2025-08-10,Cancelled,upi,0.0
O013987,C04644,2025-01-05,Delivered,upi,0.0
O016160,C05327,2025-01-10,Delivered,Credit Card,60.0
O000540,C00201,2024-11-07,Delivered,COD,0.0
O017345,C05714,2024-10-07,Delivered,Debit Card,99.0
O006177,C02041,2024-11-18,Delivered,Debit Card,99.0
O011437,C03826,2025-06-11,Delivered,COD,0.0
O012094,C04067,2024-09-17,Delivered,upi,0.0
O015709,C05172,2025-09-12,Delivered,Credit Card,0.0
O013869,C04605,2024-12-20,Delivered,upi,40.0
O013788,C04571,2025-04-05,Returned,upi,99.0
O004054,C01330,2025-05-07,Delivered,upi,99.0
O018062,C05936,2024-07-28,Delivered,Debit Card,40.0
O012712,C04234,2024-09-05,Delivered,Net Banking,40.0
O018189,C05974,2025-02-20,Delivered,upi,40.0
O004408,C01464,2025-02-13,Delivered,upi,40.0
O011439,C03828,2025-02-07,Delivered,COD,60.0
O004798,C01592,2025-03-23,Delivered,upi,99.0
O016326,C05378,2024-08-12,Delivered,Credit Card,99.0
O007040,C02352,2025-07-27,Delivered,upi,40.0
O016658,C05492,2023-06-12,Delivered,Net Banking,40.0
O015515,C05124,2024-02-04,Delivered,upi,99.0
O002933,C00917,2023-07-26,Delivered,upi,60.0
O017739,C05837,2024-11-10,Returned,upi,0.0
O014198,C04716,2023-07-10,Delivered,upi,0.0
O017172,C05661,2023-06-30,Returned,upi,99.0
O013027,C04332,2024-07-19,Delivered,upi,0.0
O013880,C04612,2024-10-21,Returned,UPI,0.0
O016721,C05518,2023-02-15,Returned,Credit Card,60.0
O009922,C03268,2024-05-31,Delivered,COD,0.0
O012161,C04090,2024-04-13,Delivered,Debit Card,0.0
O003983,C01308,2024-11-27,Delivered,upi,0.0
O015132,C04982,2024-01-19,Delivered,COD,60.0
O016283,C05372,2023-11-24,Delivered,upi,60.0
O012662,C04230,2025-04-14,Returned,COD,99.0
O006846,C02265,2024-12-02,Delivered,DEBIT CARD,99.0
O003949,C01300,2024-11-26,Delivered,Net Banking,60.0
O008044,C02645,2023-09-25,Delivered,upi,0.0
O004174,C01379,2025-02-26,Delivered,upi,60.0
O016217,C05346,2025-07-20,Delivered,upi,0.0
O013620,C04524,2024-01-27,Returned,COD,0.0
O006791,C02246,2025-07-10,Delivered,upi,60.0
O015973,C05258,2025-05-26,Delivered,Debit Card,0.0
O005784,C01919,2024-07-26,Delivered,Credit Card,0.0
O012793,C04260,2024-12-02,Delivered,Credit Card,99.0
O001049,C00363,2025-08-23,Delivered,Credit Card,40.0
O004553,C01536,2024-12-09,Cancelled,COD,40.0
O001459,C00464,2024-01-24,Delivered,Debit Card,0.0
O014188,C04713,2024-12-03,Returned,Net Banking,99.0
O013137,C04369,2024-11-28,Delivered,upi,40.0
O004346,C01440,2024-04-03,Delivered,Debit Card,60.0
O009156,C03007,2025-04-23,Delivered,upi,0.0
O010797,C03583,2025-08-09,Delivered,upi,0.0
O010681,C03546,2025-03-26,Returned,Credit Card,60.0
O015785,C05207,2025-01-21,Delivered,Debit Card,40.0
O009882,C03265,2023-10-24,delivered,COD,0.0
O008424,C02794,2024-03-05,Delivered,upi,60.0
O001618,C00507,2024-03-20,Delivered,COD,40.0
O017988,C05911,2025-07-17,Delivered,upi,40.0
O001170,C00394,2024-08-07,Delivered,Debit Card,0.0
O018203,C05981,2024-11-11,Delivered,upi,60.0
O010526,C03496,2024-05-26,Delivered,Credit Card,0.0
O007043,C02354,2023-10-27,Delivered,Net Banking,99.0
O010869,C03611,2023-07-02,Delivered,Credit Card,60.0
O006927,C02299,2024-10-03,Delivered,upi,40.0
O008091,C02659,2025-05-25,Delivered,Net Banking,40.0
O016420,C05408,2025-05-25,Delivered,upi,60.0
O011942,C04010,2024-10-04,Returned,upi,0.0
O011623,C03874,2023-09-05,Delivered,COD,0.0
O012063,C04059,2024-08-25,Delivered,CREDIT CARD,0.0
O001844,C00581,2025-09-22,Delivered,Debit Card,40.0
O003020,C00957,2024-01-13,Delivered,UPI,40.0
O003911,C01286,2024-10-02,Delivered,upi,99.0
O005213,C01735,2024-12-18,Returned,Debit Card,99.0
O001850,C00583,2024-05-10,Returned,Credit Card,40.0
O007868,C02585,2024-04-22,Delivered,Credit Card,0.0
O007110,C02381,2025-07-07,Cancelled,upi,40.0
O014782,C04874,2023-03-19,Returned,upi,0.0
O001547,C00495,2024-06-22,Returned,COD,60.0
O000474,C00182,2024-06-17,Delivered,upi,40.0
O007459,C02492,2024-12-14,Delivered,upi,0.0
O007787,C02554,2025-05-02,Delivered,upi,40.0
O012363,C04150,2023-06-10,Delivered,Net Banking,0.0
O001149,C00391,2025-04-02,delivered,Credit Card,0.0
O011046,C03664,2024-02-12,Delivered,,40.0
O007544,C02516,2025-01-13,delivered,CREDIT CARD,40.0
O002507,C00797,2024-10-12,Returned,Credit Card,60.0
O008378,C02782,2023-10-26,Returned,upi,0.0
O011809,C03964,2024-03-08,Delivered,upi,0.0
O004705,C01564,2024-05-16,delivered,Debit Card,0.0
O008272,C02738,2023-06-14,Returned,COD,0.0
O011761,C03940,2023-07-11,Delivered,Debit Card,40.0
O013512,C04496,2024-03-23,Delivered,upi,60.0
O012598,C04215,2024-02-18,Delivered,Credit Card,40.0
O003600,C01166,2025-05-15,Delivered,COD,40.0
O010916,C03624,2023-11-08,Returned,upi,99.0
O004143,C01361,2024-07-19,Returned,upi,60.0
O007399,C02473,2024-03-14,Delivered,Debit Card,40.0
O013651,C04533,2024-10-25,Delivered,COD,40.0
O016058,C05280,2024-11-24,Delivered,Credit Card,99.0
O012067,C04059,2025-07-05,Delivered,CREDIT CARD,40.0
O002885,C00908,2023-07-21,Delivered,upi,40.0
O010971,C03640,2025-08-25,Delivered,Debit Card,60.0
O011693,C03907,2024-03-03,Delivered,upi,60.0
O005610,C01857,2024-11-24,Delivered,upi,60.0
O000241,C00109,2025-02-02,Delivered,upi,99.0
O002936,C00917,2024-03-04,Delivered,COD,99.0
O007126,C02386,2025-07-16,Delivered,Debit Card,40.0
O016353,C05393,2025-09-04,Cancelled,upi,40.0
O003439,C01101,2024-02-26,Delivered,Net Banking,60.0
O009986,C03292,2025-03-26,Delivered,upi,60.0
O004297,C01419,2025-09-14,Delivered,Credit Card,99.0
O008431,C02794,2024-12-02,Delivered,upi,60.0
O011281,C03758,2024-12-10,delivered,upi,40.0
O017461,C05757,2024-10-04,Delivered,upi,99.0
O011164,C03702,2024-08-10,Delivered,,0.0
O017416,C05740,2023-12-18,Delivered,Net Banking,0.0
O015234,C05017,2024-12-08,Delivered,CREDIT CARD,40.0
O007084,C02373,2024-08-21,Delivered,Debit Card,0.0
O001797,C00569,2025-09-27,Delivered,Net Banking,99.0
O000764,C00291,2023-12-15,Delivered,upi,40.0
O009908,C03265,2025-02-05,Delivered,upi,40.0
O014764,C04867,2024-12-26,Delivered,upi,40.0
O004942,C01646,2024-11-09,Delivered,,0.0
O008828,C02923,2023-10-22,Delivered,Debit Card,0.0
O007434,C02478,2025-01-07,Delivered,upi,60.0
O007822,C02566,2025-01-14,Delivered,upi,0.0
O008844,C02926,2023-11-12,Delivered,Credit Card,0.0
O001374,C00429,2025-04-02,Cancelled,Credit Card,60.0
O000782,C00299,2025-07-19,Delivered,COD,0.0
O007046,C02355,2024-05-18,Delivered,Credit Card,99.0
O005038,C01680,2024-11-14,Delivered,upi,0.0
O006717,C02228,2024-10-25,Delivered,upi,0.0
O005643,C01870,2025-07-04,Delivered,Credit Card,60.0
O003715,C01214,2025-05-24,Delivered,upi,0.0
O001806,C00574,2024-12-13,Delivered,upi,60.0
O006163,C02041,2024-04-29,Delivered,Net Banking,99.0
O012425,C04164,2023-10-18,Delivered,COD,40.0
O011335,C03775,2025-01-16,Delivered,Credit Card,0.0
O016095,C05295,2023-03-27,Delivered,COD,0.0
O006253,C02053,2025-05-01,Delivered,Credit Card,40.0
O007221,C02409,2025-05-10,Delivered,upi,0.0
O004629,C01544,2023-10-26,Delivered,upi,0.0
O017636,C05819,2024-07-04,Delivered,upi,99.0
O016806,C05544,2023-08-24,Delivered,Debit Card,0.0
O004142,C01360,2024-12-16,Delivered,COD,40.0
O005807,C01930,2025-05-06,Delivered,upi,40.0
O003848,C01257,2025-08-06,Delivered,Net Banking,99.0
O015254,C05025,2025-05-09,Returned,upi,99.0
O007042,C02354,2023-02-02,Delivered,upi,99.0
O007477,C02498,2024-06-23,Returned,upi,60.0
O009655,C03163,2024-08-03,Delivered,COD,99.0
O009906,C03265,2025-01-29,delivered,upi,40.0
O011927,C04008,2024-07-04,Delivered,upi,40.0
O014419,C04773,2025-04-08,Delivered,upi,40.0
O017765,C05844,2023-12-23,Delivered,Credit Card,0.0
O014313,C04733,2025-01-18,Delivered,upi,0.0
O012796,C04261,2025-01-05,Delivered,Credit Card,0.0
O017346,C05715,2025-04-18,Delivered,UPI,0.0
O016305,C05372,2025-02-07,Delivered,Debit Card,0.0
O014087,C04675,2024-11-11,Delivered,COD,0.0
O017290,C05702,2024-06-15,Delivered,COD,40.0
O008789,C02910,2025-01-01,Delivered,Net Banking,40.0
O012566,C04199,2025-09-15,delivered,upi,0.0
O017411,C05738,2023-08-19,Cancelled,Debit Card,0.0
O008949,C02944,2025-09-09,Delivered,Credit Card,40.0
O000436,C00172,2023-09-13,Returned,UPI,40.0
O011709,C03916,2023-12-12,Delivered,Credit Card,99.0
O005717,C01894,2024-08-19,delivered,upi,99.0
O002033,C00624,2024-06-19,Returned,upi,99.0
O013627,C04525,2024-10-07,Delivered,COD,60.0
O002665,C00838,2023-07-27,Returned,Debit Card,0.0
O016024,C05267,2024-03-14,Delivered,upi,0.0
O000149,C00078,2023-03-19,Delivered,UPI,99.0
O003590,C01164,2025-03-02,Delivered,upi,0.0
O017230,C05672,2023-04-03,Delivered,COD,99.0
O016674,C05498,2024-03-05,Delivered,upi,0.0
O003886,C01273,2024-06-03,Delivered,upi,0.0
O005509,C01826,2024-08-15,Returned,upi,60.0
O004065,C01337,2025-03-17,Delivered,upi,0.0
O010586,C03514,2024-06-08,Delivered,Credit Card,99.0
O010757,C03577,2024-02-16,Delivered,Credit Card,99.0
O015729,C05177,2024-09-19,Delivered,Credit Card,0.0
O001761,C00559,2023-03-01,Delivered,upi,0.0
O011603,C03867,2025-01-26,Delivered,Debit Card,40.0
O013372,C04452,2024-02-14,Returned,upi,99.0
O013380,C04454,2024-08-19,Delivered,Credit Card,40.0
O014395,C04764,2024-11-13,Delivered,upi,99.0
O004007,C01315,2025-05-02,Delivered,COD,99.0
O016107,C05301,2025-06-25,Delivered,COD,99.0
O011296,C03762,2025-07-01,Delivered,Debit Card,0.0
O009567,C03136,2024-10-04,Delivered,upi,0.0
O017070,C05614,2024-01-23,Delivered,upi,60.0
O010299,C03412,2024-08-20,Delivered,Debit Card,40.0
O009711,C03191,2025-02-04,Delivered,upi,0.0
O005510,C01827,2024-06-13,Delivered,COD,0.0
O002914,C00911,2024-11-25,delivered,Debit Card,60.0
O014458,C04788,2023-09-10,Delivered,COD,60.0
O008088,C02659,2025-04-16,Delivered,Credit Card,60.0
O018099,C05939,2024-12-15,Delivered,DEBIT CARD,0.0
O016574,C05463,2025-05-21,Delivered,Credit Card,60.0
O008489,C02811,2024-10-04,Delivered,upi,99.0
O009452,C03102,2024-04-29,Delivered,upi,40.0
O012229,C04122,2023-12-05,Delivered,Debit Card,99.0
O016600,C05473,2024-11-03,Delivered,Credit Card,40.0
O017999,C05919,2023-05-08,Delivered,upi,0.0
O015091,C04968,2023-12-29,Delivered,upi,99.0
O002142,C00668,2024-12-09,delivered,Credit Card,40.0
O011928,C04008,2024-07-18,Delivered,Credit Card,60.0
O006409,C02115,2024-07-02,Returned,Net Banking,99.0
O011430,C03823,2024-12-06,delivered,upi,0.0
O015111,C04977,2023-05-16,Delivered,COD,0.0
O010269,C03403,2025-06-02,Delivered,Credit Card,99.0
O002611,C00828,2025-03-26,Delivered,upi,0.0
O009302,C03047,2025-07-30,Delivered,Net Banking,0.0
O003846,C01256,2023-12-13,Delivered,upi,0.0
O003822,C01250,2024-05-19,Returned,COD,99.0
O001857,C00586,2025-02-06,Delivered,upi,99.0
O006085,C02023,2024-08-22,Delivered,Credit Card,0.0
O005464,C01814,2025-08-03,Delivered,upi,0.0
O005989,C01991,2024-06-21,Delivered,upi,60.0
O008189,C02698,2025-08-12,Delivered,upi,60.0
O003830,C01254,2023-11-02,Delivered,Credit Card,0.0
O002974,C00932,2024-06-12,Delivered,COD,99.0
O000963,C00343,2024-06-01,Returned,Credit Card,0.0
O013618,C04523,2025-05-08,Delivered,upi,0.0
O005378,C01784,2025-05-24,Delivered,upi,99.0
O016598,C05473,2024-06-25,Delivered,upi,99.0
O015507,C05121,2023-04-10,Delivered,Credit Card,0.0
O013757,C04567,2023-11-19,Returned,Net Banking,40.0
O013470,C04484,2024-05-12,Delivered,upi,60.0
O009861,C03257,2025-06-25,Delivered,COD,60.0
O013426,C04471,2024-08-30,Delivered,Debit Card,0.0
O016967,C05593,2023-11-17,Cancelled,NET BANKING,40.0
O009547,C03124,2024-07-17,Delivered,upi,60.0
O017599,C05809,2025-01-11,Delivered,Debit Card,0.0
O014096,C04682,2025-02-13,Delivered,Net Banking,99.0
O002349,C00753,2023-11-26,Delivered,upi,0.0
O011559,C03863,2023-10-19,Delivered,upi,0.0
O006690,C02217,2025-03-10,Delivered,Net Banking,99.0
O016559,C05457,2025-07-01,Delivered,upi,99.0
O016499,C05427,2025-04-06,Delivered,Net Banking,99.0
O001179,C00394,2025-02-17,delivered,upi,0.0
O014008,C04650,2024-07-24,Delivered,COD,0.0
O014145,C04700,2025-04-03,Delivered,Net Banking,60.0
O016774,C05534,2025-03-22,Delivered,Credit Card,40.0
O013387,C04459,2023-12-24,Delivered,upi,99.0
O016631,C05488,2024-03-05,Delivered,upi,0.0
O003329,C01059,2025-09-04,Delivered,Credit Card,60.0
O008639,C02863,2024-01-08,Cancelled,COD,0.0
O011964,C04023,2024-08-19,Delivered,Debit Card,40.0
O006304,C02069,2024-06-13,Returned,upi,99.0
O007947,C02612,2024-03-22,Delivered,upi,99.0
O008793,C02910,2025-03-30,Delivered,COD,0.0
O009770,C03223,2025-06-23,Delivered,COD,60.0
O001161,C00394,2024-04-04,Delivered,upi,0.0
O006368,C02100,2024-12-03,Delivered,,99.0
O015726,C05175,2025-07-17,Returned,Debit Card,99.0
O001007,C00358,2024-12-12,Delivered,upi,0.0
O010796,C03583,2025-04-23,Delivered,upi,60.0
O017019,C05605,2024-04-15,Delivered,Credit Card,40.0
O009306,C03050,2023-07-19,delivered,Credit Card,99.0
O003926,C01292,2025-03-20,Delivered,Debit Card,40.0
O000060,C00029,2025-06-29,Returned,Net Banking,60.0
O013157,C04379,2023-12-28,delivered,upi,40.0
O009349,C03071,2024-01-17,Delivered,COD,0.0
O012906,C04296,2025-07-07,Delivered,COD,0.0
O006546,C02165,2024-09-20,Delivered,Net Banking,0.0
O018198,C05980,2023-09-02,Delivered,upi,40.0
O000946,C00338,2023-10-06,Delivered,Credit Card,40.0
O007782,C02554,2024-09-28,Delivered,Debit Card,0.0
O002178,C00692,2024-12-14,Delivered,Debit Card,60.0
O001430,C00455,2025-02-01,Returned,upi,0.0
O014011,C04650,2025-07-24,Delivered,upi,99.0
O006653,C02204,2023-09-20,Delivered,upi,0.0
O008665,C02873,2025-09-22,Delivered,COD,0.0
O016187,C05334,2024-10-15,Delivered,COD,60.0
O003692,C01207,2024-08-24,Delivered,Credit Card,99.0
O015071,C04961,2024-07-02,Delivered,Net Banking,60.0
O005969,C01981,2025-01-18,Delivered,upi,60.0
O000003,C00003,2025-08-25,delivered,Credit Card,0.0
O007691,C02544,2025-08-23,Delivered,UPI,40.0
O000724,C00276,2023-03-15,Cancelled,Credit Card,0.0
O006053,C02010,2024-11-22,Delivered,upi,0.0
O013485,C04491,2024-03-28,Delivered,Debit Card,60.0
O012438,C04166,2024-04-01,Returned,Debit Card,0.0
O003506,C01124,2024-09-02,Delivered,Debit Card,0.0
O011597,C03866,2025-06-15,Delivered,Net Banking,0.0
O001914,C00592,2025-04-02,Delivered,upi,99.0
O014137,C04698,2024-10-26,Delivered,upi,60.0
O004406,C01463,2023-05-14,Delivered,upi,99.0
O002417,C00773,2024-04-10,Delivered,upi,60.0
O006295,C02064,2025-03-26,Delivered,upi,0.0
O011265,C03751,2024-02-21,Delivered,Credit Card,40.0
O004672,C01558,2024-02-23,Delivered,Credit Card,99.0
O017429,C05745,2024-05-10,Delivered,Credit Card,0.0
O007149,C02387,2024-05-13,Delivered,Credit Card,40.0
O011864,C03983,2024-02-04,Delivered,Credit Card,0.0
O003543,C01140,2024-07-21,Delivered,upi,0.0
O011343,C03778,2025-04-27,Cancelled,Debit Card,0.0
O006065,C02016,2025-05-21,Delivered,upi,99.0
O003119,C00986,2025-02-07,Delivered,upi,0.0
O006369,C02101,2024-08-25,Delivered,COD,60.0
O004021,C01324,2023-11-14,Delivered,COD,60.0
O008103,C02664,2023-06-15,Delivered,Credit Card,99.0
O000465,C00181,2024-04-23,Delivered,upi,0.0
O005943,C01970,2025-07-28,Delivered,upi,0.0
O012259,C04123,2024-08-27,Delivered,upi,0.0
O001902,C00592,2024-05-30,Returned,upi,0.0
O013639,C04528,2023-11-22,Delivered,Debit Card,0.0
O012057,C04059,2023-04-29,Delivered,COD,60.0
O010360,C03438,2025-05-18,Delivered,Debit Card,0.0
O013599,C04517,2024-09-06,Delivered,COD,99.0
O008548,C02832,2023-10-22,delivered,COD,0.0
O015186,C05005,2025-05-11,Delivered,Credit Card,60.0
O014171,C04710,2024-03-31,Delivered,upi,0.0
O000585,C00212,2023-11-24,delivered,Credit Card,60.0
O005993,C01995,2024-10-14,Delivered,upi,40.0
O007226,C02410,2023-12-03,Delivered,Credit Card,0.0
O003089,C00984,2024-10-05,Delivered,upi,0.0
O007006,C02338,2025-06-02,Delivered,upi,60.0
O018150,C05961,2025-03-30,Delivered,upi,99.0
O009546,C03124,2024-02-20,Delivered,upi,0.0
O006991,C02333,2024-07-05,Delivered,Credit Card,99.0
O013292,C04425,2025-04-12,Delivered,COD,0.0
O010628,C03532,2024-09-05,Returned,NET BANKING,40.0
O016649,C05489,2025-04-07,Delivered,Credit Card,60.0
O007771,C02553,2025-09-16,Delivered,upi,99.0
O006767,C02243,2024-03-10,Returned,Net Banking,60.0
O008899,C02934,2024-10-21,delivered,Credit Card,60.0
O017749,C05837,2025-06-07,Delivered,upi,60.0
O008561,C02835,2023-01-22,Delivered,upi,60.0
O006192,C02044,2023-12-11,Delivered,upi,99.0
O012962,C04312,2025-08-02,Delivered,Credit Card,40.0
O004085,C01344,2024-09-28,Delivered,COD,60.0
O006641,C02199,2024-03-23,Delivered,upi,40.0
O008322,C02760,2025-04-16,Delivered,Debit Card,99.0
O002667,C00840,2023-09-21,Delivered,Debit Card,99.0
O001884,C00589,2025-05-16,Delivered,Net Banking,99.0
O010134,C03338,2023-12-30,Delivered,CREDIT CARD,0.0
O009227,C03026,2024-06-06,Delivered,,99.0
O003645,C01189,2025-02-20,Delivered,Credit Card,99.0
O002269,C00719,2023-12-03,Delivered,upi,60.0
O008356,C02771,2025-08-10,Delivered,upi,99.0
O011938,C04010,2024-01-03,Delivered,upi,0.0
O011147,C03695,2024-07-23,Delivered,upi,60.0
O003832,C01254,2023-12-17,Delivered,COD,99.0
O009031,C02964,2025-05-20,Delivered,upi,0.0
O014842,C04891,2025-02-25,Delivered,Net Banking,40.0
O010149,C03344,2025-08-09,Delivered,Debit Card,40.0
O002330,C00747,2024-08-23,Delivered,upi,40.0
O001224,C00400,2025-06-30,Delivered,Net Banking,0.0
O017603,C05811,2024-08-06,Delivered,upi,99.0
O001729,C00550,2024-04-17,Delivered,Credit Card,99.0
O015607,C05155,2024-02-19,Delivered,,40.0
O013474,C04488,2024-01-15,Delivered,,0.0
O000617,C00228,2025-05-23,Delivered,upi,40.0
O017693,C05835,2025-01-08,Delivered,COD,40.0
O000009,C00004,2024-11-25,Delivered,Debit Card,99.0
O008809,C02916,2024-05-21,Returned,Credit Card,0.0
O004191,C01385,2023-11-17,Delivered,upi,0.0
O006924,C02297,2025-02-08,Delivered,upi,0.0
O008584,C02845,2023-08-25,Delivered,COD,40.0
O000034,C00020,2023-05-14,Delivered,Debit Card,0.0
O003324,C01056,2024-05-18,Returned,Credit Card,0.0
O003567,C01150,2025-06-29,delivered,COD,0.0
O009263,C03034,2025-07-20,Delivered,Debit Card,40.0
O007167,C02387,2025-07-28,Delivered,Credit Card,0.0
O015373,C05062,2025-02-01,Delivered,Debit Card,40.0
O008170,C02694,2023-01-01,Delivered,upi,99.0
O000700,C00265,2025-02-26,Delivered,Debit Card,99.0
O001802,C00573,2023-11-15,Delivered,Credit Card,99.0
O008439,C02794,2025-03-05,Delivered,Credit Card,0.0
O000630,C00234,2025-04-18,Delivered,COD,60.0
O012191,C04108,2025-09-28,Delivered,upi,99.0
O003306,C01050,2024-12-01,Delivered,upi,0.0
O010967,C03640,2024-08-20,Delivered,upi,60.0
O007403,C02473,2024-06-27,Delivered,Credit Card,40.0
O005980,C01986,2024-11-10,Delivered,Debit Card,99.0
O006521,C02156,2025-08-19,Delivered,Credit Card,99.0
O011175,C03709,2024-10-15,Delivered,Debit Card,60.0
O004779,C01588,2024-11-09,Delivered,COD,60.0
O010327,C03420,2025-05-23,Delivered,COD,0.0
O005099,C01696,2025-05-01,Delivered,Credit Card,60.0
O003900,C01278,2024-09-10,Delivered,upi,0.0
O006020,C01998,2025-06-07,Delivered,upi,60.0
O016954,C05588,2024-11-20,Returned,upi,40.0
O013806,C04577,2024-06-04,Delivered,upi,99.0
O005299,C01758,2023-07-31,Delivered,upi,0.0
O004008,C01315,2025-08-22,Delivered,upi,0.0
O018215,C05986,2024-04-14,Delivered,upi,60.0
O008200,C02704,2024-12-18,Delivered,upi,0.0
O013009,C04329,2023-02-07,Delivered,upi,40.0
O006019,C01998,2025-01-06,Delivered,,99.0
O007402,C02473,2024-05-13,Delivered,Credit Card,0.0
O008866,C02926,2025-01-07,Delivered,COD,40.0
O013654,C04533,2024-12-06,Delivered,upi,0.0
O016019,C05267,2023-07-19,Delivered,Credit Card,60.0
O008611,C02853,2025-07-11,Delivered,Debit Card,60.0
O008614,C02854,2024-07-12,Delivered,upi,99.0
O007265,C02427,2024-02-15,delivered,upi,40.0
O003888,C01273,2024-12-19,Cancelled,UPI,40.0
O014505,C04796,2025-05-20,Delivered,COD,99.0
O004263,C01413,2023-12-19,Delivered,Debit Card,60.0
O009093,C02991,2024-11-04,Delivered,,0.0
O014307,C04730,2025-04-04,Delivered,Debit Card,0.0
O003736,C01226,2024-11-02,Delivered,Debit Card,40.0
O013971,C04644,2023-10-20,Delivered,COD,0.0
O017480,C05764,2023-09-11,Delivered,upi,0.0
O011679,C03899,2025-04-20,Returned,Debit Card,99.0
O004110,C01349,2024-06-15,Delivered,COD,0.0
O016084,C05291,2024-07-12,Delivered,upi,0.0
O002696,C00852,2025-03-12,Delivered,upi,0.0
O014723,C04857,2024-06-07,Delivered,upi,0.0
O010224,C03381,2025-05-15,Cancelled,Credit Card,40.0
O014637,C04825,2023-07-06,Delivered,upi,0.0
O000750,C00284,2025-05-15,Delivered,upi,40.0
O017640,C05819,2025-03-13,Cancelled,upi,60.0
O009075,C02986,2023-11-09,Delivered,upi,0.0
O001405,C00444,2024-02-20,Delivered,Credit Card,0.0
O006026,C02001,2025-04-20,Delivered,Credit Card,0.0
O017367,C05729,2023-01-09,Delivered,upi,60.0
O005103,C01697,2024-03-24,Delivered,COD,0.0
O002742,C00871,2024-09-14,Delivered,upi,0.0
O000967,C00345,2025-03-18,Delivered,Net Banking,40.0
O005584,C01844,2024-11-03,Delivered,UPI,60.0
O010208,C03371,2025-07-20,Delivered,upi,0.0
O002478,C00783,2025-05-06,Delivered,Credit Card,40.0
O016642,C05489,2024-06-13,Delivered,Credit Card,60.0
O011222,C03731,2025-04-07,Returned,Credit Card,0.0
O017048,C05610,2024-10-03,Delivered,upi,99.0
O016656,C05491,2024-10-22,delivered,upi,0.0
O010103,C03329,2024-09-24,Delivered,COD,99.0
O005325,C01770,2024-11-06,Delivered,Credit Card,40.0
O013724,C04553,2024-02-06,Delivered,Credit Card,99.0
O013496,C04494,2023-08-02,Delivered,COD,0.0
O001450,C00462,2025-06-15,Delivered,upi,60.0
O010447,C03460,2023-09-15,Delivered,upi,0.0
O011189,C03719,2023-12-29,Cancelled,upi,40.0
O002755,C00873,2024-03-19,Delivered,Net Banking,99.0
O014681,C04843,2023-02-21,Delivered,Credit Card,40.0
O016776,C05535,2025-02-01,Returned,Credit Card,0.0
O005305,C01761,2024-11-15,Delivered,Debit Card,60.0
O018235,C05988,2025-08-17,Delivered,DEBIT CARD,99.0
O016628,C05487,2025-09-19,Delivered,upi,60.0
O015019,C04945,2024-08-16,Delivered,upi,99.0
O016010,C05263,2024-06-08,Cancelled,upi,0.0
O017213,C05667,2025-03-03,Delivered,Net Banking,0.0
O012570,C04203,2025-09-23,Delivered,COD,40.0
O003451,C01101,2024-10-21,Delivered,Credit Card,40.0
O003458,C01101,2025-04-20,Delivered,upi,40.0
O016960,C05591,2023-12-29,Delivered,upi,60.0
O008989,C02959,2024-02-19,Delivered,COD,99.0
O014434,C04778,2024-06-26,Delivered,Net Banking,0.0
O017337,C05711,2025-09-26,Returned,UPI,0.0
O003671,C01201,2024-07-29,Delivered,Debit Card,40.0
O002060,C00630,2025-07-23,Delivered,CREDIT CARD,99.0
O014768,C04867,2025-05-10,Delivered,Debit Card,99.0
O005470,C01815,2024-11-09,Delivered,Debit Card,0.0
O012483,C04176,2024-06-17,Delivered,Credit Card,99.0
O003853,C01260,2025-05-29,Delivered,upi,40.0
O000583,C00211,2025-07-05,Delivered,Credit Card,40.0
O017706,C05835,2025-09-19,Delivered,Credit Card,40.0
O008656,C02868,2025-01-25,Delivered,upi,40.0
O010387,C03446,2025-01-06,Delivered,UPI,0.0
O016152,C05322,2025-01-03,Delivered,upi,99.0
O010875,C03613,2025-09-19,Delivered,Debit Card,0.0
O003495,C01119,2023-10-24,Delivered,COD,60.0
O002662,C00835,2024-10-08,Delivered,Debit Card,0.0
O013813,C04577,2024-10-23,Returned,COD,0.0
O008643,C02864,2023-07-22,Delivered,upi,0.0
O004560,C01538,2025-01-11,Delivered,upi,99.0
O010729,C03564,2025-08-02,Delivered,upi,99.0
O008842,C02926,2023-08-29,Delivered,upi,60.0
O001332,C00427,2024-06-24,Delivered,upi,0.0
O011307,C03767,2024-11-13,Delivered,Credit Card,40.0
O011818,C03967,2024-09-03,Cancelled,upi,0.0
O005704,C01887,2025-03-06,Delivered,upi,0.0
O018258,C06000,2024-07-06,Cancelled,upi,99.0
O001452,C00464,2023-09-20,Delivered,Net Banking,60.0
O011271,C03752,2024-10-05,Delivered,Debit Card,99.0
O001000,C00357,2025-07-31,Delivered,Net Banking,0.0
O011173,C03707,2025-08-24,Delivered,COD,60.0
O011154,C03697,2024-06-26,Delivered,COD,60.0
O017818,C05864,2024-01-03,Delivered,upi,60.0
O007375,C02465,2025-08-08,Delivered,COD,0.0
O016180,C05333,2024-05-16,Delivered,upi,0.0
O017586,C05803,2025-04-06,Delivered,upi,0.0
O004083,C01342,2025-05-01,Delivered,upi,40.0
O006916,C02295,2025-05-15,Delivered,Credit Card,0.0
O015242,C05022,2025-08-16,Delivered,upi,0.0
O016423,C05410,2025-03-30,Delivered,UPI,40.0
O014529,C04806,2024-01-09,Delivered,Debit Card,60.0
O006235,C02047,2025-02-15,Delivered,Debit Card,0.0
O009985,C03292,2024-11-26,Delivered,Credit Card,60.0
O012466,C04170,2025-08-15,Delivered,COD,60.0
O003042,C00965,2024-09-01,Delivered,COD,40.0
O012543,C04195,2023-12-23,Delivered,Net Banking,0.0
O011062,C03664,2025-04-08,Delivered,upi,0.0
O007488,C02503,2024-05-13,Delivered,Debit Card,99.0
O006640,C02198,2025-08-30,Delivered,Credit Card,40.0
O004873,C01630,2024-05-06,Delivered,Net Banking,60.0
O016953,C05588,2024-05-28,Returned,upi,99.0
O012593,C04214,2025-03-02,Delivered,Net Banking,40.0
O004767,C01583,2024-03-28,Returned,Debit Card,0.0
O012233,C04122,2024-05-14,Delivered,Net Banking,99.0
O008034,C02641,2023-10-16,Delivered,upi,0.0
O015530,C05125,2025-09-12,Delivered,upi,0.0
O012189,C04107,2025-05-23,Delivered,upi,0.0
O008300,C02753,2023-05-13,Delivered,Credit Card,60.0
O001470,C00464,2024-10-25,Delivered,upi,0.0
O008602,C02851,2025-03-29,Delivered,Credit Card,0.0
O006715,C02227,2023-08-23,Delivered,upi,0.0
O011797,C03960,2024-03-29,Delivered,Debit Card,0.0
O006603,C02184,2025-07-15,Delivered,Debit Card,60.0
O010045,C03308,2025-05-16,Delivered,upi,99.0
O013911,C04623,2025-07-20,Delivered,NET BANKING,0.0
O006154,C02041,2024-01-18,Delivered,upi,0.0
O003876,C01270,2025-09-02,Delivered,Debit Card,40.0
O013580,C04511,2023-07-17,Returned,upi,0.0
O003798,C01243,2024-05-11,Delivered,Credit Card,0.0
O013328,C04437,2025-04-15,Returned,upi,0.0
O006041,C02006,2023-07-20,Delivered,Net Banking,99.0
O004684,C01558,2025-02-12,Delivered,Net Banking,0.0
O006950,C02315,2024-08-04,Delivered,Debit Card,40.0
O008397,C02789,2024-05-23,Cancelled,Debit Card,0.0
O015359,C05058,2024-10-20,Returned,Debit Card,0.0
O007615,C02526,2024-06-15,delivered,Credit Card,0.0
O001807,C00575,2024-01-19,Delivered,Credit Card,99.0
O000850,C00319,2023-10-17,Delivered,Debit Card,0.0
O006806,C02249,2025-08-14,Delivered,upi,99.0
O011865,C03984,2025-03-20,Delivered,upi,0.0
O004755,C01580,2025-03-28,delivered,Debit Card,60.0
O010077,C03317,2023-10-29,Delivered,COD,0.0
O014677,C04841,2024-10-07,Delivered,upi,40.0
O014881,C04900,2024-08-24,Delivered,COD,0.0
O006881,C02275,2025-05-10,Delivered,upi,0.0
O017976,C05905,2025-03-03,Delivered,upi,0.0
O015659,C05163,2023-09-20,Returned,upi,0.0
O012923,C04297,2025-02-11,Delivered,upi,60.0
O000204,C00101,2023-12-11,Delivered,Credit Card,0.0
O005903,C01952,2025-05-24,Delivered,UPI,40.0
O002115,C00659,2024-03-29,Delivered,upi,40.0
O016771,C05534,2024-08-20,Delivered,upi,99.0
O015449,C05097,2023-10-29,Delivered,Debit Card,60.0
O001284,C00418,2025-06-12,Delivered,Debit Card,99.0
O012563,C04198,2025-01-27,Delivered,upi,99.0
O011548,C03861,2025-08-15,Delivered,upi,40.0
O014799,C04880,2023-10-02,Delivered,upi,99.0
O013920,C04627,2025-06-27,Delivered,COD,0.0
O000812,C00306,2025-05-11,Delivered,COD,0.0
O008433,C02794,2025-01-01,Delivered,COD,99.0
O002170,C00686,2024-05-29,Delivered,Credit Card,60.0
O000689,C00256,2024-11-18,Delivered,COD,0.0
O002522,C00802,2024-02-04,Delivered,Debit Card,0.0
O014667,C04839,2023-08-27,Delivered,upi,0.0
O013986,C04644,2024-12-05,Delivered,Credit Card,0.0
O000825,C00311,2025-06-29,Delivered,upi,60.0
O003925,C01292,2024-05-04,Delivered,Debit Card,0.0
O004272,C01418,2023-09-11,Delivered,Credit Card,60.0
O008949,C02944,2025-09-09,Delivered,Credit Card,40.0
O014474,C04794,2023-07-15,Delivered,COD,60.0
O011078,C03668,2023-10-07,Delivered,COD,0.0
O017112,C05632,2025-04-07,Delivered,upi,0.0
O001874,C00588,2024-06-03,Delivered,Credit Card,0.0
O002287,C00726,2024-09-06,Delivered,Net Banking,60.0
O001500,C00476,2023-12-18,Delivered,COD,40.0
O007547,C02516,2025-03-28,Delivered,Net Banking,0.0
O010710,C03557,2024-01-10,Delivered,upi,60.0
O005150,C01708,2024-09-10,Delivered,UPI,99.0
O007575,C02519,2025-01-31,Delivered,upi,0.0
O004039,C01328,2024-11-03,Delivered,COD,0.0
O012527,C04188,2024-09-26,Delivered,,0.0
O000624,C00231,2025-06-05,Delivered,,0.0
O009666,C03167,2025-08-22,Delivered,Debit Card,0.0
O002403,C00767,2025-07-09,Delivered,Net Banking,0.0
O016707,C05513,2025-03-26,Delivered,UPI,99.0
O009697,C03187,2023-04-04,Delivered,COD,0.0
O008928,C02936,2024-08-03,Delivered,Credit Card,0.0
O009318,C03058,2025-05-08,Returned,Debit Card,0.0
O003314,C01052,2024-02-10,Delivered,Net Banking,60.0
O004243,C01400,2025-08-09,Delivered,Debit Card,40.0
O017641,C05820,2024-10-24,Returned,Debit Card,40.0
O017618,C05814,2025-07-14,Delivered,upi,60.0
O010272,C03406,2023-10-21,Delivered,upi,99.0
O009083,C02990,2024-01-09,Delivered,COD,0.0
O016764,C05534,2023-10-16,Delivered,Net Banking,60.0
O005935,C01968,2023-11-20,delivered,Credit Card,0.0
O016733,C05520,2025-02-23,Delivered,upi,0.0
O016587,C05468,2025-02-21,Delivered,upi,0.0
O007271,C02427,2025-01-14,Delivered,Debit Card,60.0
O003824,C01252,2025-01-17,Delivered,COD,40.0
O016012,C05263,2024-07-25,Delivered,Net Banking,60.0
O013616,C04523,2024-10-11,Delivered,Net Banking,0.0
O017133,C05645,2025-08-27,Delivered,COD,99.0
O002977,C00932,2025-06-18,Delivered,Debit Card,40.0
O005620,C01861,2025-04-04,Delivered,Net Banking,99.0
O017569,C05795,2024-03-10,Delivered,Debit Card,40.0
O008068,C02654,2024-12-22,Delivered,upi,0.0
O006738,C02237,2023-06-29,Delivered,upi,60.0
O000210,C00105,2023-05-13,Delivered,upi,40.0
O006892,C02282,2024-06-11,Delivered,COD,0.0
O013517,C04496,2025-06-24,Delivered,Credit Card,60.0
O001862,C00587,2024-05-02,Delivered,Credit Card,60.0
O008371,C02776,2023-12-13,Delivered,upi,60.0
O000879,C00327,2024-11-01,Delivered,upi,0.0
O002079,C00637,2025-09-10,Delivered,COD,60.0
O001725,C00550,2023-06-09,Delivered,upi,60.0
O015836,C05220,2024-04-04,Delivered,upi,40.0
O001260,C00412,2023-11-08,Delivered,COD,0.0
O004878,C01630,2024-11-27,Delivered,upi,99.0
O011814,C03966,2024-12-22,Delivered,COD,99.0
O012374,C04153,2025-06-17,Delivered,upi,0.0
O008693,C02875,2025-07-19,Delivered,upi,60.0
O008626,C02861,2025-08-11,Delivered,upi,0.0
O000117,C00063,2024-06-27,Delivered,Debit Card,60.0
O012992,C04326,2023-12-16,Cancelled,upi,60.0
O002381,C00761,2024-05-09,Delivered,Credit Card,99.0
O001278,C00418,2025-01-27,Delivered,Credit Card,60.0
O010804,C03585,2024-02-04,Delivered,COD,60.0
O013425,C04471,2024-07-19,Delivered,NET BANKING,40.0
O014282,C04721,2025-08-11,Delivered,upi,40.0
O001148,C00391,2025-03-23,Delivered,COD,0.0
O005672,C01882,2024-12-26,Returned,upi,60.0
O013753,C04566,2025-01-13,Delivered,COD,60.0
O010474,C03470,2025-09-23,Delivered,COD,99.0
O013919,C04627,2025-04-11,Delivered,Debit Card,40.0
O010201,C03366,2025-02-13,Delivered,Debit Card,0.0
O015408,C05076,2024-03-29,Returned,upi,40.0
O014426,C04775,2023-10-14,Delivered,Debit Card,60.0
O006826,C02261,2023-05-23,Delivered,upi,40.0
O015681,C05168,2025-01-19,Delivered,COD,0.0
O008455,C02800,2023-04-26,Delivered,upi,40.0
O012890,C04291,2025-02-02,Delivered,Credit Card,40.0
O006813,C02254,2024-11-17,Delivered,Debit Card,60.0
O009290,C03045,2024-06-11,Delivered,Credit Card,0.0
O000154,C00081,2024-11-20,Delivered,Net Banking,40.0
O015622,C05159,2023-08-07,Delivered,Credit Card,0.0
O012029,C04046,2024-11-05,Delivered,Credit Card,0.0
O000503,C00193,2024-11-08,Delivered,upi,40.0
O012886,C04290,2025-06-26,Delivered,upi,40.0
O015198,C05012,2025-08-28,Delivered,upi,99.0
O015394,C05070,2023-10-06,Delivered,upi,0.0
O004546,C01533,2024-07-04,Delivered,NET BANKING,0.0
O013124,C04365,2025-06-17,delivered,Credit Card,99.0
O006435,C02124,2025-03-21,Delivered,upi,40.0
O013499,C04494,2023-11-15,Delivered,upi,40.0
O014806,C04884,2023-01-09,Delivered,Debit Card,0.0
O016867,C05561,2024-11-25,Delivered,COD,60.0
O015461,C05104,2024-08-19,Delivered,Debit Card,0.0
O001186,C00394,2025-05-30,Delivered,Debit Card,0.0
O010528,C03498,2024-12-09,Delivered,Credit Card,0.0
O001793,C00568,2025-08-18,Delivered,upi,60.0
O016856,C05557,2025-05-25,Delivered,Credit Card,40.0
O011532,C03857,2023-10-11,Delivered,Debit Card,0.0
O015247,C05023,2025-01-02,Delivered,COD,0.0
O012369,C04152,2024-03-03,Delivered,COD,99.0
O010061,C03312,2023-05-29,Returned,upi,40.0
O017124,C05639,2025-05-28,Delivered,upi,40.0
O001946,C00602,2025-03-01,Delivered,COD,0.0
O001631,C00513,2025-02-17,Delivered,Credit Card,99.0
O008772,C02901,2024-01-08,Delivered,COD,99.0
O008163,C02689,2023-12-20,Delivered,upi,60.0
O013358,C04448,2023-09-03,Delivered,upi,99.0
O002113,C00659,2024-02-05,Delivered,COD,0.0
O006255,C02053,2025-05-26,Delivered,upi,60.0
O010271,C03405,2024-02-22,Delivered,COD,0.0
O005841,C01942,2023-05-10,Delivered,Credit Card,40.0
O004704,C01564,2024-03-29,Delivered,Debit Card,40.0
O002511,C00797,2025-01-26,Delivered,Debit Card,0.0
O011394,C03808,2025-02-25,Delivered,upi,40.0
O017102,C05629,2024-09-09,Delivered,upi,0.0
O015089,C04966,2024-01-23,Delivered,upi,0.0
O006569,C02172,2025-05-27,Cancelled,COD,40.0
O009849,C03257,2024-07-04,Delivered,COD,0.0
O012716,C04234,2024-10-29,Delivered,Credit Card,99.0
O006941,C02308,2024-07-20,Delivered,upi,0.0
O014497,C04794,2025-03-18,Delivered,upi,99.0
O007033,C02352,2024-05-22,delivered,COD,0.0
O008933,C02939,2023-12-19,Delivered,upi,0.0
O002434,C00778,2024-05-09,Delivered,Debit Card,99.0
O005832,C01938,2025-01-23,Returned,upi,60.0
O011240,C03739,2025-03-25,Delivered,upi,60.0
O001280,C00418,2025-03-23,Delivered,upi,60.0
O018183,C05970,2025-06-25,Delivered,upi,0.0
O005915,C01957,2025-08-15,Delivered,upi,40.0
O006629,C02196,2024-09-23,Delivered,upi,99.0
O011493,C03843,2024-08-24,Delivered,upi,0.0
O003145,C01000,2024-12-18,Delivered,Debit Card,40.0
O000276,C00121,2025-03-09,Delivered,UPI,40.0
O003982,C01308,2024-10-27,Delivered,Net Banking,40.0
O000674,C00249,2024-02-18,Delivered,COD,40.0
O012756,C04245,2024-12-03,Delivered,COD,0.0
O000032,C00018,2024-06-23,Delivered,Net Banking,40.0
O013481,C04488,2025-05-02,Delivered,COD,60.0
O003505,C01124,2023-11-24,Delivered,Debit Card,0.0
O013863,C04601,2024-12-08,Delivered,Credit Card,60.0
O014134,C04698,2024-07-14,Delivered,Credit Card,99.0
O014031,C04657,2024-05-23,Cancelled,Net Banking,0.0
O001399,C00440,2024-11-29,Returned,upi,99.0
O010339,C03425,2024-12-02,delivered,upi,0.0
O008738,C02888,2024-12-08,Returned,Debit Card,60.0
O015919,C05244,2024-01-05,Delivered,upi,40.0
O015879,C05227,2023-12-12,Delivered,COD,0.0
O004258,C01410,2025-05-16,Delivered,upi,40.0
O002118,C00659,2024-08-27,Delivered,upi,40.0
O002670,C00843,2024-05-25,Delivered,Credit Card,0.0
O010105,C03329,2025-07-23,Delivered,upi,60.0
O017061,C05613,2025-02-22,Returned,Net Banking,0.0
O014043,C04657,2025-06-17,Cancelled,COD,0.0
O000341,C00141,2025-04-14,Delivered,Credit Card,99.0
O007756,C02552,2024-09-21,Delivered,Debit Card,60.0
O017420,C05741,2023-10-21,Delivered,upi,60.0
O004214,C01388,2025-08-26,Delivered,Debit Card,99.0
O004101,C01347,2025-07-13,Cancelled,Credit Card,0.0
O012256,C04123,2024-06-12,Delivered,Net Banking,0.0
O013402,C04463,2024-05-06,Delivered,Debit Card,40.0
O008806,C02916,2023-03-25,Delivered,upi,0.0
O016493,C05423,2024-03-11,Delivered,upi,60.0
O009065,C02978,2024-06-04,Delivered,Credit Card,40.0
O018217,C05986,2024-06-25,Delivered,Credit Card,60.0
O002297,C00730,2025-08-17,Delivered,upi,0.0
O000309,C00135,2024-12-12,Delivered,upi,0.0
O017224,C05669,2025-03-25,Delivered,upi,99.0
O008648,C02864,2025-04-20,Delivered,upi,99.0
O014399,C04766,2025-05-30,Delivered,upi,40.0
O004926,C01646,2023-10-05,Delivered,Debit Card,0.0
O000758,C00289,2024-06-27,Delivered,COD,99.0
O001718,C00546,2025-01-14,Cancelled,Credit Card,0.0
O002557,C00813,2023-06-28,Delivered,COD,0.0
O012185,C04104,2024-11-24,Delivered,Debit Card,60.0
O009892,C03265,2024-03-04,Delivered,Credit Card,40.0
O016154,C05323,2025-01-08,Delivered,Credit Card,60.0
O006773,C02243,2025-01-16,Delivered,upi,0.0
O008592,C02848,2023-02-14,Delivered,Credit Card,0.0
O009526,C03115,2025-01-20,Delivered,upi,0.0
O001813,C00575,2024-07-22,Delivered,upi,40.0
O013646,C04531,2024-09-26,Delivered,Debit Card,40.0
O002944,C00920,2025-08-31,Delivered,upi,99.0
O005131,C01704,2024-10-29,Delivered,Credit Card,0.0
O000104,C00057,2024-01-11,Delivered,upi,0.0
O017596,C05809,2024-03-28,Delivered,Credit Card,40.0
O010503,C03482,2024-11-18,Cancelled,COD,0.0
O007742,C02552,2023-11-14,Delivered,Credit Card,99.0
O014433,C04778,2024-04-13,Delivered,upi,0.0
O005261,C01746,2025-01-19,Delivered,Credit Card,0.0
O000448,C00173,2024-04-18,Delivered,upi,0.0
O007133,C02387,2023-05-21,Delivered,COD,0.0
O013735,C04558,2024-01-06,Delivered,Debit Card,0.0
O017743,C05837,2025-03-07,Delivered,COD,0.0
O003948,C01300,2024-11-07,Delivered,COD,0.0
O013294,C04425,2025-07-27,Delivered,upi,0.0
O006912,C02293,2024-10-01,Delivered,upi,40.0
O007050,C02358,2024-10-25,Delivered,Credit Card,40.0
O012293,C04134,2024-03-13,Delivered,upi,0.0
O004242,C01399,2024-05-22,Delivered,Credit Card,0.0
O009224,C03025,2023-09-18,Delivered,CREDIT CARD,40.0
O000555,C00208,2023-08-14,Delivered,upi,40.0
O008099,C02661,2025-09-27,Delivered,upi,99.0
O014332,C04739,2025-02-16,Delivered,COD,60.0
O013475,C04488,2024-05-07,Delivered,COD,99.0
O017311,C05707,2024-06-08,Delivered,COD,0.0
O018008,C05920,2025-02-17,Delivered,upi,60.0
O012296,C04134,2024-07-13,Delivered,DEBIT CARD,99.0
O003096,C00984,2025-08-24,Delivered,upi,99.0
O012228,C04122,2023-11-21,Delivered,upi,40.0
O005484,C01817,2024-07-11,cancelled,Debit Card,40.0
O009644,C03157,2024-08-14,Delivered,COD,60.0
O000629,C00234,2025-01-27,Delivered,Credit Card,0.0
O002503,C00796,2025-03-06,Returned,upi,60.0
O002685,C00846,2025-08-12,Delivered,Net Banking,99.0
O015283,C05037,2023-11-29,Delivered,upi,0.0
O015520,C05124,2025-02-01,Delivered,NET BANKING,99.0
O018105,C05939,2025-05-16,Returned,,60.0
O005988,C01990,2025-08-31,Delivered,upi,0.0
O008576,C02841,2025-07-12,Delivered,UPI,99.0
O001777,C00562,2025-01-18,Delivered,Net Banking,40.0
O005767,C01908,2025-03-04,Delivered,Debit Card,99.0
O016877,C05565,2024-01-22,Delivered,upi,60.0
O016958,C05590,2023-12-09,Delivered,Debit Card,60.0
O000822,C00309,2025-08-24,Delivered,upi,60.0
O008086,C02659,2025-02-09,Delivered,Debit Card,40.0
O016439,C05411,2025-07-26,Delivered,Debit Card,0.0
O006123,C02040,2024-02-22,Delivered,Net Banking,0.0
O004679,C01558,2024-08-22,Delivered,upi,60.0
O008275,C02739,2025-01-18,Delivered,upi,60.0
O004635,C01547,2023-11-14,Delivered,,0.0
O007724,C02545,2025-06-29,Delivered,COD,40.0
O000774,C00294,2025-02-09,Delivered,CREDIT CARD,40.0
O007576,C02520,2023-06-19,Delivered,upi,60.0
O012490,C04179,2025-04-15,Delivered,upi,40.0
O008445,C02796,2025-08-22,Delivered,upi,60.0
O007367,C02462,2025-08-03,Delivered,upi,40.0
O013151,C04374,2025-05-05,Delivered,upi,99.0
O016840,C05554,2025-05-18,Delivered,Debit Card,60.0
O006643,C02201,2024-09-21,Delivered,UPI,0.0
O011228,C03733,2025-09-28,Delivered,Debit Card,99.0
O018045,C05934,2024-12-31,Delivered,Credit Card,60.0
O002990,C00940,2024-12-04,Delivered,COD,99.0
O015884,C05227,2025-05-05,Delivered,Net Banking,60.0
O010362,C03438,2025-06-25,Delivered,upi,60.0
O016810,C05544,2024-07-10,Delivered,Credit Card,0.0
O010957,C03640,2023-11-07,Delivered,upi,0.0
O017387,C05729,2024-10-13,Delivered,Net Banking,0.0
O015568,C05138,2023-01-18,Delivered,Debit Card,0.0
O012407,C04160,2025-06-27,Delivered,upi,40.0
O016937,C05586,2023-07-13,Delivered,upi,0.0
O010426,C03450,2024-06-01,Delivered,upi,99.0
O010866,C03610,2025-02-24,Delivered,upi,0.0
O010706,C03556,2024-06-04,Delivered,upi,60.0
O013196,C04390,2025-03-29,Delivered,COD,0.0
O012948,C04306,2024-07-05,Delivered,Debit Card,40.0
O017627,C05815,2025-04-22,Delivered,Net Banking,99.0
O008578,C02842,2023-05-18,Delivered,Credit Card,0.0
O011489,C03843,2024-06-29,Delivered,Debit Card,0.0
O013243,C04405,2025-06-27,Delivered,CREDIT CARD,40.0
O007726,C02545,2025-07-29,Delivered,upi,0.0
O016334,C05382,2025-06-14,Delivered,Debit Card,40.0
O014525,C04805,2025-07-22,Delivered,COD,99.0
O014815,C04885,2024-02-21,Delivered,Credit Card,99.0
O008807,C02916,2023-12-29,Delivered,upi,99.0
O011135,C03693,2024-03-07,Delivered,upi,60.0
O005715,C01894,2024-06-28,Delivered,upi,60.0
O011098,C03671,2024-10-10,Delivered,Debit Card,99.0
O002631,C00831,2025-01-29,Delivered,upi,0.0
O005838,C01940,2025-08-17,Delivered,COD,99.0
O015080,C04964,2025-07-18,delivered,upi,0.0
O009135,C03007,2023-02-26,delivered,upi,99.0
O001291,C00419,2025-07-14,Delivered,upi,0.0
O015118,C04980,2024-03-19,Delivered,UPI,0.0
O001066,C00371,2025-04-28,Returned,upi,0.0
O000247,C00111,2024-07-08,Delivered,Net Banking,40.0
O001656,C00521,2024-09-05,Delivered,Debit Card,99.0
O016900,C05571,2024-01-15,Delivered,Net Banking,40.0
O002518,C00798,2025-06-05,Delivered,COD,60.0
O018013,C05921,2025-07-07,Delivered,Credit Card,0.0
O003466,C01104,2024-10-04,Delivered,upi,60.0
O015230,C05015,2025-05-30,Delivered,upi,0.0
O006023,C02000,2024-01-02,Delivered,upi,0.0
O003202,C01019,2024-11-14,Delivered,upi,0.0
O014945,C04922,2023-03-24,Delivered,Credit Card,60.0
O007224,C02410,2023-05-04,Delivered,Net Banking,0.0
O012071,C04060,2023-12-12,Delivered,upi,99.0
O003986,C01308,2025-01-07,Delivered,Debit Card,40.0
O014252,C04720,2023-08-12,Returned,upi,0.0
O006338,C02083,2023-04-08,Delivered,Debit Card,0.0
O013746,C04562,2025-02-06,Delivered,upi,60.0
O014430,C04776,2025-06-05,Delivered,COD,99.0
O003159,C01000,2025-06-27,delivered,COD,60.0
O006104,C02032,2023-08-20,Delivered,COD,60.0
O016609,C05475,2024-03-17,Delivered,Net Banking,60.0
O014311,C04732,2024-02-07,Delivered,Credit Card,99.0
O005533,C01830,2024-03-06,Delivered,COD,99.0
O011936,C04010,2023-07-27,Delivered,Net Banking,40.0
O009355,C03072,2024-09-22,Delivered,Credit Card,99.0
O006620,C02190,2024-12-17,Delivered,Debit Card,0.0
O005825,C01938,2023-12-25,Cancelled,COD,0.0
O009562,C03134,2025-07-28,Delivered,upi,0.0
O017167,C05661,2023-05-27,Delivered,Credit Card,0.0
O014923,C04914,2025-03-29,Delivered,Credit Card,0.0
O010896,C03621,2024-03-08,Delivered,upi,40.0
O008267,C02736,2023-12-24,Delivered,Debit Card,99.0
O004590,C01539,2024-09-07,Delivered,upi,60.0
O015993,C05261,2024-10-06,Delivered,upi,60.0
O007673,C02536,2023-01-21,Delivered,upi,0.0
O005133,C01705,2024-03-25,Delivered,Credit Card,0.0
O015307,C05044,2025-03-22,Delivered,upi,40.0
O007869,C02586,2025-01-16,Returned,Credit Card,60.0
O002788,C00877,2023-10-13,delivered,Net Banking,40.0
O016983,C05596,2025-05-28,Delivered,Debit Card,40.0
O015693,C05170,2024-09-13,Returned,COD,40.0
O009445,C03100,2024-09-05,Delivered,upi,99.0
O017050,C05611,2024-06-08,Delivered,Net Banking,40.0
O006291,C02064,2024-10-12,Delivered,upi,99.0
O001661,C00525,2023-06-19,delivered,Debit Card,99.0
O000214,C00105,2023-07-21,Delivered,upi,40.0
O002976,C00932,2025-05-18,Delivered,upi,60.0
O014425,C04775,2023-03-12,Returned,upi,60.0
O013642,C04528,2024-05-10,delivered,UPI,99.0
O006169,C02041,2024-07-22,Delivered,upi,40.0
O001067,C00371,2025-07-31,Delivered,upi,60.0
O009769,C03222,2025-05-25,Delivered,Debit Card,99.0
O009994,C03297,2023-12-09,Delivered,Debit Card,0.0
O015325,C05052,2024-05-21,Delivered,Credit Card,60.0
O016847,C05555,2025-01-27,Delivered,Credit Card,0.0
O004664,C01558,2023-03-12,Delivered,Net Banking,60.0
O010969,C03640,2025-06-25,Delivered,upi,0.0
O005039,C01680,2025-01-23,Delivered,upi,0.0
O009756,C03218,2024-08-25,Delivered,upi,0.0
O010168,C03354,2023-08-16,Delivered,COD,0.0
O004227,C01394,2024-10-03,Delivered,Credit Card,40.0
O014867,C04898,2024-01-11,Returned,Credit Card,0.0
O017924,C05892,2023-11-13,Delivered,COD,40.0
O003259,C01032,2024-02-20,Delivered,Credit Card,0.0
O012451,C04166,2025-03-25,Delivered,Credit Card,99.0
O012848,C04285,2023-11-12,Delivered,Net Banking,0.0
O013983,C04644,2024-08-16,Delivered,upi,0.0
O011360,C03786,2025-07-27,Delivered,Credit Card,0.0
O017321,C05710,2025-05-06,Delivered,Debit Card,99.0
O003031,C00963,2024-11-13,delivered,upi,0.0
O008751,C02893,2025-08-13,Delivered,upi,99.0
O013763,C04568,2024-07-26,Delivered,Net Banking,0.0
O015344,C05054,2025-04-23,Delivered,COD,60.0
O002864,C00907,2023-06-30,Delivered,Credit Card,0.0
O013149,C04373,2024-03-18,Delivered,upi,60.0
O011801,C03960,2025-01-27,Delivered,COD,40.0
O015602,C05154,2024-02-14,Cancelled,upi,60.0
O005444,C01811,2025-09-26,Delivered,upi,0.0
O009160,C03008,2023-11-05,Delivered,COD,40.0
O009963,C03282,2024-10-23,Delivered,upi,99.0
O004623,C01543,2023-07-17,Delivered,COD,0.0
O008631,C02862,2024-10-17,Delivered,upi,0.0
O017934,C05897,2024-12-24,Delivered,COD,0.0
O016082,C05291,2024-02-20,Delivered,COD,0.0
O010646,C03533,2024-05-11,Delivered,upi,0.0
O001694,C00541,2023-11-19,Delivered,Debit Card,60.0
O009168,C03008,2024-11-24,Delivered,Credit Card,99.0
O007093,C02377,2024-12-08,Delivered,upi,60.0
O005774,C01911,2025-09-14,Cancelled,upi,60.0
O017892,C05879,2025-08-26,Delivered,upi,0.0
O003679,C01205,2024-02-25,Cancelled,,0.0
O014966,C04922,2025-01-05,Returned,COD,0.0
O012647,C04226,2025-03-20,Delivered,upi,60.0
O015556,C05132,2024-08-13,Returned,upi,99.0
O006294,C02064,2025-02-23,Returned,COD,99.0
O016104,C05301,2024-12-15,Cancelled,,40.0
O014914,C04914,2024-08-05,Delivered,Debit Card,99.0
O000679,C00252,2024-01-09,Delivered,Credit Card,60.0
O011287,C03762,2024-02-26,Returned,Debit Card,40.0
O003155,C01000,2025-05-05,Delivered,upi,99.0
O017998,C05919,2023-04-26,Delivered,Credit Card,99.0
O012190,C04108,2025-09-24,Returned,Net Banking,60.0
O017703,C05835,2025-08-10,returned,upi,0.0
O010309,C03416,2024-03-01,Returned,upi,60.0
O009979,C03290,2024-12-26,delivered,upi,99.0
O011705,C03913,2025-01-01,Delivered,Credit Card,60.0
O001697,C00541,2024-11-17,Delivered,Credit Card,0.0
O004149,C01367,2025-04-03,Delivered,upi,0.0
O011704,C03913,2023-03-01,Delivered,Debit Card,0.0
O000834,C00314,2025-05-23,Delivered,upi,99.0
O003396,C01086,2025-01-17,Delivered,Debit Card,99.0
O011485,C03843,2024-04-23,Delivered,Net Banking,0.0
O000273,C00121,2025-01-02,Delivered,,0.0
O010746,C03573,2025-05-05,Delivered,Net Banking,40.0
O002878,C00907,2025-05-17,Delivered,upi,0.0
O016592,C05471,2024-12-08,Delivered,,40.0
O013301,C04428,2025-07-31,Delivered,Debit Card,60.0
O013930,C04631,2025-04-04,Returned,Debit Card,0.0
O016917,C05578,2023-01-12,Delivered,upi,60.0
O007899,C02594,2023-06-21,Delivered,upi,40.0
O002593,C00824,2024-10-03,Returned,upi,60.0
O016196,C05339,2023-09-04,Delivered,upi,0.0
O007967,C02614,2024-08-16,Cancelled,upi,40.0
O003304,C01050,2023-07-29,Delivered,upi,40.0
O004967,C01655,2025-06-10,Delivered,COD,99.0
O001001,C00358,2024-02-03,Delivered,Credit Card,0.0
O006667,C02213,2023-02-17,Delivered,NET BANKING,40.0
O008966,C02950,2025-03-20,Delivered,upi,0.0
O001541,C00490,2025-01-25,Returned,upi,60.0
O004356,C01443,2025-05-20,Delivered,upi,0.0
O006395,C02107,2025-07-09,Delivered,Debit Card,60.0
O008184,C02697,2024-09-22,Delivered,Credit Card,99.0
O000999,C00357,2025-05-19,Delivered,Credit Card,60.0
O002962,C00928,2025-01-28,Delivered,upi,0.0
O005478,C01815,2025-09-15,Delivered,upi,0.0
O006718,C02229,2025-03-26,delivered,Credit Card,99.0
O013370,C04451,2024-02-08,Delivered,upi,0.0
O017164,C05661,2023-04-25,Returned,Credit Card,99.0
O006283,C02062,2025-07-13,Delivered,upi,60.0
O011670,C03894,2025-06-21,Delivered,upi,40.0
O017853,C05870,2024-11-09,Delivered,upi,60.0
O006206,C02046,2023-11-22,Delivered,Credit Card,40.0
O004092,C01344,2025-05-03,Delivered,upi,60.0
O005122,C01702,2023-03-23,Returned,upi,0.0
O013769,C04570,2025-08-13,Delivered,Debit Card,0.0
O002001,C00613,2025-09-15,Delivered,Credit Card,60.0
O010669,C03540,2024-11-09,Delivered,upi,40.0
O006945,C02311,2024-07-14,Delivered,UPI,40.0
O010377,C03444,2024-01-31,Delivered,COD,60.0
O012513,C04186,2024-12-31,Delivered,upi,0.0
O009501,C03110,2023-03-01,Delivered,COD,40.0
O000442,C00172,2024-09-22,Delivered,Credit Card,0.0
O003950,C01300,2024-12-13,Delivered,Debit Card,0.0
O016365,C05398,2025-04-18,Delivered,upi,0.0
O001238,C00402,2025-08-29,Delivered,upi,0.0
O016451,C05416,2023-08-08,Delivered,upi,99.0
O003952,C01300,2025-03-20,Delivered,Debit Card,60.0
O017104,C05629,2024-12-30,Delivered,upi,0.0
O013923,C04628,2023-05-04,Delivered,COD,99.0
O010376,C03444,2024-01-01,Delivered,Net Banking,99.0
O010692,C03549,2025-03-09,Delivered,upi,0.0
O001482,C00467,2023-11-14,Delivered,Debit Card,99.0
O003808,C01248,2023-06-17,Delivered,UPI,0.0
O011292,C03762,2024-12-03,Delivered,upi,60.0
O005414,C01802,2025-08-16,Delivered,Credit Card,99.0
O003810,C01248,2024-04-30,Delivered,COD,0.0
O004931,C01646,2023-12-01,Delivered,Debit Card,99.0
O015738,C05181,2024-01-19,Delivered,upi,60.0
O016995,C05598,2025-07-02,Delivered,upi,40.0
O017963,C05901,2025-06-12,Delivered,upi,60.0
O006343,C02085,2024-12-12,Delivered,Credit Card,40.0
O009789,C03232,2025-06-26,Delivered,upi,0.0
O015002,C04940,2024-07-22,Returned,Net Banking,60.0
O011379,C03801,2024-08-01,Delivered,Debit Card,40.0
O004123,C01349,2025-04-28,delivered,upi,0.0
O007902,C02594,2025-09-28,Delivered,COD,0.0
O003617,C01176,2024-04-23,Delivered,Credit Card,0.0
O011365,C03791,2024-09-22,Delivered,upi,60.0
O003977,C01308,2024-03-08,Returned,upi,0.0
O018247,C05992,2024-04-09,Delivered,COD,40.0
O016928,C05581,2025-06-21,Returned,upi,0.0
O013197,C04391,2025-07-06,Delivered,Net Banking,0.0
O001322,C00427,2024-02-22,Delivered,upi,0.0
O005845,C01943,2025-09-22,Delivered,COD,60.0
O008302,C02753,2024-09-15,delivered,COD,99.0
O014039,C04657,2024-10-03,Delivered,upi,0.0
O005592,C01848,2024-10-19,Delivered,upi,99.0
O003291,C01044,2024-01-10,Returned,Debit Card,99.0
O017900,C05884,2024-02-04,delivered,COD,0.0
O018119,C05941,2025-08-10,Delivered,upi,0.0
O009068,C02981,2024-11-11,Cancelled,upi,0.0
O004405,C01462,2025-07-31,Delivered,upi,60.0
O013241,C04403,2025-08-23,Returned,Credit Card,99.0
O002675,C00845,2024-04-15,Delivered,COD,0.0
O015452,C05097,2024-09-01,Cancelled,upi,60.0
O008519,C02819,2025-02-24,delivered,upi,99.0
O002357,C00756,2024-01-25,Delivered,COD,40.0
O011402,C03812,2024-12-07,Returned,upi,0.0
O009801,C03237,2025-03-08,Delivered,Debit Card,0.0
O002959,C00926,2025-06-08,Delivered,COD,99.0
O009372,C03081,2023-11-17,Delivered,COD,40.0
O017478,C05763,2025-09-29,Delivered,upi,0.0
O016586,C05468,2023-05-22,delivered,Debit Card,0.0
O016714,C05516,2023-12-15,Delivered,upi,0.0
O001579,C00497,2023-12-20,Delivered,Net Banking,40.0
O007059,C02364,2025-04-26,Delivered,Credit Card,40.0
O011442,C03828,2025-06-07,Delivered,COD,60.0
O017209,C05663,2024-12-28,Delivered,COD,99.0
O005970,C01981,2025-03-02,Delivered,Debit Card,99.0
O007460,C02492,2025-03-28,Delivered,,0.0
O009438,C03098,2024-04-01,Delivered,Debit Card,99.0
O009508,C03114,2025-07-12,Delivered,Credit Card,0.0
O007340,C02455,2025-05-10,Delivered,Debit Card,99.0
O014981,C04926,2024-08-01,Delivered,Debit Card,0.0
O015137,C04985,2024-12-30,Returned,Net Banking,0.0
O007232,C02414,2025-01-25,Delivered,upi,99.0
O017661,C05821,2025-07-09,Delivered,Net Banking,0.0
O006037,C02005,2025-06-29,Delivered,upi,0.0
O002126,C00662,2025-06-27,Delivered,Net Banking,0.0
O000566,C00211,2023-03-11,returned,Credit Card,60.0
O017002,C05599,2023-11-20,Delivered,upi,40.0
O009800,C03236,2025-08-31,Delivered,upi,0.0
O012018,C04040,2024-11-01,Delivered,upi,40.0
O001143,C00391,2024-11-01,Delivered,Debit Card,0.0
O012366,C04151,2025-01-27,Delivered,DEBIT CARD,0.0
O002058,C00629,2023-07-18,Delivered,COD,0.0
O004982,C01663,2024-08-05,Delivered,Credit Card,40.0
O005593,C01848,2025-03-18,delivered,Net Banking,40.0
O016183,C05333,2025-07-05,Delivered,upi,0.0
O006239,C02049,2024-04-14,Delivered,Debit Card,40.0
O017580,C05801,2024-12-25,Delivered,Credit Card,99.0
O000510,C00193,2025-08-01,Cancelled,Credit Card,0.0
O001320,C00427,2024-01-26,Delivered,upi,0.0
O015047,C04954,2025-03-30,Delivered,upi,60.0
O007293,C02440,2024-03-15,Delivered,upi,40.0
O009371,C03081,2023-08-24,Cancelled,Credit Card,0.0
O002009,C00617,2024-10-18,Delivered,upi,99.0
O009346,C03069,2024-09-03,Delivered,upi,99.0
O008230,C02718,2024-06-18,Delivered,Credit Card,0.0
O004087,C01344,2024-10-27,Delivered,COD,0.0
O006089,C02024,2024-06-11,Delivered,Credit Card,99.0
O012301,C04134,2024-10-30,Delivered,upi,0.0
O003386,C01084,2025-01-15,Delivered,NET BANKING,99.0
O003374,C01082,2025-05-26,Delivered,upi,0.0
O015413,C05079,2025-04-26,Delivered,upi,40.0
O018036,C05930,2023-02-12,Delivered,Debit Card,60.0
O000789,C00303,2023-01-08,Delivered,COD,0.0
O017458,C05755,2024-12-25,Delivered,upi,0.0
O010627,C03532,2024-08-11,Returned,COD,0.0
O000095,C00051,2024-01-28,Delivered,Credit Card,40.0
O004137,C01357,2025-07-25,Delivered,Credit Card,0.0
O002883,C00907,2025-07-07,Delivered,upi,40.0
O008274,C02739,2024-12-08,Delivered,Credit Card,99.0
O016215,C05344,2024-12-28,Returned,Credit Card,0.0
O012088,C04066,2025-04-21,Delivered,Credit Card,60.0
O001804,C00573,2025-05-20,Returned,Debit Card,0.0
O014891,C04904,2024-07-17,delivered,upi,0.0
O015848,C05220,2025-01-18,Delivered,upi,0.0
O007312,C02448,2023-05-19,Delivered,Debit Card,99.0
O001345,C00427,2024-12-03,Delivered,upi,99.0
O008676,C02874,2025-01-01,Cancelled,Debit Card,0.0
O014301,C04728,2025-06-06,Delivered,upi,0.0
O002625,C00829,2025-03-04,Delivered,Credit Card,0.0
O009275,C03036,2025-08-02,Delivered,Credit Card,0.0
O011236,C03737,2025-01-05,Delivered,Credit Card,0.0
O011483,C03843,2024-03-07,Delivered,upi,0.0
O000821,C00309,2025-07-16,Delivered,Debit Card,0.0
O011736,C03928,2025-06-15,Delivered,upi,0.0
O004557,C01538,2024-12-20,Returned,Debit Card,0.0
O006909,C02291,2024-09-06,Delivered,upi,99.0
O017335,C05711,2025-03-27,Delivered,upi,99.0
O004818,C01600,2023-09-04,Delivered,Credit Card,0.0
O000384,C00153,2024-09-06,Delivered,Credit Card,99.0
O012832,C04278,2025-08-26,Delivered,Credit Card,99.0
O011947,C04012,2025-05-29,Delivered,upi,99.0
O017246,C05679,2023-07-27,Delivered,upi,0.0
O012476,C04173,2024-06-06,Delivered,Credit Card,99.0
O005351,C01779,2024-03-11,Delivered,,60.0
O012107,C04071,2023-12-13,Delivered,Debit Card,60.0
O010159,C03352,2024-06-19,delivered,upi,99.0
O018021,C05925,2023-03-18,Delivered,Credit Card,99.0
O006460,C02137,2024-11-16,Delivered,COD,0.0
O006601,C02182,2024-07-23,Delivered,Debit Card,99.0
O002888,C00908,2024-07-21,Delivered,COD,0.0
O012672,C04232,2025-08-25,Delivered,Debit Card,40.0
O007218,C02406,2024-12-02,Delivered,COD,0.0
O010632,C03532,2025-05-09,Delivered,Credit Card,60.0
O012631,C04219,2025-03-14,Cancelled,Debit Card,99.0
O009743,C03210,2025-04-29,Delivered,Credit Card,0.0
O015392,C05069,2024-02-19,Delivered,UPI,40.0
O014125,C04695,2025-07-17,Delivered,Debit Card,60.0
O013401,C04462,2025-08-17,Delivered,COD,60.0
O016787,C05542,2023-09-07,Delivered,Credit Card,0.0
O007344,C02456,2025-03-27,Delivered,UPI,60.0
O008414,C02794,2023-07-24,Returned,Debit Card,0.0
O000930,C00337,2025-01-07,Delivered,upi,40.0
O009623,C03155,2024-08-09,Delivered,Credit Card,0.0
O012700,C04234,2024-05-18,Delivered,COD,99.0
O014112,C04689,2023-03-07,Delivered,upi,40.0
O012891,C04291,2025-02-16,delivered,Debit Card,0.0
O005897,C01952,2024-12-24,delivered,Net Banking,0.0
O001687,C00535,2025-07-28,Delivered,Debit Card,99.0
O015978,C05258,2025-09-14,Delivered,Credit Card,0.0
O009092,C02991,2024-09-14,delivered,Credit Card,0.0
O018048,C05935,2025-03-20,Delivered,upi,60.0
O016005,C05263,2023-11-09,Delivered,Credit Card,99.0
O000242,C00110,2023-09-16,Delivered,Net Banking,0.0
O003610,C01171,2025-09-07,Cancelled,COD,99.0
O010649,C03533,2024-09-25,Delivered,upi,0.0
O012418,C04163,2024-09-14,Returned,upi,0.0
O001290,C00419,2025-02-18,Delivered,upi,60.0
O012771,C04250,2024-02-25,Delivered,upi,0.0
O017401,C05732,2025-03-31,Delivered,Credit Card,99.0
O002570,C00815,2025-06-13,Delivered,upi,99.0
O009751,C03215,2024-11-21,Delivered,Debit Card,0.0
O015652,C05160,2024-12-10,Delivered,upi,60.0
O017235,C05674,2025-05-13,Returned,Credit Card,99.0
O008487,C02811,2024-08-25,Delivered,upi,0.0
O004068,C01338,2025-05-18,Returned,upi,0.0
O001577,C00497,2023-08-03,Delivered,COD,60.0
O012115,C04075,2024-02-17,Delivered,Debit Card,40.0
O017915,C05890,2024-08-11,Delivered,Debit Card,40.0
O007127,C02387,2023-01-10,Delivered,upi,0.0
O015464,C05105,2024-10-18,Delivered,Debit Card,99.0
O011771,C03947,2023-10-04,Delivered,upi,0.0
O001706,C00544,2023-07-06,Delivered,upi,99.0
O000730,C00280,2024-08-14,Delivered,Debit Card,0.0
O007649,C02532,2024-01-06,Delivered,Credit Card,99.0
O016898,C05570,2025-04-21,Returned,upi,60.0
O012155,C04089,2025-07-22,Delivered,Debit Card,60.0
O003774,C01233,2025-04-09,Delivered,Debit Card,40.0
O011158,C03699,2023-07-19,cancelled,Debit Card,40.0
O010232,C03385,2025-02-22,Delivered,COD,99.0
O002863,C00906,2025-09-05,Delivered,Credit Card,0.0
O017090,C05623,2025-04-02,Delivered,Net Banking,0.0
O009605,C03148,2025-09-12,Delivered,COD,0.0
O002605,C00827,2024-12-09,Cancelled,Net Banking,0.0
O014477,C04794,2023-11-25,Delivered,COD,99.0
O008516,C02819,2023-12-12,Returned,upi,0.0
O015510,C05124,2023-08-09,Delivered,Net Banking,99.0
O011255,C03747,2023-10-17,Delivered,upi,60.0
O016553,C05457,2024-11-12,Returned,upi,60.0
O009036,C02966,2023-10-24,Returned,UPI,99.0
O006731,C02234,2025-08-25,Delivered,upi,40.0
O007957,C02614,2023-02-02,Returned,Credit Card,0.0
O013037,C04337,2025-08-23,Delivered,Net Banking,60.0
O014377,C04759,2024-04-10,Delivered,COD,0.0
O015989,C05260,2025-09-11,Delivered,UPI,0.0
O012837,C04281,2023-08-15,Returned,COD,99.0
O012278,C04129,2024-12-25,Delivered,upi,60.0
O013395,C04461,2025-05-22,Delivered,Debit Card,0.0
O010565,C03509,2025-05-12,Returned,Credit Card,99.0
O011459,C03840,2025-08-12,Delivered,upi,99.0
O001277,C00418,2024-08-05,Delivered,Net Banking,99.0
O004303,C01421,2024-05-09,Delivered,Credit Card,0.0
O015143,C04988,2025-03-21,Delivered,Debit Card,0.0
O009829,C03250,2024-05-11,Delivered,upi,99.0
O017214,C05668,2025-02-16,Returned,upi,0.0
O015004,C04941,2023-10-18,Delivered,upi,60.0
O008314,C02756,2023-09-27,Delivered,upi,0.0
O015793,C05208,2024-11-04,Delivered,COD,99.0
O004455,C01489,2025-01-21,Delivered,COD,40.0
O017473,C05761,2025-03-24,Delivered,upi,40.0
O010176,C03356,2024-06-09,Delivered,upi,40.0
O015478,C05106,2025-04-02,Delivered,Credit Card,40.0
O005723,C01896,2025-05-25,Delivered,upi,40.0
O009328,C03063,2025-01-26,Cancelled,NET BANKING,0.0
O002015,C00619,2025-01-15,Delivered,Debit Card,99.0
O006873,C02273,2024-05-12,Delivered,upi,60.0
O004514,C01517,2025-04-17,Delivered,Net Banking,0.0
O011518,C03845,2023-05-13,Delivered,Credit Card,99.0
O003571,C01151,2025-02-10,Delivered,upi,0.0
O003161,C01000,2025-07-12,Delivered,Debit Card,60.0
O017111,C05632,2025-01-04,Delivered,upi,40.0
O017123,C05638,2025-02-12,Returned,COD,60.0
O017438,C05747,2023-11-26,Delivered,upi,99.0
O009048,C02972,2023-04-07,Delivered,Net Banking,60.0
O016035,C05272,2023-12-05,Delivered,COD,99.0
O011213,C03730,2025-09-29,Delivered,Credit Card,0.0
O011110,C03675,2023-05-27,Delivered,upi,99.0
O017681,C05835,2024-04-15,Delivered,upi,60.0
O005914,C01956,2025-02-10,Delivered,COD,40.0
O003427,C01095,2025-08-15,Returned,upi,0.0
O008037,C02643,2023-10-28,Delivered,upi,0.0
O015869,C05226,2025-06-21,Returned,upi,0.0
O001340,C00427,2024-10-18,Cancelled,upi,60.0
O016286,C05372,2024-03-06,Delivered,Debit Card,0.0
O009758,C03218,2025-02-28,Delivered,Debit Card,0.0
O016367,C05398,2025-06-27,Returned,upi,0.0
O000485,C00185,2025-03-05,Delivered,Credit Card,40.0
O004499,C01510,2025-09-03,Delivered,upi,0.0
O006226,C02046,2025-02-23,Delivered,Credit Card,0.0
O014879,C04900,2024-04-03,Delivered,COD,0.0
O010618,C03528,2023-10-25,Returned,upi,40.0
O004491,C01507,2025-07-28,Delivered,upi,40.0
O000613,C00226,2025-05-16,Delivered,Credit Card,99.0
O004941,C01646,2024-10-30,Delivered,upi,0.0
O006856,C02269,2024-08-12,Delivered,COD,0.0
O017914,C05890,2024-05-24,Returned,Credit Card,40.0
O015401,C05075,2023-09-18,Returned,upi,0.0
O017657,C05820,2025-08-22,Delivered,Net Banking,99.0
O006500,C02153,2025-04-18,Delivered,Credit Card,40.0
O010905,C03622,2024-10-29,Cancelled,upi,99.0
O005777,C01914,2025-04-14,Delivered,upi,60.0
O016552,C05457,2024-10-14,Returned,Credit Card,60.0
O012744,C04241,2025-01-19,Delivered,DEBIT CARD,99.0
O006047,C02007,2023-04-23,Delivered,upi,99.0
O011880,C03994,2023-02-27,Delivered,COD,0.0
O017445,C05747,2024-09-03,Cancelled,upi,0.0
O014378,C04759,2024-04-12,Delivered,upi,0.0
O013521,C04498,2024-07-05,Delivered,Credit Card,40.0
O002208,C00697,2025-08-11,Delivered,upi,0.0
O003120,C00986,2025-04-09,Delivered,UPI,40.0
O012877,C04290,2024-10-08,Cancelled,Debit Card,60.0
O008293,C02746,2025-07-16,Delivered,upi,0.0
O011337,C03775,2025-03-16,Delivered,Net Banking,60.0
O014761,C04867,2024-09-25,Delivered,upi,0.0
O006254,C02053,2025-05-20,Delivered,COD,99.0
O001023,C00361,2024-01-28,Delivered,COD,0.0
O014055,C04661,2023-03-12,Delivered,CREDIT CARD,40.0
O007062,C02365,2024-01-14,Delivered,Credit Card,40.0
O003510,C01126,2024-12-03,Delivered,upi,40.0
O016294,C05372,2024-08-13,Delivered,upi,0.0
O005762,C01907,2024-10-04,Delivered,Debit Card,60.0
O010195,C03362,2024-09-08,Delivered,upi,40.0
O003422,C01093,2023-11-08,Delivered,Debit Card,40.0
O008336,C02768,2023-12-10,Delivered,Net Banking,99.0
O009177,C03009,2023-03-15,Delivered,Credit Card,40.0
O009808,C03239,2025-01-07,Delivered,upi,99.0
O018205,C05982,2023-10-21,Delivered,upi,99.0
O002034,C00624,2024-07-10,Delivered,Credit Card,60.0
O000677,C00251,2024-03-06,Delivered,upi,0.0
O014543,C04806,2024-10-18,Delivered,DEBIT CARD,60.0
O015243,C05023,2024-06-17,Delivered,UPI,60.0
O006127,C02040,2025-01-08,Delivered,upi,0.0
O008241,C02723,2024-05-22,Delivered,Credit Card,0.0
O000518,C00194,2024-11-12,Delivered,COD,40.0
O012885,C04290,2025-06-16,Delivered,Net Banking,99.0
O014364,C04756,2025-06-15,Delivered,Credit Card,60.0
O005778,C01915,2023-04-24,Returned,COD,60.0
O005400,C01793,2025-02-12,Delivered,COD,40.0
O012727,C04234,2025-03-21,Delivered,Debit Card,0.0
O003222,C01026,2024-11-20,Delivered,Debit Card,0.0
O007341,C02455,2025-05-31,Delivered,upi,40.0
O013952,C04639,2024-09-03,Delivered,COD,40.0
O012658,C04230,2024-12-10,Delivered,Net Banking,60.0
O001692,C00540,2024-07-05,Delivered,UPI,40.0
O013079,C04354,2024-08-20,Delivered,upi,99.0
O013494,C04494,2023-04-12,Delivered,upi,60.0
O003492,C01116,2025-07-16,Delivered,Debit Card,40.0
O001790,C00567,2025-03-17,Delivered,upi,40.0
O007475,C02496,2024-11-09,Delivered,Credit Card,99.0
O006851,C02266,2024-05-20,Delivered,Debit Card,40.0
O003924,C01291,2025-09-16,Delivered,upi,99.0
O015272,C05031,2025-04-08,Delivered,upi,0.0
O002334,C00749,2024-02-15,Returned,upi,0.0
O012944,C04303,2025-07-19,Delivered,upi,0.0
O007480,C02501,2023-10-07,Delivered,upi,0.0
O010883,C03617,2024-09-11,Delivered,upi,60.0
O013316,C04433,2024-06-27,Delivered,upi,0.0
O009928,C03270,2025-09-27,Delivered,upi,99.0
O017713,C05837,2023-06-03,Delivered,upi,0.0
O000092,C00049,2024-11-13,Delivered,COD,0.0
O000437,C00172,2023-10-25,Delivered,DEBIT CARD,99.0
O017324,C05711,2023-06-10,Delivered,Debit Card,60.0
O000356,C00148,2024-12-08,Delivered,Net Banking,99.0
O012800,C04262,2024-12-17,Delivered,Credit Card,40.0
O016537,C05447,2025-09-07,Delivered,Credit Card,40.0
O011312,C03768,2025-05-06,Delivered,upi,40.0
O013350,C04446,2025-05-24,Delivered,upi,40.0
O010312,C03417,2025-09-29,Delivered,upi,0.0
O001173,C00394,2024-11-13,Delivered,Credit Card,99.0
O013335,C04442,2025-06-14,Delivered,CREDIT CARD,99.0
O012925,C04297,2025-05-01,Delivered,Debit Card,60.0
O009154,C03007,2025-04-15,Delivered,Credit Card,99.0
O015595,C05150,2025-04-13,Delivered,Debit Card,0.0
O015191,C05006,2024-06-02,Delivered,COD,99.0
O008733,C02886,2025-01-31,Delivered,Net Banking,60.0
O007689,C02543,2024-05-31,Delivered,COD,0.0
O009170,C03008,2024-12-26,Delivered,upi,60.0
O006794,C02249,2024-12-27,Cancelled,Debit Card,99.0
O009845,C03257,2024-05-21,Delivered,Debit Card,40.0
O010365,C03440,2024-01-07,Delivered,Credit Card,99.0
O007360,C02462,2023-11-02,Delivered,Credit Card,0.0
O002843,C00900,2023-07-01,Delivered,Debit Card,0.0
O003714,C01214,2024-08-19,Delivered,upi,40.0
O000952,C00338,2024-07-20,Delivered,COD,60.0
O012503,C04185,2024-12-11,Delivered,Debit Card,60.0
O013585,C04512,2025-08-12,Delivered,upi,0.0
O018230,C05987,2024-07-14,Delivered,upi,99.0
O006748,C02237,2025-02-04,Delivered,Credit Card,40.0
O012148,C04088,2025-09-10,Delivered,CREDIT CARD,40.0
O004094,C01345,2024-11-16,Delivered,Credit Card,0.0
O012576,C04207,2023-07-29,delivered,upi,99.0
O009375,C03081,2025-05-22,Delivered,COD,0.0
O005590,C01847,2024-01-07,Cancelled,upi,0.0
O010223,C03380,2024-06-09,Returned,COD,40.0
O008985,C02958,2024-02-11,Delivered,Debit Card,60.0
O017119,C05635,2024-07-24,Delivered,Debit Card,99.0
O009604,C03148,2025-08-05,Delivered,upi,60.0
O009256,C03031,2025-07-04,Delivered,upi,0.0
O006716,C02227,2023-12-15,Delivered,upi,0.0
O014354,C04749,2024-03-05,Delivered,upi,0.0
O005790,C01920,2024-08-04,Delivered,Credit Card,60.0
O011334,C03775,2024-12-27,Delivered,upi,60.0
O010740,C03570,2025-06-06,Delivered,DEBIT CARD,40.0
O007557,C02516,2025-07-20,Delivered,Credit Card,0.0
O007404,C02473,2024-10-15,Delivered,COD,0.0
O007319,C02448,2024-05-10,Delivered,upi,0.0
O000796,C00305,2025-01-20,Delivered,upi,60.0
O011621,C03874,2023-07-10,Delivered,Credit Card,99.0
O016855,C05556,2025-09-12,Delivered,Debit Card,0.0
O004981,C01662,2025-07-11,Delivered,UPI,40.0
O002823,C00892,2024-02-08,delivered,COD,60.0
O008682,C02875,2024-03-16,Delivered,COD,0.0
O010193,C03362,2023-12-13,Delivered,Credit Card,40.0
O001957,C00609,2024-01-01,Delivered,upi,0.0
O017376,C05729,2024-01-20,Delivered,upi,99.0
O007201,C02401,2025-08-15,Delivered,Credit Card,60.0
O003783,C01239,2025-04-17,Delivered,Net Banking,0.0
O013739,C04559,2024-11-30,Delivered,upi,40.0
O016341,C05387,2023-12-11,Delivered,Net Banking,0.0
O003595,C01165,2025-02-10,Delivered,Debit Card,99.0
O001117,C00389,2023-10-11,Delivered,Credit Card,99.0
O002328,C00747,2024-05-28,Delivered,Credit Card,60.0
O018090,C05939,2024-09-12,delivered,Debit Card,0.0
O017008,C05599,2024-09-29,Cancelled,upi,0.0
O008377,C02781,2023-10-03,Delivered,Net Banking,40.0
O008303,C02753,2024-10-11,Delivered,Credit Card,99.0
O002881,C00907,2025-06-29,Delivered,Credit Card,0.0
O001865,C00587,2024-08-17,Cancelled,upi,0.0
O012218,C04118,2025-02-12,Delivered,upi,0.0
O006465,C02138,2023-11-05,Delivered,COD,0.0
O003166,C01001,2025-09-10,Returned,COD,0.0
O005203,C01734,2023-10-15,Delivered,COD,60.0
O012277,C04128,2025-08-25,Delivered,upi,60.0
O001628,C00511,2025-01-04,Delivered,upi,40.0
O011601,C03866,2025-08-25,Delivered,COD,99.0
O017470,C05761,2025-01-14,Delivered,Credit Card,0.0
O015640,C05159,2024-10-31,Delivered,,0.0
O013968,C04642,2024-09-11,Delivered,Debit Card,40.0
O004812,C01598,2025-01-09,Delivered,Debit Card,0.0
O005548,C01833,2024-11-17,Delivered,Debit Card,99.0
O007038,C02352,2025-01-25,Delivered,Credit Card,0.0
O015185,C05005,2025-04-17,Returned,upi,99.0
O008446,C02796,2025-09-25,Delivered,COD,40.0
O002331,C00748,2024-12-26,Delivered,Credit Card,0.0
O014195,C04716,2023-04-17,Delivered,upi,60.0
O004573,C01538,2025-06-04,Delivered,,0.0
O008815,C02918,2025-01-11,Returned,Credit Card,60.0
O005945,C01971,2024-09-24,Delivered,Debit Card,60.0
O017715,C05837,2023-06-29,Delivered,Credit Card,0.0
O016199,C05341,2024-07-21,Delivered,upi,99.0
O005823,C01938,2023-11-11,Delivered,upi,99.0
O010678,C03546,2024-04-18,Delivered,upi,40.0
O014630,C04823,2025-02-19,Delivered,upi,99.0
O000246,C00111,2024-02-13,Cancelled,DEBIT CARD,60.0
O007735,C02551,2025-09-27,Delivered,upi,40.0
O003323,C01055,2025-06-30,Delivered,Debit Card,0.0
O012558,C04198,2023-02-11,Delivered,upi,99.0
O007437,C02479,2025-08-08,Delivered,upi,40.0
O005027,C01679,2024-12-29,Delivered,COD,0.0
O010671,C03540,2025-06-12,Delivered,COD,0.0
O003455,C01101,2025-03-04,Delivered,upi,0.0
O002016,C00619,2025-03-16,delivered,upi,40.0
O002354,C00756,2023-10-02,Delivered,upi,60.0
O005890,C01952,2024-06-15,Delivered,COD,0.0
O000869,C00325,2024-03-30,Delivered,upi,99.0
O007185,C02394,2024-09-29,Delivered,Credit Card,99.0
O009608,C03150,2024-11-29,Delivered,Credit Card,0.0
O007935,C02606,2025-06-02,Delivered,Credit Card,40.0
O003629,C01185,2023-08-03,Delivered,Debit Card,60.0
O001769,C00560,2025-03-02,delivered,upi,0.0
O008768,C02901,2023-07-25,Returned,upi,99.0
O017608,C05812,2023-12-31,Delivered,upi,40.0
O005119,C01699,2024-12-02,Delivered,Credit Card,40.0
O013112,C04363,2024-03-03,Delivered,Net Banking,0.0
O007892,C02589,2025-05-09,Cancelled,Debit Card,99.0
O005042,C01680,2025-02-20,Returned,Debit Card,99.0
O017180,C05661,2024-01-21,Delivered,upi,0.0
O006758,C02240,2024-08-27,delivered,COD,99.0
O009451,C03102,2024-04-22,Returned,upi,99.0
O002021,C00620,2025-02-25,Delivered,Debit Card,60.0
O015678,C05167,2025-08-02,Delivered,Debit Card,60.0
O004217,C01390,2023-12-27,Delivered,upi,40.0
O013515,C04496,2025-02-02,Delivered,upi,40.0
O015642,C05159,2024-11-20,Delivered,,99.0
O007317,C02448,2023-07-04,Delivered,upi,0.0
O000358,C00149,2025-01-28,Delivered,Net Banking,60.0
O006789,C02245,2024-09-19,Delivered,COD,60.0
O001982,C00609,2025-05-14,Delivered,upi,0.0
O009206,C03018,2024-04-29,Delivered,Debit Card,0.0
O014368,C04758,2025-04-26,Delivered,COD,99.0
O012179,C04101,2024-06-10,Delivered,Credit Card,0.0
O003460,C01101,2025-05-09,Delivered,COD,60.0
O005207,C01735,2024-01-28,Delivered,upi,0.0
O006898,C02285,2024-06-18,Delivered,Net Banking,99.0
O008675,C02874,2024-06-02,Delivered,Credit Card,60.0
O005694,C01885,2024-06-27,Cancelled,COD,0.0
O013223,C04398,2024-11-21,delivered,Credit Card,40.0
O013997,C04644,2025-09-16,Delivered,upi,0.0
O002273,C00721,2025-02-24,Delivered,COD,99.0
O012359,C04147,2024-09-28,delivered,upi,99.0
O011190,C03719,2024-09-03,Returned,Credit Card,40.0
O015686,C05170,2024-04-29,Delivered,upi,40.0
O005949,C01972,2024-01-14,Delivered,Credit Card,0.0
O003345,C01067,2025-05-27,Delivered,COD,0.0
O007148,C02387,2024-05-04,Delivered,Credit Card,60.0
O003823,C01251,2025-05-23,Delivered,Credit Card,99.0
O015232,C05016,2025-05-06,Returned,Debit Card,0.0
O001997,C00613,2025-04-21,Delivered,Net Banking,0.0
O003910,C01286,2024-05-17,Delivered,DEBIT CARD,0.0
O006275,C02061,2025-04-09,Delivered,Net Banking,0.0
O012084,C04066,2024-12-06,Delivered,Debit Card,60.0
O004711,C01567,2024-05-23,returned,upi,0.0
O013486,C04491,2025-02-26,Delivered,Debit Card,0.0
O010946,C03634,2024-02-17,Delivered,Credit Card,99.0
O014885,C04901,2024-07-17,Returned,upi,0.0
O002930,C00915,2025-05-30,Cancelled,Credit Card,0.0
O014511,C04798,2025-09-01,Delivered,upi,60.0
O006652,C02203,2025-09-23,Delivered,upi,0.0
O016941,C05586,2024-02-20,Delivered,upi,40.0
O001634,C00515,2024-07-06,Delivered,CREDIT CARD,99.0
O014734,C04857,2025-09-06,Delivered,Debit Card,0.0
O005096,C01695,2024-11-16,Returned,upi,60.0
O001386,C00433,2025-08-28,Delivered,upi,99.0
O009487,C03109,2023-06-03,Delivered,upi,0.0
O015224,C05014,2025-06-16,Delivered,Debit Card,60.0
O016842,C05555,2024-09-08,Delivered,upi,99.0
O002159,C00680,2024-09-26,Delivered,Debit Card,99.0
O013414,C04466,2024-11-13,Delivered,upi,40.0
O015670,C05167,2024-03-03,Delivered,Credit Card,0.0
O009757,C03218,2024-12-15,Delivered,COD,0.0
O004593,C01539,2025-02-03,Delivered,COD,60.0
O014239,C04717,2024-10-08,Delivered,COD,0.0
O003100,C00986,2023-09-02,Delivered,upi,0.0
O005227,C01737,2024-05-29,Delivered,COD,0.0
O006779,C02244,2024-01-17,Delivered,upi,0.0
O003204,C01020,2023-03-14,Delivered,COD,60.0
O005494,C01822,2023-12-16,Delivered,upi,60.0
O004911,C01643,2024-04-20,Delivered,UPI,40.0
O001925,C00594,2024-08-06,Delivered,Credit Card,0.0
O017431,C05745,2024-09-09,delivered,upi,0.0
O013023,C04331,2024-12-15,Delivered,Credit Card,99.0
O005813,C01934,2024-04-26,Delivered,upi,60.0
O014422,C04774,2025-03-08,Delivered,upi,40.0
O015492,C05112,2025-01-13,Delivered,Credit Card,99.0
O003843,C01254,2024-09-14,Delivered,Credit Card,60.0
O017539,C05784,2023-01-10,Delivered,upi,60.0
O013106,C04363,2023-10-02,Delivered,upi,40.0
O001031,C00361,2025-02-27,Delivered,upi,60.0
O007595,C02523,2024-12-08,Delivered,Credit Card,99.0
O015255,C05025,2025-08-25,Delivered,Debit Card,60.0
O003609,C01171,2025-08-25,Delivered,upi,0.0
O012281,C04130,2024-02-21,Cancelled,upi,40.0
O004042,C01330,2023-07-01,Delivered,Debit Card,99.0
O001717,C00545,2024-12-25,Delivered,upi,0.0
O013960,C04641,2024-08-02,Delivered,Debit Card,99.0
O001220,C00400,2024-02-10,Delivered,Credit Card,0.0
O000206,C00102,2025-02-17,delivered,upi,0.0
O012805,C04264,2024-10-21,returned,Debit Card,0.0
O016241,C05356,2024-12-04,Delivered,COD,99.0
O017638,C05819,2024-09-20,Delivered,upi,0.0
O013410,C04465,2024-06-21,Returned,Debit Card,0.0
O014643,C04828,2025-07-07,Delivered,upi,40.0
O016034,C05272,2023-11-19,Delivered,Net Banking,0.0
O007455,C02491,2025-01-12,Delivered,COD,99.0
O015273,C05031,2025-06-07,Delivered,upi,0.0
O002240,C00707,2024-12-15,Delivered,Debit Card,60.0
O007324,C02448,2025-05-22,delivered,Credit Card,60.0
O014247,C04717,2025-05-23,Delivered,upi,99.0
O017929,C05893,2024-06-27,Delivered,Credit Card,0.0
O010564,C03509,2025-01-25,Delivered,upi,99.0
O014059,C04663,2025-06-24,Delivered,upi,40.0
O007361,C02462,2023-11-27,Returned,upi,60.0
O002543,C00807,2025-05-16,Delivered,upi,0.0
O009687,C03182,2024-06-19,Delivered,COD,60.0
O012209,C04116,2025-05-05,Delivered,COD,60.0
O013451,C04472,2023-07-06,Delivered,upi,99.0
O000738,C00280,2024-12-21,Delivered,Credit Card,0.0
O014665,C04838,2024-04-08,Returned,COD,60.0
O014035,C04657,2024-08-24,Delivered,Debit Card,0.0
O016411,C05408,2024-12-28,Delivered,,40.0
O002457,C00781,2024-09-19,Delivered,upi,0.0
O007684,C02543,2023-02-25,Delivered,COD,0.0
O017531,C05783,2023-11-17,Delivered,CREDIT CARD,60.0
O011479,C03843,2023-12-05,Delivered,upi,99.0
O008941,C02941,2023-10-24,Delivered,DEBIT CARD,99.0
O001141,C00391,2024-10-19,Delivered,upi,0.0
O004707,C01564,2025-09-11,Delivered,Debit Card,0.0
O012230,C04122,2023-12-30,Delivered,upi,99.0
O011905,C03997,2024-12-18,Delivered,Credit Card,0.0
O000208,C00104,2024-11-22,Delivered,upi,99.0
O009627,C03155,2024-12-06,Delivered,upi,0.0
O001655,C00521,2024-08-11,Delivered,COD,60.0
O007462,C02493,2025-02-06,Delivered,upi,0.0
O010381,C03444,2024-08-31,delivered,COD,99.0
O018009,C05921,2024-07-14,Delivered,upi,99.0
O006967,C02324,2023-04-22,Delivered,COD,40.0
O009648,C03160,2024-12-18,Delivered,upi,40.0
O012699,C04234,2024-04-22,Returned,Credit Card,0.0
O016043,C05273,2024-11-22,Delivered,DEBIT CARD,0.0
O009709,C03190,2023-09-07,Delivered,upi,40.0
O003573,C01153,2025-06-17,Delivered,UPI,0.0
O012141,C04087,2024-02-11,Delivered,COD,60.0
O007425,C02475,2025-02-10,Delivered,upi,99.0
O013477,C04488,2024-10-25,Delivered,COD,0.0
O010375,C03444,2023-10-03,Delivered,Debit Card,0.0
O013832,C04584,2024-08-16,Returned,Debit Card,0.0
O018210,C05985,2025-07-16,Delivered,upi,0.0
O007070,C02368,2024-01-12,Delivered,upi,40.0
O007491,C02503,2024-08-12,Delivered,upi,99.0
O016126,C05310,2024-06-06,Returned,upi,0.0
O006263,C02054,2024-11-17,Delivered,Debit Card,99.0
O012846,C04284,2024-08-31,Delivered,upi,0.0
O010079,C03318,2025-09-25,Delivered,upi,40.0
O013066,C04350,2025-06-16,Delivered,upi,60.0
O011511,C03843,2025-04-26,Delivered,Net Banking,99.0
O010104,C03329,2024-10-19,Delivered,upi,0.0
O011414,C03815,2025-02-12,Delivered,upi,0.0
O007714,C02545,2024-08-04,Delivered,Credit Card,60.0
O015754,C05192,2025-03-29,Delivered,COD,60.0
O009509,C03115,2023-02-21,Returned,Net Banking,60.0
O001948,C00604,2025-06-05,Delivered,Credit Card,99.0
O016554,C05457,2024-11-26,Delivered,upi,40.0
O002819,C00889,2024-08-05,Delivered,Credit Card,0.0
O005220,C01736,2024-01-21,Delivered,Credit Card,40.0
O013956,C04639,2025-06-18,Returned,upi,99.0
O010974,C03642,2023-04-13,Delivered,COD,0.0
O010198,C03363,2024-02-23,Delivered,Credit Card,99.0
O001036,C00362,2024-10-12,Delivered,Net Banking,60.0
O016620,C05484,2023-12-05,Delivered,Net Banking,0.0
O011910,C03999,2025-05-22,Delivered,Credit Card,60.0
O017825,C05865,2023-02-19,Delivered,COD,40.0
O012226,C04122,2023-11-03,Delivered,Debit Card,0.0
O006593,C02180,2025-01-02,Delivered,Net Banking,60.0
O015784,C05207,2024-03-23,Delivered,Debit Card,40.0
O008537,C02827,2025-09-15,Delivered,upi,0.0
O014208,C04716,2024-06-22,Delivered,upi,60.0
O001929,C00596,2023-06-25,Delivered,Credit Card,0.0
O014136,C04698,2024-10-20,Delivered,,40.0
O003278,C01037,2025-01-20,Delivered,upi,0.0
O009404,C03093,2024-08-19,Delivered,Debit Card,0.0
O012580,C04207,2025-01-13,Delivered,Credit Card,0.0
O002353,C00756,2023-09-12,Cancelled,Credit Card,0.0
O015956,C05258,2023-09-18,Delivered,Credit Card,40.0
O015980,C05260,2025-07-03,Delivered,Credit Card,0.0
O003022,C00957,2024-03-13,delivered,Debit Card,99.0
O018190,C05975,2024-08-14,Delivered,upi,60.0
O012443,C04166,2024-07-18,Delivered,upi,0.0
O012129,C04082,2024-06-18,Delivered,Net Banking,0.0
O009056,C02977,2023-01-12,Delivered,Debit Card,40.0
O016077,C05290,2024-11-11,Delivered,upi,99.0
O005109,C01697,2024-11-22,Delivered,COD,60.0
O011506,C03843,2025-01-27,Delivered,Net Banking,0.0
O000325,C00138,2025-01-05,Delivered,upi,0.0
O003342,C01065,2025-06-28,Delivered,Debit Card,99.0
O000291,C00129,2023-12-27,Delivered,upi,0.0
O014233,C04717,2024-05-16,Delivered,Debit Card,40.0
O013323,C04436,2025-01-20,Delivered,Debit Card,0.0
O003521,C01132,2024-10-24,delivered,Credit Card,99.0
O013705,C04548,2024-11-11,Delivered,upi,60.0
O014810,C04885,2023-12-12,Returned,COD,40.0
O015716,C05173,2024-09-30,Returned,Credit Card,0.0
O006101,C02030,2023-12-10,Delivered,upi,60.0
O012731,C04234,2025-05-01,Delivered,upi,60.0
O017075,C05616,2024-11-09,Returned,COD,40.0
O008278,C02739,2025-09-03,Delivered,Debit Card,0.0
O004457,C01490,2023-09-08,Delivered,,0.0
O005222,C01736,2024-04-18,Delivered,Credit Card,40.0
O005144,C01708,2023-12-06,Delivered,COD,0.0
O018180,C05970,2024-04-26,Delivered,COD,0.0
O009114,C03000,2023-06-17,delivered,COD,60.0
O016803,C05543,2024-09-12,Delivered,Credit Card,0.0
O016214,C05344,2023-10-24,Delivered,upi,60.0
O006803,C02249,2025-07-31,Delivered,Credit Card,60.0
O013300,C04428,2024-05-23,Returned,upi,0.0
O008513,C02818,2025-09-28,Delivered,,0.0
O006468,C02138,2024-09-18,Cancelled,Net Banking,60.0
O008521,C02819,2025-05-25,Delivered,Net Banking,99.0
O002731,C00866,2025-05-28,Returned,COD,40.0
O007446,C02484,2025-01-25,Delivered,upi,60.0
O015717,C05173,2024-10-10,Delivered,upi,99.0
O014447,C04781,2024-10-29,Delivered,COD,60.0
O002134,C00665,2025-02-12,Delivered,upi,40.0
O000021,C00010,2025-01-01,Delivered,Debit Card,0.0
O008843,C02926,2023-11-09,Delivered,upi,40.0
O011297,C03763,2025-02-13,Delivered,Credit Card,99.0
O009038,C02966,2024-11-01,Delivered,Debit Card,0.0
O005835,C01940,2025-06-08,Delivered,upi,99.0
O016467,C05416,2024-12-21,Delivered,upi,0.0
O003388,C01084,2025-05-29,Delivered,upi,60.0
O005461,C01814,2025-07-03,Delivered,upi,0.0
O002326,C00747,2024-02-29,Delivered,upi,40.0
O003618,C01176,2024-06-22,Cancelled,,0.0
O012135,C04084,2024-07-19,Delivered,upi,0.0
O002837,C00898,2024-09-04,Delivered,Debit Card,60.0
O003533,C01137,2024-08-20,Delivered,Debit Card,0.0
O013135,C04368,2025-03-05,Cancelled,Credit Card,0.0
O011416,C03817,2024-09-23,Delivered,Credit Card,99.0
O012195,C04110,2024-12-28,Delivered,Credit Card,60.0
O000114,C00061,2025-09-25,Delivered,Debit Card,60.0
O014126,C04696,2025-03-11,Delivered,upi,0.0
O012339,C04142,2025-03-31,delivered,upi,60.0
O007817,C02564,2025-04-26,Delivered,upi,40.0
O007256,C02424,2025-07-29,Delivered,upi,40.0
O001719,C00546,2025-05-03,Delivered,Credit Card,0.0
O005999,C01996,2024-02-20,Delivered,upi,60.0
O013270,C04421,2024-06-08,Delivered,UPI,0.0
O003565,C01149,2024-12-05,Delivered,COD,0.0
O005684,C01885,2023-03-27,Delivered,Credit Card,99.0
O001526,C00483,2025-05-22,Delivered,upi,40.0
O002260,C00714,2023-10-09,Delivered,Net Banking,99.0
O010070,C03313,2024-09-20,Delivered,upi,60.0
O001911,C00592,2025-02-09,Delivered,upi,40.0
O000088,C00046,2025-06-13,Delivered,upi,0.0
O014634,C04823,2025-07-05,Returned,upi,99.0
O015769,C05201,2024-10-25,Delivered,Credit Card,99.0
O005264,C01747,2024-06-04,Delivered,Credit Card,0.0
O006802,C02249,2025-07-25,Delivered,Debit Card,0.0
O010527,C03497,2025-01-03,Delivered,Debit Card,60.0
O008015,C02635,2025-02-05,Delivered,upi,60.0
O009689,C03184,2023-08-10,Returned,Debit Card,40.0
O017193,C05661,2024-08-27,Delivered,upi,60.0
O002647,C00834,2024-07-16,Delivered,upi,60.0
O008840,C02925,2025-08-15,Delivered,upi,0.0
O006597,C02180,2025-06-19,Delivered,Credit Card,60.0
O002310,C00738,2025-07-11,Delivered,CREDIT CARD,0.0
O007276,C02431,2025-03-08,Delivered,Net Banking,0.0
O005077,C01694,2023-02-27,Delivered,upi,0.0
O012371,C04153,2024-08-23,Delivered,Credit Card,99.0
O000352,C00146,2024-12-25,Delivered,upi,60.0
O002396,C00766,2025-03-10,Delivered,upi,0.0
O008472,C02810,2023-11-11,Delivered,upi,0.0
O011512,C03843,2025-07-07,Delivered,upi,99.0
O000479,C00182,2024-11-15,Delivered,Debit Card,99.0
O011691,C03905,2025-07-06,Delivered,upi,40.0
O013239,C04403,2024-06-16,Delivered,COD,40.0
O015820,C05216,2024-07-02,Returned,upi,0.0
O016075,C05290,2024-05-06,Delivered,Credit Card,0.0
O004936,C01646,2024-07-08,Delivered,COD,0.0
O005641,C01870,2025-04-23,Delivered,Debit Card,60.0
O014840,C04889,2024-05-13,Cancelled,Debit Card,0.0
O008406,C02791,2025-04-13,Delivered,upi,60.0
O004459,C01490,2025-07-06,Delivered,Debit Card,0.0
O010943,C03634,2023-08-20,Delivered,upi,40.0
O000232,C00105,2025-03-11,Delivered,Net Banking,0.0
O015536,C05130,2023-10-20,Delivered,Net Banking,40.0
O012134,C04084,2024-03-06,Delivered,upi,99.0
O013369,C04450,2025-08-20,delivered,Credit Card,0.0
O011364,C03790,2024-09-21,Delivered,upi,0.0
O016421,C05408,2025-05-27,Delivered,upi,0.0
O006599,C02181,2025-07-26,Delivered,COD,0.0
O000742,C00280,2025-06-30,Delivered,upi,60.0
O002114,C00659,2024-03-04,Delivered,Debit Card,40.0
O015269,C05031,2025-02-16,Delivered,Credit Card,0.0
O010358,C03437,2024-03-20,Delivered,Credit Card,0.0
O012144,C04088,2025-08-01,Delivered,Debit Card,0.0
O002839,C00900,2023-04-19,Delivered,COD,0.0
O005535,C01832,2024-10-03,Delivered,Debit Card,0.0
O001416,C00449,2024-02-18,Delivered,upi,60.0
O016876,C05564,2025-06-27,Cancelled,Net Banking,0.0
O012250,C04123,2023-11-24,Delivered,upi,40.0
O011187,C03718,2025-02-09,Delivered,upi,0.0
O006159,C02041,2024-04-15,Delivered,COD,40.0
O009218,C03024,2025-01-21,Delivered,upi,0.0
O014572,C04810,2024-04-02,Delivered,Credit Card,40.0
O000947,C00338,2023-11-02,Delivered,Credit Card,40.0
O008085,C02659,2025-01-18,Delivered,Net Banking,0.0
O018091,C05939,2024-09-25,Delivered,upi,99.0
O015783,C05207,2024-01-27,Delivered,COD,60.0
O012081,C04066,2024-01-30,Delivered,upi,0.0
O013446,C04471,2025-08-31,Delivered,upi,99.0
O010505,C03484,2024-02-23,Delivered,upi,0.0
O009945,C03278,2024-07-09,Returned,NET BANKING,99.0
O010449,C03461,2023-03-11,Delivered,upi,0.0
O004151,C01368,2024-04-10,Delivered,upi,0.0
O006757,C02240,2024-08-18,Delivered,upi,0.0
O005427,C01804,2025-09-29,Delivered,upi,40.0
O016292,C05372,2024-07-18,Delivered,CREDIT CARD,40.0
O006212,C02046,2024-03-20,Delivered,upi,0.0
O002496,C00792,2024-02-11,Delivered,Credit Card,99.0
O014931,C04916,2024-11-30,Delivered,COD,0.0
O017256,C05686,2024-02-06,delivered,Credit Card,0.0
O002443,C00778,2025-07-17,Delivered,,0.0
O013664,C04536,2024-12-22,Delivered,upi,40.0
O012052,C04056,2025-09-22,Delivered,COD,60.0
O016557,C05457,2025-04-23,Delivered,Debit Card,99.0
O009339,C03068,2023-07-23,Delivered,upi,40.0
O004526,C01522,2025-06-10,Cancelled,,0.0
O000080,C00039,2025-04-14,Delivered,Debit Card,60.0
O014594,C04812,2024-09-13,Delivered,COD,99.0
O016428,C05411,2024-03-01,Delivered,COD,0.0
O011790,C03954,2024-12-21,Delivered,Debit Card,99.0
O008512,C02817,2025-09-08,Delivered,upi,0.0
O012183,C04103,2024-04-02,Delivered,upi,40.0
O001517,C00481,2025-05-12,Returned,upi,99.0
O012512,C04186,2024-12-24,Returned,Net Banking,99.0
O001287,C00419,2023-08-27,Delivered,Credit Card,60.0
O016589,C05469,2025-05-24,Delivered,,60.0
O015188,C05006,2023-10-25,Delivered,COD,0.0
O013073,C04352,2025-07-25,Delivered,upi,60.0
O002036,C00624,2024-09-08,Delivered,Credit Card,0.0
O001062,C00370,2025-07-17,Delivered,upi,0.0
O009831,C03250,2024-08-17,Delivered,COD,0.0
O009029,C02964,2025-02-24,Returned,Debit Card,0.0
O012289,C04133,2024-10-28,Delivered,upi,60.0
O011986,C04027,2025-08-18,Delivered,upi,60.0
O000936,C00337,2025-02-24,Delivered,upi,40.0
O008205,C02706,2023-12-09,Delivered,upi,0.0
O007607,C02526,2023-11-26,Returned,Credit Card,0.0
O013797,C04572,2025-05-25,Delivered,COD,0.0
O008998,C02963,2023-09-17,Delivered,Debit Card,99.0
O010239,C03390,2024-10-03,Delivered,Credit Card,0.0
O001528,C00483,2025-09-01,Delivered,Net Banking,40.0
O001904,C00592,2024-06-13,Returned,COD,99.0
O012875,C04290,2024-09-20,Delivered,upi,0.0
O010880,C03616,2024-05-17,Delivered,Debit Card,0.0
O013134,C04368,2024-09-27,Cancelled,Credit Card,0.0
O001619,C00507,2024-09-27,Delivered,Credit Card,99.0
O010893,C03619,2025-03-06,Delivered,Credit Card,0.0
O008281,C02741,2025-04-18,Returned,COD,40.0
O009314,C03055,2025-01-28,Delivered,COD,0.0
O003937,C01300,2023-10-16,Delivered,upi,0.0
O000099,C00054,2024-01-27,Delivered,COD,60.0
O017651,C05820,2025-03-12,Delivered,upi,40.0
O004152,C01368,2024-11-30,Delivered,Net Banking,60.0
O002589,C00822,2025-06-29,Delivered,upi,40.0
O002201,C00697,2025-03-20,Delivered,UPI,99.0
O012327,C04140,2024-12-31,Delivered,,60.0
O016275,C05371,2023-06-18,Delivered,upi,99.0
O013002,C04326,2025-01-27,Delivered,upi,0.0
O018211,C05986,2023-12-13,Delivered,Net Banking,99.0
O001552,C00495,2024-09-28,Delivered,COD,0.0
O004908,C01643,2024-01-10,cancelled,Debit Card,40.0
O013368,C04449,2025-08-11,Delivered,upi,40.0
O007520,C02510,2024-08-13,Delivered,Debit Card,99.0
O010356,C03437,2023-05-07,Returned,Debit Card,0.0
O001483,C00467,2023-11-20,Delivered,upi,0.0
O013306,C04430,2025-04-09,Delivered,upi,0.0
O002538,C00807,2024-09-25,Delivered,COD,0.0
O003287,C01040,2025-09-10,Returned,Debit Card,99.0
O011172,C03706,2025-02-20,Delivered,Net Banking,40.0
O017896,C05882,2023-09-10,Delivered,Net Banking,99.0
O014449,C04782,2023-04-20,Delivered,Debit Card,60.0
O017850,C05869,2024-12-02,Delivered,upi,99.0
O012938,C04299,2024-07-01,Delivered,upi,99.0
O014886,C04902,2024-12-17,Delivered,Credit Card,0.0
O002124,C00662,2025-01-01,Delivered,upi,0.0
O006378,C02104,2025-02-07,Delivered,upi,40.0
O005186,C01724,2025-09-12,Delivered,Credit Card,99.0
O014869,C04899,2024-02-17,Delivered,,0.0
O016565,C05460,2024-12-05,Delivered,,0.0
O016234,C05356,2023-04-25,Delivered,Credit Card,0.0
O001765,C00559,2023-12-15,Delivered,upi,40.0
O003775,C01234,2025-06-10,Returned,Credit Card,0.0
O015960,C05258,2024-01-07,Delivered,upi,40.0
O006490,C02146,2025-08-08,Delivered,upi,99.0
O005369,C01783,2024-03-18,Delivered,upi,0.0
O015147,C04988,2025-08-22,Delivered,Debit Card,0.0
O000051,C00025,2025-05-13,Delivered,Credit Card,60.0
O015085,C04965,2023-12-18,Delivered,upi,0.0
O014406,C04768,2024-11-13,Delivered,upi,0.0
O016102,C05300,2024-04-11,Delivered,upi,0.0
O002412,C00772,2024-01-23,Delivered,Debit Card,99.0
O010369,C03441,2024-09-14,Delivered,Net Banking,99.0
O004204,C01388,2023-08-15,Delivered,Net Banking,40.0
O008589,C02847,2024-07-09,Delivered,Credit Card,40.0
O006925,C02297,2025-06-21,Delivered,Debit Card,40.0
O004515,C01518,2025-09-17,Delivered,Net Banking,40.0
O010914,C03624,2023-08-29,Delivered,Debit Card,60.0
O003541,C01140,2024-03-09,Returned,COD,99.0
O017534,C05783,2024-04-17,Delivered,upi,99.0
O008672,C02874,2024-01-15,Delivered,COD,60.0
O013398,C04461,2025-08-17,Delivered,Credit Card,0.0
O003133,C00996,2024-04-28,Returned,Net Banking,0.0
O001916,C00593,2025-08-20,Delivered,Net Banking,0.0
O002374,C00756,2025-05-08,Cancelled,Net Banking,0.0
O011613,C03872,2023-10-11,Cancelled,upi,0.0
O013225,C04398,2025-04-29,Delivered,Credit Card,60.0
O003369,C01081,2025-05-09,Delivered,COD,0.0
O000976,C00348,2025-07-19,Delivered,Net Banking,0.0
O005761,C01907,2024-09-03,Delivered,upi,60.0
O004031,C01324,2025-09-18,delivered,Debit Card,60.0
O016306,C05372,2025-02-15,Delivered,CREDIT CARD,40.0
O011976,C04025,2025-01-16,Delivered,upi,99.0
O010826,C03592,2024-09-05,Delivered,Credit Card,0.0
O014602,C04815,2024-07-14,Delivered,COD,99.0
O005602,C01854,2024-09-27,Delivered,Credit Card,60.0
O017404,C05734,2024-03-27,Delivered,upi,40.0
O010955,C03638,2024-07-21,Delivered,upi,40.0
O016264,C05365,2025-02-05,Delivered,upi,99.0
O002351,C00755,2025-06-03,Delivered,COD,0.0
O002893,C00908,2024-11-19,Delivered,Credit Card,99.0
O018058,C05936,2024-03-25,Delivered,COD,0.0
O016603,C05473,2025-02-04,Delivered,Credit Card,0.0
O009516,C03115,2023-09-04,Returned,upi,40.0
O011701,C03912,2023-04-12,returned,Debit Card,40.0
O012573,C04206,2024-01-14,Delivered,Credit Card,60.0
O008514,C02819,2023-08-19,Delivered,upi,99.0
O011256,C03747,2023-11-04,Delivered,Debit Card,40.0
O007150,C02387,2024-06-02,Delivered,Credit Card,99.0
O013712,C04552,2024-08-23,Delivered,Net Banking,0.0
O014098,C04683,2024-06-22,Delivered,Net Banking,0.0
O015018,C04945,2024-07-09,delivered,COD,60.0
O011097,C03670,2025-09-19,Returned,,60.0
O011357,C03784,2024-08-05,Delivered,upi,0.0
O003000,C00949,2024-10-05,Delivered,CREDIT CARD,60.0
O001814,C00575,2024-09-25,Delivered,COD,0.0
O011119,C03681,2025-04-17,Delivered,COD,0.0
O000302,C00131,2023-12-05,Delivered,Net Banking,0.0
O000372,C00152,2025-04-01,Delivered,Debit Card,60.0
O002141,C00668,2024-12-02,Returned,upi,60.0
O011892,C03994,2024-03-03,Delivered,upi,0.0
O012822,C04273,2024-11-20,Delivered,Credit Card,0.0
O011646,C03883,2024-11-20,Delivered,COD,99.0
O013744,C04561,2025-03-15,Returned,COD,0.0
O013645,C04530,2024-11-09,Delivered,CREDIT CARD,40.0
O013555,C04502,2025-07-17,Delivered,Net Banking,0.0
O000948,C00338,2023-11-10,Delivered,upi,60.0
O013888,C04614,2023-11-12,Delivered,upi,40.0
O010747,C03574,2024-10-19,Delivered,Credit Card,0.0
O009553,C03128,2024-07-24,Delivered,Debit Card,0.0
O011320,C03772,2024-10-11,Delivered,upi,60.0
O013038,C04338,2023-03-17,Delivered,Credit Card,60.0
O004260,C01411,2025-07-10,Delivered,upi,40.0
O009049,C02972,2023-05-04,Delivered,Debit Card,60.0
O000052,C00025,2025-05-17,Delivered,upi,0.0
O017642,C05820,2024-11-01,Delivered,Debit Card,60.0
O009806,C03239,2024-09-21,Delivered,COD,0.0
O002547,C00809,2023-07-20,Delivered,Debit Card,0.0
O010211,C03373,2025-02-03,Delivered,upi,40.0
O016472,C05416,2025-08-12,Delivered,Credit Card,0.0
O004904,C01641,2025-01-04,Delivered,upi,0.0
O012659,C04230,2024-12-18,Delivered,upi,40.0
O003817,C01248,2025-02-05,Delivered,upi,40.0
O001751,C00554,2023-10-23,Delivered,Credit Card,40.0
O008225,C02715,2024-12-16,Delivered,Credit Card,0.0
O016978,C05594,2024-12-21,Delivered,Credit Card,0.0
O013501,C04494,2024-04-19,Delivered,upi,40.0
O000620,C00229,2025-03-26,Delivered,upi,99.0
O014019,C04655,2024-03-02,Delivered,Debit Card,60.0
O016625,C05487,2025-01-17,Delivered,Credit Card,0.0
O010484,C03477,2025-03-17,delivered,upi,0.0
O007439,C02481,2025-09-13,Delivered,upi,0.0
O015518,C05124,2024-07-14,Delivered,Debit Card,60.0
O004792,C01592,2024-04-06,Returned,UPI,40.0
O016673,C05497,2024-04-12,Delivered,Debit Card,99.0
O004583,C01539,2024-05-20,Delivered,CREDIT CARD,60.0
O013359,C04448,2023-09-17,Delivered,COD,99.0
O009976,C03289,2025-03-09,Delivered,Debit Card,0.0
O009421,C03095,2023-01-15,Delivered,Debit Card,0.0
O005316,C01766,2024-01-23,Cancelled,upi,40.0
O004403,C01461,2025-05-18,Returned,COD,60.0
O014163,C04710,2023-07-07,Delivered,Credit Card,0.0
O010455,C03465,2025-08-24,Delivered,upi,0.0
O005964,C01979,2024-05-10,Returned,Debit Card,0.0
O006063,C02016,2023-08-06,Delivered,COD,40.0
O001105,C00384,2025-01-16,delivered,Net Banking,60.0
O006666,C02212,2025-01-16,Delivered,Debit Card,99.0
O017965,C05903,2025-08-15,Delivered,Debit Card,40.0
O016437,C05411,2025-04-30,Delivered,upi,0.0
O005851,C01945,2025-01-10,Delivered,Debit Card,60.0
O006722,C02232,2024-11-19,Delivered,COD,0.0
O009535,C03117,2024-07-23,Delivered,Credit Card,40.0
O000506,C00193,2025-02-04,Delivered,COD,40.0
O009962,C03281,2025-01-19,Delivered,Credit Card,0.0
O008040,C02643,2024-03-09,Delivered,upi,60.0
O016514,C05434,2024-10-26,Delivered,upi,99.0
O007697,C02545,2023-08-16,Delivered,Credit Card,40.0
O015311,C05046,2025-08-04,Delivered,upi,60.0
O003719,C01218,2024-11-04,Delivered,upi,60.0
O009909,C03265,2025-02-06,Delivered,upi,99.0
O000507,C00193,2025-02-13,Returned,upi,0.0
O004476,C01501,2023-09-28,Delivered,Credit Card,0.0
O002120,C00660,2023-08-15,Cancelled,Net Banking,60.0
O016753,C05528,2025-05-24,delivered,upi,40.0
O003197,C01017,2024-12-19,Returned,Net Banking,99.0
O017432,C05745,2024-10-13,Cancelled,Credit Card,60.0
O004370,C01448,2024-09-21,Delivered,upi,40.0
O002305,C00735,2024-12-19,Delivered,Debit Card,0.0
O017159,C05660,2024-07-05,Delivered,COD,99.0
O008296,C02749,2025-06-24,Delivered,COD,0.0
O001586,C00498,2025-09-08,Delivered,upi,0.0
O010818,C03588,2025-01-09,Delivered,upi,0.0
O008529,C02823,2024-03-16,Delivered,,99.0
O003589,C01164,2025-02-19,Delivered,Credit Card,40.0
O012615,C04219,2024-04-13,Delivered,COD,0.0
O012602,C04217,2025-09-29,Delivered,COD,0.0
O007310,C02447,2025-05-20,Delivered,Credit Card,99.0
O012803,C04264,2023-11-07,Delivered,upi,0.0
O010460,C03469,2024-10-17,Delivered,Credit Card,0.0
O014037,C04657,2024-09-24,Delivered,Net Banking,60.0
O000983,C00354,2024-11-30,Delivered,COD,40.0
O005944,C01971,2024-03-20,Delivered,Debit Card,60.0
O015688,C05170,2024-05-27,Returned,upi,0.0
O002661,C00835,2024-09-05,Delivered,Debit Card,60.0
O011230,C03734,2024-10-28,Delivered,Net Banking,60.0
O010984,C03647,2025-09-18,Delivered,Credit Card,60.0
O001972,C00609,2024-12-21,Delivered,upi,0.0
O007847,C02580,2025-01-18,Delivered,Debit Card,0.0
O013891,C04616,2025-03-13,Delivered,upi,99.0
O018177,C05968,2025-08-01,Delivered,Net Banking,40.0
O015731,C05178,2024-01-08,Delivered,Net Banking,0.0
O009944,C03278,2024-06-06,Delivered,Debit Card,0.0
O012111,C04074,2025-09-15,Delivered,COD,0.0
O010259,C03396,2025-02-02,Delivered,upi,40.0
O005055,C01686,2024-11-08,Delivered,Debit Card,40.0
O015102,C04972,2024-07-02,Returned,UPI,0.0
O010512,C03489,2024-10-01,delivered,Credit Card,40.0
O013825,C04578,2024-12-29,Delivered,COD,60.0
O013897,C04618,2023-09-28,Delivered,Credit Card,0.0
O005862,C01949,2025-06-01,Delivered,upi,0.0
O000103,C00056,2024-06-03,Delivered,Credit Card,60.0
O007539,C02516,2024-11-21,cancelled,upi,60.0
O014632,C04823,2025-03-16,Delivered,upi,0.0
O016153,C05323,2023-12-25,Delivered,upi,40.0
O007091,C02377,2024-09-09,Delivered,upi,40.0
O000934,C00337,2025-01-29,Delivered,upi,40.0
O011041,C03664,2023-08-27,Delivered,upi,99.0
O000427,C00167,2024-07-12,Delivered,upi,60.0
O010216,C03376,2024-08-12,Delivered,Credit Card,0.0
O014978,C04923,2025-09-13,Delivered,upi,99.0
O004975,C01656,2025-09-05,Delivered,COD,0.0
O001786,C00564,2023-06-26,Delivered,COD,40.0
O015826,C05219,2023-06-05,Returned,Debit Card,0.0
O007601,C02526,2023-06-25,Delivered,upi,99.0
O015839,C05220,2024-05-18,Returned,upi,40.0
O014552,C04806,2025-04-25,Delivered,COD,60.0
O011141,C03693,2024-09-14,Delivered,,0.0
O017285,C05699,2025-04-18,Delivered,Credit Card,40.0
O007779,C02554,2024-03-16,Delivered,COD,0.0
O013002,C04326,2025-01-27,delivered,upi,0.0
O014420,C04773,2025-05-18,Delivered,COD,60.0
O005148,C01708,2024-08-05,Delivered,upi,40.0
O014432,C04778,2024-02-12,Returned,COD,99.0
O012239,C04122,2025-01-22,Delivered,COD,99.0
O007443,C02484,2024-07-10,Delivered,upi,40.0
O007813,C02564,2023-04-04,Returned,Credit Card,99.0
O015175,C05001,2024-01-10,Delivered,Net Banking,99.0
O005887,C01952,2024-04-19,Delivered,upi,0.0
O000704,C00269,2025-09-14,Delivered,COD,60.0
O016238,C05356,2024-05-10,Cancelled,upi,99.0
O011722,C03921,2025-09-18,Delivered,Credit Card,0.0
O015141,C04987,2025-06-23,Delivered,COD,40.0
O006674,C02215,2024-07-20,Delivered,upi,40.0
O001035,C00361,2025-05-24,Delivered,COD,40.0
O000968,C00346,2024-10-21,Delivered,upi,0.0
O009395,C03091,2023-12-20,Returned,upi,0.0
O014401,C04766,2025-06-23,Delivered,upi,99.0
O006865,C02272,2025-04-12,Delivered,COD,99.0
O002879,C00907,2025-06-06,Cancelled,upi,0.0
O011868,C03987,2023-06-12,Delivered,upi,0.0
O012828,C04277,2023-11-18,Delivered,Debit Card,0.0
O015403,C05075,2024-05-17,Delivered,upi,99.0
O013881,C04612,2024-10-28,Cancelled,upi,0.0
O008775,C02902,2024-10-20,Delivered,Debit Card,40.0
O002636,C00831,2025-09-01,Delivered,COD,0.0
O004768,C01583,2024-08-16,Delivered,Credit Card,40.0
O001819,C00575,2025-02-05,Delivered,upi,0.0
O003242,C01027,2024-06-29,Returned,NET BANKING,0.0
O002486,C00785,2025-01-31,Delivered,COD,0.0
O012569,C04202,2023-12-27,Delivered,NET BANKING,0.0
O006131,C02040,2025-03-25,delivered,upi,99.0
O016948,C05586,2025-07-13,Cancelled,upi,0.0
O003221,C01026,2024-04-10,delivered,upi,0.0
O000681,C00252,2024-06-05,Returned,upi,40.0
O001968,C00609,2024-07-14,Delivered,UPI,40.0
O013346,C04445,2025-08-27,Delivered,Debit Card,99.0
O016878,C05566,2023-07-08,Delivered,upi,99.0
O004999,C01669,2024-10-25,Delivered,Credit Card,60.0
O004124,C01349,2025-05-28,Delivered,Debit Card,0.0
O005001,C01670,2024-06-26,Delivered,COD,0.0
O004836,C01608,2025-07-27,Delivered,upi,60.0
O002355,C00756,2023-11-05,Delivered,Net Banking,40.0
O000907,C00337,2023-11-13,Delivered,Debit Card,60.0
O010200,C03365,2024-06-22,Delivered,COD,40.0
O005775,C01912,2024-09-19,Delivered,Debit Card,99.0
O011847,C03976,2024-05-19,Delivered,upi,99.0
O012280,C04130,2023-03-27,Delivered,Credit Card,99.0
O008121,C02671,2025-08-27,Delivered,COD,0.0
O005249,C01744,2024-09-25,Delivered,COD,0.0
O009633,C03155,2025-02-15,Cancelled,upi,40.0
O002690,C00848,2024-10-06,Delivered,upi,40.0
O000902,C00337,2023-08-07,Delivered,Net Banking,40.0
O016659,C05492,2024-02-02,Delivered,Credit Card,40.0
O013803,C04577,2024-05-12,Delivered,upi,60.0
O005233,C01740,2023-12-07,Delivered,upi,60.0
O009759,C03218,2025-04-13,Delivered,COD,40.0
O000063,C00031,2023-08-26,delivered,upi,60.0
O000096,C00051,2024-11-09,Delivered,COD,99.0
O015822,C05216,2025-08-13,Delivered,UPI,40.0
O000215,C00105,2023-07-31,Delivered,Credit Card,0.0
O012784,C04255,2024-04-04,Delivered,Credit Card,40.0
O008235,C02721,2024-06-17,Delivered,COD,40.0
O013709,C04550,2024-11-07,Returned,Debit Card,99.0
O010144,C03342,2023-06-01,Delivered,Net Banking,40.0
O003433,C01099,2024-01-21,Delivered,upi,0.0
O013418,C04469,2024-09-08,Delivered,upi,99.0
O010983,C03646,2025-09-21,Delivered,NET BANKING,40.0
O011648,C03884,2024-10-29,Delivered,upi,40.0
O011480,C03843,2023-12-25,Delivered,Debit Card,60.0
O001962,C00609,2024-06-15,Delivered,Credit Card,0.0
O015470,C05105,2025-03-29,Delivered,upi,0.0
O002406,C00769,2024-11-06,Delivered,upi,99.0
O013204,C04394,2023-03-08,Delivered,upi,0.0
O003390,C01086,2024-07-12,Delivered,Net Banking,99.0
O012929,C04297,2025-05-25,Delivered,upi,40.0
O008848,C02926,2023-12-30,Delivered,Net Banking,99.0
O005398,C01793,2024-07-03,Delivered,Debit Card,0.0
O016150,C05321,2023-12-16,Delivered,Debit Card,99.0
O007203,C02402,2025-04-30,Delivered,Credit Card,60.0
O005538,C01832,2025-06-17,Delivered,Debit Card,40.0
O002799,C00883,2024-07-03,Delivered,upi,99.0
O008601,C02851,2025-02-27,Delivered,upi,0.0
O001832,C00581,2023-09-11,Delivered,upi,0.0
O001415,C00448,2024-12-20,Delivered,Credit Card,0.0
O000085,C00043,2025-02-28,Delivered,Credit Card,0.0
O012348,C04144,2024-07-12,Delivered,upi,40.0
O004738,C01578,2024-01-06,Delivered,Credit Card,0.0
O014584,C04812,2023-06-18,Delivered,Credit Card,99.0
O003968,C01304,2025-04-26,Delivered,upi,0.0
O014970,C04922,2025-06-25,Delivered,Credit Card,60.0
O007116,C02384,2024-05-07,Delivered,upi,60.0
O008972,C02953,2025-05-08,Delivered,upi,40.0
O003676,C01203,2024-07-04,Delivered,upi,0.0
O015346,C05055,2025-02-27,Cancelled,COD,99.0
O004435,C01475,2024-11-19,Delivered,upi,0.0
O017634,C05819,2024-03-26,Returned,Debit Card,0.0
O000024,C00012,2024-09-21,Delivered,upi,0.0
O006018,C01998,2024-10-27,delivered,,0.0
O016172,C05330,2024-10-22,Delivered,Net Banking,40.0
O006864,C02272,2024-10-16,Delivered,Credit Card,40.0
O013234,C04402,2024-04-25,Delivered,upi,0.0
O002202,C00697,2025-03-25,Delivered,upi,0.0
O000403,C00158,2025-07-21,Delivered,Debit Card,0.0
O001807,C00575,2024-01-19,Delivered,Credit Card,99.0
O008253,C02729,2025-05-18,Returned,upi,99.0
O005386,C01787,2024-02-03,Delivered,Net Banking,99.0
O017655,C05820,2025-07-19,Delivered,COD,40.0
O011071,C03667,2023-12-25,Delivered,Debit Card,0.0
O017147,C05656,2025-05-19,Delivered,Debit Card,99.0
O015312,C05046,2025-08-05,Delivered,Credit Card,0.0
O008590,C02847,2025-01-24,Delivered,COD,0.0
O006884,C02278,2025-08-17,Delivered,COD,0.0
O000785,C00300,2024-11-22,Delivered,COD,0.0
O017146,C05655,2025-06-13,Delivered,NET BANKING,60.0
O009076,C02986,2024-02-03,Delivered,upi,0.0
O012934,C04297,2025-07-24,Delivered,COD,60.0
O007711,C02545,2024-05-11,Delivered,Net Banking,0.0
O001842,C00581,2025-08-01,Delivered,upi,99.0
O011931,C04008,2025-06-01,Delivered,upi,0.0
O010808,C03585,2024-09-13,Delivered,upi,60.0
O013280,C04421,2025-04-08,Delivered,Debit Card,60.0
O011447,C03832,2024-10-17,Delivered,upi,40.0
O012124,C04080,2023-11-09,Delivered,Debit Card,0.0
O013360,C04448,2023-10-29,Delivered,Net Banking,60.0
O007605,C02526,2023-10-21,Delivered,Debit Card,99.0
O004531,C01525,2024-09-27,Delivered,Debit Card,99.0
O002751,C00873,2024-02-20,Delivered,COD,60.0
O004327,C01432,2024-09-21,delivered,upi,99.0
O006888,C02281,2024-10-12,Delivered,Net Banking,99.0
O006284,C02062,2025-09-24,Delivered,Debit Card,99.0
O005383,C01786,2023-11-16,Delivered,Credit Card,60.0
O014370,C04759,2023-04-07,Delivered,Credit Card,40.0
O013513,C04496,2024-04-24,Delivered,DEBIT CARD,40.0
O006654,C02204,2024-06-07,Delivered,Net Banking,99.0
O006897,C02285,2024-03-29,Delivered,upi,0.0
O003945,C01300,2024-07-08,Delivered,upi,60.0
O007004,C02336,2024-08-28,Delivered,Credit Card,0.0
O004067,C01338,2025-05-06,Delivered,UPI,0.0
O013861,C04600,2025-09-09,Delivered,Credit Card,40.0
O008642,C02864,2023-06-06,Delivered,Net Banking,0.0
O010823,C03591,2024-08-14,Delivered,upi,40.0
O013845,C04592,2023-08-02,Delivered,COD,40.0
O012336,C04142,2024-03-02,Delivered,COD,0.0
O004375,C01448,2025-08-31,Delivered,upi,0.0
O007225,C02410,2023-09-03,Delivered,Net Banking,0.0
O004079,C01342,2023-11-15,Delivered,upi,0.0
O013988,C04644,2025-01-10,Delivered,Credit Card,40.0
O010251,C03394,2025-09-25,Delivered,COD,60.0
O009674,C03174,2023-09-10,Delivered,,0.0
O015649,C05159,2025-03-03,Delivered,COD,40.0
O006684,C02217,2024-11-19,Delivered,Credit Card,99.0
O004388,C01454,2025-02-12,Delivered,upi,0.0
O011100,C03672,2024-10-12,Delivered,upi,0.0
O000572,C00211,2023-11-17,Delivered,Credit Card,40.0
O013816,C04577,2025-06-20,Delivered,Credit Card,0.0
O016924,C05580,2024-01-18,Returned,Debit Card,99.0
O001668,C00530,2024-04-05,Delivered,Credit Card,0.0
O003779,C01238,2024-02-18,Delivered,Debit Card,0.0
O008841,C02926,2023-08-23,Delivered,Debit Card,40.0
O010145,C03342,2025-08-29,Delivered,UPI,0.0
O000213,C00105,2023-07-02,Delivered,upi,99.0
O009719,C03195,2025-01-28,Delivered,UPI,99.0
O010795,C03583,2025-04-06,Delivered,upi,60.0
O009703,C03188,2024-06-25,Delivered,Credit Card,99.0
O005810,C01933,2024-10-07,Delivered,Credit Card,40.0
O005313,C01766,2023-09-01,Delivered,Net Banking,0.0
O007193,C02399,2023-09-08,Delivered,upi,0.0
O005555,C01833,2025-05-13,Returned,upi,40.0
O017150,C05658,2024-07-28,Delivered,COD,0.0
O005816,C01934,2025-03-18,Delivered,upi,40.0
O000201,C00099,2025-05-18,Delivered,Net Banking,0.0
O012666,C04232,2023-11-05,Delivered,COD,0.0
O005707,C01889,2024-03-03,Delivered,COD,40.0
O014219,C04716,2025-01-08,Delivered,upi,99.0
O010125,C03332,2025-06-18,Delivered,Debit Card,0.0
O015542,C05130,2024-02-05,Delivered,upi,0.0
O009059,C02977,2023-12-01,Returned,upi,0.0
O003050,C00967,2024-12-01,Returned,Net Banking,0.0
O012458,C04168,2024-09-09,Delivered,upi,0.0
O012750,C04241,2025-05-30,Delivered,upi,0.0
O003191,C01014,2024-12-26,Delivered,Debit Card,60.0
O007907,C02596,2023-03-09,Delivered,Debit Card,0.0
O007159,C02387,2024-11-22,Delivered,Debit Card,60.0
O016435,C05411,2025-01-06,Delivered,upi,99.0
O013690,C04541,2025-06-18,Delivered,upi,0.0
O016481,C05417,2024-04-13,Delivered,upi,99.0
O011358,C03784,2025-09-07,Returned,upi,99.0
O011253,C03747,2023-09-14,Delivered,COD,0.0
O017733,C05837,2024-06-25,Delivered,COD,40.0
O012547,C04195,2024-06-27,Delivered,COD,0.0
O015948,C05255,2024-10-26,Delivered,Debit Card,0.0
O008319,C02758,2024-08-26,Delivered,upi,60.0
O011725,C03922,2025-01-14,Delivered,upi,60.0
O012163,C04092,2024-10-18,Delivered,Credit Card,0.0
O009126,C03004,2025-08-04,Delivered,Net Banking,0.0
O002143,C00669,2024-07-19,Delivered,upi,0.0
O002771,C00873,2025-05-11,Delivered,Net Banking,40.0
O017450,C05748,2024-12-17,Delivered,upi,0.0
O015886,C05227,2025-07-22,Returned,upi,40.0
O017351,C05718,2025-09-11,Delivered,upi,0.0
O010997,C03655,2024-03-20,Delivered,upi,40.0
O010895,C03620,2023-12-25,Delivered,Debit Card,99.0
O011373,C03796,2025-04-28,Delivered,UPI,0.0
O011082,C03668,2024-06-04,Delivered,COD,0.0
O001337,C00427,2024-08-01,Returned,COD,99.0
O008416,C02794,2023-09-06,Delivered,upi,0.0
O008855,C02926,2024-04-26,Delivered,upi,40.0
O016860,C05558,2023-07-30,Delivered,Debit Card,40.0
O015154,C04992,2025-04-21,Delivered,upi,0.0
O011805,C03962,2023-07-27,Returned,COD,0.0
O002248,C00707,2025-03-21,Cancelled,upi,40.0
O017533,C05783,2023-11-29,Delivered,Credit Card,40.0
O000977,C00349,2023-11-24,Delivered,UPI,40.0
O001279,C00418,2025-03-02,delivered,Net Banking,60.0
O014185,C04712,2023-12-04,delivered,upi,60.0
O001253,C00409,2024-11-03,Delivered,upi,99.0
O006227,C02046,2025-04-27,Delivered,Net Banking,99.0
O011431,C03824,2024-05-08,Delivered,upi,60.0
O013665,C04536,2025-02-27,Delivered,COD,0.0
O006712,C02227,2023-05-30,Cancelled,Credit Card,60.0
O008493,C02811,2024-12-27,Delivered,NET BANKING,0.0
O010450,C03461,2025-01-17,Returned,Debit Card,99.0
O004090,C01344,2025-02-08,Cancelled,COD,0.0
O000392,C00153,2024-12-18,Delivered,upi,40.0
O008766,C02900,2025-03-11,Delivered,COD,0.0
O010635,C03533,2023-04-04,Delivered,COD,40.0
O017719,C05837,2023-08-06,Delivered,Credit Card,0.0
O001426,C00452,2024-03-28,Delivered,COD,60.0
O003561,C01148,2025-07-14,Delivered,upi,0.0
O000266,C00118,2025-08-07,Delivered,Credit Card,60.0
O002242,C00707,2024-12-20,Delivered,upi,60.0
O013257,C04411,2025-08-22,delivered,upi,40.0
O003550,C01142,2023-03-21,Delivered,Credit Card,99.0
O014254,C04720,2023-08-30,Delivered,Debit Card,99.0
O007505,C02503,2025-08-08,delivered,Debit Card,40.0
O001776,C00562,2024-12-05,Returned,upi,40.0
O004934,C01646,2024-05-08,Delivered,COD,0.0
O017685,C05835,2024-07-16,Delivered,Credit Card,99.0
O000736,C00280,2024-11-19,Delivered,Credit Card,40.0
O003147,C01000,2025-01-28,Delivered,COD,40.0
O007774,C02554,2023-11-06,Delivered,upi,0.0
O003538,C01139,2025-01-19,Delivered,upi,0.0
O008382,C02784,2023-07-14,Delivered,upi,0.0
O011017,C03658,2024-03-18,Delivered,Debit Card,99.0
O016071,C05288,2023-09-28,Delivered,upi,60.0
O008770,C02901,2023-09-04,Delivered,COD,99.0
O010225,C03382,2025-04-02,Delivered,upi,40.0
O003902,C01279,2025-05-13,Delivered,upi,40.0
O003415,C01091,2024-05-02,delivered,Debit Card,99.0
O016515,C05435,2025-02-18,Delivered,upi,0.0
O016871,C05563,2024-12-16,delivered,upi,0.0
O002533,C00807,2023-08-03,Delivered,Credit Card,99.0
O002554,C00812,2023-11-21,Delivered,upi,40.0
O012759,C04247,2023-12-25,Delivered,Debit Card,60.0
O014533,C04806,2024-03-01,Delivered,COD,60.0
O012530,C04189,2025-04-13,Delivered,upi,99.0
O009560,C03132,2025-09-29,Delivered,upi,0.0
O001600,C00501,2024-07-16,Delivered,Debit Card,40.0
O011515,C03844,2025-07-19,Delivered,Credit Card,0.0
O004600,C01539,2025-04-24,Returned,upi,0.0
O008987,C02959,2023-12-13,Delivered,upi,0.0
O000389,C00153,2024-12-04,Delivered,COD,99.0
O006191,C02044,2023-11-28,Delivered,Debit Card,40.0
O002732,C00866,2025-09-22,Delivered,upi,40.0
O014706,C04854,2024-03-05,Cancelled,Credit Card,0.0
O013177,C04386,2025-03-08,Delivered,upi,0.0
O015832,C05220,2024-02-13,Delivered,NET BANKING,60.0
O017331,C05711,2024-07-25,Delivered,COD,0.0
O010650,C03533,2025-03-28,Delivered,upi,60.0
O003596,C01166,2025-03-08,Delivered,COD,99.0
O012232,C04122,2024-05-01,Delivered,upi,60.0
O014527,C04806,2023-12-25,Delivered,upi,0.0
O004565,C01538,2025-02-09,Delivered,Debit Card,99.0
O005893,C01952,2024-08-29,delivered,Credit Card,60.0
O010008,C03301,2023-12-09,Delivered,Net Banking,40.0
O008624,C02859,2025-07-21,Delivered,upi,60.0
O000580,C00211,2025-03-25,Delivered,upi,0.0
O006724,C02232,2025-03-20,Delivered,Debit Card,99.0
O014911,C04914,2024-06-05,Delivered,Debit Card,0.0
O007783,C02554,2024-10-12,Delivered,Credit Card,0.0
O014352,C04747,2024-06-23,Returned,Debit Card,60.0
O002177,C00691,2024-06-14,delivered,Credit Card,60.0
O003554,C01144,2024-07-26,Delivered,upi,40.0
O010756,C03577,2024-02-15,Delivered,Credit Card,0.0
O011653,C03886,2024-12-10,Delivered,Net Banking,40.0
O000959,C00342,2024-03-05,Delivered,upi,40.0
O015368,C05060,2024-07-24,Delivered,Credit Card,0.0
O015339,C05054,2024-08-16,delivered,upi,99.0
O009910,C03265,2025-02-21,Delivered,Debit Card,0.0
O001501,C00477,2023-03-20,Delivered,upi,0.0
O003635,C01187,2024-04-16,delivered,upi,40.0
O010160,C03352,2024-12-25,Delivered,Debit Card,0.0
O010364,C03440,2023-11-22,Returned,COD,0.0
O015405,C05075,2024-12-18,Delivered,upi,0.0
O016905,C05572,2025-03-01,Delivered,upi,0.0
O015752,C05191,2025-05-11,Delivered,COD,0.0
O005690,C01885,2024-02-10,Delivered,NET BANKING,99.0
O005360,C01780,2023-10-13,Delivered,COD,99.0
O017103,C05629,2024-12-22,Delivered,upi,40.0
O012987,C04322,2024-05-20,Delivered,upi,0.0
O011397,C03809,2024-06-16,Delivered,Debit Card,0.0
O003756,C01231,2024-03-23,Delivered,Debit Card,60.0
O005160,C01712,2024-09-08,Delivered,Credit Card,0.0
O001172,C00394,2024-09-06,Delivered,Credit Card,0.0
O011516,C03845,2023-04-18,Delivered,Debit Card,60.0
O014962,C04922,2024-06-27,Returned,Net Banking,99.0
O000199,C00099,2025-03-28,Delivered,upi,0.0
O003989,C01308,2025-04-24,Delivered,Debit Card,0.0
O004513,C01517,2024-11-24,Delivered,Net Banking,0.0
O004622,C01542,2025-07-10,Delivered,upi,40.0
O014771,C04868,2024-06-01,Delivered,Credit Card,60.0
O016295,C05372,2024-08-31,Delivered,Debit Card,0.0
O007105,C02380,2024-05-02,Delivered,upi,0.0
O007991,C02623,2024-07-15,Delivered,COD,0.0
O012076,C04063,2025-07-17,Delivered,upi,60.0
O000258,C00117,2024-10-05,Delivered,Credit Card,0.0
O007701,C02545,2023-10-19,Delivered,upi,60.0
O007675,C02538,2023-05-20,Delivered,COD,0.0
O000181,C00096,2024-12-20,Delivered,UPI,99.0
O010268,C03403,2023-12-22,Delivered,Credit Card,99.0
O018208,C05984,2025-08-15,Delivered,COD,99.0
O004431,C01473,2025-03-24,Delivered,COD,40.0
O005572,C01835,2024-10-01,Delivered,COD,0.0
O006474,C02139,2024-01-19,Delivered,Debit Card,60.0
O012138,C04085,2023-11-04,returned,Credit Card,60.0
O016772,C05534,2024-12-26,Returned,Credit Card,0.0
O005439,C01811,2024-11-29,Delivered,upi,60.0
O012271,C04127,2025-07-09,Cancelled,Credit Card,0.0
O017136,C05646,2025-03-30,Delivered,,99.0
O003341,C01064,2025-04-26,delivered,Credit Card,99.0
O008935,C02939,2024-03-27,Delivered,upi,0.0
O012049,C04056,2025-04-18,Delivered,upi,40.0
O001864,C00587,2024-07-13,Delivered,upi,0.0
O009854,C03257,2025-01-18,Delivered,COD,99.0
O004169,C01378,2023-11-08,Delivered,upi,60.0
O014672,C04840,2025-03-09,Delivered,Debit Card,0.0
O011206,C03729,2024-06-25,Delivered,Credit Card,99.0
O010078,C03318,2025-07-09,Delivered,COD,99.0
O011970,C04025,2024-01-19,Delivered,Credit Card,60.0
O005365,C01781,2024-12-08,Returned,upi,40.0
O001553,C00495,2024-10-06,Delivered,upi,99.0
O016667,C05495,2024-07-02,Delivered,COD,0.0
O012112,C04075,2023-01-06,Delivered,upi,0.0
O000974,C00347,2025-06-05,Cancelled,Credit Card,40.0
O002965,C00928,2025-09-03,Returned,Debit Card,60.0
O010536,C03504,2025-02-27,Returned,Net Banking,99.0
O003966,C01303,2025-03-11,Delivered,Credit Card,40.0
O003866,C01266,2024-08-10,Delivered,COD,0.0
O015115,C04980,2023-03-16,Delivered,Credit Card,0.0
O002619,C00829,2023-12-08,Delivered,CREDIT CARD,0.0
O017375,C05729,2024-01-15,Delivered,COD,40.0
O012572,C04205,2025-02-05,Delivered,upi,0.0
O008018,C02637,2024-12-18,Delivered,Debit Card,99.0
O015409,C05076,2024-09-16,Delivered,Debit Card,60.0
O005382,C01786,2023-04-08,Delivered,Credit Card,0.0
O002899,C00909,2023-10-04,Delivered,COD,40.0
O008062,C02652,2024-07-17,Delivered,Credit Card,40.0
O002453,C00781,2024-06-30,Delivered,upi,0.0
O012683,C04234,2023-09-02,Cancelled,upi,99.0
O002663,C00836,2023-10-17,Delivered,upi,99.0
O013812,C04577,2024-10-07,Delivered,Credit Card,0.0
O007541,C02516,2024-12-11,Delivered,,60.0
O005357,C01779,2025-04-14,Delivered,Credit Card,99.0
O013271,C04421,2024-06-10,Delivered,Debit Card,99.0
O010739,C03570,2025-05-09,Delivered,upi,40.0
O012053,C04057,2025-04-09,Delivered,upi,0.0
O002646,C00834,2024-05-21,Delivered,COD,99.0
O006919,C02296,2024-04-26,Delivered,Net Banking,60.0
O004130,C01350,2025-08-18,Delivered,upi,99.0
O013885,C04612,2025-07-06,Delivered,Net Banking,0.0
O007102,C02379,2024-03-20,delivered,Credit Card,0.0
O009204,C03017,2025-08-15,Delivered,upi,0.0
O016245,C05358,2024-11-08,Delivered,UPI,0.0
O010196,C03362,2024-12-01,Delivered,upi,0.0
O006481,C02142,2024-05-08,Delivered,upi,60.0
O009507,C03113,2025-08-13,Delivered,upi,60.0
O007622,C02526,2024-10-29,Delivered,Debit Card,40.0
O012066,C04059,2025-05-27,Delivered,Net Banking,99.0
O005884,C01952,2024-02-25,Delivered,upi,99.0
O010948,C03635,2024-08-18,Delivered,upi,0.0
O012625,C04219,2024-12-23,Delivered,UPI,0.0
O018249,C05993,2024-06-08,Delivered,CREDIT CARD,60.0
O010972,C03640,2025-09-15,Delivered,Net Banking,40.0
O016480,C05417,2024-04-09,Delivered,Credit Card,99.0
O000666,C00244,2025-02-02,Delivered,Credit Card,99.0
O002795,C00879,2025-07-11,Delivered,,40.0
O015216,C05014,2024-12-29,Delivered,COD,0.0
O000162,C00085,2023-04-16,Delivered,COD,0.0
O009088,C02990,2025-04-02,delivered,Debit Card,0.0
O017487,C05764,2025-05-22,Delivered,COD,0.0
O000709,C00272,2025-02-11,Delivered,upi,60.0
O015581,C05144,2023-12-21,Delivered,upi,0.0
O004511,C01516,2023-12-09,Delivered,Credit Card,60.0
O014792,C04877,2023-06-16,Delivered,upi,99.0
O012903,C04296,2024-08-24,Delivered,COD,0.0
O016093,C05293,2024-11-14,Delivered,Debit Card,60.0
O006743,C02237,2024-04-18,Delivered,Debit Card,0.0
O007809,C02561,2024-12-30,Delivered,,40.0
O008250,C02727,2024-06-28,Delivered,COD,0.0
O015020,C04945,2024-08-24,Delivered,Credit Card,99.0
O006394,C02107,2025-05-30,Delivered,Credit Card,0.0
O016289,C05372,2024-03-30,Delivered,upi,0.0
O016522,C05440,2025-06-23,Delivered,upi,60.0
O012633,C04219,2025-05-05,Delivered,Credit Card,99.0
O009611,C03152,2025-05-12,Returned,COD,99.0
O015797,C05209,2024-03-13,Delivered,upi,40.0
O009828,C03250,2023-10-18,Delivered,Credit Card,60.0
O008498,C02812,2025-02-12,Delivered,upi,0.0
O017056,C05613,2024-12-03,Delivered,upi,99.0
O007500,C02503,2025-02-24,Delivered,upi,0.0
O012595,C04214,2025-04-08,Delivered,upi,40.0
O002290,C00727,2025-09-06,Delivered,upi,60.0
O010383,C03444,2025-01-23,Delivered,upi,99.0
O006370,C02102,2024-10-26,Delivered,upi,0.0
O008016,C02636,2025-06-29,Delivered,Credit Card,40.0
O002424,C00774,2025-08-24,Delivered,Credit Card,60.0
O018077,C05938,2025-02-23,Delivered,Credit Card,0.0
O013293,C04425,2025-05-10,Delivered,Credit Card,40.0
O005712,C01893,2023-11-10,Delivered,COD,40.0
O004236,C01398,2023-11-04,Delivered,Credit Card,0.0
O007887,C02588,2025-08-20,returned,Credit Card,0.0
O013468,C04483,2023-12-14,Delivered,,0.0
O014733,C04857,2025-08-09,Delivered,upi,0.0
O010492,C03479,2024-10-19,Delivered,upi,60.0
O009058,C02977,2023-09-07,Cancelled,upi,0.0
O002110,C00659,2023-07-14,Delivered,,40.0
O000102,C00055,2025-05-24,Delivered,upi,0.0
O007678,C02540,2024-02-12,Delivered,Debit Card,40.0
O008922,C02936,2023-06-19,Delivered,COD,0.0
O000289,C00129,2023-07-13,Delivered,upi,0.0
O013493,C04494,2023-02-09,Delivered,upi,0.0
O006477,C02140,2024-03-18,Delivered,Net Banking,0.0
O007925,C02601,2024-04-16,Delivered,upi,60.0
O007625,C02526,2025-01-06,Delivered,Credit Card,99.0
O007553,C02516,2025-05-17,Delivered,COD,0.0
O018081,C05939,2024-06-17,Delivered,COD,40.0
O012122,C04078,2025-04-12,Delivered,COD,99.0
O003515,C01129,2024-09-16,Returned,upi,0.0
O009582,C03143,2025-01-22,Delivered,Credit Card,40.0
O010151,C03346,2024-04-24,Delivered,upi,99.0
O004504,C01513,2023-12-12,Delivered,COD,60.0
O013062,C04348,2024-01-27,Delivered,Credit Card,60.0
O010294,C03411,2025-04-27,Delivered,upi,60.0
O008423,C02794,2024-02-17,Delivered,COD,0.0
O014859,C04894,2024-12-07,Delivered,Net Banking,0.0
O010928,C03628,2023-09-13,Delivered,Net Banking,99.0
O010108,C03330,2024-06-10,Delivered,Debit Card,99.0
O010085,C03322,2025-09-21,Delivered,upi,0.0
O003437,C01101,2023-11-04,Delivered,Debit Card,0.0
O003687,C01206,2025-05-24,Delivered,Debit Card,0.0
O011846,C03975,2025-09-15,Delivered,upi,60.0
O001162,C00394,2024-04-29,Returned,COD,99.0
O011002,C03655,2024-12-22,Delivered,Debit Card,99.0
O008776,C02903,2024-03-05,Delivered,Debit Card,0.0
O016618,C05482,2023-09-01,Delivered,COD,60.0
O014863,C04895,2024-11-22,Returned,upi,60.0
O000404,C00158,2025-08-09,returned,Debit Card,0.0
O001229,C00402,2025-02-02,Delivered,Debit Card,40.0
O014687,C04846,2024-12-20,Delivered,Net Banking,40.0
O011557,C03862,2025-06-11,Delivered,upi,99.0
O004651,C01553,2025-08-16,Returned,Debit Card,0.0
O001818,C00575,2024-12-18,Delivered,Debit Card,0.0
O017091,C05623,2025-08-26,Delivered,upi,40.0
O017886,C05878,2023-11-16,Delivered,Credit Card,99.0
O003499,C01122,2025-01-16,Delivered,upi,40.0
O006425,C02120,2024-11-27,Delivered,upi,40.0
O000916,C00337,2024-02-26,Delivered,upi,0.0
O013686,C04537,2025-04-15,Delivered,COD,60.0
O017508,C05776,2023-01-24,Delivered,upi,99.0
O017495,C05768,2024-04-24,Delivered,upi,0.0
O017581,C05801,2025-01-22,Delivered,COD,0.0
O009095,C02991,2025-02-13,Delivered,Debit Card,0.0
O016018,C05267,2023-03-08,Delivered,Net Banking,40.0
O004523,C01520,2025-09-18,Delivered,Credit Card,0.0
O004129,C01350,2025-03-24,Delivered,UPI,40.0
O011659,C03888,2024-07-21,Delivered,COD,40.0
O017935,C05898,2023-09-21,Delivered,COD,99.0
O009739,C03209,2024-06-12,Returned,upi,0.0
O006573,C02173,2025-04-24,Delivered,upi,0.0
O017131,C05644,2024-08-27,Delivered,Debit Card,0.0
O002216,C00701,2023-05-24,Delivered,UPI,40.0
O002613,C00828,2025-05-08,Delivered,Debit Card,0.0
O018136,C05955,2024-06-18,Delivered,upi,99.0
O011866,C03985,2025-05-11,Cancelled,upi,0.0
O001323,C00427,2024-03-11,Delivered,upi,0.0
O009100,C02993,2024-12-22,Delivered,Credit Card,0.0
O010929,C03628,2024-06-28,Delivered,upi,40.0
O002602,C00827,2024-06-22,Delivered,Debit Card,40.0
O010807,C03585,2024-02-26,Delivered,upi,99.0
O003083,C00981,2024-03-15,Delivered,Debit Card,40.0
O012121,C04078,2023-09-06,Returned,Credit Card,0.0
O004820,C01601,2025-05-25,Delivered,Net Banking,40.0
O009791,C03233,2025-05-25,Delivered,Debit Card,40.0
O002372,C00756,2025-03-10,Delivered,upi,40.0
O003467,C01104,2024-11-12,Delivered,upi,0.0
O010335,C03421,2025-09-27,Delivered,Debit Card,0.0
O015342,C05054,2025-01-12,Delivered,upi,99.0
O013258,C04412,2024-10-19,Delivered,COD,0.0
O016849,C05556,2023-04-28,Delivered,upi,99.0
O016572,C05463,2025-04-15,Delivered,Debit Card,40.0
O016014,C05263,2025-02-11,Delivered,Debit Card,99.0
O010056,C03310,2024-10-07,Delivered,Credit Card,60.0
O000297,C00130,2023-07-19,Delivered,upi,0.0
O002176,C00690,2025-07-18,Delivered,Credit Card,60.0
O006214,C02046,2024-05-20,Delivered,COD,99.0
O010668,C03540,2024-07-25,Delivered,upi,60.0
O013815,C04577,2024-12-04,Delivered,upi,60.0
O003398,C01086,2025-05-05,Delivered,DEBIT CARD,0.0
O007850,C02581,2023-05-29,Delivered,Debit Card,99.0
O000254,C00114,2024-07-05,Delivered,Credit Card,0.0
O000849,C00318,2025-07-18,Delivered,upi,40.0
O011125,C03686,2025-07-11,Delivered,upi,0.0
O015063,C04959,2025-04-03,Delivered,COD,0.0
O010658,C03539,2025-02-05,Delivered,COD,0.0
O007746,C02552,2024-01-02,Delivered,upi,99.0
O015870,C05226,2025-07-21,Delivered,upi,0.0
O003074,C00978,2024-07-10,Delivered,UPI,0.0
O018167,C05965,2025-02-03,Delivered,COD,60.0
O012983,C04320,2024-12-14,Delivered,Credit Card,0.0
O014728,C04857,2024-12-05,Delivered,upi,0.0
O008477,C02810,2025-01-08,Cancelled,Debit Card,0.0
O003084,C00981,2024-04-04,Delivered,Credit Card,0.0
O003575,C01155,2024-03-06,Delivered,Credit Card,0.0
O011209,C03730,2024-04-06,Delivered,Credit Card,40.0
O002187,C00697,2023-07-09,Delivered,upi,99.0
O009151,C03007,2025-02-13,Delivered,Net Banking,60.0
O006308,C02071,2024-11-09,Delivered,Debit Card,40.0
O013454,C04473,2023-11-14,Cancelled,COD,40.0
O000622,C00229,2025-08-31,Delivered,upi,40.0
O014463,C04790,2025-09-16,Delivered,Debit Card,99.0
O008962,C02949,2025-01-14,Delivered,COD,40.0
O018080,C05939,2024-05-26,Delivered,COD,60.0
O003070,C00974,2024-09-13,Delivered,upi,0.0
O000175,C00094,2024-08-04,Returned,Net Banking,60.0
O008147,C02683,2024-08-27,delivered,Net Banking,0.0
O001294,C00420,2024-03-01,Delivered,upi,99.0
O005295,C01756,2023-12-02,Delivered,Net Banking,0.0
O015485,C05110,2024-03-20,Delivered,UPI,99.0
O017959,C05900,2025-04-05,Delivered,upi,60.0
O014862,C04895,2024-06-08,delivered,Credit Card,40.0
O013347,C04446,2025-01-28,Delivered,upi,0.0
O008673,C02874,2024-03-11,Delivered,Net Banking,0.0
O017000,C05599,2023-08-03,Delivered,upi,60.0
O014328,C04739,2024-06-03,Delivered,COD,0.0
O007917,C02598,2024-04-27,Delivered,upi,0.0
O015197,C05011,2025-07-07,Delivered,Credit Card,0.0
O014229,C04717,2024-02-09,delivered,upi,60.0
O002345,C00752,2024-08-27,Delivered,,99.0
O001695,C00541,2024-06-10,Delivered,Debit Card,0.0
O002919,C00915,2024-10-29,Cancelled,upi,0.0
O002455,C00781,2024-08-03,Delivered,COD,40.0
O000296,C00129,2025-01-22,Delivered,UPI,0.0
O018161,C05964,2025-06-17,Delivered,Credit Card,60.0
O007962,C02614,2023-10-15,Delivered,COD,0.0
O001212,C00398,2025-04-18,Delivered,Net Banking,0.0
O011536,C03860,2024-12-13,Delivered,Credit Card,60.0
O013625,C04525,2024-06-30,Delivered,COD,0.0
O007723,C02545,2025-06-12,Delivered,COD,99.0
O009192,C03012,2025-03-24,Delivered,Net Banking,40.0
O013826,C04579,2023-12-28,Delivered,Debit Card,40.0
O005691,C01885,2024-02-12,Returned,Credit Card,60.0
O001789,C00566,2024-01-18,Delivered,Credit Card,60.0
O006683,C02217,2024-11-10,Delivered,COD,40.0
O013595,C04514,2025-01-08,Delivered,COD,0.0
O006979,C02328,2024-07-24,Delivered,Net Banking,99.0
O012963,C04312,2025-08-22,Delivered,upi,60.0
O009021,C02964,2024-07-05,Delivered,upi,99.0
O013411,C04465,2025-05-30,Cancelled,upi,60.0
O016459,C05416,2024-09-04,Delivered,Debit Card,0.0
O002671,C00843,2024-10-10,Delivered,Debit Card,40.0
O000632,C00235,2025-06-06,Delivered,Credit Card,0.0
O002428,C00775,2024-07-09,Returned,upi,40.0
O004156,C01370,2025-07-19,Delivered,Debit Card,40.0
O012165,C04094,2023-11-19,Returned,upi,0.0
O004806,C01595,2023-11-11,Delivered,upi,99.0
O003228,C01027,2023-06-07,Delivered,COD,0.0
O008289,C02743,2025-08-22,Delivered,Debit Card,0.0
O016646,C05489,2024-12-04,Delivered,upi,0.0
O017360,C05723,2024-08-24,Delivered,CREDIT CARD,40.0
O013178,C04386,2025-03-25,Returned,Net Banking,0.0
O012205,C04112,2025-09-23,Delivered,Credit Card,60.0
O002858,C00904,2023-10-16,Delivered,upi,0.0
O017673,C05828,2024-11-24,Delivered,COD,0.0
O001433,C00456,2025-05-24,Delivered,Credit Card,60.0
O003787,C01240,2024-04-21,Delivered,upi,60.0
O003856,C01261,2023-11-11,Delivered,Debit Card,60.0
O008538,C02828,2025-01-03,Delivered,Net Banking,0.0
O008507,C02816,2024-02-08,Delivered,UPI,0.0
O015707,C05171,2023-06-22,delivered,Debit Card,0.0
O005253,C01744,2025-03-01,Delivered,upi,40.0
O010101,C03329,2024-01-13,Returned,Net Banking,0.0
O008149,C02684,2025-06-24,Delivered,COD,60.0
O010378,C03444,2024-04-04,Delivered,upi,99.0
O011051,C03664,2024-05-24,Delivered,upi,99.0
O016466,C05416,2024-12-18,Delivered,upi,0.0
O014765,C04867,2025-01-23,Delivered,Debit Card,0.0
O016808,C05544,2024-02-03,Delivered,Debit Card,0.0
O007654,C02532,2024-07-08,Delivered,COD,0.0
O002063,C00631,2025-07-03,Delivered,Credit Card,0.0
O007655,C02532,2024-07-20,Delivered,Credit Card,60.0
O012975,C04319,2024-07-27,Delivered,Net Banking,60.0
O009354,C03072,2023-11-28,Delivered,upi,0.0
O002803,C00886,2023-04-13,Delivered,Net Banking,0.0
O004379,C01450,2025-01-14,Delivered,upi,0.0
O010146,C03343,2024-03-18,Delivered,upi,0.0
O006202,C02046,2023-07-07,Delivered,Debit Card,40.0
O004646,C01552,2024-08-28,Delivered,Net Banking,0.0
O002340,C00751,2025-02-16,Delivered,Credit Card,40.0
O009753,C03215,2025-04-20,Returned,Debit Card,0.0
O009409,C03093,2025-01-23,Delivered,upi,99.0
O000866,C00323,2025-04-06,Delivered,Debit Card,99.0
O016768,C05534,2024-06-04,Delivered,COD,60.0
O007840,C02575,2023-02-16,Delivered,COD,0.0
O009537,C03119,2023-01-11,Delivered,upi,99.0
O008132,C02677,2025-01-15,Returned,Credit Card,40.0
O003066,C00972,2025-08-08,Delivered,Credit Card,0.0
O012779,C04253,2024-06-11,Delivered,COD,40.0
O014365,C04757,2024-10-24,Delivered,Credit Card,0.0
O012385,C04157,2023-12-19,Returned,Net Banking,0.0
O010690,C03549,2024-09-08,Delivered,upi,99.0
O000317,C00138,2024-02-04,Delivered,upi,0.0
O004584,C01539,2024-05-28,Cancelled,COD,60.0
O006301,C02066,2025-08-04,Delivered,upi,0.0
O003363,C01077,2025-02-16,Delivered,Credit Card,99.0
O006167,C02041,2024-06-19,Delivered,upi,99.0
O017268,C05691,2025-09-16,Delivered,COD,60.0
O000633,C00236,2024-03-21,Delivered,Credit Card,0.0
O014314,C04733,2025-02-23,Delivered,Debit Card,0.0
O012460,C04170,2023-07-28,Delivered,Credit Card,0.0
O008369,C02775,2024-03-11,Delivered,upi,40.0
O000228,C00105,2024-10-31,Returned,,0.0
O006006,C01997,2024-04-25,Delivered,Credit Card,0.0
O004487,C01507,2023-12-06,Delivered,Credit Card,99.0
O015627,C05159,2024-03-31,Delivered,upi,0.0
O007545,C02516,2025-02-07,delivered,upi,99.0
O016344,C05389,2025-01-27,Delivered,Net Banking,0.0
O012899,C04295,2023-09-17,returned,COD,0.0
O000650,C00239,2024-02-27,Returned,upi,0.0
O004591,C01539,2024-09-20,Delivered,upi,99.0
O000143,C00074,2025-04-22,Delivered,upi,60.0
O008801,C02914,2025-05-15,Returned,Net Banking,60.0
O012791,C04258,2025-08-14,Delivered,Credit Card,0.0
O011904,C03997,2024-10-31,Delivered,upi,40.0
O014317,C04734,2024-06-11,delivered,Credit Card,40.0
O015174,C05000,2025-03-15,Delivered,Debit Card,40.0
O004687,C01558,2025-04-25,Delivered,upi,60.0
O000754,C00288,2025-05-21,Delivered,COD,0.0
O015912,C05240,2025-02-17,delivered,Credit Card,40.0
O000861,C00322,2025-05-19,Delivered,upi,60.0
O011852,C03979,2024-11-21,Delivered,Net Banking,0.0
O014559,C04806,2025-08-23,Delivered,Credit Card,0.0
O008191,C02700,2024-07-09,Delivered,Net Banking,0.0
O004813,C01598,2025-03-16,Delivered,Net Banking,40.0
O010033,C03307,2025-03-01,Delivered,upi,60.0
O006021,C01998,2025-06-13,Cancelled,upi,99.0
O009573,C03137,2025-05-15,Delivered,upi,0.0
O016989,C05598,2024-12-28,Delivered,upi,0.0
O014236,C04717,2024-06-10,Delivered,Credit Card,0.0
O007163,C02387,2025-05-05,Delivered,COD,40.0
O004522,C01520,2025-07-13,Delivered,Debit Card,40.0
O008483,C02811,2024-04-30,Cancelled,upi,40.0
O011465,C03843,2023-06-27,Returned,Credit Card,60.0
O011796,C03959,2025-09-24,Delivered,COD,40.0
O008381,C02783,2025-05-18,Delivered,Debit Card,60.0
O015010,C04943,2025-04-23,Delivered,Debit Card,40.0
O015162,C04997,2024-03-12,Delivered,COD,60.0
O001970,C00609,2024-09-06,Delivered,COD,99.0
O006805,C02249,2025-08-13,Delivered,COD,60.0
O010467,C03470,2024-03-03,Delivered,Credit Card,0.0
O018216,C05986,2024-05-25,Delivered,Debit Card,0.0
O013737,C04559,2023-09-21,Delivered,upi,0.0
O001153,C00391,2025-07-06,Delivered,Debit Card,99.0
O015226,C05014,2025-06-23,Delivered,COD,0.0
O017074,C05616,2024-08-28,Delivered,upi,0.0
O013784,C04571,2025-01-09,Delivered,COD,60.0
O014837,C04887,2025-06-30,Delivered,Net Banking,99.0
O017567,C05794,2024-11-12,Delivered,upi,40.0
O013431,C04471,2024-12-07,Delivered,upi,0.0
O009935,C03274,2024-03-31,Delivered,upi,0.0
O010819,C03589,2024-09-13,Delivered,upi,40.0
O004535,C01527,2024-01-28,Delivered,COD,99.0
O007024,C02347,2025-08-15,Delivered,COD,0.0
O001468,C00464,2024-10-14,Delivered,COD,0.0
O014583,C04812,2023-01-16,Returned,upi,40.0
O011969,C04025,2023-09-19,delivered,upi,0.0
O000243,C00111,2023-05-18,Delivered,upi,40.0
O017427,C05744,2023-11-22,Delivered,upi,40.0
O002655,C00835,2023-11-10,Delivered,Credit Card,60.0
O018191,C05975,2025-07-07,Cancelled,COD,0.0
O005742,C01903,2024-07-24,Delivered,Credit Card,99.0
O010518,C03494,2023-03-12,Cancelled,COD,0.0
O004857,C01622,2023-05-23,Delivered,upi,40.0
O000926,C00337,2024-09-21,Returned,Debit Card,99.0
O016454,C05416,2024-05-11,Delivered,upi,60.0
O007333,C02453,2025-02-19,Delivered,Debit Card,0.0
O017044,C05610,2024-04-22,Delivered,upi,99.0
O006591,C02180,2024-12-05,Delivered,upi,60.0
O015081,C04965,2023-10-02,Delivered,Debit Card,0.0
O005726,C01897,2025-02-04,Returned,Debit Card,0.0
O015776,C05206,2024-07-02,Delivered,upi,0.0
O001410,C00447,2023-12-08,Delivered,upi,40.0
O013842,C04590,2023-12-18,Delivered,Net Banking,0.0
O004782,C01591,2025-02-25,Delivered,Credit Card,0.0
O005127,C01702,2025-08-10,Delivered,Net Banking,0.0
O008261,C02732,2025-07-21,Delivered,Credit Card,60.0
O003980,C01308,2024-06-11,Delivered,COD,0.0
O017617,C05814,2025-07-08,Delivered,CREDIT CARD,0.0
O017696,C05835,2025-04-10,Delivered,upi,60.0
O017504,C05774,2023-07-02,delivered,Net Banking,0.0
O007696,C02545,2023-07-13,Delivered,upi,60.0
O009904,C03265,2025-01-04,Delivered,Credit Card,0.0
O001114,C00389,2023-07-21,Delivered,UPI,40.0
O002371,C00756,2025-01-31,Delivered,COD,40.0
O005534,C01831,2024-03-12,Returned,COD,99.0
O009594,C03148,2023-01-02,Delivered,Debit Card,99.0
O006309,C02071,2025-05-06,Delivered,Debit Card,99.0
O000414,C00164,2025-05-02,Delivered,COD,0.0
O012154,C04089,2025-06-29,Delivered,Credit Card,60.0
O006099,C02028,2025-03-08,Delivered,Credit Card,40.0
O011205,C03728,2025-01-19,Delivered,Net Banking,60.0
O012436,C04166,2024-03-05,Cancelled,Net Banking,60.0
O012002,C04034,2023-10-07,Delivered,Net Banking,0.0
O001181,C00394,2025-03-23,delivered,COD,60.0
O010065,C03312,2024-06-28,Delivered,upi,99.0
O015899,C05234,2025-01-07,Delivered,COD,40.0
O013032,C04335,2023-05-08,Delivered,Credit Card,0.0
O001375,C00430,2025-06-26,Delivered,upi,0.0
O003632,C01186,2025-02-18,Returned,Debit Card,60.0
O001401,C00442,2024-04-15,Delivered,upi,40.0
O008905,C02934,2025-01-26,Cancelled,upi,40.0
O015014,C04945,2024-02-17,Delivered,COD,0.0
O008797,C02913,2024-09-29,Delivered,upi,0.0
O005836,C01940,2025-07-04,Delivered,Debit Card,0.0
O008404,C02791,2025-03-10,Returned,COD,40.0
O001830,C00580,2024-10-17,Delivered,upi,40.0
O016445,C05414,2024-08-04,Delivered,upi,60.0
O015505,C05119,2023-09-03,Delivered,Debit Card,0.0
O003819,C01248,2025-05-24,Delivered,Debit Card,40.0
O001390,C00435,2025-04-14,Delivered,COD,99.0
O011341,C03776,2024-10-16,Cancelled,Net Banking,99.0
O010353,C03434,2023-05-21,Delivered,upi,40.0
O013165,C04381,2025-02-20,Delivered,upi,0.0
O015008,C04942,2024-08-09,Delivered,Credit Card,60.0
O017540,C05784,2023-06-30,Delivered,upi,0.0
O014854,C04893,2025-03-21,Delivered,Credit Card,99.0
O015437,C05092,2023-09-07,Returned,Debit Card,60.0
O004886,C01631,2024-08-23,delivered,Credit Card,60.0
O017270,C05693,2025-07-19,Delivered,Net Banking,40.0
O004069,C01339,2025-03-13,Delivered,COD,0.0
O008779,C02906,2024-07-07,Delivered,COD,99.0
O008876,C02926,2025-03-31,Delivered,upi,99.0
O003795,C01242,2025-08-05,Delivered,upi,0.0
O016500,C05427,2025-04-28,Delivered,COD,40.0
O006036,C02005,2024-09-08,Delivered,Net Banking,0.0
O014343,C04741,2025-08-11,Delivered,Credit Card,0.0
O015860,C05224,2023-08-13,Delivered,Credit Card,60.0
O006517,C02156,2025-03-23,Delivered,COD,60.0
O003405,C01089,2024-11-05,Delivered,upi,40.0
O012400,C04159,2025-04-06,Delivered,upi,0.0
O013003,C04326,2025-04-04,Returned,Debit Card,0.0
O016762,C05533,2024-11-21,Cancelled,upi,99.0
O010902,C03622,2024-07-06,Delivered,upi,40.0
O010060,C03311,2024-09-29,Delivered,COD,0.0
O004633,C01546,2024-07-13,Delivered,Debit Card,60.0
O011637,C03878,2023-11-21,Delivered,upi,60.0
O011981,C04026,2025-01-22,Delivered,upi,0.0
O014821,C04885,2024-08-25,Delivered,COD,0.0
O014817,C04885,2024-03-24,Delivered,Net Banking,99.0
O007430,C02477,2024-07-14,Delivered,upi,40.0
O018056,C05936,2023-11-19,Delivered,upi,0.0
O014139,C04699,2024-02-21,Delivered,upi,0.0
O007466,C02493,2025-06-14,Delivered,COD,99.0
O011326,C03773,2024-11-06,Delivered,Credit Card,60.0
O017200,C05661,2024-12-27,Delivered,Credit Card,0.0
O008893,C02931,2025-06-28,Delivered,Net Banking,40.0
O010716,C03559,2025-03-19,Delivered,Debit Card,0.0
O018111,C05939,2025-09-21,Delivered,Debit Card,40.0
O014023,C04656,2025-07-10,Delivered,UPI,60.0
O001113,C00389,2023-06-03,Delivered,COD,60.0
O013253,C04408,2025-01-19,Delivered,upi,0.0
O014067,C04668,2024-09-19,Delivered,upi,99.0
O000185,C00096,2025-06-14,Delivered,upi,0.0
O006475,C02139,2024-03-18,Delivered,Credit Card,99.0
O010133,C03338,2023-09-20,Delivered,Net Banking,40.0
O017867,C05872,2025-09-14,Delivered,upi,40.0
O006467,C02138,2024-01-02,Returned,Credit Card,60.0
O013326,C04437,2024-12-05,Returned,upi,0.0
O015352,C05056,2024-12-28,Delivered,COD,0.0
O017990,C05913,2024-12-10,Returned,upi,40.0
O008313,C02755,2024-07-09,Delivered,upi,0.0
O006489,C02146,2025-03-27,Delivered,COD,0.0
O013693,C04543,2023-08-16,Delivered,upi,99.0
O011742,C03931,2023-10-04,Delivered,,40.0
O015097,C04971,2024-03-23,Delivered,upi,0.0
O007524,C02510,2025-07-16,Returned,COD,0.0
O008180,C02697,2024-04-17,Delivered,Debit Card,0.0
O008647,C02864,2024-11-23,delivered,Debit Card,40.0
O017803,C05855,2024-10-15,Delivered,NET BANKING,60.0
O002706,C00857,2024-10-28,Delivered,upi,60.0
O015459,C05103,2025-05-16,Delivered,Net Banking,0.0
O010763,C03577,2024-03-25,Delivered,Credit Card,60.0
O009699,C03187,2024-06-25,Delivered,upi,40.0
O001218,C00399,2025-08-28,Cancelled,upi,99.0
O005287,C01753,2024-10-27,Delivered,upi,99.0
O011929,C04008,2024-11-24,Delivered,Credit Card,60.0
O015061,C04958,2024-11-19,Delivered,COD,99.0
O005565,C01833,2025-09-20,Delivered,Credit Card,0.0
O013985,C04644,2024-09-04,Delivered,Credit Card,40.0
O005902,C01952,2025-04-11,Delivered,Net Banking,99.0
O002716,C00863,2025-01-01,Delivered,upi,99.0
O006392,C02107,2024-12-30,Delivered,COD,40.0
O016533,C05446,2024-07-13,Delivered,upi,0.0
O003987,C01308,2025-01-09,Delivered,Debit Card,0.0
O015831,C05220,2024-02-04,Delivered,Debit Card,0.0
O002591,C00822,2025-07-30,Delivered,COD,99.0
O014484,C04794,2024-03-25,Returned,upi,60.0
O010000,C03299,2025-05-11,Delivered,COD,0.0
O000031,C00018,2023-07-22,Delivered,COD,99.0
O015877,C05227,2023-08-23,Cancelled,Credit Card,99.0
O002623,C00829,2024-07-15,Delivered,COD,40.0
O010191,C03361,2023-12-23,Delivered,Credit Card,0.0
O007833,C02572,2023-08-24,Delivered,Debit Card,0.0
O011088,C03669,2025-08-23,Delivered,upi,0.0
O010464,C03470,2023-10-20,Delivered,Credit Card,40.0
O010575,C03511,2024-11-07,Delivered,Credit Card,99.0
O015756,C05194,2024-11-06,Delivered,COD,0.0
O012564,C04198,2025-02-09,Delivered,upi,0.0
O003523,C01132,2024-12-13,Delivered,upi,99.0
O001030,C00361,2025-01-27,Delivered,Net Banking,0.0
O011423,C03821,2025-02-03,Returned,Net Banking,40.0
O011412,C03815,2024-10-03,Delivered,upi,40.0
O009237,C03030,2023-10-03,Delivered,upi,99.0
O014851,C04893,2024-10-29,Delivered,Credit Card,99.0
O004157,C01371,2024-01-28,Delivered,upi,99.0
O017197,C05661,2024-10-16,Returned,upi,99.0
O008338,C02768,2024-06-10,Delivered,Net Banking,0.0
O006689,C02217,2025-02-04,Delivered,Debit Card,99.0
O015264,C05031,2024-12-11,Delivered,upi,99.0
O007022,C02345,2024-07-17,Delivered,upi,40.0
O002368,C00756,2024-11-22,Delivered,Debit Card,60.0
O010600,C03517,2024-07-13,Delivered,upi,0.0
O011332,C03775,2024-09-08,Delivered,Debit Card,99.0
O002660,C00835,2024-07-27,Cancelled,Net Banking,40.0
O002686,C00846,2025-08-16,Delivered,CREDIT CARD,0.0
O013534,C04499,2025-03-31,Delivered,upi,0.0
O011989,C04029,2024-09-13,Delivered,Debit Card,40.0
O009876,C03260,2025-08-13,Delivered,upi,40.0
O012387,C04157,2024-10-13,delivered,Credit Card,99.0
O008970,C02952,2025-09-15,Delivered,upi,60.0
O001934,C00597,2023-12-19,Delivered,Debit Card,0.0
O012247,C04123,2023-11-05,Delivered,COD,40.0
O005670,C01882,2024-01-12,Delivered,Debit Card,0.0
O005504,C01824,2024-12-07,Cancelled,COD,0.0
O010253,C03396,2024-06-12,Delivered,UPI,40.0
O010812,C03585,2025-01-15,Delivered,Net Banking,0.0
O013946,C04638,2024-02-17,Delivered,upi,99.0
O014673,C04840,2025-04-20,Delivered,upi,60.0
O005819,C01936,2024-12-09,Returned,Net Banking,0.0
O014489,C04794,2024-09-07,Delivered,upi,40.0
O010882,C03617,2024-08-08,delivered,Credit Card,0.0
O017275,C05695,2024-08-17,Returned,Credit Card,0.0
O011244,C03742,2025-08-08,Delivered,Net Banking,60.0
O016525,C05441,2023-12-23,Delivered,Net Banking,0.0
O015604,C05155,2023-02-19,Delivered,Net Banking,99.0
O013942,C04635,2025-08-09,Delivered,Credit Card,0.0
O006969,C02325,2024-10-13,Delivered,COD,0.0
O007308,C02446,2024-04-02,Delivered,upi,0.0
O010093,C03325,2024-04-14,Delivered,Debit Card,40.0
O013683,C04537,2024-12-09,Delivered,COD,0.0
O013020,C04330,2024-08-19,Delivered,upi,40.0
O002435,C00778,2024-06-04,Delivered,Credit Card,0.0
O001752,C00555,2023-10-12,Delivered,upi,60.0
O006280,C02062,2025-05-21,Delivered,upi,99.0
O011025,C03660,2024-11-23,Delivered,Credit Card,0.0
O011752,C03933,2024-05-24,Delivered,upi,0.0
O016934,C05585,2025-07-11,Delivered,upi,60.0
O013455,C04474,2024-08-19,Delivered,upi,99.0
O006855,C02268,2025-05-10,Delivered,Debit Card,60.0
O003330,C01060,2024-02-11,Delivered,,60.0
O011499,C03843,2024-10-31,Returned,Credit Card,40.0
O014894,C04904,2024-10-08,Delivered,upi,0.0
O010182,C03358,2025-07-25,Delivered,COD,40.0
O001116,C00389,2023-10-09,Delivered,Net Banking,99.0
O018115,C05940,2024-01-05,Delivered,upi,99.0
O009995,C03298,2023-02-04,Delivered,Debit Card,60.0
O000332,C00140,2024-03-12,Delivered,COD,99.0
O009836,C03253,2025-06-12,Delivered,Debit Card,0.0
O009225,C03025,2023-12-07,Delivered,Debit Card,0.0
O015653,C05161,2025-06-21,Delivered,Credit Card,0.0
O017756,C05840,2025-09-03,Delivered,Credit Card,0.0
O010803,C03585,2024-01-01,Delivered,upi,99.0
O004360,C01446,2023-11-17,Delivered,Net Banking,60.0
O007536,C02516,2024-09-23,Delivered,upi,40.0
O014589,C04812,2024-03-03,Delivered,Debit Card,0.0
O006451,C02134,2024-08-23,cancelled,upi,40.0
O005686,C01885,2023-04-13,Delivered,Credit Card,40.0
O015155,C04992,2025-07-27,Delivered,Net Banking,0.0
O015691,C05170,2024-08-01,Delivered,Net Banking,99.0
O007793,C02557,2024-05-23,Delivered,COD,0.0
O002942,C00919,2024-12-21,Delivered,Credit Card,0.0
O002526,C00803,2025-03-12,Delivered,Net Banking,99.0
O001383,C00433,2025-05-11,Delivered,upi,60.0
O015347,C05056,2023-03-27,Delivered,COD,99.0
O000929,C00337,2024-10-26,delivered,upi,40.0
O010098,C03328,2025-04-17,Delivered,upi,60.0
O003344,C01066,2025-02-02,Delivered,upi,0.0
O012384,C04157,2023-12-10,Delivered,Credit Card,0.0
O010693,C03549,2025-07-29,Delivered,COD,0.0
O012474,C04172,2024-09-25,Delivered,upi,0.0
O012980,C04320,2024-04-19,Delivered,Credit Card,60.0
O016041,C05272,2025-09-11,Delivered,upi,60.0
O003907,C01283,2024-04-29,Delivered,Debit Card,60.0
O005869,C01952,2023-06-15,Delivered,COD,99.0
O013938,C04635,2025-05-12,Delivered,Credit Card,40.0
O003872,C01270,2024-04-24,Returned,upi,60.0
O009495,C03109,2024-06-25,Delivered,COD,40.0
O016861,C05558,2023-10-01,Delivered,COD,60.0
O013783,C04571,2024-12-22,Delivered,CREDIT CARD,60.0
O012638,C04222,2025-03-29,Delivered,upi,60.0
O002037,C00624,2024-11-08,Delivered,,0.0
O017447,C05748,2023-08-24,Delivered,upi,40.0
O009812,C03239,2025-09-29,Delivered,Net Banking,99.0
O006972,C02326,2024-07-30,Returned,Credit Card,40.0
O003201,C01018,2025-07-14,Delivered,Debit Card,0.0
O013830,C04583,2023-11-03,Delivered,Credit Card,0.0
O006438,C02126,2024-03-29,Delivered,Debit Card,60.0
O004895,C01638,2024-04-17,Delivered,upi,99.0
O005757,C01904,2024-12-28,Delivered,upi,60.0
O013546,C04502,2024-10-03,Delivered,upi,60.0
O012106,C04070,2023-08-12,Delivered,COD,0.0
O006345,C02085,2025-09-12,Delivered,Debit Card,99.0
O007096,C02377,2025-03-20,Delivered,COD,0.0
O010500,C03481,2025-04-19,Delivered,Debit Card,99.0
O007928,C02602,2024-10-01,Delivered,upi,0.0
O010765,C03577,2024-06-05,Delivered,CREDIT CARD,0.0
O011667,C03892,2024-10-06,Delivered,upi,99.0
O017352,C05719,2023-08-10,Delivered,upi,40.0
O011824,C03969,2024-05-15,Delivered,Credit Card,0.0
O009987,C03293,2025-05-07,delivered,Debit Card,40.0
O003043,C00965,2025-04-10,Delivered,upi,60.0
O012757,C04246,2025-07-11,Delivered,upi,0.0
O005834,C01940,2025-02-20,Delivered,,40.0
O006328,C02080,2024-02-25,Delivered,Credit Card,40.0
O017479,C05764,2023-07-26,Delivered,Credit Card,0.0
O010135,C03338,2024-02-18,Delivered,COD,0.0
O013963,C04641,2025-02-20,Delivered,Debit Card,0.0
O017549,C05787,2024-03-17,Returned,Net Banking,60.0
O004973,C01656,2025-04-08,Delivered,Credit Card,0.0
O001522,C00483,2025-02-14,Delivered,upi,0.0
O006061,C02014,2025-04-08,Delivered,upi,0.0
O014173,C04710,2024-04-11,Returned,Credit Card,40.0
O012431,C04164,2024-07-03,Cancelled,upi,40.0
O017179,C05661,2024-01-18,Returned,upi,60.0
O007090,C02376,2024-10-05,Delivered,Net Banking,0.0
O004218,C01390,2025-01-09,Delivered,upi,0.0
O015695,C05170,2025-01-19,Delivered,COD,40.0
O005063,C01686,2025-08-20,Delivered,upi,60.0
O008161,C02688,2024-09-18,Delivered,upi,99.0
O013782,C04571,2024-12-15,Delivered,Debit Card,99.0
O004056,C01331,2025-04-17,Delivered,COD,60.0
O009718,C03195,2024-08-22,Delivered,UPI,40.0
O010731,C03566,2025-05-12,Delivered,upi,99.0
O003564,C01148,2025-09-19,Delivered,Net Banking,0.0
O004761,C01581,2024-08-08,Delivered,upi,0.0
O016838,C05553,2024-04-17,Delivered,upi,0.0
O003158,C01000,2025-06-09,Delivered,upi,0.0
O005640,C01870,2025-02-01,Delivered,Credit Card,0.0
O004273,C01419,2023-10-29,Delivered,Debit Card,0.0
O009494,C03109,2024-04-04,Delivered,COD,0.0
O007342,C02455,2025-06-09,Delivered,Debit Card,99.0
O015442,C05094,2023-10-22,Delivered,Net Banking,0.0
O017405,C05735,2023-04-22,Delivered,Debit Card,60.0
O017212,C05666,2025-06-16,Delivered,COD,99.0
O012526,C04188,2024-08-29,Delivered,upi,0.0
O000786,C00301,2024-11-10,Cancelled,upi,60.0
O002045,C00627,2024-07-01,Delivered,Credit Card,99.0
O017877,C05875,2024-07-14,Delivered,upi,0.0
O009013,C02964,2023-12-01,Delivered,Credit Card,40.0
O012446,C04166,2024-10-30,Cancelled,COD,0.0
O013607,C04521,2024-12-13,Delivered,UPI,0.0
O015205,C05014,2024-09-04,Delivered,upi,0.0
O008502,C02812,2025-09-20,Returned,upi,99.0
O006070,C02019,2024-09-13,Delivered,upi,60.0
O009764,C03220,2023-10-02,Delivered,Credit Card,40.0
O016986,C05598,2024-11-09,Delivered,upi,0.0
O013095,C04361,2023-07-11,Delivered,Credit Card,40.0
O000708,C00271,2025-09-16,Delivered,upi,40.0
O015476,C05106,2025-01-21,Delivered,upi,40.0
O014461,C04790,2024-08-23,Delivered,Credit Card,60.0
O012907,C04297,2023-10-27,Cancelled,upi,0.0
O003407,C01090,2023-08-20,Delivered,Credit Card,40.0
O007239,C02418,2025-07-09,Delivered,upi,0.0
O007785,C02554,2025-01-21,Delivered,upi,40.0
O001316,C00427,2023-12-08,Returned,Credit Card,0.0
O007970,C02614,2024-09-16,Delivered,Credit Card,99.0
O016131,C05314,2025-04-26,Delivered,Debit Card,0.0
O005703,C01887,2024-06-05,Delivered,upi,60.0
O011092,C03670,2024-01-05,Delivered,Debit Card,99.0
O001286,C00419,2023-04-07,Delivered,COD,40.0
O011108,C03674,2024-07-09,delivered,Credit Card,99.0
O001891,C00592,2023-11-18,Delivered,Credit Card,40.0
O001714,C00545,2024-05-13,Delivered,COD,99.0
O000877,C00327,2023-09-07,Delivered,upi,0.0
O005278,C01750,2023-11-10,Delivered,Net Banking,0.0
O016544,C05453,2024-09-19,delivered,Debit Card,0.0
O002485,C00785,2024-12-04,Delivered,Credit Card,0.0
O006315,C02075,2023-04-20,Delivered,Debit Card,0.0
O003688,C01206,2025-06-20,Delivered,COD,99.0
O012537,C04192,2025-05-30,Delivered,Credit Card,99.0
O011301,C03766,2025-07-31,returned,upi,0.0
O011070,C03667,2023-12-07,Delivered,COD,0.0
O015947,C05254,2025-08-07,Delivered,Credit Card,60.0
O001883,C00589,2024-05-11,Delivered,Net Banking,0.0
O013652,C04533,2024-10-31,Delivered,Debit Card,40.0
O006287,C02063,2025-08-09,Delivered,Net Banking,99.0
O005218,C01736,2023-11-15,Delivered,UPI,0.0
O010441,C03458,2023-10-09,Delivered,Net Banking,99.0
O017862,C05872,2024-11-29,Delivered,COD,0.0
O012003,C04034,2024-06-05,Delivered,Credit Card,0.0
O014906,C04909,2023-12-12,Delivered,upi,40.0
O016530,C05443,2025-07-13,Delivered,upi,40.0
O013650,C04533,2024-09-25,Delivered,upi,99.0
O017490,C05765,2024-04-28,Delivered,Debit Card,60.0
O012692,C04234,2024-01-07,Delivered,,0.0
O007147,C02387,2024-04-29,Delivered,COD,60.0
O009506,C03112,2025-09-27,Delivered,upi,40.0
O013945,C04638,2023-11-28,Delivered,Debit Card,0.0
O016697,C05511,2024-08-01,Returned,upi,0.0
O013375,C04452,2025-07-05,Returned,Credit Card,40.0
O007237,C02416,2025-04-05,Delivered,upi,0.0
O013361,C04448,2024-07-11,Delivered,upi,99.0
O003272,C01037,2024-06-11,Delivered,COD,60.0
O017714,C05837,2023-06-26,Cancelled,COD,40.0
O000387,C00153,2024-10-13,Delivered,Net Banking,40.0
O018101,C05939,2025-01-31,Delivered,Net Banking,99.0
O001987,C00609,2025-07-17,Delivered,upi,0.0
O002246,C00707,2025-02-25,Delivered,Credit Card,0.0
O007980,C02618,2025-09-16,Returned,upi,60.0
O002614,C00828,2025-07-19,Delivered,Net Banking,0.0
O008681,C02875,2024-01-28,Delivered,upi,99.0
O017037,C05610,2023-06-23,Delivered,upi,0.0
O001839,C00581,2025-02-02,Delivered,Debit Card,0.0
O018072,C05936,2025-07-24,Delivered,upi,99.0
O010620,C03530,2023-07-17,Delivered,UPI,99.0
O000755,C00289,2023-03-15,Delivered,upi,99.0
O014546,C04806,2025-01-15,Returned,Credit Card,0.0
O013467,C04483,2023-09-17,Delivered,DEBIT CARD,40.0
O010402,C03449,2023-12-29,Delivered,upi,40.0
O011311,C03767,2025-04-20,Delivered,Debit Card,0.0
O011369,C03793,2024-08-25,Delivered,upi,99.0
O010129,C03334,2025-09-28,Delivered,Credit Card,0.0
O006692,C02217,2025-03-15,Delivered,Debit Card,0.0
O013766,C04568,2025-06-09,Delivered,upi,60.0
O001764,C00559,2023-08-18,Delivered,Debit Card,0.0
O003241,C01027,2024-04-26,Delivered,upi,99.0
O013081,C04354,2025-03-05,Delivered,upi,0.0
O015676,C05167,2025-05-23,Returned,upi,0.0
O018149,C05961,2025-03-01,Delivered,COD,0.0
O010548,C03506,2024-11-17,Delivered,Debit Card,99.0
O017232,C05673,2023-08-15,Delivered,COD,40.0
O003302,C01049,2023-07-15,Delivered,COD,40.0
O010138,C03339,2024-06-03,Cancelled,Debit Card,99.0
O012520,C04186,2025-09-05,Cancelled,Credit Card,40.0
O001878,C00588,2025-07-17,Delivered,COD,0.0
O015211,C05014,2024-11-10,Returned,,99.0
O008409,C02793,2025-05-18,Delivered,Credit Card,60.0
O018185,C05970,2025-08-01,Delivered,Credit Card,0.0
O018143,C05958,2024-09-26,Delivered,COD,0.0
O006374,C02104,2024-07-31,Delivered,Credit Card,0.0
O000892,C00335,2023-07-03,Delivered,upi,0.0
O007982,C02620,2024-11-03,Delivered,COD,99.0
O010926,C03627,2025-08-18,Returned,Net Banking,40.0
O017168,C05661,2023-06-06,Delivered,Credit Card,0.0
O011652,C03886,2023-12-13,Delivered,COD,0.0
O006696,C02217,2025-07-29,Delivered,upi,0.0
O008836,C02923,2024-07-03,Delivered,Debit Card,99.0
O014802,C04881,2024-08-16,Cancelled,upi,99.0
O005579,C01841,2024-09-22,Delivered,upi,60.0
O009436,C03097,2025-05-09,Returned,upi,40.0
O010091,C03324,2024-12-19,Delivered,COD,99.0
O002736,C00869,2024-12-24,Delivered,upi,60.0
O014889,C04903,2025-02-08,Delivered,upi,60.0
O007136,C02387,2023-06-14,Delivered,UPI,99.0
O002040,C00627,2023-12-22,Delivered,Debit Card,60.0
O009370,C03081,2023-08-05,Delivered,UPI,60.0
O008582,C02844,2025-06-02,Delivered,COD,40.0
O015282,C05036,2025-05-11,Delivered,Credit Card,99.0
O001560,C00495,2025-02-15,Delivered,upi,60.0
O008762,C02898,2025-04-09,Delivered,Credit Card,60.0
O006977,C02327,2025-02-06,Delivered,upi,99.0
O004692,C01558,2025-08-09,Delivered,upi,99.0
O000129,C00071,2023-04-15,Delivered,COD,0.0
O003379,C01083,2023-07-11,Cancelled,Debit Card,40.0
O007604,C02526,2023-08-18,Delivered,upi,0.0
O002465,C00781,2025-03-17,delivered,UPI,99.0
O015203,C05014,2024-08-06,Delivered,upi,0.0
O002943,C00920,2025-08-11,Delivered,upi,60.0
O016147,C05320,2023-07-02,Delivered,upi,60.0
O015731,C05178,2024-01-08,Delivered,,0.0
O015139,C04987,2025-03-09,Delivered,Net Banking,0.0
O006024,C02001,2025-02-13,Returned,Net Banking,0.0
O015364,C05060,2023-09-30,Delivered,DEBIT CARD,0.0
O017191,C05661,2024-07-02,Delivered,Debit Card,0.0
O008868,C02926,2025-01-14,Delivered,upi,0.0
O013565,C04505,2023-09-04,Returned,upi,0.0
O015184,C05005,2025-04-15,Delivered,,60.0
O008835,C02923,2024-04-09,Delivered,Net Banking,99.0
O004348,C01441,2024-07-23,Delivered,Credit Card,60.0
O016921,C05578,2024-04-22,Cancelled,Debit Card,99.0
O003881,C01273,2023-02-02,Delivered,Debit Card,0.0
O017501,C05773,2024-05-29,Returned,upi,0.0
O005112,C01697,2024-12-14,Delivered,upi,60.0
O017722,C05837,2023-09-23,Delivered,Debit Card,0.0
O018110,C05939,2025-09-11,Delivered,Credit Card,40.0
O009472,C03102,2025-04-06,Delivered,upi,0.0
O017109,C05632,2023-12-17,Delivered,upi,40.0
O009106,C02996,2025-07-16,Cancelled,upi,40.0
O004221,C01392,2025-03-27,Delivered,upi,40.0
O011987,C04028,2023-07-04,Delivered,upi,0.0
O002066,C00634,2024-05-11,Cancelled,COD,0.0
O018046,C05934,2025-08-31,Delivered,upi,60.0
O006920,C02296,2024-06-29,Delivered,COD,0.0
O016282,C05372,2023-11-17,Delivered,Debit Card,60.0
O014240,C04717,2024-10-29,Delivered,,0.0
O012752,C04243,2024-09-17,Delivered,upi,0.0
O012696,C04234,2024-03-12,Delivered,upi,40.0
O017457,C05754,2024-10-30,Delivered,COD,60.0
O001617,C00507,2023-11-26,Returned,Credit Card,60.0
O012900,C04296,2023-11-29,Delivered,upi,99.0
O006484,C02144,2025-04-25,Delivered,COD,0.0
O001106,C00384,2025-02-11,Delivered,upi,40.0
O016635,C05488,2024-05-27,Delivered,upi,60.0
O001104,C00384,2024-12-03,Delivered,upi,99.0
O004061,C01334,2024-06-03,Delivered,COD,99.0
O004256,C01409,2025-07-12,Delivered,Credit Card,99.0
O005111,C01697,2024-12-09,Delivered,upi,0.0
O009866,C03257,2025-08-04,Delivered,COD,99.0
O004717,C01570,2024-10-26,Delivered,Debit Card,40.0
O009742,C03210,2024-09-11,Delivered,Debit Card,0.0
O000255,C00115,2025-04-11,Delivered,Net Banking,0.0
O008220,C02713,2024-11-27,Delivered,COD,0.0
O011142,C03694,2025-06-20,Delivered,Net Banking,0.0
O016343,C05388,2025-07-20,delivered,Debit Card,99.0
O014483,C04794,2024-03-11,Cancelled,upi,0.0
O011723,C03922,2024-09-24,Delivered,upi,60.0
O003189,C01014,2024-09-12,Delivered,Debit Card,60.0
O012131,C04083,2023-10-11,Delivered,upi,40.0
O014932,C04916,2025-01-31,Delivered,upi,99.0
O006431,C02121,2023-11-08,Delivered,COD,60.0
O011819,C03967,2025-01-23,Delivered,UPI,60.0
O016127,C05310,2024-07-10,delivered,Credit Card,60.0
O015734,C05179,2024-06-15,Delivered,upi,60.0
O000250,C00111,2025-04-14,Delivered,Credit Card,0.0
O002494,C00790,2025-02-24,Delivered,Debit Card,0.0
O007775,C02554,2023-11-29,Delivered,Debit Card,40.0
O014710,C04856,2024-11-06,Delivered,Credit Card,60.0
O002918,C00915,2024-09-11,Delivered,Credit Card,99.0
O004819,C01600,2024-04-10,Delivered,upi,0.0
O018140,C05957,2023-10-15,Delivered,COD,99.0
O009030,C02964,2025-03-06,Delivered,upi,0.0
O015390,C05067,2024-07-25,Cancelled,COD,0.0
O014108,C04686,2025-06-17,Delivered,Credit Card,99.0
O008955,C02945,2024-04-29,Delivered,,40.0
O004709,C01566,2025-07-11,Cancelled,upi,99.0
O002131,C00664,2024-05-02,Delivered,upi,40.0
O012225,C04122,2023-08-28,Delivered,Credit Card,0.0
O008619,C02855,2025-01-07,Delivered,Credit Card,99.0
O014933,C04916,2025-02-19,Delivered,upi,0.0
O007283,C02436,2023-08-13,Delivered,,99.0
O011890,C03994,2024-02-15,Delivered,upi,0.0
O013905,C04620,2024-02-14,Delivered,COD,60.0
O005306,C01761,2025-03-21,Returned,Debit Card,99.0
O010064,C03312,2024-05-10,Delivered,COD,0.0
O008705,C02879,2025-03-28,Delivered,COD,40.0
O006993,C02333,2024-07-30,Delivered,UPI,0.0
O008638,C02863,2023-12-09,Delivered,upi,0.0
O008122,C02672,2025-03-02,Delivered,upi,99.0
O008562,C02835,2024-02-09,Delivered,Credit Card,40.0
O010738,C03570,2025-02-13,Delivered,COD,99.0
O013913,C04625,2023-02-05,Delivered,upi,0.0
O003200,C01018,2025-03-15,Delivered,Credit Card,60.0
O002915,C00912,2025-06-06,Delivered,COD,99.0
O008026,C02639,2024-09-30,Delivered,upi,0.0
O016737,C05524,2025-02-23,Delivered,upi,0.0
O003628,C01184,2024-08-22,Delivered,upi,60.0
O007216,C02406,2023-02-17,Delivered,upi,60.0
O013670,C04536,2025-04-28,Delivered,upi,40.0
O003432,C01099,2023-08-24,Returned,Credit Card,60.0
O000938,C00337,2025-03-12,Returned,upi,40.0
O011645,C03882,2025-06-04,Delivered,upi,40.0
O010100,C03328,2025-07-18,delivered,Debit Card,0.0
O015514,C05124,2024-01-08,Cancelled,COD,0.0
O012422,C04163,2025-04-19,Delivered,upi,0.0
O007581,C02521,2025-05-06,Delivered,COD,60.0
O007287,C02438,2023-06-05,Delivered,Debit Card,0.0
O005371,C01783,2024-11-22,Delivered,COD,0.0
O006728,C02233,2025-01-16,cancelled,Net Banking,60.0
O015927,C05249,2024-11-24,Cancelled,Debit Card,60.0
O013965,C04641,2025-07-01,Delivered,Net Banking,99.0
O001202,C00397,2024-03-24,Returned,COD,99.0
O003134,C00996,2024-08-03,Returned,COD,60.0
O005403,C01795,2025-03-04,Delivered,Debit Card,60.0
O003416,C01091,2024-10-17,Delivered,Net Banking,60.0
O012534,C04191,2024-08-08,Delivered,,0.0
O008229,C02717,2024-11-29,Delivered,upi,40.0
O012343,C04144,2023-08-09,Delivered,upi,0.0
O000672,C00247,2025-08-25,Delivered,upi,40.0
O012600,C04216,2025-02-03,Delivered,Net Banking,99.0
O003962,C01303,2024-06-12,Delivered,upi,99.0
O007509,C02504,2024-04-07,Cancelled,Credit Card,60.0
O011664,C03890,2025-05-29,Delivered,COD,99.0
O003346,C01068,2025-09-10,Delivered,upi,0.0
O011567,C03864,2024-11-13,Delivered,upi,99.0
O001429,C00454,2023-09-21,Delivered,upi,40.0
O014127,C04697,2023-11-07,Delivered,CREDIT CARD,0.0
O004434,C01475,2024-11-16,Delivered,upi,0.0
O004182,C01382,2023-09-13,Delivered,upi,0.0
O013460,C04478,2023-12-15,Delivered,Credit Card,0.0
O016473,C05416,2025-08-18,Delivered,DEBIT CARD,40.0
O005709,C01891,2025-03-27,Delivered,Net Banking,99.0
O001624,C00510,2025-07-04,Delivered,Credit Card,40.0
O000593,C00215,2024-11-04,Delivered,Debit Card,0.0
O000001,C00001,2025-04-12,Delivered,Net Banking,0.0
O016140,C05318,2024-03-06,Delivered,upi,0.0
O014774,C04868,2025-08-05,Delivered,DEBIT CARD,40.0
O010178,C03357,2025-07-08,Delivered,upi,0.0
O007044,C02354,2024-01-16,Delivered,Debit Card,60.0
O003544,C01140,2024-08-17,Delivered,upi,0.0
O011612,C03871,2024-10-25,Delivered,COD,60.0
O008517,C02819,2024-08-22,Delivered,Credit Card,60.0
O013870,C04606,2025-01-20,Delivered,upi,60.0
O001551,C00495,2024-08-09,Delivered,UPI,0.0
O013450,C04472,2023-01-05,Delivered,Credit Card,99.0
O001800,C00572,2025-08-21,Delivered,Debit Card,99.0
O008074,C02658,2024-12-28,Delivered,Net Banking,0.0
O000401,C00156,2024-09-16,Delivered,Credit Card,60.0
O008012,C02633,2025-02-08,Delivered,Debit Card,40.0
O003254,C01030,2025-05-08,Delivered,Debit Card,99.0
O011943,C04010,2024-11-04,Delivered,COD,60.0
O003232,C01027,2023-07-15,Delivered,upi,60.0
O017660,C05820,2025-09-12,delivered,,0.0
O005853,C01945,2025-04-01,Returned,upi,0.0
O012902,C04296,2024-07-06,Delivered,upi,0.0
O003951,C01300,2025-01-06,Delivered,CREDIT CARD,0.0
O010319,C03420,2024-04-22,Delivered,COD,99.0
O000028,C00016,2024-11-26,Delivered,DEBIT CARD,0.0
O006289,C02064,2024-08-25,Delivered,upi,40.0
O010584,C03512,2025-04-03,Delivered,NET BANKING,0.0
O012535,C04191,2025-09-20,Delivered,upi,60.0
O016516,C05436,2023-05-26,Returned,Credit Card,60.0
O010890,C03618,2023-09-14,Returned,Debit Card,40.0
O006411,C02115,2024-07-21,Returned,Debit Card,99.0
O008004,C02629,2024-08-14,delivered,Debit Card,0.0
O007871,C02588,2023-10-27,Delivered,upi,99.0
O000749,C00284,2023-05-27,Delivered,upi,0.0
O006765,C02242,2025-09-05,Delivered,upi,99.0
O011835,C03971,2024-05-26,Returned,Debit Card,0.0
O013508,C04495,2023-07-18,delivered,CREDIT CARD,99.0
O007034,C02352,2024-09-01,Delivered,Credit Card,40.0
O005107,C01697,2024-08-28,Delivered,Net Banking,60.0
O011131,C03690,2024-10-18,Returned,Net Banking,60.0
O007768,C02552,2025-04-12,Delivered,Net Banking,0.0
O015779,C05206,2025-02-20,Returned,NET BANKING,40.0
O017869,C05873,2025-07-17,Delivered,COD,0.0
O016352,C05393,2024-11-26,Delivered,upi,99.0
O001160,C00394,2024-03-28,Delivered,Credit Card,0.0
O004261,C01412,2024-10-09,Delivered,upi,0.0
O010347,C03433,2025-02-03,Delivered,Credit Card,40.0
O005890,C01952,2024-06-15,Delivered,COD,0.0
O012368,C04151,2025-07-07,Delivered,Credit Card,60.0
O011525,C03851,2024-01-23,Delivered,upi,0.0
O005844,C01943,2025-09-02,Delivered,Credit Card,40.0
O008248,C02727,2023-07-19,Delivered,Debit Card,0.0
O015130,C04981,2025-06-20,Delivered,upi,40.0
O009877,C03261,2025-08-09,Delivered,upi,60.0
O001441,C00461,2023-12-09,Delivered,upi,99.0
O003128,C00991,2025-09-26,Delivered,Debit Card,40.0
O006858,C02269,2025-01-20,Delivered,upi,40.0
O013085,C04356,2025-04-13,Delivered,upi,60.0
O014564,C04808,2023-06-22,Delivered,Credit Card,99.0
O015930,C05249,2025-07-15,Delivered,CREDIT CARD,40.0
O001491,C00471,2023-07-01,Delivered,upi,40.0
O003090,C00984,2024-11-24,Delivered,Credit Card,0.0
O015231,C05015,2025-06-29,Delivered,upi,40.0
O005037,C01680,2024-07-25,Delivered,Net Banking,40.0
O012998,C04326,2024-07-26,Delivered,Credit Card,40.0
O010400,C03449,2023-12-12,Returned,upi,0.0
O008415,C02794,2023-08-19,Delivered,upi,0.0
O011120,C03681,2025-05-13,Delivered,upi,60.0
O007154,C02387,2024-09-19,Delivered,COD,99.0
O003129,C00992,2025-06-28,Delivered,Credit Card,40.0
O009002,C02963,2025-05-19,Delivered,Net Banking,0.0
O009424,C03097,2023-12-12,Delivered,Debit Card,40.0
O001219,C00400,2023-01-16,Delivered,,0.0
O016626,C05487,2025-06-05,Delivered,upi,99.0
O010047,C03308,2025-07-16,Delivered,Net Banking,0.0
O006257,C02053,2025-07-03,Delivered,upi,60.0
O008323,C02761,2024-12-24,Delivered,upi,99.0
O007703,C02545,2023-11-24,Returned,upi,99.0
O007314,C02448,2023-05-24,Delivered,upi,40.0
O004756,C01580,2025-09-27,Delivered,upi,0.0
O007366,C02462,2025-06-26,Delivered,Net Banking,0.0
O012419,C04163,2024-09-28,delivered,CREDIT CARD,60.0
O003301,C01048,2025-09-25,Delivered,COD,40.0
O017519,C05777,2023-04-23,Delivered,Net Banking,60.0
O008709,C02881,2025-05-31,delivered,Credit Card,0.0
O010405,C03449,2024-02-04,Cancelled,Debit Card,0.0
O017930,C05894,2025-01-14,Delivered,Credit Card,40.0
O010886,C03617,2025-02-11,Returned,upi,0.0
O016159,C05327,2025-01-02,returned,upi,60.0
O015774,C05204,2025-07-09,Delivered,Credit Card,60.0
O009497,C03109,2024-10-03,Delivered,COD,0.0
O002829,C00893,2023-10-11,Delivered,Credit Card,99.0
O000818,C00309,2025-01-10,Delivered,upi,60.0
O016094,C05294,2025-02-25,Delivered,upi,40.0
O014347,C04744,2024-06-01,Delivered,Debit Card,99.0
O015129,C04981,2025-06-12,Delivered,COD,99.0
O003099,C00985,2024-03-08,Cancelled,upi,60.0
O008865,C02926,2025-01-01,Delivered,upi,99.0
O010221,C03379,2025-06-23,Delivered,upi,99.0
O011185,C03716,2025-04-28,Delivered,COD,40.0
O008021,C02638,2023-12-30,Delivered,Debit Card,0.0
O001302,C00423,2023-10-04,Delivered,Debit Card,0.0
O002873,C00907,2024-10-07,Delivered,upi,60.0
O001115,C00389,2023-09-11,Delivered,,0.0
O010107,C03330,2024-03-24,Delivered,upi,40.0
O014506,C04796,2025-09-15,Delivered,COD,99.0
O004700,C01564,2023-04-28,Delivered,COD,0.0
O001055,C00364,2025-04-28,Delivered,upi,40.0
O006749,C02237,2025-02-10,Delivered,upi,99.0
O006054,C02010,2025-02-11,Cancelled,NET BANKING,99.0
O003178,C01009,2024-07-01,Delivered,upi,0.0
O000605,C00220,2024-12-09,Delivered,upi,0.0
O013417,C04468,2025-01-09,Delivered,COD,99.0
O000046,C00025,2024-07-03,Delivered,Credit Card,60.0
O013040,C04338,2023-06-30,Delivered,upi,40.0
O008158,C02687,2025-08-13,Returned,COD,99.0
O008688,C02875,2024-09-08,Delivered,upi,0.0
O018159,C05962,2024-10-21,Delivered,Debit Card,0.0
O017957,C05899,2024-12-23,Delivered,upi,0.0
O011832,C03971,2024-04-08,Delivered,upi,40.0
O007339,C02455,2025-03-21,Delivered,COD,99.0
O012888,C04290,2025-09-15,Delivered,upi,0.0
O012424,C04163,2025-06-16,Delivered,Net Banking,0.0
O016798,C05543,2023-12-12,Delivered,Credit Card,60.0
O000197,C00098,2025-09-18,Delivered,COD,60.0
O010990,C03651,2024-04-19,Returned,upi,0.0
O006406,C02115,2024-03-09,delivered,Net Banking,0.0
O011732,C03928,2024-08-21,Delivered,upi,40.0
O013078,C04353,2024-08-01,Delivered,COD,60.0
O004787,C01592,2023-10-24,Delivered,COD,99.0
O005450,C01814,2024-02-06,Delivered,COD,60.0
O013155,C04377,2024-07-28,Delivered,Debit Card,60.0
O000815,C00307,2025-06-26,Delivered,Credit Card,0.0
O003027,C00959,2025-03-13,Delivered,Net Banking,0.0
O009790,C03233,2025-05-21,Delivered,COD,60.0
O010661,C03539,2025-03-19,Delivered,Debit Card,0.0
O011721,C03921,2025-08-25,Cancelled,Net Banking,99.0
O007322,C02448,2025-01-23,Delivered,COD,40.0
O009040,C02966,2025-09-21,Delivered,Credit Card,0.0
O010961,C03640,2024-02-08,Returned,upi,0.0
O014790,C04876,2024-05-11,Delivered,upi,40.0
O005947,C01971,2025-02-09,Delivered,COD,60.0
O008124,C02672,2025-09-01,Cancelled,,99.0
O008870,C02926,2025-02-12,Delivered,Debit Card,0.0
O012258,C04123,2024-07-15,Delivered,COD,0.0
O006057,C02012,2025-04-13,Delivered,COD,40.0
O002186,C00697,2023-05-11,Delivered,Credit Card,0.0
O006238,C02048,2025-05-17,delivered,Net Banking,0.0
O018006,C05919,2025-07-08,Returned,upi,40.0
O011484,C03843,2024-03-13,Delivered,upi,40.0
O005905,C01952,2025-07-02,Delivered,,40.0
O000212,C00105,2023-05-28,Delivered,Credit Card,0.0
O008452,C02797,2024-09-02,Delivered,upi,0.0
O011006,C03655,2025-03-21,Delivered,COD,60.0
O016757,C05529,2023-07-11,cancelled,upi,99.0
O012884,C04290,2025-06-15,Returned,upi,0.0
O009469,C03102,2025-01-30,Delivered,upi,0.0
O015260,C05027,2025-02-27,Delivered,UPI,60.0
O008946,C02944,2024-06-10,Delivered,upi,60.0
O003012,C00953,2023-10-10,Delivered,COD,60.0
O006655,C02205,2024-02-24,Delivered,upi,40.0
O006403,C02114,2023-12-23,Delivered,Net Banking,40.0
O008002,C02629,2023-07-07,Delivered,COD,60.0
O004304,C01421,2024-06-17,delivered,Credit Card,0.0
O003373,C01082,2024-11-30,Delivered,upi,60.0
O005373,C01783,2025-06-03,delivered,upi,60.0
O005358,C01779,2025-08-02,Delivered,upi,40.0
O005647,C01872,2024-10-21,Cancelled,Debit Card,60.0
O009721,C03196,2024-12-26,Delivered,UPI,99.0
O001851,C00583,2024-07-05,Delivered,upi,60.0
O003216,C01025,2024-03-18,Delivered,Credit Card,99.0
O016409,C05408,2024-11-20,Delivered,Credit Card,40.0
O008108,C02665,2023-11-23,Delivered,Debit Card,60.0
O006224,C02046,2025-01-20,Delivered,COD,0.0
O011541,C03861,2025-04-17,Delivered,Credit Card,0.0
O001292,C00420,2023-08-04,Delivered,upi,40.0
O008484,C02811,2024-06-07,Cancelled,upi,40.0
O006279,C02062,2025-05-09,returned,upi,0.0
O010629,C03532,2024-09-08,Delivered,upi,0.0
O007611,C02526,2024-02-15,Delivered,upi,40.0
O013487,C04492,2025-05-18,Delivered,upi,40.0
O007213,C02405,2024-08-16,Delivered,upi,99.0
O002324,C00746,2024-07-21,Delivered,upi,40.0
O000673,C00248,2024-07-21,Delivered,Debit Card,40.0
O006221,C02046,2024-10-28,Delivered,upi,40.0
O016146,C05319,2024-09-14,Delivered,COD,60.0
O002568,C00815,2024-11-25,Delivered,COD,0.0
O000659,C00239,2024-12-07,Delivered,COD,99.0
O009004,C02964,2023-02-18,Delivered,Credit Card,60.0
O016739,C05525,2023-11-02,Delivered,Net Banking,0.0
O006557,C02168,2024-06-06,Delivered,COD,60.0
O013005,C04326,2025-08-23,Delivered,Net Banking,0.0
O014346,C04743,2025-09-09,Delivered,Credit Card,0.0
O013091,C04359,2024-03-14,Delivered,upi,99.0
O015121,C04981,2023-08-26,Returned,upi,99.0
O001590,C00501,2023-06-28,Delivered,Credit Card,99.0
O014387,C04760,2024-11-23,Delivered,upi,60.0
O002634,C00831,2025-05-12,Delivered,upi,99.0
O000876,C00327,2023-08-08,Cancelled,Net Banking,0.0
O005309,C01762,2025-07-28,Delivered,COD,60.0
O011526,C03851,2024-12-28,Delivered,COD,99.0
O004849,C01618,2025-01-05,Returned,upi,60.0
O005128,C01703,2024-07-11,Delivered,Debit Card,0.0
O000259,C00117,2025-05-02,Delivered,upi,0.0
O000536,C00201,2024-03-06,Delivered,upi,60.0
O000767,C00291,2025-08-04,Delivered,Debit Card,60.0
O010722,C03561,2024-10-05,Delivered,Net Banking,0.0
O000844,C00316,2025-09-09,Delivered,upi,40.0
O004541,C01530,2025-09-12,Delivered,upi,99.0
O001611,C00504,2025-01-12,Delivered,Net Banking,40.0
O011875,C03992,2023-09-20,Delivered,COD,40.0
O006995,C02333,2024-10-29,Delivered,Credit Card,99.0
O018174,C05967,2023-08-27,Delivered,Debit Card,0.0
O006244,C02053,2024-01-04,Delivered,COD,0.0
O012729,C04234,2025-04-17,Delivered,upi,40.0
O001215,C00398,2025-06-25,Delivered,COD,0.0
O000349,C00146,2024-10-14,Delivered,Net Banking,0.0
O003701,C01211,2023-12-13,Delivered,upi,60.0
O007391,C02471,2024-08-24,Delivered,Credit Card,0.0
O013711,C04551,2025-01-27,Delivered,upi,60.0
O016829,C05551,2024-03-08,delivered,upi,99.0
O006017,C01998,2024-10-10,Delivered,upi,60.0
O006636,C02198,2024-12-02,Delivered,Debit Card,60.0
O007503,C02503,2025-06-19,Delivered,Debit Card,0.0
O001198,C00395,2025-06-08,Delivered,Debit Card,40.0
O018074,C05937,2025-03-05,Delivered,upi,0.0
O003677,C01203,2024-07-30,Delivered,COD,0.0
O012843,C04284,2024-02-28,Returned,Credit Card,99.0
O007363,C02462,2024-02-24,delivered,Net Banking,0.0
O015838,C05220,2024-05-16,Delivered,upi,40.0
O003023,C00957,2024-09-30,Cancelled,upi,60.0
O012539,C04193,2025-05-23,Delivered,upi,99.0
O012596,C04215,2023-02-18,Delivered,COD,40.0
O006605,C02186,2024-12-04,Delivered,Credit Card,99.0
O017677,C05831,2024-06-17,Delivered,Debit Card,60.0
O003720,C01218,2025-02-13,delivered,upi,99.0
O017882,C05875,2025-07-13,Returned,Credit Card,99.0
O001960,C00609,2024-03-01,returned,Debit Card,0.0
O016317,C05376,2023-06-27,Delivered,Debit Card,60.0
O008787,C02910,2024-08-11,Delivered,UPI,0.0
O007078,C02369,2023-12-23,Delivered,upi,40.0
O013558,C04502,2025-09-20,Delivered,upi,0.0
O015711,C05173,2024-02-08,Delivered,upi,99.0
O010532,C03502,2024-09-03,Delivered,upi,40.0
O005279,C01750,2024-06-16,Delivered,COD,99.0
O001743,C00553,2025-01-04,Returned,Net Banking,0.0
O012505,C04185,2025-02-27,Delivered,Credit Card,0.0
O000574,C00211,2024-02-27,Delivered,COD,40.0
O016350,C05391,2025-07-24,Delivered,Debit Card,40.0
O002006,C00615,2024-12-21,Cancelled,Credit Card,40.0
O016136,C05316,2025-03-08,Delivered,Credit Card,60.0
O011090,C03670,2023-03-16,Returned,upi,99.0
O004921,C01644,2025-01-12,Delivered,upi,60.0
O002448,C00780,2023-11-24,Delivered,upi,99.0
O006138,C02041,2023-06-02,Delivered,COD,99.0
O012184,C04104,2024-08-16,delivered,Net Banking,60.0
O004732,C01573,2024-12-29,Delivered,COD,60.0
O011779,C03947,2025-07-27,Returned,upi,0.0
O009606,C03148,2025-09-21,Delivered,upi,0.0
O013689,C04540,2024-03-04,Delivered,Credit Card,0.0
O015636,C05159,2024-09-08,Delivered,Credit Card,0.0
O002995,C00945,2024-07-22,Delivered,upi,99.0
O014077,C04672,2024-01-22,Delivered,upi,0.0
O009484,C03107,2025-01-06,Delivered,Credit Card,60.0
O004107,C01349,2024-02-07,Delivered,upi,60.0
O007626,C02526,2025-01-08,Delivered,Debit Card,99.0
O009726,C03199,2025-07-08,Delivered,upi,40.0
O012954,C04310,2023-08-12,Delivered,upi,60.0
O005848,C01945,2023-10-26,Delivered,Credit Card,40.0
O016662,C05492,2024-11-11,Delivered,Debit Card,99.0
O001101,C00384,2023-05-21,Cancelled,upi,40.0
O004310,C01423,2025-09-03,Delivered,Debit Card,99.0
O016722,C05518,2023-06-05,Delivered,COD,40.0
O017940,C05899,2023-06-20,Cancelled,upi,0.0
O016142,C05318,2024-10-17,Delivered,Credit Card,99.0
O008571,C02839,2024-08-19,Delivered,Credit Card,0.0
O012260,C04123,2024-09-26,Delivered,Debit Card,0.0
O014344,C04742,2024-05-03,Delivered,COD,0.0
O005348,C01777,2024-09-29,Delivered,Debit Card,0.0
O010458,C03467,2025-05-23,Delivered,upi,60.0
O006725,C02232,2025-04-30,Delivered,COD,60.0
O000412,C00163,2024-02-26,Delivered,Credit Card,0.0
O009515,C03115,2023-08-25,Delivered,upi,40.0
O006241,C02051,2024-11-28,Delivered,COD,99.0
O012471,C04172,2024-06-01,Delivered,Credit Card,40.0
O007734,C02550,2024-11-22,Delivered,Credit Card,40.0
O009895,C03265,2024-04-26,Delivered,upi,0.0
O001434,C00456,2025-09-12,Delivered,COD,40.0
O000601,C00218,2024-03-03,Delivered,upi,99.0
O000702,C00267,2024-10-10,Delivered,Debit Card,0.0
O007812,C02563,2025-09-12,Delivered,upi,99.0
O002399,C00767,2024-05-08,Delivered,COD,60.0
O011481,C03843,2024-01-16,Delivered,upi,0.0
O012305,C04137,2024-07-13,Delivered,Credit Card,0.0
O009331,C03064,2025-09-10,Delivered,upi,60.0
O004696,C01560,2024-05-26,Cancelled,upi,60.0
O012765,C04249,2025-05-24,Delivered,Debit Card,60.0
O001875,C00588,2024-09-24,Delivered,Net Banking,0.0
O006714,C02227,2023-08-15,Delivered,Net Banking,40.0
O011973,C04025,2024-06-20,Delivered,COD,99.0
O011477,C03843,2023-10-21,Delivered,upi,0.0
O010570,C03509,2025-08-12,Delivered,upi,40.0
O009661,C03163,2025-08-30,Delivered,Net Banking,0.0
O014275,C04720,2024-11-29,Delivered,Credit Card,99.0
O003169,C01004,2024-04-03,Delivered,upi,60.0
O008030,C02639,2025-05-16,Delivered,Credit Card,0.0
O008805,C02915,2025-07-19,Delivered,Debit Card,60.0
O014853,C04893,2024-11-29,Delivered,upi,40.0
O003586,C01163,2025-02-08,Delivered,upi,0.0
O001981,C00609,2025-05-10,Delivered,upi,0.0
O010080,C03319,2025-07-14,Returned,upi,40.0
O004721,C01571,2025-01-25,Delivered,upi,60.0
O002910,C00909,2025-09-11,Delivered,COD,0.0
O011698,C03909,2023-10-27,Delivered,NET BANKING,0.0
O016427,C05411,2023-10-31,Delivered,upi,0.0
O011579,C03866,2024-08-09,Delivered,upi,0.0
O000378,C00152,2025-07-16,delivered,upi,60.0
O000528,C00199,2025-08-15,Delivered,upi,99.0
O016220,C05348,2023-06-11,Delivered,upi,60.0
O012747,C04241,2025-02-02,Delivered,COD,60.0
O004424,C01468,2025-05-03,Delivered,Credit Card,60.0
O013374,C04452,2025-03-13,Delivered,upi,60.0
O007975,C02614,2025-04-02,Delivered,upi,60.0
O017652,C05820,2025-03-31,Delivered,upi,60.0
O015689,C05170,2024-06-12,Delivered,Net Banking,99.0
O017099,C05628,2023-03-15,Delivered,COD,0.0
O015050,C04954,2025-07-10,Delivered,COD,60.0
O002263,C00715,2024-10-09,Delivered,Debit Card,60.0
O014495,C04794,2025-03-01,Delivered,Credit Card,99.0
O010817,C03588,2024-11-04,Delivered,upi,60.0
O016982,C05595,2024-12-02,Delivered,Debit Card,0.0
O004765,C01582,2023-03-10,Delivered,Debit Card,40.0
O012372,C04153,2024-08-25,Returned,Debit Card,60.0
O011392,C03807,2024-03-23,Cancelled,Debit Card,0.0
O000416,C00165,2024-09-14,Delivered,Net Banking,99.0
O001669,C00530,2024-07-14,Delivered,Credit Card,0.0
O006398,C02110,2025-04-28,Delivered,Net Banking,60.0
O002555,C00812,2024-11-30,Delivered,upi,60.0
O016812,C05544,2024-10-26,Delivered,Credit Card,60.0
O002139,C00667,2024-12-28,Delivered,COD,0.0
O007848,C02581,2023-04-13,Delivered,Net Banking,0.0
O015988,C05260,2025-09-04,Returned,Debit Card,60.0
O006841,C02263,2024-11-13,Delivered,upi,0.0
O017127,C05642,2024-04-15,Cancelled,upi,40.0
O009149,C03007,2024-12-08,Delivered,upi,0.0
O007140,C02387,2024-01-03,Delivered,upi,0.0
O008195,C02700,2025-04-23,Returned,upi,60.0
O011382,C03801,2024-12-27,Delivered,upi,0.0
O017717,C05837,2023-07-25,delivered,Credit Card,60.0
O010318,C03420,2024-04-20,Delivered,Credit Card,0.0
O010142,C03341,2023-10-08,Delivered,Debit Card,60.0
O002380,C00761,2023-08-11,Delivered,Credit Card,40.0
O005330,C01771,2024-05-15,Delivered,COD,0.0
O011574,C03866,2024-03-04,Delivered,COD,0.0
O009399,C03093,2024-06-08,Delivered,Credit Card,40.0
O015451,C05097,2024-06-23,Returned,upi,0.0
O010279,C03409,2024-10-07,Delivered,Credit Card,0.0
O005036,C01680,2024-07-19,Delivered,COD,0.0
O007580,C02521,2025-04-26,Delivered,upi,0.0
O007318,C02448,2024-01-04,Returned,Credit Card,60.0
O018063,C05936,2024-09-19,Returned,Net Banking,0.0
O008309,C02755,2024-02-09,Delivered,COD,99.0
O002642,C00833,2024-10-07,Delivered,upi,99.0
O007668,C02533,2023-12-24,Delivered,upi,0.0
O012008,C04034,2025-05-20,Returned,upi,0.0
O014600,C04814,2024-11-22,Delivered,Debit Card,60.0
O000458,C00179,2023-08-17,Delivered,CREDIT CARD,0.0
O007323,C02448,2025-03-28,Delivered,Credit Card,0.0
O013774,C04571,2024-06-01,Returned,upi,40.0
O012047,C04054,2025-08-22,Delivered,upi,0.0
O001480,C00466,2025-09-14,delivered,upi,60.0
O000584,C00211,2025-09-12,Delivered,Credit Card,0.0
O017939,C05899,2023-05-16,delivered,Credit Card,0.0
O006956,C02317,2025-09-07,Delivered,upi,0.0
O004234,C01397,2023-11-12,Delivered,upi,0.0
O009408,C03093,2024-11-29,Delivered,upi,99.0
O017858,C05872,2023-12-22,Delivered,upi,99.0
O000500,C00193,2024-09-21,Delivered,COD,40.0
O006450,C02134,2023-10-24,Delivered,Credit Card,60.0
O004126,C01349,2025-09-24,Delivered,upi,0.0
O000514,C00194,2024-05-01,Delivered,COD,60.0
O002005,C00615,2024-08-18,Delivered,upi,40.0
O012495,C04183,2025-09-27,Delivered,upi,40.0
O007538,C02516,2024-10-20,Delivered,upi,40.0
O000369,C00152,2025-02-19,Delivered,UPI,0.0
O014439,C04779,2024-12-08,Delivered,Debit Card,0.0
O013436,C04471,2025-02-12,Delivered,upi,40.0
O018086,C05939,2024-08-20,Returned,COD,40.0
O004491,C01507,2025-07-28,Delivered,upi,40.0
O011170,C03705,2024-04-23,Delivered,Credit Card,60.0
O006049,C02009,2023-11-17,Delivered,upi,40.0
O002769,C00873,2025-02-10,Cancelled,upi,40.0
O002800,C00884,2024-08-15,Delivered,Debit Card,99.0
O015340,C05054,2024-09-18,Delivered,Credit Card,0.0
O005302,C01758,2024-06-25,Delivered,Net Banking,40.0
O003804,C01246,2023-09-16,Delivered,COD,40.0
O014095,C04682,2024-11-07,Delivered,upi,60.0
O018053,C05936,2023-09-18,Delivered,upi,60.0
O016612,C05476,2025-08-09,Delivered,upi,60.0
O013574,C04508,2025-03-25,Delivered,upi,0.0
O016056,C05279,2024-12-29,Cancelled,COD,40.0
O010913,C03623,2025-09-08,delivered,COD,99.0
O002952,C00925,2025-08-22,Cancelled,Debit Card,0.0
O012496,C04184,2025-01-23,Delivered,upi,99.0
O015227,C05014,2025-06-28,Delivered,Debit Card,0.0
O010592,C03516,2023-07-02,Returned,upi,40.0
O011995,C04030,2025-03-31,Delivered,upi,40.0
O005078,C01694,2023-03-01,Delivered,Debit Card,0.0
O014916,C04914,2024-10-16,Delivered,Debit Card,60.0
O004616,C01541,2024-12-09,delivered,Debit Card,99.0
O007844,C02578,2023-03-17,Delivered,COD,0.0
O012246,C04123,2023-10-29,Delivered,CREDIT CARD,60.0
O014805,C04883,2023-08-04,Delivered,Credit Card,0.0
O011710,C03916,2023-12-29,Delivered,upi,99.0
O008247,C02727,2023-05-21,Delivered,upi,99.0
O003974,C01308,2023-12-13,Delivered,upi,0.0
O011384,C03802,2024-02-25,Delivered,upi,40.0
O017927,C05892,2024-12-04,Delivered,COD,40.0
O014705,C04853,2024-06-27,Delivered,COD,99.0
O000192,C00098,2023-10-04,Delivered,Debit Card,0.0
O013318,C04434,2023-07-09,Delivered,Credit Card,60.0
O014695,C04849,2024-01-27,Delivered,upi,60.0
O014026,C04657,2024-03-08,Delivered,upi,60.0
O014639,C04826,2024-03-10,Delivered,upi,99.0
O005452,C01814,2024-05-16,Delivered,Credit Card,0.0
O015356,C05058,2024-07-04,Cancelled,Debit Card,0.0
O000937,C00337,2025-03-08,Delivered,Credit Card,0.0
O011778,C03947,2025-03-21,Delivered,upi,60.0
O015263,C05030,2024-11-09,delivered,COD,60.0
O004420,C01467,2024-10-29,Returned,upi,40.0
O009271,C03035,2025-03-14,Delivered,Credit Card,0.0
O003885,C01273,2024-02-10,Delivered,upi,0.0
O015740,C05183,2024-02-14,Delivered,upi,0.0
O000054,C00026,2025-07-12,Delivered,COD,0.0
O011429,C03823,2023-08-30,Delivered,Net Banking,0.0
O016724,C05518,2023-09-30,Delivered,COD,0.0
O001543,C00491,2025-03-10,Delivered,Debit Card,0.0
O014503,C04794,2025-08-03,Delivered,upi,0.0
O006520,C02156,2025-08-12,Delivered,Debit Card,99.0
O002322,C00744,2025-03-25,Delivered,Credit Card,0.0
O014960,C04922,2024-05-08,Delivered,Debit Card,60.0
O016426,C05411,2023-07-17,Delivered,COD,0.0
O007807,C02561,2024-09-30,Delivered,Net Banking,40.0
O006772,C02243,2024-12-23,Delivered,Debit Card,60.0
O015096,C04970,2024-12-07,Delivered,COD,99.0
O018011,C05921,2024-10-31,Delivered,COD,60.0
O014397,C04764,2025-06-07,Delivered,Debit Card,60.0
O001012,C00358,2025-05-19,Delivered,Credit Card,60.0
O006267,C02056,2024-10-24,Delivered,upi,0.0
O014976,C04923,2024-05-13,Delivered,COD,99.0
O009556,C03131,2024-10-07,Delivered,COD,40.0
O009933,C03274,2023-09-14,Delivered,upi,0.0
O014708,C04855,2025-03-09,Delivered,Credit Card,99.0
O014556,C04806,2025-06-11,delivered,CREDIT CARD,99.0
O010009,C03302,2025-03-02,Delivered,Debit Card,60.0
O016944,C05586,2025-02-06,Delivered,COD,40.0
O003360,C01074,2024-10-03,Delivered,DEBIT CARD,0.0
O017389,C05729,2025-02-05,Delivered,Debit Card,0.0
O001587,C00499,2024-09-10,Delivered,Credit Card,60.0
O014925,C04914,2025-08-17,Delivered,upi,99.0
O016268,C05366,2024-11-22,Delivered,upi,60.0
O018022,C05926,2023-02-25,Delivered,upi,99.0
O004136,C01356,2025-03-01,Delivered,upi,0.0
O002515,C00797,2025-08-20,Cancelled,COD,40.0
O012038,C04050,2025-04-12,Delivered,Credit Card,60.0
O017764,C05843,2025-02-06,Delivered,upi,40.0
O005159,C01712,2024-08-25,Delivered,DEBIT CARD,40.0
O004748,C01580,2024-08-07,Delivered,Debit Card,0.0
O000305,C00132,2024-09-03,Delivered,upi,0.0
O008386,C02784,2024-08-28,Delivered,upi,40.0
O012942,C04301,2023-12-27,Delivered,upi,60.0
O016390,C05407,2023-03-05,Delivered,Credit Card,0.0
O006903,C02287,2024-03-01,Delivered,upi,60.0
O004851,C01620,2023-08-19,Delivered,Debit Card,0.0
O009896,C03265,2024-05-14,Delivered,upi,99.0
O006939,C02307,2025-09-23,Delivered,Debit Card,99.0
O014654,C04832,2024-08-23,Delivered,Credit Card,0.0
O011460,C03841,2025-07-26,Delivered,COD,40.0
O007870,C02587,2024-11-24,Delivered,Net Banking,0.0
O003206,C01020,2023-12-07,Returned,Debit Card,99.0
O005655,C01874,2025-08-23,Delivered,Debit Card,0.0
O001716,C00545,2024-10-22,Delivered,Credit Card,99.0
O008005,C02630,2025-08-04,Delivered,Credit Card,0.0
O005259,C01746,2024-07-22,Delivered,COD,60.0
O011595,C03866,2025-04-01,Delivered,upi,99.0
O003771,C01232,2024-01-01,Delivered,Net Banking,0.0
O007532,C02516,2024-08-07,Delivered,upi,40.0
O009905,C03265,2025-01-15,Delivered,upi,40.0
O002992,C00942,2025-08-15,delivered,Net Banking,40.0
O002941,C00919,2024-02-24,Delivered,COD,60.0
O011713,C03919,2024-01-17,Delivered,upi,0.0
O007577,C02520,2023-07-12,Delivered,upi,0.0
O016665,C05493,2025-06-27,Delivered,Credit Card,99.0
O001979,C00609,2025-04-10,Delivered,Debit Card,99.0
O012317,C04140,2024-05-13,Delivered,Credit Card,0.0
O015746,C05186,2025-06-26,Delivered,upi,0.0
O011582,C03866,2024-10-29,Delivered,upi,0.0
O011772,C03947,2023-10-19,Delivered,upi,40.0
O017257,C05687,2024-04-24,Delivered,upi,0.0
O007513,C02507,2024-09-15,Delivered,upi,0.0
O004142,C01360,2024-12-16,Delivered,COD,40.0
O003246,C01027,2024-10-08,Delivered,upi,0.0
O004945,C01647,2024-02-09,Delivered,Debit Card,0.0
O008202,C02705,2025-07-25,Returned,Credit Card,0.0
O007976,C02615,2023-12-24,Delivered,UPI,40.0
O012333,C04141,2025-06-09,Returned,Net Banking,99.0
O002676,C00846,2024-12-24,Delivered,Credit Card,0.0
O001562,C00496,2024-09-22,Delivered,Credit Card,0.0
O010026,C03305,2023-12-11,Delivered,Net Banking,0.0
O017310,C05706,2024-08-16,Delivered,Credit Card,60.0
O014412,C04771,2025-07-04,Delivered,Net Banking,0.0
O007692,C02545,2023-06-12,Delivered,Credit Card,0.0
O010417,C03449,2024-12-17,Delivered,Credit Card,99.0
O015074,C04961,2024-10-12,Delivered,Debit Card,0.0
O008075,C02658,2025-05-30,Delivered,Debit Card,60.0
O010210,C03372,2025-05-17,Delivered,Credit Card,0.0
O007156,C02387,2024-10-17,Delivered,COD,0.0
O012096,C04067,2024-12-17,Delivered,Credit Card,0.0
O004956,C01649,2024-09-02,Delivered,Debit Card,40.0
O003786,C01240,2024-03-18,Delivered,upi,0.0
O010633,C03533,2023-01-16,Delivered,Debit Card,40.0
O013100,C04362,2025-01-31,Delivered,upi,0.0
O011012,C03655,2025-07-18,Delivered,Credit Card,60.0
O010844,C03599,2023-10-22,Delivered,UPI,60.0
O006869,C02273,2024-01-18,Delivered,COD,0.0
O016120,C05306,2025-06-17,Delivered,COD,0.0
O017734,C05837,2024-07-27,Delivered,Net Banking,40.0
O009593,C03147,2024-11-18,Delivered,COD,99.0
O001947,C00603,2025-02-03,Returned,Debit Card,60.0
O004991,C01666,2025-03-31,Delivered,Credit Card,60.0
O012956,C04311,2024-06-12,Delivered,upi,60.0
O015223,C05014,2025-05-09,Delivered,Debit Card,60.0
O016845,C05555,2024-12-07,Delivered,COD,0.0
O000395,C00153,2025-02-28,Delivered,Debit Card,0.0
O003585,C01162,2024-09-12,Delivered,Net Banking,0.0
O008346,C02771,2024-07-13,Delivered,upi,0.0
O009930,C03272,2025-01-14,Delivered,UPI,0.0
O006249,C02053,2024-12-02,Delivered,COD,40.0
O013160,C04381,2023-04-02,Delivered,Net Banking,60.0
O002624,C00829,2025-01-17,Returned,Debit Card,99.0
O012139,C04086,2023-03-02,Delivered,COD,60.0
O004744,C01579,2025-01-23,Delivered,COD,60.0
O016415,C05408,2025-02-16,Delivered,upi,0.0
O001022,C00361,2024-01-25,Cancelled,COD,0.0
O005448,C01813,2025-08-04,Delivered,Net Banking,0.0
O016436,C05411,2025-04-01,Delivered,upi,99.0
O005397,C01793,2024-06-22,Delivered,upi,60.0
O015814,C05214,2024-03-09,Delivered,upi,0.0
O007199,C02401,2025-03-31,Delivered,Net Banking,40.0
O006174,C02041,2024-10-08,Delivered,Net Banking,0.0
O005606,C01857,2023-07-11,Delivered,Credit Card,0.0
O000824,C00311,2025-06-07,Delivered,upi,99.0
O001495,C00471,2025-02-27,Delivered,Credit Card,40.0
O014921,C04914,2025-03-24,Delivered,upi,60.0
O015324,C05051,2025-01-31,Delivered,upi,99.0
O003252,C01029,2024-06-23,Delivered,Debit Card,0.0
O014645,C04830,2023-03-12,Delivered,Debit Card,60.0
O002937,C00917,2024-06-25,Delivered,COD,60.0
O001775,C00562,2024-12-01,Returned,upi,99.0
O004847,C01617,2024-11-02,Delivered,upi,99.0
O002825,C00892,2024-06-20,Delivered,Credit Card,0.0
O009078,C02987,2025-08-09,Returned,COD,40.0
O009294,C03047,2023-08-26,Cancelled,upi,0.0
O006680,C02216,2024-05-22,Delivered,upi,60.0
O006627,C02195,2023-09-25,Returned,upi,99.0
O012380,C04157,2023-05-11,Delivered,Credit Card,0.0
O010403,C03449,2024-01-30,Delivered,upi,0.0
O013304,C04430,2025-01-16,Delivered,COD,40.0
O001331,C00427,2024-06-11,Delivered,Credit Card,40.0
O018219,C05986,2024-10-06,Delivered,upi,0.0
O016236,C05356,2023-12-07,Delivered,Debit Card,0.0
O003584,C01161,2025-05-16,Delivered,upi,60.0
O014526,C04806,2023-12-21,Delivered,Debit Card,0.0
O012917,C04297,2024-11-12,Delivered,Net Banking,99.0
O005334,C01773,2023-12-28,Delivered,Credit Card,60.0
O004841,C01613,2024-10-07,Delivered,COD,0.0
O008816,C02919,2023-04-22,Delivered,COD,40.0
O005520,C01828,2024-12-08,Delivered,upi,0.0
O000690,C00257,2024-08-23,delivered,upi,60.0
O017536,C05783,2024-07-06,Delivered,upi,40.0
O005443,C01811,2025-09-16,Delivered,Debit Card,40.0
O002988,C00938,2024-05-12,Delivered,COD,60.0
O015416,C05081,2025-08-07,Delivered,upi,0.0
O016310,C05372,2025-06-16,Delivered,upi,0.0
O014592,C04812,2024-07-11,Delivered,Debit Card,0.0
O011238,C03739,2025-02-24,Delivered,Net Banking,0.0
O004322,C01431,2025-07-30,Delivered,upi,99.0
O012609,C04219,2024-02-08,Delivered,Net Banking,99.0
O017066,C05613,2025-06-04,Delivered,COD,60.0
O008827,C02922,2025-05-30,Returned,Credit Card,0.0
O007321,C02448,2024-11-06,returned,COD,40.0
O016864,C05560,2025-06-04,Delivered,COD,0.0
O014062,C04665,2025-01-01,Delivered,Credit Card,0.0
O013569,C04506,2025-04-20,Delivered,Credit Card,99.0
O007619,C02526,2024-08-13,Delivered,Debit Card,0.0
O007075,C02368,2024-12-09,Delivered,COD,0.0
O007435,C02479,2023-03-26,Delivered,upi,0.0
O011370,C03794,2025-06-02,Delivered,upi,99.0
O012932,C04297,2025-07-05,Delivered,Credit Card,0.0
O013876,C04611,2024-03-20,Delivered,COD,60.0
O017118,C05635,2024-07-14,Delivered,COD,0.0
O010598,C03516,2024-11-09,Delivered,Debit Card,0.0
O017771,C05849,2023-10-14,Delivered,upi,40.0
O000461,C00181,2023-07-16,Delivered,upi,60.0
O017629,C05815,2025-05-21,Delivered,Credit Card,0.0
O012656,C04230,2024-04-20,Delivered,Credit Card,99.0
O007268,C02427,2024-09-28,Delivered,upi,0.0
O017556,C05790,2024-09-12,Delivered,upi,0.0
O002595,C00824,2025-04-22,Delivered,upi,99.0
O016067,C05285,2023-04-15,Delivered,upi,99.0
O015323,C05051,2024-06-14,Delivered,,0.0
O015126,C04981,2024-09-22,Delivered,Debit Card,40.0
O001352,C00427,2025-02-22,Delivered,upi,0.0
O009599,C03148,2023-07-22,Delivered,COD,60.0
O014659,C04834,2023-01-19,Delivered,upi,0.0
O001673,C00531,2025-02-10,Delivered,Credit Card,40.0
O001261,C00412,2023-12-13,Delivered,upi,0.0
O003282,C01038,2023-03-05,Cancelled,Debit Card,0.0
O004497,C01510,2025-03-07,Delivered,COD,60.0
O011741,C03930,2025-06-12,Delivered,Net Banking,40.0
O005528,C01828,2025-05-16,Delivered,COD,60.0
O003814,C01248,2024-10-22,Delivered,Net Banking,40.0
O000587,C00213,2024-11-11,Delivered,COD,0.0
O002559,C00813,2023-08-26,Delivered,Credit Card,99.0
O008146,C02683,2024-08-17,Delivered,upi,0.0
O008552,C02832,2024-08-12,Delivered,upi,60.0
O006828,C02262,2023-08-11,Delivered,Credit Card,0.0
O009176,C03008,2025-07-08,delivered,Credit Card,40.0
O011441,C03828,2025-05-28,Delivered,upi,0.0
O016091,C05293,2023-12-06,Delivered,upi,0.0
O006458,C02137,2024-09-27,Delivered,upi,0.0
O010645,C03533,2024-05-06,Delivered,upi,60.0
O007052,C02359,2024-09-18,Delivered,DEBIT CARD,0.0
O017776,C05851,2023-08-26,Delivered,upi,0.0
O008024,C02639,2023-07-28,Delivered,upi,40.0
O003696,C01210,2024-04-23,Delivered,upi,40.0
O013291,C04425,2023-11-12,Delivered,upi,0.0
O008061,C02651,2025-04-05,Delivered,Credit Card,99.0
O012467,C04171,2023-06-17,cancelled,upi,0.0
O008588,C02847,2023-10-06,Delivered,Net Banking,0.0
O013622,C04524,2024-07-02,Delivered,upi,99.0
O004954,C01649,2024-04-30,Delivered,COD,40.0
O015554,C05131,2025-01-21,Delivered,Credit Card,40.0
O010404,C03449,2024-02-02,Delivered,NET BANKING,40.0
O009646,C03159,2023-01-29,Delivered,Credit Card,40.0
O009212,C03021,2025-08-04,Delivered,COD,0.0
O003260,C01032,2024-07-03,Delivered,Debit Card,40.0
O004627,C01543,2025-04-12,Delivered,Debit Card,99.0
O005091,C01694,2024-06-23,Delivered,upi,0.0
O000954,C00339,2023-02-06,Delivered,Debit Card,99.0
O008555,C02833,2025-07-04,Returned,COD,40.0
O001502,C00478,2024-11-22,Delivered,upi,40.0
O002401,C00767,2025-02-15,Delivered,Debit Card,40.0
O005984,C01989,2025-05-03,Delivered,COD,40.0
O015345,C05055,2025-01-06,Delivered,upi,0.0
O006220,C02046,2024-10-25,Delivered,Credit Card,99.0
O006870,C02273,2024-03-05,Delivered,upi,99.0
O003652,C01194,2025-03-21,Delivered,Credit Card,99.0
O009015,C02964,2023-12-16,Cancelled,upi,0.0
O014049,C04659,2025-03-14,Delivered,Debit Card,60.0
O014811,C04885,2023-12-17,Delivered,Debit Card,0.0
O012743,C04241,2025-01-08,Delivered,upi,0.0
O011977,C04025,2025-01-18,Delivered,COD,99.0
O007010,C02339,2023-10-17,Delivered,upi,0.0
O001949,C00605,2025-06-03,Delivered,upi,60.0
O004501,C01512,2025-09-02,Delivered,COD,0.0
O005214,C01736,2023-02-23,Delivered,upi,99.0
O018172,C05966,2025-02-17,Delivered,Credit Card,99.0
O010255,C03396,2024-08-21,Delivered,Debit Card,40.0
O008954,C02945,2024-02-21,Delivered,Debit Card,40.0
O002897,C00909,2023-07-05,Delivered,Debit Card,99.0
O002072,C00636,2023-10-29,Delivered,COD,40.0
O002205,C00697,2025-06-06,Delivered,upi,60.0
O004766,C01583,2024-03-15,delivered,Credit Card,0.0
O008608,C02853,2024-10-15,Delivered,upi,99.0
O006823,C02259,2025-01-01,Delivered,upi,99.0
O008208,C02707,2025-07-19,Delivered,Credit Card,60.0
O007555,C02516,2025-06-12,Delivered,COD,40.0
O000699,C00264,2023-06-04,Delivered,COD,0.0
O002592,C00823,2025-05-25,Delivered,upi,40.0
O009382,C03083,2024-11-29,Delivered,upi,60.0
O002852,C00900,2024-11-01,Delivered,Net Banking,60.0
O005345,C01776,2023-11-07,Delivered,upi,0.0
O002026,C00623,2025-08-27,Delivered,upi,40.0
O007451,C02488,2024-11-17,Delivered,Net Banking,0.0
O014928,C04916,2023-10-10,Delivered,COD,99.0
O004868,C01627,2024-07-11,Delivered,upi,99.0
O005491,C01820,2024-06-20,Delivered,Debit Card,0.0
O011473,C03843,2023-08-22,Delivered,upi,0.0
O011388,C03804,2025-01-05,Delivered,Credit Card,0.0
O003480,C01112,2025-06-13,Delivered,Debit Card,0.0
O005377,C01784,2024-02-23,Delivered,upi,40.0
O010324,C03420,2024-12-21,Delivered,upi,0.0
O000729,C00280,2024-07-22,Delivered,upi,0.0
O014450,C04782,2023-07-20,delivered,upi,0.0
O016795,C05542,2025-02-26,Delivered,Debit Card,0.0
O017863,C05872,2024-12-21,Delivered,Debit Card,99.0
O017059,C05613,2025-01-20,Returned,Net Banking,0.0
O003686,C01206,2025-02-07,Delivered,Credit Card,0.0
O018040,C05932,2025-02-19,Delivered,upi,60.0
O014361,C04753,2025-03-03,Delivered,upi,0.0
O017003,C05599,2023-12-20,delivered,Net Banking,0.0
O012645,C04225,2025-05-26,Delivered,Debit Card,0.0
O001867,C00587,2024-09-28,Delivered,Credit Card,0.0
O007452,C02489,2024-07-22,Delivered,Net Banking,0.0
O009814,C03240,2025-08-10,Delivered,Net Banking,0.0
O014266,C04720,2024-07-02,Delivered,Net Banking,60.0
O016182,C05333,2025-02-11,Delivered,upi,99.0
O010596,C03516,2024-03-02,Delivered,upi,99.0
O011068,C03665,2024-02-01,Cancelled,COD,40.0
O016943,C05586,2024-05-08,Delivered,upi,99.0
O011594,C03866,2025-03-13,Delivered,upi,60.0
O013309,C04431,2023-11-27,Delivered,upi,0.0
O017436,C05747,2023-05-07,Delivered,COD,40.0
O016488,C05421,2024-07-10,Delivered,Net Banking,0.0
O010181,C03358,2025-06-18,Cancelled,Credit Card,0.0
O003003,C00950,2024-07-10,Delivered,COD,60.0
O005942,C01970,2023-10-27,Delivered,Net Banking,40.0
O001630,C00512,2024-07-13,Delivered,Credit Card,40.0
O008700,C02877,2025-02-25,Delivered,COD,0.0
O007791,C02556,2024-06-21,Delivered,upi,99.0
O011677,C03899,2024-10-16,Delivered,Credit Card,60.0
O004162,C01376,2025-05-07,Delivered,Debit Card,99.0
O011566,C03864,2024-10-30,Delivered,Net Banking,40.0
O013404,C04463,2024-07-26,Delivered,Net Banking,0.0
O009136,C03007,2023-03-01,Delivered,Debit Card,60.0
O001039,C00363,2025-04-17,Delivered,DEBIT CARD,0.0
O006822,C02259,2024-07-27,delivered,Credit Card,0.0
O010386,C03445,2024-03-04,Returned,upi,40.0
O016632,C05488,2024-04-21,Delivered,upi,99.0
O016902,C05572,2024-11-20,Delivered,Debit Card,0.0
O012075,C04062,2024-11-18,Returned,Debit Card,40.0
O009733,C03204,2025-09-10,delivered,Credit Card,0.0
O000657,C00239,2024-09-10,Delivered,Debit Card,40.0
O005215,C01736,2023-04-04,Returned,COD,0.0
O016732,C05519,2024-12-09,Delivered,COD,40.0
O000285,C00125,2023-10-19,Delivered,,0.0
O007946,C02611,2024-09-29,Delivered,COD,0.0
O000800,C00306,2023-08-14,Delivered,upi,0.0
O004708,C01565,2025-04-25,delivered,upi,60.0
O007645,C02531,2023-07-22,Cancelled,Credit Card,0.0
O002870,C00907,2024-06-12,Delivered,COD,60.0
O004324,C01431,2025-08-13,Delivered,CREDIT CARD,40.0
O014875,C04899,2025-04-20,Delivered,COD,99.0
O017294,C05705,2023-12-13,Delivered,upi,40.0
O010687,C03547,2025-02-24,Delivered,Debit Card,0.0
O000559,C00208,2024-07-01,Delivered,,40.0
O010889,C03618,2023-07-18,Delivered,Debit Card,99.0
O010615,C03527,2024-05-27,Delivered,COD,99.0
O003444,C01101,2024-07-28,Cancelled,NET BANKING,60.0
O018059,C05936,2024-04-11,Delivered,upi,0.0
O011216,C03731,2023-09-16,Delivered,Debit Card,40.0
O003998,C01312,2024-10-17,Delivered,Credit Card,0.0
O009273,C03035,2025-05-03,Delivered,Net Banking,99.0
O003067,C00973,2024-10-24,Delivered,Credit Card,99.0
O001359,C00427,2025-06-14,Delivered,COD,60.0
O004078,C01342,2023-11-08,Delivered,upi,40.0
O017907,C05888,2025-02-24,Delivered,upi,99.0
O002031,C00624,2024-02-07,Delivered,Credit Card,60.0
O016611,C05476,2024-10-27,Delivered,upi,60.0
O009169,C03008,2024-12-23,Delivered,COD,0.0
O006677,C02216,2023-05-02,Delivered,upi,0.0
O002281,C00725,2023-02-21,Returned,COD,0.0
O015704,C05170,2025-09-10,Cancelled,upi,0.0
O008466,C02808,2025-05-11,Delivered,upi,60.0
O017216,C05669,2023-05-08,Delivered,upi,40.0
O002130,C00664,2024-04-05,Delivered,COD,60.0
O008724,C02885,2024-12-14,Delivered,COD,40.0
O002109,C00658,2024-07-17,Delivered,upi,0.0
O012238,C04122,2024-10-18,Delivered,COD,99.0
O003311,C01051,2025-06-01,Delivered,Credit Card,0.0
O009911,C03265,2025-03-06,Delivered,upi,99.0
O008687,C02875,2024-08-21,Delivered,Net Banking,60.0
O000643,C00239,2023-07-29,Delivered,Debit Card,0.0
O010923,C03626,2024-02-07,Delivered,upi,0.0
O015365,C05060,2023-11-17,Returned,Credit Card,0.0
O014457,C04787,2024-01-24,Returned,Debit Card,60.0
O016908,C05573,2025-04-03,Delivered,Credit Card,99.0
O006076,C02022,2025-08-22,Delivered,upi,60.0
O001713,C00545,2024-04-06,Delivered,Net Banking,0.0
O007650,C02532,2024-02-20,Delivered,upi,60.0
O013464,C04481,2024-05-16,Delivered,,60.0
O010752,C03577,2023-11-01,Delivered,upi,0.0
O001439,C00460,2024-11-19,Delivered,upi,0.0
O003835,C01254,2024-04-12,Cancelled,upi,0.0
O006126,C02040,2024-07-10,Delivered,upi,99.0
O013840,C04588,2024-12-11,Returned,Net Banking,0.0
O000944,C00337,2025-08-19,Delivered,Debit Card,0.0
O009782,C03229,2024-07-30,Delivered,upi,0.0
O013712,C04552,2024-08-23,Delivered,Net Banking,0.0
O010209,C03371,2025-08-27,Delivered,Debit Card,40.0
O014104,C04685,2025-05-23,Delivered,COD,40.0
O007144,C02387,2024-02-22,Delivered,COD,0.0
O017984,C05908,2024-09-20,Delivered,upi,0.0
O009618,C03154,2025-06-05,Delivered,COD,60.0
O002235,C00703,2025-01-22,delivered,upi,60.0
O004703,C01564,2024-02-11,Cancelled,upi,40.0
O016408,C05408,2024-11-15,Delivered,Debit Card,40.0
O013238,C04402,2025-05-30,Cancelled,Debit Card,99.0
O003091,C00984,2025-02-25,Delivered,upi,40.0
O006910,C02292,2024-06-02,Returned,NET BANKING,0.0
O016828,C05551,2023-11-20,Delivered,upi,40.0
O004146,C01364,2024-05-16,Delivered,Debit Card,99.0
O012224,C04121,2023-09-20,Delivered,Net Banking,0.0
O010470,C03470,2024-08-02,Delivered,Debit Card,60.0
O003663,C01197,2025-07-25,Delivered,upi,0.0
O006198,C02046,2023-04-06,delivered,Credit Card,40.0
O009012,C02964,2023-09-19,Delivered,UPI,40.0
O005043,C01680,2025-03-26,Delivered,upi,99.0
O008622,C02857,2025-03-24,Delivered,upi,99.0
O008442,C02794,2025-06-02,Returned,Net Banking,60.0
O008892,C02931,2025-05-12,Delivered,upi,40.0
O014949,C04922,2023-05-28,Delivered,upi,40.0
O004613,C01541,2024-03-23,Delivered,Credit Card,40.0
O011622,C03874,2023-08-27,cancelled,Debit Card,0.0
O014067,C04668,2024-09-19,Delivered,upi,99.0
O001555,C00495,2024-10-17,Returned,upi,0.0
O015305,C05044,2025-02-06,Delivered,Debit Card,0.0
O017678,C05832,2025-09-14,Returned,Net Banking,0.0
O008854,C02926,2024-04-21,Delivered,Net Banking,0.0
O008432,C02794,2024-12-25,Delivered,UPI,40.0
O016916,C05577,2024-09-25,Delivered,upi,40.0
O011578,C03866,2024-07-28,Delivered,Credit Card,60.0
O000697,C00262,2025-04-06,Delivered,upi,60.0
O017523,C05777,2024-02-06,Delivered,CREDIT CARD,60.0
O017585,C05802,2024-12-12,Returned,upi,60.0
O017296,C05705,2024-03-09,Cancelled,upi,0.0
O008756,C02894,2025-05-01,Returned,Debit Card,0.0
O015104,C04974,2025-07-02,Cancelled,upi,0.0
O014994,C04935,2023-09-11,Delivered,upi,99.0
O002767,C00873,2024-12-28,Delivered,Net Banking,99.0
O000829,C00314,2024-02-04,Delivered,Debit Card,40.0
O016573,C05463,2025-05-14,Returned,COD,99.0
O006005,C01997,2024-03-03,Delivered,COD,0.0
O006681,C02216,2024-07-14,Cancelled,COD,0.0
O004839,C01611,2025-07-09,Delivered,Credit Card,99.0
O016619,C05483,2025-01-03,Delivered,COD,40.0
O003615,C01176,2023-10-21,Delivered,COD,0.0
O004382,C01452,2024-01-21,Delivered,Debit Card,99.0
O011692,C03906,2025-04-19,Delivered,upi,99.0
O013489,C04493,2023-07-06,Delivered,COD,40.0
O009347,C03069,2025-05-05,Delivered,upi,0.0
O013140,C04371,2024-10-22,Delivered,Net Banking,99.0
O004924,C01646,2023-08-21,Delivered,upi,60.0
O002765,C00873,2024-12-17,Delivered,COD,99.0
O006730,C02234,2025-06-21,Delivered,Credit Card,60.0
O015597,C05150,2025-08-18,Delivered,upi,99.0
O015027,C04948,2025-06-23,Delivered,upi,0.0
O011974,C04025,2024-10-30,Delivered,upi,0.0
O009319,C03058,2025-05-29,Delivered,upi,60.0
O008050,C02647,2025-04-15,Delivered,COD,99.0
O014746,C04861,2024-07-04,Delivered,Debit Card,40.0
O005270,C01747,2025-05-12,Delivered,COD,40.0
O004026,C01324,2024-10-24,Delivered,upi,0.0
O005405,C01795,2025-07-21,Delivered,Debit Card,0.0
O005754,C01903,2025-04-27,Delivered,upi,99.0
O007242,C02420,2024-02-09,Delivered,upi,60.0
O015244,C05023,2024-08-09,Delivered,upi,0.0
O000073,C00035,2024-04-06,Delivered,upi,0.0
O015240,C05020,2025-07-17,Delivered,Credit Card,0.0
O016666,C05494,2024-09-21,Delivered,COD,99.0
O004330,C01433,2025-02-25,Delivered,COD,99.0
O017448,C05748,2023-08-29,Delivered,upi,99.0
O011775,C03947,2024-08-27,Delivered,Net Banking,99.0
O007183,C02392,2025-07-04,Delivered,COD,99.0
O009722,C03196,2025-01-20,Delivered,upi,0.0
O007694,C02545,2023-06-16,Delivered,upi,60.0
O011385,C03803,2023-02-13,Delivered,upi,60.0
O010499,C03481,2025-02-24,Delivered,Debit Card,60.0
O001601,C00501,2024-08-05,Delivered,COD,0.0
O007665,C02532,2025-08-03,Delivered,Debit Card,40.0
O006440,C02128,2025-06-19,Delivered,COD,40.0
O012978,C04320,2023-07-06,Delivered,upi,0.0
O004484,C01505,2025-07-24,Delivered,upi,0.0
O017993,C05915,2024-08-27,Delivered,COD,99.0
O002887,C00908,2024-03-10,Cancelled,COD,99.0
O005018,C01677,2024-12-11,Delivered,upi,40.0
O016358,C05396,2024-04-06,Delivered,COD,60.0
O017238,C05675,2025-05-11,Returned,COD,60.0
O001155,C00392,2025-01-21,Delivered,upi,99.0
O017409,C05737,2023-11-25,Delivered,upi,40.0
O005217,C01736,2023-07-26,Delivered,upi,40.0
O002726,C00866,2024-06-13,Delivered,Net Banking,0.0
O010537,C03505,2023-11-13,Delivered,Credit Card,40.0
O009042,C02968,2025-08-05,Delivered,upi,0.0
O014215,C04716,2024-10-04,Delivered,Net Banking,40.0
O011696,C03908,2025-06-24,Delivered,upi,40.0
O000329,C00138,2025-09-24,Returned,Credit Card,0.0
O008777,C02904,2025-04-22,Delivered,Debit Card,40.0
O015187,C05005,2025-06-10,Delivered,upi,0.0
O012068,C04059,2025-08-03,Delivered,COD,60.0
O003654,C01196,2024-07-14,Delivered,COD,60.0
O011739,C03929,2025-08-15,Delivered,upi,99.0
O008819,C02919,2024-08-23,Delivered,Debit Card,0.0
O013121,C04363,2025-02-24,Delivered,upi,0.0
O005719,C01895,2024-04-08,Delivered,Net Banking,40.0
O000611,C00226,2024-10-14,Delivered,upi,0.0
O006973,C02326,2024-08-15,Delivered,Credit Card,0.0
O001449,C00462,2024-10-31,Delivered,Credit Card,0.0
O010011,C03302,2025-03-27,Cancelled,Net Banking,40.0
O007275,C02430,2023-03-24,Delivered,Credit Card,0.0
O009649,C03161,2025-02-03,Delivered,,0.0
O000563,C00209,2024-07-15,Returned,Debit Card,0.0
O008265,C02734,2025-08-09,Delivered,Credit Card,99.0
O002489,C00787,2025-09-26,delivered,upi,99.0
O002916,C00913,2025-03-16,Delivered,Net Banking,60.0
O006582,C02178,2024-10-23,Delivered,upi,40.0
O005301,C01758,2024-04-10,Returned,upi,60.0
O015810,C05213,2024-09-07,Delivered,upi,60.0
O005872,C01952,2023-08-01,Delivered,upi,0.0
O003984,C01308,2024-12-31,delivered,,99.0
O001738,C00553,2023-12-19,Delivered,Credit Card,0.0
O016009,C05263,2024-05-14,delivered,upi,60.0
O010431,C03451,2024-10-09,delivered,COD,0.0
O007584,C02522,2025-02-27,Delivered,Debit Card,99.0
O000115,C00062,2025-06-09,Cancelled,Net Banking,40.0
O015577,C05143,2025-06-28,Delivered,Debit Card,40.0
O007206,C02403,2024-06-11,Delivered,Debit Card,0.0
O008399,C02789,2024-12-22,Delivered,COD,0.0
O004449,C01486,2024-08-23,Delivered,Net Banking,40.0
O000519,C00194,2025-02-20,Delivered,COD,40.0
O000776,C00296,2025-06-19,Delivered,upi,0.0
O007378,C02467,2023-03-20,delivered,upi,40.0
O002251,C00709,2023-12-14,Delivered,Net Banking,40.0
O016173,C05330,2025-01-26,Returned,Net Banking,60.0
O001494,C00471,2023-12-17,Delivered,Credit Card,0.0
O001620,C00507,2025-06-04,Cancelled,COD,99.0
O017512,C05776,2024-10-25,returned,Credit Card,0.0
O016535,C05447,2025-07-24,Delivered,COD,0.0
O017798,C05852,2024-06-27,Delivered,COD,99.0
O008138,C02679,2025-04-18,Delivered,upi,0.0
O008090,C02659,2025-04-24,Delivered,Net Banking,99.0
O001639,C00516,2024-09-04,Delivered,upi,99.0
O012046,C04054,2025-08-04,Delivered,COD,60.0
O017412,C05738,2024-04-27,Delivered,upi,99.0
O008228,C02716,2024-01-16,Delivered,UPI,0.0
O016026,C05269,2024-01-21,delivered,Net Banking,0.0
O013366,C04449,2024-08-12,Returned,Credit Card,0.0
O001003,C00358,2024-02-28,Delivered,upi,0.0
O001885,C00590,2025-03-24,Delivered,COD,0.0
O010799,C03584,2025-05-18,delivered,Net Banking,60.0
O016859,C05558,2023-06-24,Delivered,Credit Card,0.0
O003517,C01130,2024-11-25,Delivered,upi,0.0
O002603,C00827,2024-09-26,Delivered,upi,0.0
O017484,C05764,2024-08-15,Delivered,Credit Card,0.0
O000956,C00339,2024-11-19,Delivered,upi,99.0
O015580,C05144,2023-08-11,Delivered,Net Banking,0.0
O002854,C00901,2024-03-06,Delivered,Credit Card,40.0
O008612,C02854,2023-06-04,Delivered,upi,0.0
O017413,C05739,2024-10-15,Delivered,COD,0.0
O004371,C01448,2025-03-29,Delivered,Debit Card,40.0
O010542,C03505,2025-04-09,Cancelled,upi,0.0
O015237,C05019,2023-08-24,Delivered,COD,40.0
O006208,C02046,2023-12-03,Returned,UPI,0.0
O004269,C01415,2025-08-19,Delivered,upi,0.0
O015314,C05047,2024-10-25,Delivered,Net Banking,99.0
O005079,C01694,2023-05-12,Returned,COD,99.0
O017302,C05705,2024-07-28,Delivered,upi,0.0
O008846,C02926,2023-12-06,Delivered,NET BANKING,0.0
O009496,C03109,2024-09-01,Delivered,Credit Card,0.0
O010185,C03360,2025-01-12,Delivered,upi,0.0
O002970,C00929,2024-09-21,Returned,Debit Card,99.0
O015455,C05099,2025-05-09,Cancelled,Credit Card,99.0
O010388,C03447,2023-11-14,Delivered,Credit Card,0.0
O011854,C03980,2023-04-18,delivered,Credit Card,60.0
O010099,C03328,2025-05-28,Delivered,Debit Card,60.0
O014225,C04717,2023-12-17,Delivered,UPI,0.0
O002758,C00873,2024-06-30,Delivered,UPI,0.0
O005674,C01883,2025-02-06,Delivered,Debit Card,40.0
O010120,C03330,2025-08-10,Delivered,upi,40.0
O002938,C00917,2024-11-28,Delivered,upi,0.0
O014113,C04689,2023-03-28,Delivered,upi,0.0
O000225,C00105,2024-05-20,Delivered,Net Banking,0.0
O011083,C03668,2024-08-16,Delivered,upi,0.0
O007566,C02518,2025-06-24,Delivered,COD,60.0
O003570,C01151,2024-12-24,Returned,Debit Card,99.0
O015334,C05054,2024-02-18,Delivered,upi,0.0
O013688,C04539,2024-11-26,Delivered,Net Banking,40.0
O007209,C02403,2025-05-08,Delivered,upi,40.0
O017906,C05888,2024-08-16,Cancelled,upi,40.0
O016078,C05291,2023-06-06,Delivered,upi,40.0
O011717,C03919,2024-08-07,Delivered,Debit Card,60.0
O001757,C00557,2025-05-29,Delivered,upi,99.0
O007504,C02503,2025-07-19,Cancelled,Debit Card,0.0
O015745,C05186,2025-06-19,Delivered,upi,99.0
O010171,C03354,2024-08-30,Delivered,upi,0.0
O006084,C02023,2024-08-11,Delivered,COD,40.0
O013007,C04327,2023-08-17,Delivered,COD,99.0
O011386,C03803,2023-12-11,Returned,upi,0.0
O010698,C03553,2024-02-13,Delivered,Debit Card,99.0
O010840,C03598,2024-09-14,Delivered,upi,60.0
O005130,C01703,2024-09-29,Delivered,Debit Card,0.0
O016487,C05420,2025-08-23,Delivered,COD,0.0
O008139,C02679,2025-06-25,Delivered,upi,99.0
O006905,C02288,2025-04-08,Delivered,Net Banking,99.0
O011902,C03997,2024-05-17,Delivered,upi,99.0
O009453,C03102,2024-05-03,Delivered,Net Banking,60.0
O010877,C03615,2023-06-08,Delivered,COD,60.0
O011140,C03693,2024-08-29,Delivered,upi,40.0
O016682,C05501,2024-07-03,Delivered,upi,0.0
O013884,C04612,2025-07-04,Delivered,upi,0.0
O012732,C04234,2025-05-05,Delivered,COD,99.0
O003188,C01014,2024-07-28,Delivered,Credit Card,60.0
O004072,C01340,2024-05-30,Delivered,COD,0.0
O001920,C00594,2023-10-27,Delivered,upi,99.0
O016844,C05555,2024-12-02,Delivered,COD,40.0
O001963,C00609,2024-06-17,Delivered,Debit Card,60.0
O011707,C03914,2024-10-11,Delivered,upi,0.0
O008299,C02752,2023-03-13,Delivered,COD,99.0
O000282,C00123,2024-12-05,Delivered,upi,60.0
O013779,C04571,2024-09-14,Delivered,Net Banking,0.0
O013751,C04565,2025-01-25,Delivered,COD,99.0
O005541,C01833,2024-05-25,delivered,COD,60.0
O002705,C00856,2025-02-19,Delivered,upi,40.0
O017945,C05899,2023-08-19,Delivered,Credit Card,40.0
O004460,C01490,2025-07-10,Delivered,upi,40.0
O016534,C05447,2025-05-12,Delivered,upi,40.0
O010578,C03512,2024-03-04,Delivered,Credit Card,40.0
O017475,C05761,2025-07-09,Returned,COD,40.0
O003424,C01094,2024-10-12,Delivered,Credit Card,0.0
O005785,C01919,2024-09-09,Delivered,upi,99.0
O014210,C04716,2024-07-24,Delivered,COD,60.0
O015857,C05223,2024-12-23,Delivered,Net Banking,60.0
O007001,C02335,2025-03-21,Delivered,upi,99.0
O009018,C02964,2024-02-03,Delivered,Debit Card,99.0
O009211,C03021,2024-07-23,Returned,Debit Card,99.0
O011627,C03874,2024-06-08,Returned,COD,40.0
O011059,C03664,2024-12-02,Returned,upi,99.0
O012896,C04292,2023-08-09,Delivered,upi,60.0
O015854,C05221,2025-08-20,Delivered,Credit Card,40.0
O015916,C05242,2025-08-11,Delivered,COD,0.0
O010395,C03449,2023-07-09,Delivered,Debit Card,40.0
O008276,C02739,2025-02-12,Delivered,Credit Card,99.0
O005880,C01952,2024-01-25,Delivered,Net Banking,0.0
O011188,C03719,2023-09-21,Delivered,COD,0.0
O002467,C00781,2025-07-08,Delivered,COD,60.0
O017142,C05651,2024-10-23,Delivered,Debit Card,0.0
O012950,C04307,2025-05-05,Delivered,upi,0.0
O003927,C01293,2024-05-27,Delivered,Debit Card,60.0
O014316,C04734,2023-08-21,Delivered,upi,60.0
O001407,C00446,2024-11-17,Delivered,,40.0
O003708,C01211,2024-12-18,Delivered,upi,0.0
O007478,C02499,2024-06-02,Delivered,Debit Card,60.0
O009972,C03286,2023-10-28,Delivered,upi,40.0
O014148,C04703,2023-11-18,Delivered,Debit Card,60.0
O003292,C01045,2025-07-10,Delivered,Credit Card,99.0
O012904,C04296,2024-10-12,Delivered,upi,60.0
O005163,C01712,2024-11-04,Delivered,upi,40.0
O012082,C04066,2024-05-21,Delivered,UPI,0.0
O008523,C02819,2025-08-29,Returned,Credit Card,60.0
O014514,C04801,2024-02-26,Cancelled,Debit Card,0.0
O006245,C02053,2024-03-15,Delivered,Debit Card,0.0
O000283,C00124,2025-08-22,Delivered,Credit Card,99.0
O000249,C00111,2024-12-07,Returned,Net Banking,99.0
O004112,C01349,2024-07-29,Returned,upi,40.0
O011133,C03692,2024-05-23,Delivered,COD,99.0
O000920,C00337,2024-05-05,Delivered,COD,0.0
O006441,C02129,2025-02-28,Delivered,Credit Card,40.0
O002612,C00828,2025-04-03,Delivered,upi,60.0
O010433,C03452,2025-06-05,Delivered,Debit Card,0.0
O018170,C05965,2025-06-25,Delivered,,0.0
O009353,C03071,2025-08-28,Delivered,upi,60.0
O010411,C03449,2024-07-11,Delivered,upi,0.0
O003647,C01191,2023-04-26,Delivered,COD,0.0
O017742,C05837,2025-02-18,Delivered,Debit Card,0.0
O015017,C04945,2024-06-27,Delivered,COD,60.0
O013684,C04537,2025-01-07,Delivered,COD,40.0
O012015,C04038,2025-03-31,Delivered,Net Banking,60.0
O015161,C04996,2025-04-05,Delivered,upi,60.0
O015760,C05196,2023-06-03,Delivered,Credit Card,0.0
O009677,C03175,2025-01-15,Delivered,Net Banking,99.0
O001346,C00427,2024-12-05,Cancelled,upi,0.0
O002004,C00614,2024-11-27,Delivered,Net Banking,0.0
O010004,C03300,2025-08-19,Delivered,Credit Card,40.0
O003750,C01231,2023-08-28,Delivered,Debit Card,40.0
O002626,C00829,2025-04-17,Delivered,Net Banking,60.0
O010821,C03590,2023-03-23,Delivered,Credit Card,0.0
O006811,C02253,2023-05-12,Cancelled,COD,0.0
O003293,C01046,2023-03-17,Delivered,Debit Card,60.0
O001934,C00597,2023-12-19,Delivered,Debit Card,0.0
O001811,C00575,2024-05-05,Cancelled,Debit Card,60.0
O004139,C01359,2024-03-27,Delivered,CREDIT CARD,0.0
O000111,C00060,2024-09-29,Delivered,DEBIT CARD,99.0
O016827,C05551,2023-11-17,Delivered,COD,0.0
O001065,C00371,2025-04-19,Delivered,Credit Card,0.0
O008506,C02815,2025-07-23,Delivered,upi,0.0
O009165,C03008,2024-05-28,Delivered,Credit Card,0.0
O015341,C05054,2024-12-17,Returned,COD,0.0
O011178,C03711,2025-05-28,Delivered,upi,99.0
O003958,C01302,2024-07-23,Delivered,upi,0.0
O014888,C04903,2024-09-25,Delivered,upi,0.0
O002584,C00820,2024-11-21,Delivered,Net Banking,60.0
O007635,C02527,2025-04-03,Delivered,Credit Card,40.0
O013120,C04363,2025-02-17,Delivered,Credit Card,0.0
O008773,C02901,2024-02-21,Delivered,Credit Card,0.0
O012353,C04144,2024-12-27,Delivered,COD,0.0
O004341,C01439,2024-06-11,Delivered,Debit Card,60.0
O006616,C02189,2025-01-05,Delivered,Credit Card,99.0
O010516,C03492,2024-06-03,Delivered,Credit Card,0.0
O015292,C05040,2023-10-19,Delivered,COD,0.0
O014097,C04682,2025-05-30,Delivered,Debit Card,99.0
O016569,C05463,2025-02-16,Returned,Debit Card,60.0
O012687,C04234,2023-12-07,Delivered,Debit Card,60.0
O011290,C03762,2024-08-02,Delivered,upi,0.0
O017687,C05835,2024-10-12,Delivered,COD,60.0
O001913,C00592,2025-03-30,Delivered,upi,0.0
O002703,C00855,2024-01-03,Delivered,upi,0.0
O014056,C04662,2024-06-04,Delivered,Debit Card,60.0
O006356,C02093,2024-11-28,Delivered,Credit Card,99.0
O004128,C01350,2025-02-27,Delivered,Credit Card,0.0
O014844,C04892,2025-02-18,Returned,upi,40.0
O002778,C00876,2023-07-23,Delivered,upi,0.0
O012119,C04077,2024-09-06,Delivered,COD,60.0
O000862,C00322,2025-05-27,Delivered,COD,40.0
O014269,C04720,2024-07-30,Delivered,COD,0.0
O004898,C01638,2024-12-04,Returned,Credit Card,99.0
O003208,C01022,2024-09-05,Delivered,upi,0.0
O012790,C04257,2024-11-23,Delivered,upi,0.0
O013161,C04381,2023-07-09,Cancelled,Debit Card,40.0
O017496,C05769,2023-12-23,Delivered,upi,60.0
O011080,C03668,2024-01-01,Delivered,Credit Card,0.0
O012754,C04244,2025-07-17,Delivered,upi,0.0
O005908,C01953,2025-02-07,Delivered,upi,60.0
O000481,C00182,2024-11-23,Returned,Debit Card,60.0
O017754,C05840,2026-06-01,Delivered,Credit Card,0.0
O013447,C04471,2025-09-10,Delivered,upi,0.0
O011272,C03753,2024-11-27,Delivered,upi,60.0
O014576,C04810,2024-11-23,Delivered,Net Banking,60.0
O010533,C03502,2024-10-31,Delivered,upi,40.0
O006273,C02059,2025-03-04,Delivered,Credit Card,40.0
O000773,C00293,2025-01-12,Delivered,COD,99.0
O001803,C00573,2025-05-07,Delivered,Credit Card,0.0
O003138,C00997,2023-06-05,Delivered,upi,99.0
O004949,C01648,2025-03-28,Delivered,Net Banking,40.0
O002027,C00624,2023-09-12,Delivered,COD,40.0
O010010,C03302,2025-03-11,Delivered,COD,60.0
O014300,C04728,2024-03-02,Returned,upi,99.0
O012414,C04162,2024-05-11,Delivered,Debit Card,60.0
O011300,C03766,2024-09-21,Delivered,upi,0.0
O005260,C01746,2024-12-09,Delivered,COD,0.0
O009619,C03154,2025-07-06,Delivered,upi,99.0
O000424,C00167,2024-02-27,Delivered,Credit Card,0.0
O015377,C05063,2024-03-23,Delivered,Debit Card,0.0
O011267,C03751,2024-05-14,Delivered,Debit Card,40.0
O004372,C01448,2025-04-05,Returned,upi,99.0
O007614,C02526,2024-06-12,Delivered,Net Banking,0.0
O013240,C04403,2024-10-01,Delivered,upi,60.0
O017248,C05679,2025-07-16,Returned,upi,60.0
O003672,C01202,2024-05-11,Delivered,upi,99.0
O015802,C05211,2024-12-14,Delivered,Debit Card,60.0
O010795,C03583,2025-04-06,Delivered,upi,60.0
O012370,C04153,2024-08-08,Delivered,upi,0.0
O010361,C03438,2025-06-20,Delivered,Net Banking,0.0
O011261,C03750,2023-11-08,Delivered,Debit Card,0.0
O001841,C00581,2025-03-09,Delivered,Credit Card,99.0
O011878,C03993,2023-11-01,Delivered,Net Banking,99.0
O017277,C05695,2025-04-30,Delivered,CREDIT CARD,60.0
O011750,C03931,2024-12-05,Delivered,Debit Card,40.0
O000783,C00300,2023-11-07,Returned,upi,60.0
O007932,C02603,2024-02-03,delivered,,40.0
O004266,C01413,2025-02-04,Delivered,COD,60.0
O008559,C02834,2025-03-19,Delivered,upi,0.0
O005894,C01952,2024-09-20,Delivered,Debit Card,0.0
O002702,C00854,2024-12-11,Delivered,Credit Card,40.0
O017575,C05800,2024-12-08,Delivered,Debit Card,60.0
O016429,C05411,2024-04-28,Delivered,upi,0.0
O005867,C01951,2024-08-09,Delivered,,40.0
O001753,C00556,2024-09-09,Cancelled,upi,40.0
O010289,C03409,2025-09-22,Delivered,upi,99.0
O016738,C05525,2023-07-12,Delivered,upi,0.0
O016901,C05571,2024-03-04,Returned,Net Banking,0.0
O015777,C05206,2024-09-14,Delivered,Credit Card,0.0
O012673,C04233,2025-05-01,Delivered,Credit Card,0.0
O001412,C00447,2025-01-01,Delivered,Net Banking,0.0
O006867,C02273,2023-11-16,Delivered,Credit Card,40.0
O001216,C00398,2025-07-25,Delivered,COD,60.0
O017132,C05644,2025-06-09,Delivered,Credit Card,0.0
O001376,C00430,2025-07-11,Delivered,,99.0
O005687,C01885,2023-06-08,Delivered,Debit Card,0.0
O009251,C03031,2025-05-02,Returned,Credit Card,40.0
O013251,C04407,2025-07-23,Delivered,Debit Card,0.0
O009787,C03232,2024-05-29,Delivered,upi,60.0
O003851,C01258,2025-07-14,Delivered,upi,0.0
O014040,C04657,2024-10-13,Delivered,upi,99.0
O002325,C00747,2023-11-12,Delivered,Credit Card,0.0
O015256,C05026,2024-02-27,Delivered,Debit Card,0.0
O018122,C05943,2024-11-16,Delivered,Net Banking,40.0
O017220,C05669,2024-08-17,Delivered,upi,99.0
O007725,C02545,2025-07-10,Returned,COD,99.0
O006420,C02116,2024-09-10,Delivered,Credit Card,0.0
O004058,C01333,2025-02-16,Delivered,Credit Card,99.0
O006644,C02201,2025-02-25,Delivered,Debit Card,60.0
O005053,C01684,2024-08-03,Delivered,Debit Card,0.0
O012695,C04234,2024-03-03,Delivered,upi,0.0
O004961,C01650,2023-04-16,Delivered,upi,60.0
O016099,C05298,2025-04-05,Delivered,upi,0.0
O006433,C02123,2025-05-23,Delivered,Credit Card,60.0
O001118,C00389,2023-12-19,Delivered,upi,60.0
O002064,C00632,2024-11-12,delivered,,40.0
O007353,C02461,2024-08-20,Delivered,COD,60.0
O007227,C02411,2025-06-20,Delivered,upi,0.0
O003503,C01123,2025-01-07,Delivered,Credit Card,60.0
O015788,C05207,2025-06-28,Delivered,COD,60.0
O004654,C01554,2024-04-30,Delivered,Credit Card,99.0
O013076,C04353,2024-05-15,Delivered,COD,0.0
O001182,C00394,2025-04-13,Delivered,Net Banking,40.0
O014537,C04806,2024-04-30,Delivered,Credit Card,99.0
O015078,C04963,2025-09-18,Cancelled,upi,99.0
O012040,C04051,2024-08-10,Delivered,Debit Card,0.0
O015057,C04956,2024-01-08,Delivered,Debit Card,0.0
O001703,C00543,2024-08-30,Delivered,upi,40.0
O009473,C03102,2025-05-02,Delivered,Debit Card,0.0
O009880,C03263,2023-08-22,Delivered,COD,99.0
O011883,C03994,2023-10-04,Delivered,upi,40.0
O011005,C03655,2025-03-06,Returned,upi,0.0
O011198,C03724,2025-01-13,Delivered,Debit Card,60.0
O003712,C01212,2025-03-26,delivered,Credit Card,40.0
O013357,C04448,2023-01-13,Delivered,Credit Card,0.0
O017885,C05877,2025-02-10,Delivered,Debit Card,40.0
O016457,C05416,2024-07-05,Delivered,Debit Card,99.0
O004113,C01349,2024-08-06,Delivered,upi,99.0
O014138,C04698,2024-11-04,Delivered,COD,60.0
O007077,C02368,2025-05-26,Delivered,upi,60.0
O004752,C01580,2025-01-30,Delivered,Debit Card,0.0
O003428,C01096,2025-09-11,Delivered,upi,0.0
O002414,C00772,2024-05-01,Delivered,Debit Card,0.0
O007426,C02475,2025-04-16,Delivered,Credit Card,40.0
O018169,C05965,2025-06-14,Delivered,upi,0.0
O001988,C00609,2025-08-24,Delivered,,60.0
O017731,C05837,2024-03-02,Delivered,Credit Card,40.0
O008298,C02751,2024-07-15,Delivered,Debit Card,99.0
O011969,C04025,2023-09-19,Delivered,upi,0.0
O004267,C01414,2025-09-29,Delivered,Net Banking,60.0
O006363,C02099,2023-10-07,Delivered,COD,99.0
O006784,C02244,2025-05-27,Delivered,Net Banking,99.0
O009939,C03276,2025-09-27,Delivered,COD,60.0
O015909,C05238,2024-04-21,Delivered,upi,0.0
O015040,C04954,2024-09-22,Cancelled,Debit Card,60.0
O008745,C02890,2025-01-12,Delivered,upi,0.0
O013277,C04421,2025-01-13,Delivered,DEBIT CARD,99.0
O005076,C01694,2023-02-17,Delivered,UPI,99.0
O013198,C04392,2025-03-09,Delivered,upi,0.0
O012157,C04089,2025-08-13,delivered,upi,0.0
O003993,C01310,2023-07-25,Delivered,upi,40.0
O011164,C03702,2024-08-10,Delivered,Debit Card,0.0
O013679,C04537,2024-04-29,Delivered,COD,0.0
O006147,C02041,2023-10-24,Delivered,NET BANKING,60.0
O005406,C01795,2025-09-27,Delivered,Debit Card,0.0
O004076,C01341,2023-07-23,Delivered,COD,99.0
O003261,C01032,2024-11-29,Delivered,Debit Card,60.0
O015059,C04956,2025-02-10,Returned,Debit Card,60.0
O001227,C00402,2024-11-19,Delivered,Net Banking,0.0
O000049,C00025,2025-03-16,Delivered,Credit Card,99.0
O016517,C05437,2025-09-15,Delivered,Debit Card,0.0
O002153,C00675,2023-03-04,Delivered,Credit Card,0.0
O007326,C02449,2025-03-05,Delivered,COD,0.0
O005950,C01973,2023-09-18,Delivered,upi,40.0
O010991,C03651,2024-11-12,Delivered,Credit Card,60.0
O010262,C03397,2024-04-08,Delivered,Net Banking,0.0
O010736,C03570,2024-04-19,Delivered,upi,99.0
O006872,C02273,2024-05-02,Delivered,upi,0.0
O003534,C01137,2024-10-01,Delivered,COD,99.0
O003693,C01207,2024-11-22,Returned,Debit Card,60.0
O017007,C05599,2024-08-30,Delivered,Debit Card,99.0
O011191,C03720,2024-11-18,Delivered,Debit Card,60.0
O016404,C05408,2024-09-30,Delivered,upi,0.0
O013736,C04558,2025-01-27,Delivered,Net Banking,99.0
O010541,C03505,2025-02-16,Delivered,upi,0.0
O012739,C04237,2025-06-24,Delivered,Credit Card,99.0
O006499,C02153,2024-10-05,Delivered,Net Banking,0.0
O013907,C04620,2025-02-03,Delivered,upi,99.0
O015439,C05092,2023-12-24,Cancelled,Credit Card,60.0
O001353,C00427,2025-03-05,Delivered,Debit Card,0.0
O006688,C02217,2025-01-12,Delivered,Credit Card,0.0
O008410,C02794,2023-04-16,Delivered,COD,40.0
O009777,C03227,2025-03-12,Delivered,upi,0.0
O002271,C00720,2024-12-05,Returned,Debit Card,40.0
O002859,C00904,2023-12-04,Delivered,upi,0.0
O000239,C00107,2023-03-13,Delivered,NET BANKING,0.0
O004529,C01524,2023-10-03,Delivered,upi,99.0
O009888,C03265,2023-12-25,Delivered,Debit Card,0.0
O004822,C01603,2023-10-18,Delivered,Credit Card,60.0
O003309,C01050,2025-08-23,Returned,Credit Card,0.0
O013587,C04513,2024-08-13,Delivered,Credit Card,60.0
O011626,C03874,2024-03-22,Delivered,COD,0.0
O016747,C05527,2024-12-15,Cancelled,Credit Card,60.0
O007103,C02379,2024-08-08,Delivered,upi,0.0
O006444,C02131,2024-04-23,Delivered,upi,60.0
O013409,C04464,2025-06-13,Delivered,Debit Card,99.0
O016685,C05504,2023-11-18,Delivered,Net Banking,40.0
O000439,C00172,2023-11-12,Cancelled,upi,99.0
O000299,C00130,2024-09-01,Delivered,Credit Card,60.0
O013854,C04596,2025-08-09,Delivered,Debit Card,99.0
O003471,C01107,2025-04-18,Delivered,upi,0.0
O001339,C00427,2024-09-26,Returned,COD,0.0
O001472,C00464,2025-01-16,Delivered,upi,40.0
O002889,C00908,2024-08-17,Delivered,Debit Card,99.0
O008169,C02693,2024-11-03,Delivered,Net Banking,99.0
O009356,C03073,2024-11-06,Delivered,Credit Card,99.0
O010001,C03299,2025-08-16,Delivered,Debit Card,60.0
O000159,C00082,2025-09-02,Delivered,upi,99.0
O018127,C05947,2025-08-20,Cancelled,Debit Card,0.0
O015593,C05149,2023-11-06,Delivered,Net Banking,0.0
O008581,C02843,2025-02-11,Delivered,upi,0.0
O009784,C03230,2024-08-09,Delivered,upi,40.0
O007056,C02363,2025-07-04,Delivered,Net Banking,99.0
O007960,C02614,2023-08-19,Delivered,COD,0.0
O011570,C03866,2023-11-15,Delivered,upi,99.0
O016749,C05528,2024-03-08,Delivered,COD,0.0
O011363,C03789,2024-06-19,delivered,UPI,60.0
O005889,C01952,2024-05-29,Delivered,Credit Card,0.0
O013981,C04644,2024-05-24,delivered,COD,0.0
O003641,C01187,2025-05-28,Delivered,upi,0.0
O012090,C04067,2024-04-06,Delivered,COD,99.0
O007138,C02387,2023-11-01,Delivered,Debit Card,99.0
O016403,C05408,2024-07-24,Delivered,upi,99.0
O011156,C03698,2025-03-06,Delivered,upi,99.0
O017728,C05837,2023-12-30,Delivered,Credit Card,99.0
O018193,C05977,2023-11-30,Cancelled,Debit Card,99.0
O000311,C00136,2024-05-22,Delivered,,0.0
O007968,C02614,2024-09-03,Delivered,upi,99.0
O003482,C01112,2025-08-19,Delivered,Credit Card,60.0
O007903,C02595,2023-11-22,Delivered,Credit Card,99.0
O002073,C00636,2024-01-21,Delivered,Net Banking,99.0
O014836,C04887,2025-06-25,Delivered,upi,60.0
O001571,C00496,2025-04-24,Delivered,,99.0
O000714,C00274,2024-05-25,Delivered,Credit Card,60.0
O003409,C01091,2023-10-13,Delivered,upi,99.0
O000744,C00280,2025-08-23,Delivered,COD,0.0
O011009,C03655,2025-06-13,Cancelled,upi,0.0
O004919,C01643,2025-07-10,Returned,upi,99.0
O006248,C02053,2024-11-12,Delivered,upi,60.0
O016003,C05263,2023-07-19,Returned,upi,40.0
O006209,C02046,2024-01-10,Delivered,Credit Card,40.0
O015167,C04997,2025-04-23,Delivered,upi,99.0
O016188,C05334,2025-04-30,Delivered,Net Banking,0.0
O011014,C03656,2024-07-12,Delivered,upi,99.0
O005043,C01680,2025-03-26,Delivered,UPI,99.0
O006877,C02273,2024-12-03,Delivered,COD,0.0
O000221,C00105,2024-01-21,Delivered,upi,0.0
O008318,C02758,2023-10-03,Delivered,Net Banking,99.0
O010266,C03401,2023-05-14,Delivered,Credit Card,0.0
O002497,C00792,2024-08-01,Delivered,Debit Card,0.0
O006010,C01997,2025-06-19,Delivered,Debit Card,40.0
O010021,C03304,2024-10-25,Cancelled,Debit Card,0.0
O011211,C03730,2025-05-05,Delivered,upi,0.0
O005642,C01870,2025-06-11,Delivered,Debit Card,0.0
O014174,C04710,2024-04-17,Delivered,COD,40.0
O017267,C05690,2023-07-20,Delivered,Net Banking,60.0
O009538,C03119,2023-02-07,Delivered,COD,60.0
O018034,C05929,2024-11-17,Returned,upi,0.0
O016699,C05511,2025-05-03,Cancelled,upi,99.0
O000565,C00210,2025-07-22,Delivered,COD,0.0
O010610,C03524,2023-12-02,Delivered,Debit Card,40.0
O002848,C00900,2023-12-28,Delivered,COD,0.0
O007573,C02519,2024-09-04,Delivered,COD,0.0
O000370,C00152,2025-02-23,Delivered,,60.0
O015062,C04959,2025-02-22,Delivered,COD,0.0
O009871,C03258,2024-03-03,Returned,COD,99.0
O006589,C02179,2024-12-28,Delivered,COD,0.0
O006703,C02222,2024-05-28,Delivered,Credit Card,40.0
O014160,C04708,2025-06-26,Delivered,upi,99.0
O007885,C02588,2025-07-14,Cancelled,upi,40.0
O008554,C02833,2025-06-26,Delivered,upi,40.0
O007652,C02532,2024-06-10,Delivered,upi,60.0
O003576,C01156,2024-12-23,Delivered,upi,40.0
O003450,C01101,2024-10-18,Returned,upi,60.0
O014884,C04900,2025-02-28,Delivered,upi,0.0
O016314,C05373,2025-05-11,Delivered,upi,0.0
O010629,C03532,2024-09-08,Delivered,upi,0.0
O017016,C05603,2023-04-28,Cancelled,upi,0.0
O005187,C01725,2023-12-18,Delivered,upi,0.0
O014570,C04810,2024-03-07,Delivered,Credit Card,0.0
O008961,C02949,2024-12-11,Delivered,Credit Card,40.0
O017987,C05910,2024-05-28,Delivered,upi,0.0
O010772,C03577,2025-01-20,Delivered,Debit Card,40.0
O016417,C05408,2025-03-09,Returned,Credit Card,60.0
O013466,C04482,2024-09-04,Delivered,upi,40.0
O012304,C04136,2025-09-15,Delivered,Debit Card,60.0
O003061,C00971,2024-07-14,Delivered,Credit Card,0.0
O008355,C02771,2025-07-29,Delivered,Credit Card,40.0
O004084,C01343,2024-08-24,Delivered,upi,0.0
O006269,C02057,2025-09-07,Delivered,COD,99.0
O005916,C01958,2025-03-14,Delivered,upi,99.0
O000994,C00357,2023-12-04,Delivered,UPI,60.0
O015589,C05147,2024-06-15,Delivered,upi,99.0
O012578,C04207,2023-12-09,Delivered,upi,0.0
O009070,C02983,2024-05-15,Delivered,Credit Card,60.0
O011325,C03772,2025-09-20,Delivered,COD,0.0
O015592,C05148,2025-06-08,Delivered,COD,60.0
O000374,C00152,2025-05-11,Delivered,Credit Card,0.0
O015266,C05031,2025-01-15,Delivered,COD,60.0
O006025,C02001,2025-03-29,Delivered,Credit Card,99.0
O009802,C03237,2025-07-13,Delivered,COD,0.0
O001344,C00427,2024-11-25,Delivered,upi,40.0
O002802,C00885,2025-08-03,Delivered,COD,99.0
O002495,C00791,2025-09-13,Delivered,Credit Card,0.0
O000200,C00099,2025-05-06,Delivered,upi,0.0
O015714,C05173,2024-07-17,Delivered,CREDIT CARD,0.0
O015775,C05205,2025-01-29,Delivered,upi,60.0
O018224,C05986,2024-12-23,Delivered,COD,99.0
O016634,C05488,2024-05-19,Returned,upi,40.0
O016799,C05543,2024-03-24,Delivered,Credit Card,60.0
O001382,C00433,2025-04-20,Returned,upi,0.0
O017439,C05747,2023-12-31,Delivered,COD,40.0
O017838,C05867,2025-03-20,Delivered,COD,0.0
O001779,C00562,2025-03-04,Delivered,Debit Card,99.0
O001054,C00363,2025-09-20,Delivered,Debit Card,99.0
O005272,C01748,2025-07-06,Returned,Credit Card,60.0
O002536,C00807,2024-06-26,Delivered,upi,0.0
O003122,C00986,2025-08-06,Delivered,Debit Card,60.0
O004438,C01477,2025-08-14,Delivered,,40.0
O014086,C04674,2024-08-05,Delivered,Debit Card,0.0
O015615,C05156,2023-12-23,Delivered,Net Banking,0.0
O002196,C00697,2024-07-13,Delivered,Net Banking,0.0
O015647,C05159,2025-02-13,Delivered,upi,60.0
O003940,C01300,2023-12-01,Delivered,COD,40.0
O012819,C04272,2024-01-25,Delivered,Debit Card,0.0
O013358,C04448,2023-09-03,Delivered,upi,99.0
O007567,C02519,2024-02-12,Delivered,Credit Card,60.0
O002648,C00834,2024-09-10,delivered,Debit Card,0.0
O000870,C00325,2024-12-07,Returned,Credit Card,0.0
O001508,C00479,2024-06-05,Returned,COD,60.0
O008496,C02812,2024-03-24,Delivered,Debit Card,60.0
O005173,C01714,2024-08-11,Delivered,Credit Card,0.0
O004867,C01627,2024-02-27,Delivered,upi,40.0
O001256,C00410,2024-08-21,Cancelled,Net Banking,60.0
O012216,C04118,2024-11-22,Delivered,Debit Card,99.0
O012915,C04297,2024-09-02,Delivered,Net Banking,0.0
O018248,C05992,2024-09-26,Delivered,Credit Card,40.0
O017667,C05825,2024-03-13,Delivered,Debit Card,60.0
O006904,C02288,2024-08-02,Delivered,Credit Card,0.0
O002000,C00613,2025-07-20,Delivered,upi,0.0
O004288,C01419,2024-11-29,Delivered,upi,40.0
O004718,C01571,2023-08-13,Delivered,Credit Card,40.0
O011404,C03812,2025-05-22,delivered,upi,0.0
O016513,C05433,2025-02-26,Delivered,COD,40.0
O012501,C04185,2024-06-22,Delivered,Credit Card,0.0
O003308,C01050,2025-05-17,Delivered,upi,99.0
O009853,C03257,2024-12-26,Delivered,COD,40.0
O005093,C01694,2025-02-25,Delivered,Credit Card,40.0
O007261,C02427,2023-09-16,Delivered,upi,0.0
O003470,C01106,2025-03-25,Delivered,Credit Card,0.0
O010027,C03305,2024-09-05,Delivered,DEBIT CARD,99.0
O015415,C05080,2023-12-16,Delivered,Credit Card,60.0
O006678,C02216,2023-07-10,Delivered,Credit Card,40.0
O000759,C00289,2024-07-30,returned,UPI,40.0
O009359,C03075,2023-09-16,Delivered,upi,0.0
O003295,C01048,2025-05-04,Returned,Credit Card,0.0
O005624,C01864,2024-06-24,Delivered,upi,99.0
O001421,C00449,2024-09-02,Delivered,COD,0.0
O005172,C01713,2025-09-04,Delivered,Debit Card,60.0
O012557,C04197,2024-03-24,Delivered,COD,40.0
O011463,C03843,2023-06-18,Returned,Credit Card,0.0
O000313,C00136,2024-06-20,Delivered,COD,0.0
O017647,C05820,2025-01-18,Delivered,upi,0.0
O002230,C00702,2025-06-24,Delivered,COD,0.0
O004969,C01656,2024-10-28,Delivered,upi,60.0
O013727,C04553,2024-11-17,Delivered,upi,99.0
O017711,C05837,2023-04-19,Delivered,upi,99.0
O004064,C01336,2024-11-27,Delivered,NET BANKING,0.0
O000765,C00291,2024-09-06,Delivered,COD,40.0
O012650,C04228,2025-08-21,Delivered,Debit Card,99.0
O010965,C03640,2024-06-14,Delivered,Debit Card,40.0
O011011,C03655,2025-07-12,Delivered,Debit Card,60.0
O014930,C04916,2024-02-20,Delivered,Net Banking,0.0
O015715,C05173,2024-09-15,Delivered,COD,99.0
O009575,C03137,2025-07-05,Delivered,COD,40.0
O008495,C02811,2025-06-27,Delivered,upi,60.0
O016822,C05547,2025-09-04,Delivered,upi,0.0
O007517,C02509,2025-05-17,Delivered,Debit Card,99.0
O002766,C00873,2024-12-23,Delivered,upi,60.0
O000909,C00337,2023-11-24,Delivered,upi,60.0
O009166,C03008,2024-08-22,Delivered,upi,40.0
O017500,C05772,2025-03-11,Delivered,Credit Card,40.0
O017564,C05794,2023-10-09,Delivered,,0.0
O013217,C04396,2024-12-03,Delivered,upi,60.0
O007114,C02383,2025-04-23,Delivered,,60.0
O012073,C04061,2024-09-29,Delivered,COD,0.0
O017313,C05708,2025-08-16,Delivered,upi,0.0
O006796,C02249,2025-02-17,delivered,COD,0.0
O007823,C02566,2025-01-18,Delivered,upi,40.0
O000547,C00204,2023-06-10,Returned,Debit Card,0.0
O014359,C04752,2024-10-21,Delivered,upi,0.0
O012995,C04326,2024-03-27,Delivered,upi,60.0
O004257,C01409,2025-09-16,Cancelled,upi,99.0
O013110,C04363,2024-02-18,Delivered,upi,40.0
O001086,C00381,2023-06-15,Returned,upi,40.0
O002861,C00905,2025-07-17,Delivered,Credit Card,40.0
O012555,C04197,2023-04-27,Delivered,upi,0.0
O016388,C05405,2025-09-14,delivered,COD,99.0
O008600,C02851,2024-12-29,Returned,Debit Card,40.0
O003244,C01027,2024-08-08,returned,upi,0.0
O016164,C05327,2025-03-11,Delivered,Net Banking,99.0
O008522,C02819,2025-07-21,Returned,upi,0.0
O004615,C01541,2024-12-06,Delivered,COD,60.0
O005294,C01756,2023-11-08,Delivered,Debit Card,60.0
O001456,C00464,2023-11-15,Delivered,Credit Card,0.0
O015006,C04942,2023-06-28,Delivered,upi,0.0
O018187,C05972,2024-09-18,Returned,Credit Card,60.0
O010556,C03508,2023-12-16,Delivered,upi,99.0
O007647,C02532,2023-11-26,Delivered,COD,0.0
O009792,C03233,2025-06-08,Delivered,upi,60.0
O008920,C02934,2025-09-29,Delivered,Debit Card,60.0
O000828,C00314,2024-01-28,Delivered,Credit Card,0.0
O016857,C05557,2025-07-05,Delivered,Debit Card,40.0
O002482,C00783,2025-09-29,Delivered,Net Banking,60.0
O005798,C01924,2025-01-15,Cancelled,Credit Card,40.0
O001053,C00363,2025-09-19,Delivered,upi,0.0
O002844,C00900,2023-08-08,Cancelled,COD,99.0
O015086,C04965,2024-12-26,Delivered,COD,40.0
O013579,C04511,2023-05-09,Delivered,upi,0.0
O012940,C04300,2024-10-23,Delivered,upi,99.0
O007814,C02564,2023-05-22,Delivered,upi,0.0
O014928,C04916,2023-10-10,Delivered,COD,99.0
O005570,C01835,2024-05-01,Delivered,Credit Card,40.0
O011879,C03994,2023-02-06,Delivered,Credit Card,40.0
O005864,C01950,2024-10-27,Delivered,upi,0.0
O002245,C00707,2025-02-04,Delivered,Credit Card,0.0
O001134,C00391,2024-01-16,Delivered,upi,60.0
O001609,C00502,2025-07-29,Delivered,Credit Card,99.0
O016023,C05267,2024-03-04,Delivered,Net Banking,99.0
O006313,C02074,2024-09-12,Delivered,Credit Card,0.0
O008890,C02931,2025-03-01,Cancelled,Credit Card,0.0
O004917,C01643,2025-02-12,Delivered,Net Banking,0.0
O013932,C04632,2024-05-14,Delivered,upi,60.0
O015859,C05223,2025-03-19,Delivered,Debit Card,40.0
O015771,C05203,2025-09-15,Delivered,Debit Card,60.0
O013219,C04397,2024-10-19,Delivered,Debit Card,40.0
O017497,C05770,2025-08-24,Delivered,Credit Card,40.0
O016663,C05492,2025-04-04,Delivered,upi,60.0
O010652,C03535,2023-02-19,Delivered,upi,99.0
O006404,C02115,2023-12-10,Delivered,UPI,99.0
O013453,C04472,2023-09-30,Cancelled,upi,99.0
O018019,C05923,2024-07-20,Returned,upi,0.0
O007564,C02518,2024-09-16,Delivered,COD,0.0
O005616,C01861,2024-02-25,Delivered,Debit Card,40.0
O016590,C05470,2025-02-03,Delivered,Credit Card,0.0
O012444,C04166,2024-10-13,Delivered,upi,99.0
O001670,C00530,2025-01-01,Delivered,Debit Card,40.0
O002599,C00827,2024-05-11,Delivered,UPI,40.0
O011036,C03663,2024-08-29,Delivered,upi,40.0
O013671,C04536,2025-05-26,Delivered,upi,60.0
O013174,C04386,2024-05-06,Delivered,Credit Card,40.0
O008727,C02886,2024-09-26,delivered,DEBIT CARD,40.0
O003684,C01206,2023-12-22,Delivered,upi,0.0
O000203,C00100,2024-03-10,Delivered,Credit Card,40.0
O009432,C03097,2024-08-23,Delivered,Credit Card,0.0
O016494,C05424,2024-11-28,Delivered,upi,40.0
O010439,C03457,2023-01-30,Delivered,upi,40.0
O006439,C02127,2024-07-21,Delivered,upi,0.0
O002539,C00807,2024-09-29,Delivered,upi,0.0
O005312,C01765,2024-03-22,Delivered,Debit Card,0.0
O005420,C01803,2024-07-08,Delivered,NET BANKING,40.0
O009086,C02990,2025-02-18,Delivered,COD,0.0
O017306,C05705,2024-10-11,Delivered,Credit Card,60.0
O001667,C00529,2025-09-18,Delivered,upi,0.0
O005517,C01828,2024-09-12,Delivered,upi,99.0
O017323,C05711,2023-05-01,Delivered,upi,0.0
O016379,C05402,2023-04-11,Delivered,upi,99.0
O015402,C05075,2024-05-14,Delivered,upi,60.0
O003961,C01303,2024-05-30,Returned,Credit Card,0.0
O000230,C00105,2024-12-27,Returned,upi,40.0
O000748,C00283,2025-04-23,Delivered,Credit Card,40.0
O000011,C00005,2024-12-23,Delivered,COD,60.0
O009667,C03168,2025-02-14,delivered,Debit Card,99.0
O007142,C02387,2024-01-12,Delivered,upi,99.0
O007853,C02581,2023-12-28,Delivered,Credit Card,99.0
O003734,C01226,2024-08-29,Delivered,upi,0.0
O011727,C03923,2024-06-26,Delivered,Credit Card,0.0
O014813,C04885,2024-01-11,Returned,Credit Card,99.0
O016556,C05457,2025-03-12,Cancelled,upi,60.0
O017085,C05621,2025-05-01,Delivered,Credit Card,40.0
O006960,C02320,2024-06-21,Delivered,COD,0.0
O005174,C01714,2025-07-30,Delivered,upi,60.0
O000814,C00307,2024-12-29,delivered,COD,60.0
O013640,C04528,2023-12-02,Delivered,upi,0.0
O002239,C00706,2024-07-07,Returned,COD,0.0
O004537,C01527,2025-04-17,Delivered,upi,60.0
O007063,C02365,2024-05-08,Delivered,upi,99.0
O003695,C01209,2024-01-28,Delivered,COD,60.0
O015172,C05000,2025-01-01,Delivered,upi,0.0
O007282,C02436,2023-07-11,Delivered,upi,40.0
O014374,C04759,2023-08-28,Delivered,Debit Card,99.0
O016880,C05566,2024-04-04,Delivered,Credit Card,99.0
O006612,C02186,2025-07-19,Cancelled,Debit Card,0.0
O016550,C05457,2024-09-07,Delivered,upi,0.0
O002851,C00900,2024-10-17,Delivered,Credit Card,99.0
O001462,C00464,2024-04-14,delivered,Debit Card,60.0
O015462,C05104,2025-05-10,Delivered,COD,0.0
O002472,C00783,2024-08-19,Delivered,Credit Card,0.0
O007230,C02412,2025-07-09,Delivered,,0.0
O011806,C03962,2023-08-20,Returned,Credit Card,60.0
O007260,C02426,2025-09-10,Returned,COD,60.0
O017969,C05905,2024-11-25,Delivered,upi,60.0
O008043,C02644,2024-10-13,Delivered,upi,0.0
O011966,C04023,2025-06-24,Delivered,Credit Card,40.0
O016932,C05584,2025-05-20,Delivered,Net Banking,60.0
O006850,C02266,2024-03-14,Delivered,UPI,0.0
O009209,C03020,2024-11-15,Delivered,Debit Card,0.0
O007884,C02588,2025-05-13,Delivered,Net Banking,40.0
O004118,C01349,2024-12-10,Delivered,upi,40.0
O007290,C02438,2024-12-10,Delivered,Credit Card,0.0
O003336,C01064,2023-11-15,Cancelled,upi,0.0
O014200,C04716,2023-08-30,Delivered,COD,0.0
O014987,C04928,2025-06-23,Delivered,COD,0.0
O015318,C05050,2024-12-03,Returned,upi,0.0
O009420,C03094,2024-02-15,Delivered,upi,0.0
O006393,C02107,2025-02-04,Delivered,NET BANKING,0.0
O013070,C04352,2025-01-12,Cancelled,Debit Card,40.0
O011783,C03951,2025-05-24,delivered,Net Banking,60.0
O009152,C03007,2025-03-01,Delivered,COD,0.0
O010488,C03477,2025-07-07,Delivered,Credit Card,60.0
O016134,C05315,2024-06-23,Delivered,Net Banking,60.0
O002172,C00686,2024-11-15,Delivered,Net Banking,0.0
O012568,C04201,2024-03-26,Delivered,upi,0.0
O000022,C00011,2024-07-21,Delivered,upi,60.0
O014609,C04820,2024-06-26,Delivered,upi,0.0
O010676,C03545,2025-08-09,Cancelled,Debit Card,0.0
O002255,C00711,2024-01-17,Returned,Credit Card,99.0
O008127,C02675,2024-02-19,Delivered,Debit Card,0.0
O007236,C02416,2024-12-30,Delivered,upi,60.0
O013497,C04494,2023-08-21,Delivered,upi,40.0
O016895,C05570,2024-07-31,Delivered,NET BANKING,40.0
O008145,C02683,2024-07-28,Delivered,upi,0.0
O009873,C03260,2023-11-02,Delivered,Debit Card,0.0
O003039,C00965,2024-01-16,Delivered,upi,60.0
O010286,C03409,2025-08-10,Delivered,Net Banking,0.0
O008325,C02763,2024-02-29,Delivered,COD,99.0
O010777,C03577,2025-06-07,Delivered,Net Banking,99.0
O000012,C00005,2025-07-01,Delivered,upi,40.0
O016977,C05594,2024-11-28,Delivered,upi,40.0
O016824,C05549,2024-09-29,Delivered,Debit Card,0.0
O000526,C00198,2024-10-26,Delivered,upi,99.0
O015163,C04997,2024-04-21,Delivered,,0.0
O017839,C05867,2025-03-23,Returned,Debit Card,0.0
O015525,C05125,2024-09-27,Delivered,Net Banking,60.0
O006576,C02175,2024-10-18,Delivered,Net Banking,99.0
O005629,C01868,2024-07-21,Delivered,upi,0.0
O009102,C02993,2025-06-19,Delivered,Net Banking,0.0
O004196,C01385,2025-04-29,returned,COD,0.0
O011589,C03866,2025-02-08,Delivered,upi,99.0
O017872,C05874,2025-02-08,Delivered,Credit Card,0.0
O008986,C02958,2024-08-06,Delivered,upi,99.0
O009807,C03239,2024-10-13,Returned,Debit Card,99.0
O000575,C00211,2024-03-23,Delivered,Debit Card,40.0
O013325,C04437,2024-07-13,Delivered,Credit Card,0.0
O005601,C01853,2025-01-04,Delivered,Credit Card,0.0
O002981,C00934,2025-01-12,Delivered,upi,99.0
O014722,C04857,2024-06-04,Delivered,Credit Card,0.0
O009755,C03217,2025-02-08,Delivered,Debit Card,0.0
O011751,C03932,2023-03-30,Returned,,60.0
O016821,C05546,2024-11-02,Delivered,Debit Card,0.0
O001496,C00472,2025-07-28,Delivered,Debit Card,60.0
O012810,C04266,2025-09-24,Delivered,COD,40.0
O010465,C03470,2023-11-01,Delivered,upi,0.0
O008716,C02883,2025-06-13,Delivered,upi,0.0
O010924,C03626,2024-02-14,Delivered,Debit Card,99.0
O011399,C03811,2024-11-04,Delivered,upi,99.0
O000710,C00273,2025-03-21,Delivered,Net Banking,60.0
O002748,C00871,2025-09-05,Delivered,COD,40.0
O000664,C00243,2023-09-14,Delivered,Credit Card,0.0
O006665,C02211,2025-01-23,Delivered,Net Banking,0.0
O014017,C04654,2025-04-29,Delivered,Net Banking,99.0
O002710,C00860,2025-08-24,Returned,Credit Card,99.0
O016377,C05401,2025-04-26,Delivered,upi,99.0
O007811,C02562,2024-12-14,Delivered,UPI,40.0
O014105,C04686,2023-02-24,Delivered,upi,99.0
O010357,C03437,2023-10-05,Delivered,upi,0.0
O012055,C04058,2025-06-30,Delivered,upi,0.0
O014135,C04698,2024-08-17,Delivered,Credit Card,0.0
O010680,C03546,2024-12-28,Delivered,Debit Card,0.0
O002763,C00873,2024-11-02,Delivered,COD,40.0
O004352,C01443,2024-08-04,Cancelled,upi,40.0
O001124,C00390,2024-04-16,Delivered,Net Banking,99.0
O005199,C01731,2025-08-23,Delivered,upi,60.0
O010934,C03632,2023-10-12,Returned,Credit Card,40.0
O011563,C03864,2023-08-08,Delivered,COD,0.0
O005363,C01781,2024-04-22,Delivered,upi,60.0
O018028,C05928,2024-05-27,delivered,DEBIT CARD,0.0
O016324,C05378,2023-09-07,Delivered,COD,40.0
O003578,C01158,2025-09-14,Delivered,COD,40.0
O005997,C01996,2023-04-08,Delivered,Credit Card,0.0
O016004,C05263,2023-09-08,Delivered,upi,99.0
O000739,C00280,2025-05-21,Delivered,Credit Card,40.0
O017095,C05627,2024-04-05,Delivered,Credit Card,40.0
O003195,C01016,2023-09-11,Delivered,upi,60.0
O009447,C03101,2025-06-27,Returned,COD,99.0
O014541,C04806,2024-10-04,Cancelled,Credit Card,60.0
O006812,C02254,2024-05-05,Delivered,COD,99.0
O005833,C01939,2024-03-21,Delivered,Credit Card,40.0
O005484,C01817,2024-07-11,Cancelled,Debit Card,40.0
O014012,C04650,2025-08-10,Delivered,Credit Card,99.0
O009957,C03279,2025-05-28,Delivered,upi,0.0
O012841,C04283,2025-09-03,Delivered,upi,99.0
O005100,C01697,2024-01-20,Delivered,COD,60.0
O004512,C01516,2025-02-27,Returned,upi,60.0
O001223,C00400,2025-05-21,Delivered,COD,60.0
O000361,C00149,2025-05-24,Delivered,upi,0.0
O009389,C03088,2024-10-07,Delivered,COD,60.0
O014013,C04651,2024-11-08,Delivered,Debit Card,99.0
O016385,C05402,2024-09-22,Returned,Net Banking,0.0
O010326,C03420,2025-04-03,Delivered,upi,60.0
O000912,C00337,2023-12-29,Delivered,Credit Card,0.0
O012341,C04143,2025-08-22,Delivered,Credit Card,40.0
O013519,C04497,2025-06-11,delivered,Debit Card,0.0
O012493,C04182,2024-10-22,Delivered,Debit Card,0.0
O008067,C02654,2024-08-28,Returned,UPI,40.0
O005023,C01679,2023-01-12,Delivered,upi,99.0
O012448,C04166,2025-01-18,Delivered,Credit Card,0.0
O012698,C04234,2024-04-02,Delivered,Debit Card,0.0
O003710,C01211,2025-02-15,Cancelled,Net Banking,40.0
O001701,C00542,2024-11-13,Delivered,COD,60.0
O013229,C04400,2025-02-28,Delivered,COD,40.0
O003381,C01084,2023-07-16,Delivered,Net Banking,60.0
O005837,C01940,2025-07-06,Delivered,upi,60.0
O005737,C01903,2023-12-18,Delivered,upi,0.0
O012100,C04067,2025-03-20,Delivered,UPI,0.0
O004422,C01468,2024-08-07,Delivered,upi,40.0
O000992,C00356,2024-12-09,Delivered,Debit Card,40.0
O010180,C03358,2024-06-30,Delivered,COD,60.0
O014716,C04857,2024-02-01,Delivered,Debit Card,60.0
O012039,C04051,2024-04-10,Delivered,upi,0.0
O010684,C03546,2025-08-24,Returned,COD,0.0
O004772,C01583,2025-03-01,Delivered,upi,60.0
O009891,C03265,2024-02-17,Delivered,Net Banking,0.0
O013265,C04416,2025-08-22,delivered,upi,99.0
O008435,C02794,2025-01-06,Delivered,upi,0.0
O009595,C03148,2023-02-16,Delivered,upi,99.0
O000089,C00047,2024-12-08,Delivered,upi,60.0
O013575,C04508,2025-07-06,Delivered,Debit Card,60.0
O014651,C04832,2023-10-10,Delivered,upi,0.0
O016593,C05471,2025-05-03,Returned,Credit Card,60.0
O005903,C01952,2025-05-24,Delivered,upi,40.0
O003519,C01131,2024-09-21,Delivered,Net Banking,99.0
O013214,C04394,2025-04-07,Delivered,Debit Card,0.0
O002516,C00797,2025-08-25,Delivered,upi,60.0
O005549,C01833,2025-01-01,delivered,upi,99.0
O006953,C02315,2025-08-19,Returned,upi,0.0
O018207,C05984,2024-10-24,Returned,Net Banking,40.0
O017318,C05710,2024-07-23,Delivered,Debit Card,60.0
O010212,C03374,2025-04-17,Delivered,Credit Card,0.0
O009948,C03278,2025-09-14,Delivered,upi,0.0
O000502,C00193,2024-10-13,Delivered,Net Banking,60.0
O015024,C04947,2024-03-18,Returned,upi,0.0
O000433,C00170,2024-01-15,Returned,Net Banking,0.0
O003326,C01058,2023-04-13,Delivered,COD,60.0
O003226,C01026,2025-04-22,Delivered,COD,0.0
O011862,C03983,2023-05-09,Delivered,Net Banking,0.0
O011435,C03825,2025-06-12,Delivered,upi,0.0
O011915,C04000,2024-08-24,delivered,upi,0.0
O001763,C00559,2023-08-17,Delivered,upi,60.0
O009299,C03047,2024-12-03,Delivered,Credit Card,40.0
O005622,C01862,2024-11-22,Delivered,upi,60.0
O006656,C02205,2024-08-13,Delivered,Debit Card,60.0
O015066,C04960,2024-04-27,Delivered,Debit Card,0.0
O001458,C00464,2024-01-22,Delivered,upi,0.0
O001991,C00609,2025-09-18,Delivered,Credit Card,60.0
O015202,C05014,2024-07-05,Delivered,upi,0.0
O015457,C05101,2025-09-07,Delivered,Net Banking,0.0
O009011,C02964,2023-08-09,Delivered,COD,0.0
O003915,C01287,2025-03-24,Returned,Debit Card,99.0
O006351,C02089,2024-12-11,Delivered,COD,0.0
O002747,C00871,2025-07-05,Returned,COD,99.0
O008285,C02743,2023-10-24,Delivered,Credit Card,0.0
O016020,C05267,2023-08-07,Delivered,upi,40.0
O012108,C04072,2025-04-12,Delivered,upi,60.0
O005618,C01861,2024-07-16,Returned,COD,40.0
O001009,C00358,2025-03-08,Delivered,Debit Card,99.0
O016278,C05372,2023-10-19,Cancelled,Debit Card,40.0
O008491,C02811,2024-11-28,Cancelled,Debit Card,0.0
O014560,C04806,2025-09-17,Delivered,upi,60.0
O001936,C00597,2024-12-09,Returned,COD,0.0
O009662,C03164,2025-05-07,Delivered,upi,60.0
O012809,C04265,2024-06-12,Delivered,Debit Card,0.0
O013231,C04401,2023-04-25,delivered,Net Banking,99.0
O017188,C05661,2024-04-28,Delivered,Credit Card,60.0
O008271,C02737,2025-03-23,Delivered,COD,99.0
O013608,C04522,2023-07-20,Returned,Debit Card,40.0
O002754,C00873,2024-03-13,Delivered,Credit Card,0.0
O003057,C00970,2024-06-13,Delivered,Credit Card,0.0
O005013,C01674,2024-03-29,Delivered,Credit Card,0.0
O012022,C04042,2025-07-18,Delivered,Debit Card,40.0
O015262,C05029,2023-03-02,Delivered,Net Banking,99.0
O001950,C00606,2024-03-03,Delivered,upi,40.0
O015749,C05188,2025-05-03,Delivered,Credit Card,40.0
O006759,C02241,2023-01-18,Delivered,Credit Card,40.0
O009233,C03028,2023-11-21,Delivered,upi,99.0
O010609,C03523,2024-10-16,Delivered,upi,0.0
O010034,C03307,2025-07-25,Delivered,UPI,0.0
O009716,C03195,2024-05-07,Delivered,upi,0.0
O011952,C04014,2025-02-18,Delivered,upi,0.0
O009388,C03087,2025-06-17,delivered,Net Banking,60.0
O002049,C00627,2024-10-07,Delivered,Net Banking,40.0
O005770,C01909,2024-04-19,Delivered,Debit Card,60.0
O017619,C05814,2025-08-20,Returned,COD,99.0
O002219,C00701,2024-11-23,Delivered,upi,0.0
O007380,C02467,2023-09-03,Delivered,Credit Card,60.0
O003001,C00950,2024-02-05,Delivered,upi,99.0
O001395,C00436,2025-06-10,Delivered,Debit Card,60.0
O012005,C04034,2024-10-15,cancelled,upi,99.0
O000360,C00149,2025-04-26,Delivered,COD,99.0
O001679,C00534,2024-09-15,Delivered,Credit Card,99.0
O006421,C02117,2025-06-06,Delivered,Credit Card,60.0
O016524,C05441,2023-11-09,Delivered,Debit Card,60.0
O011204,C03728,2024-12-11,Delivered,upi,0.0
O005808,C01931,2025-06-07,Delivered,COD,0.0
O009084,C02990,2024-05-29,Delivered,Credit Card,0.0
O007017,C02343,2023-11-22,Delivered,upi,60.0
O011168,C03704,2024-09-01,Delivered,COD,99.0
O000881,C00327,2025-04-01,Delivered,Debit Card,60.0
O014874,C04899,2024-11-03,Returned,upi,60.0
O013814,C04577,2024-11-12,Delivered,UPI,0.0
O015918,C05243,2025-02-17,Delivered,upi,0.0
O018252,C05995,2024-12-08,Delivered,Credit Card,0.0
O013924,C04628,2024-05-28,Delivered,Credit Card,0.0
O012519,C04186,2025-08-27,Delivered,upi,0.0
O014516,C04801,2024-05-17,Delivered,upi,0.0
O005487,C01818,2024-02-05,Cancelled,upi,99.0
O012649,C04228,2025-06-26,Delivered,upi,0.0
O005162,C01712,2024-10-06,Delivered,upi,99.0
O013187,C04389,2024-06-29,Delivered,COD,99.0
O015228,C05015,2024-04-06,Delivered,upi,40.0
O011391,C03807,2023-12-24,Delivered,COD,99.0
O002350,C00754,2025-05-14,Delivered,upi,0.0
O008528,C02823,2023-06-02,Delivered,Credit Card,0.0
O002418,C00773,2024-06-20,Delivered,CREDIT CARD,60.0
O006513,C02156,2024-11-13,Delivered,DEBIT CARD,99.0
O014612,C04821,2025-05-29,Delivered,Credit Card,0.0
O001136,C00391,2024-04-05,Delivered,upi,99.0
O007334,C02453,2025-04-05,Delivered,upi,60.0
O007365,C02462,2024-10-18,Delivered,upi,0.0
O009463,C03102,2024-10-18,Delivered,Credit Card,0.0
O000741,C00280,2025-06-28,Returned,upi,60.0
O007972,C02614,2024-10-20,Delivered,Credit Card,60.0
O009899,C03265,2024-08-26,Cancelled,upi,0.0
O001188,C00394,2025-07-05,Delivered,Credit Card,99.0
O011043,C03664,2023-10-12,Delivered,upi,0.0
O005200,C01732,2024-09-20,Returned,upi,60.0
O016318,C05376,2024-09-29,Delivered,Debit Card,60.0
O006673,C02214,2023-12-08,Delivered,Net Banking,60.0
O016584,C05467,2025-03-21,Cancelled,Credit Card,0.0
O017053,C05613,2024-10-06,Returned,Debit Card,0.0
O000164,C00086,2025-04-11,delivered,upi,60.0
O016240,C05356,2024-11-19,Delivered,upi,99.0
O002590,C00822,2025-07-10,Delivered,Credit Card,0.0
O008615,C02855,2023-08-08,Delivered,upi,60.0
O004285,C01419,2024-10-19,Delivered,upi,0.0
O013995,C04644,2025-06-23,Delivered,upi,40.0
O015037,C04954,2024-02-11,Delivered,Debit Card,40.0
O002684,C00846,2025-08-09,Delivered,upi,0.0
O015723,C05175,2023-08-26,Delivered,upi,40.0
O011733,C03928,2024-10-01,Delivered,Credit Card,40.0
O005948,C01971,2025-06-10,Delivered,DEBIT CARD,40.0
O007303,C02442,2025-08-30,Delivered,COD,99.0
O016705,C05513,2024-12-31,Delivered,COD,40.0
O010421,C03449,2025-04-01,Delivered,upi,0.0
O005683,C01885,2023-03-25,Delivered,upi,0.0
O006543,C02162,2023-09-03,Delivered,COD,0.0
O000917,C00337,2024-02-29,Delivered,CREDIT CARD,0.0
O018222,C05986,2024-11-14,delivered,upi,0.0
O004778,C01587,2024-12-15,Delivered,upi,0.0
O008468,C02809,2024-06-16,Delivered,Credit Card,0.0
O003399,C01086,2025-07-03,Delivered,Credit Card,0.0
O008570,C02838,2024-10-12,Delivered,COD,60.0
O014053,C04660,2025-01-01,Delivered,Net Banking,60.0
O012504,C04185,2025-01-10,Delivered,Credit Card,99.0
O002433,C00778,2023-11-03,Delivered,Debit Card,40.0
O009530,C03115,2025-04-12,Delivered,upi,60.0
O013847,C04592,2023-09-01,Delivered,upi,60.0
O016030,C05269,2025-05-13,Delivered,upi,0.0
O001798,C00570,2025-09-07,Delivered,upi,0.0
O015499,C05117,2025-01-06,Delivered,COD,60.0
O001243,C00405,2025-04-27,Delivered,upi,0.0
O000867,C00324,2025-09-02,Returned,upi,60.0
O014693,C04849,2023-07-18,Delivered,Debit Card,60.0
O014042,C04657,2025-01-26,Delivered,upi,99.0
O004712,C01567,2024-07-20,Delivered,Debit Card,40.0
O016267,C05365,2025-09-25,Delivered,Net Banking,0.0
O003054,C00970,2023-08-22,Delivered,upi,99.0
O005421,C01803,2024-08-23,Delivered,Net Banking,60.0
O014714,C04857,2023-12-17,Delivered,Credit Card,99.0
O015559,C05133,2024-06-25,Delivered,upi,60.0
O005804,C01927,2025-07-17,Delivered,upi,99.0
O012719,C04234,2024-11-28,Delivered,upi,60.0
O008685,C02875,2024-08-18,Cancelled,Debit Card,0.0
O013166,C04382,2024-03-21,Delivered,Net Banking,40.0
O003370,C01082,2024-05-29,Delivered,COD,0.0
O008743,C02890,2023-06-17,Delivered,CREDIT CARD,60.0
O011417,C03817,2024-12-03,Returned,Credit Card,0.0
O000467,C00181,2024-10-19,Returned,Credit Card,0.0
O002296,C00729,2024-06-19,Delivered,Net Banking,0.0
O006297,C02065,2024-06-25,Delivered,,60.0
O011000,C03655,2024-09-26,Delivered,upi,0.0
O011702,C03912,2025-02-09,Delivered,upi,0.0
O014398,C04765,2024-09-26,delivered,Credit Card,99.0
O014647,C04832,2023-03-07,Delivered,Net Banking,40.0
O012606,C04219,2023-12-17,Delivered,Credit Card,99.0
O006211,C02046,2024-02-06,delivered,Credit Card,0.0
O009392,C03090,2024-03-04,Delivered,Credit Card,99.0
O006335,C02081,2025-07-15,Delivered,upi,99.0
O017767,C05846,2024-11-16,Delivered,upi,40.0
O004034,C01325,2024-04-15,Delivered,Debit Card,0.0
O007026,C02348,2024-09-27,Delivered,Credit Card,0.0
O004289,C01419,2025-02-15,Delivered,upi,99.0
O010297,C03412,2024-07-03,Delivered,Net Banking,60.0
O015588,C05147,2024-05-21,Delivered,Debit Card,0.0
O003348,C01069,2025-05-27,Delivered,Debit Card,99.0
O009578,C03140,2024-10-26,Delivered,Debit Card,99.0
O010202,C03367,2025-06-27,Delivered,UPI,0.0
O015218,C05014,2025-02-04,Returned,upi,40.0
O014150,C04705,2023-09-08,Delivered,upi,0.0
O006551,C02167,2024-08-03,Delivered,COD,0.0
O005332,C01772,2025-08-28,Delivered,COD,0.0
O003568,C01151,2024-06-22,Delivered,DEBIT CARD,0.0
O003601,C01166,2025-05-16,Delivered,upi,0.0
O002722,C00865,2024-01-29,Delivered,,60.0
O003448,C01101,2024-09-15,Delivered,Credit Card,0.0
O010220,C03378,2024-09-17,Delivered,COD,60.0
O003443,C01101,2024-07-19,Delivered,upi,0.0
O006407,C02115,2024-03-21,Delivered,Debit Card,40.0
O003062,C00971,2024-11-08,Returned,upi,60.0
O003058,C00971,2023-03-05,Returned,upi,0.0
O006142,C02041,2023-07-08,Returned,Credit Card,0.0
O000375,C00152,2025-05-24,Delivered,upi,99.0
O010762,C03577,2024-03-15,Delivered,Debit Card,0.0
O010822,C03591,2024-08-11,Delivered,Net Banking,40.0
O001081,C00377,2024-09-10,Delivered,upi,0.0
O009858,C03257,2025-04-07,Cancelled,Credit Card,0.0
O008006,C02631,2026-06-01,Delivered,Net Banking,40.0
O007965,C02614,2024-06-27,Delivered,upi,60.0
O018114,C05940,2023-10-15,Delivered,upi,0.0
O005857,C01946,2024-05-09,Delivered,Net Banking,60.0
O007530,C02515,2025-03-03,Delivered,upi,60.0
O005741,C01903,2024-06-18,Delivered,CREDIT CARD,0.0
O012079,C04066,2023-09-21,Returned,Net Banking,40.0
O011649,C03884,2025-03-13,Delivered,Debit Card,0.0
O011720,C03921,2025-01-24,Delivered,Credit Card,0.0
O001448,C00462,2024-10-15,Delivered,Debit Card,0.0
O002464,C00781,2025-03-14,Delivered,Net Banking,99.0
O017542,C05784,2025-03-28,Delivered,upi,99.0
O007200,C02401,2025-07-05,Delivered,Credit Card,60.0
O011920,C04003,2025-03-23,Returned,upi,60.0
O000030,C00017,2025-08-04,Delivered,Credit Card,0.0
O006184,C02042,2025-03-07,Delivered,upi,60.0
O009250,C03031,2025-03-28,Delivered,Credit Card,99.0
O017198,C05661,2024-11-14,Delivered,Net Banking,0.0
O003501,C01123,2024-06-20,Delivered,Credit Card,0.0
O000775,C00295,2025-04-21,Returned,Debit Card,99.0
O011999,C04032,2023-09-21,Delivered,Debit Card,99.0
O000319,C00138,2024-06-24,Delivered,COD,60.0
O001724,C00549,2024-12-28,Returned,upi,0.0
O005003,C01671,2024-05-19,Delivered,upi,0.0
O013186,C04389,2024-03-23,Delivered,Debit Card,0.0
O014703,C04851,2025-08-30,Delivered,upi,0.0
O005480,C01816,2023-09-02,Delivered,Debit Card,60.0
O010980,C03643,2024-02-25,Delivered,upi,40.0
O016138,C05318,2023-01-14,Delivered,upi,60.0
O010509,C03488,2024-11-06,Delivered,Credit Card,99.0
O017794,C05851,2025-05-14,Delivered,Credit Card,0.0
O009889,C03265,2024-01-02,Delivered,COD,0.0
O009153,C03007,2025-04-01,Delivered,COD,0.0
O003580,C01159,2024-08-10,Delivered,COD,0.0
O002132,C00664,2024-12-28,Delivered,upi,0.0
O003954,C01300,2025-04-17,Delivered,upi,0.0
O006012,C01997,2025-09-01,Delivered,upi,0.0
O015166,C04997,2025-02-17,Delivered,upi,0.0
O008362,C02773,2023-09-24,Delivered,upi,0.0
O002140,C00668,2024-11-26,Delivered,Debit Card,0.0
O015997,C05262,2025-02-24,Cancelled,upi,0.0
O017269,C05692,2025-06-21,Cancelled,CREDIT CARD,0.0
O003522,C01132,2024-12-11,Delivered,Debit Card,40.0
O012378,C04156,2025-03-25,Delivered,Credit Card,0.0
O017832,C05867,2024-02-05,Delivered,COD,99.0
O005699,C01885,2025-08-17,Delivered,Debit Card,99.0
O014644,C04829,2025-05-07,Cancelled,Net Banking,0.0
O003579,C01159,2024-04-15,Delivered,upi,0.0
O006764,C02242,2025-06-22,Delivered,upi,0.0
O002928,C00915,2025-05-16,Delivered,upi,0.0
O015667,C05166,2025-03-15,Delivered,Net Banking,0.0
O006780,C02244,2024-03-02,Delivered,upi,40.0
O000184,C00096,2025-03-26,Delivered,upi,99.0
O016061,C05283,2025-03-01,Delivered,Debit Card,0.0
O017310,C05706,2024-08-16,Delivered,Credit Card,60.0
O002048,C00627,2024-10-03,Delivered,Credit Card,99.0
O003442,C01101,2024-07-03,Returned,Credit Card,99.0
O007594,C02523,2024-11-28,Delivered,upi,99.0
O009929,C03271,2024-11-13,Delivered,upi,99.0
O005805,C01928,2024-11-23,Delivered,upi,60.0
O004649,C01553,2025-02-03,Delivered,upi,0.0
O003376,C01082,2025-08-29,Delivered,,0.0
O014371,C04759,2023-04-21,Delivered,upi,0.0
O017295,C05705,2023-12-25,Returned,CREDIT CARD,40.0
O003494,C01118,2024-10-22,Delivered,Credit Card,0.0
O015117,C04980,2023-10-12,Returned,Net Banking,0.0
O007832,C02571,2025-09-14,Delivered,upi,40.0
O004984,C01664,2023-08-03,Delivered,Credit Card,40.0
O011706,C03914,2024-07-21,Delivered,Credit Card,99.0
O007305,C02443,2025-01-28,delivered,upi,99.0
O002713,C00862,2023-03-17,Delivered,Credit Card,0.0
O003813,C01248,2024-08-30,Delivered,upi,60.0
O000691,C00258,2025-03-28,Cancelled,Credit Card,40.0
O000618,C00229,2024-08-24,Delivered,UPI,40.0
O004206,C01388,2024-08-06,Delivered,upi,40.0
O001816,C00575,2024-11-16,Delivered,COD,99.0
O006471,C02139,2023-07-04,Delivered,upi,0.0
O011427,C03823,2023-02-24,Delivered,Debit Card,40.0
O018254,C05997,2025-06-17,Delivered,Debit Card,99.0
O018147,C05959,2024-09-11,Delivered,upi,40.0
O015888,C05228,2023-02-20,Delivered,upi,60.0
O013289,C04424,2025-05-03,Delivered,COD,0.0
O011323,C03772,2025-04-09,Delivered,upi,60.0
O004212,C01388,2025-04-10,Cancelled,upi,40.0
O007128,C02387,2023-01-16,Delivered,upi,60.0
O011948,C04013,2025-08-21,Delivered,Credit Card,0.0
O008916,C02934,2025-07-13,Delivered,upi,60.0
O001505,C00479,2024-01-12,Delivered,Net Banking,40.0
O010075,C03316,2023-04-28,delivered,upi,0.0
O005432,C01806,2025-08-06,delivered,COD,60.0
O006902,C02287,2023-09-15,Delivered,upi,40.0
O009761,C03218,2025-09-13,Delivered,Net Banking,99.0
O015817,C05216,2023-09-06,delivered,DEBIT CARD,0.0
O001276,C00418,2024-06-05,Delivered,Debit Card,40.0
O002362,C00756,2024-09-07,Delivered,COD,60.0
O016484,C05417,2025-05-20,Delivered,COD,40.0
O012241,C04122,2025-05-04,Delivered,Credit Card,0.0
O001017,C00359,2023-08-27,Delivered,Credit Card,60.0
O001576,C00497,2023-05-16,Returned,Net Banking,60.0
O008292,C02745,2024-10-03,Delivered,Credit Card,0.0
O008128,C02675,2024-11-23,Delivered,COD,40.0
O017271,C05694,2024-01-13,Delivered,Net Banking,40.0
O014627,C04823,2024-12-11,Delivered,DEBIT CARD,0.0
O016464,C05416,2024-11-22,Delivered,,0.0
O010029,C03306,2025-06-05,Delivered,Credit Card,60.0
O005193,C01728,2024-12-20,Delivered,upi,40.0
O013152,C04375,2024-09-14,Delivered,Debit Card,0.0
O004946,C01647,2024-10-12,Delivered,Net Banking,0.0
O002917,C00914,2025-05-12,Delivered,Credit Card,40.0
O006166,C02041,2024-06-10,Delivered,upi,0.0
O002461,C00781,2025-01-25,Delivered,Credit Card,99.0
O007413,C02475,2024-08-15,Returned,,0.0
O014085,C04673,2025-08-11,delivered,Credit Card,0.0
O001461,C00464,2024-04-06,Delivered,upi,99.0
O009096,C02991,2025-03-05,Delivered,Debit Card,99.0
O004317,C01428,2025-04-06,Delivered,upi,0.0
O001366,C00427,2025-08-06,Delivered,upi,0.0
O009673,C03173,2024-11-25,Delivered,Debit Card,60.0
O017601,C05810,2024-01-18,Delivered,upi,60.0
O004153,C01368,2025-03-19,Delivered,Credit Card,99.0
O012243,C04123,2023-10-09,Returned,Debit Card,0.0
O002532,C00806,2025-07-25,Returned,upi,40.0
O007279,C02434,2024-09-27,Delivered,upi,40.0
O014897,C04907,2024-08-17,Delivered,upi,40.0
O008508,C02816,2024-03-13,Delivered,upi,99.0
O011643,C03881,2023-11-20,Delivered,Debit Card,0.0
O014021,C04655,2025-08-07,Returned,CREDIT CARD,99.0
O010630,C03532,2025-03-06,Delivered,Debit Card,0.0
O004983,C01663,2025-06-21,Delivered,upi,0.0
O002993,C00943,2024-05-13,Delivered,Debit Card,0.0
O015966,C05258,2024-07-06,Delivered,Net Banking,0.0
O000647,C00239,2023-12-06,Delivered,COD,99.0
O012878,C04290,2024-10-22,Delivered,upi,99.0
O011285,C03762,2023-06-08,Delivered,Debit Card,40.0
O016052,C05278,2024-02-18,Delivered,upi,40.0
O006152,C02041,2023-12-11,Delivered,CREDIT CARD,0.0
O003199,C01018,2024-12-02,Delivered,upi,99.0
O004392,C01454,2025-08-14,Delivered,upi,0.0
O004249,C01405,2024-08-07,Delivered,Credit Card,60.0
O016804,C05543,2024-10-15,Delivered,upi,60.0
O004229,C01394,2024-12-02,delivered,upi,0.0
O001564,C00496,2025-01-10,Delivered,DEBIT CARD,0.0
O010810,C03585,2025-01-06,Delivered,Credit Card,40.0
O012871,C04290,2024-01-05,Delivered,upi,0.0
O008460,C02804,2025-02-18,Delivered,upi,99.0
O018158,C05962,2024-10-17,Delivered,Net Banking,0.0
O002853,C00900,2025-09-15,Delivered,Net Banking,60.0
O016571,C05463,2025-03-20,Delivered,upi,60.0
O007432,C02477,2025-03-12,Delivered,Credit Card,99.0
O013133,C04368,2024-06-01,Delivered,Credit Card,60.0
O006657,C02206,2024-01-20,Delivered,Debit Card,0.0
O002232,C00702,2025-08-03,Delivered,Credit Card,40.0
O014707,C04854,2025-02-20,delivered,COD,0.0
O017300,C05705,2024-05-23,Delivered,upi,60.0
O012536,C04192,2023-05-05,Delivered,Credit Card,0.0
O013471,C04485,2025-04-16,Delivered,COD,99.0
O013598,C04516,2023-12-02,Returned,NET BANKING,0.0
O015876,C05226,2025-09-26,delivered,COD,60.0
O017362,C05725,2024-01-30,Returned,upi,0.0
O008176,C02695,2023-10-04,Delivered,upi,40.0
O009869,C03258,2024-01-22,Delivered,Net Banking,99.0
O015887,C05227,2025-07-28,delivered,upi,99.0
O009159,C03008,2023-09-24,Delivered,upi,99.0
O006325,C02079,2025-03-07,Delivered,,0.0
O013035,C04336,2025-07-08,Delivered,upi,99.0
O004547,C01533,2025-04-01,Delivered,COD,0.0
O015399,C05074,2025-08-23,Delivered,upi,99.0
O008572,C02840,2023-09-08,Delivered,upi,99.0
O004063,C01336,2024-09-29,Delivered,upi,40.0
O008927,C02936,2024-07-03,Delivered,Net Banking,99.0
O005644,C01871,2025-08-14,Returned,Debit Card,0.0
O014730,C04857,2025-01-14,Delivered,upi,0.0
O005428,C01805,2025-03-05,Delivered,COD,0.0
O010363,C03439,2025-08-18,Delivered,Debit Card,40.0
O005919,C01960,2024-09-14,Delivered,upi,0.0
O013777,C04571,2024-08-07,Delivered,COD,99.0
O002180,C00694,2024-05-14,Delivered,COD,0.0
O018002,C05919,2023-10-25,Returned,Debit Card,60.0
O017686,C05835,2024-09-20,Delivered,Net Banking,0.0
O007922,C02599,2025-05-25,Delivered,Net Banking,40.0
O001537,C00489,2024-06-09,Delivered,upi,0.0
O000994,C00357,2023-12-04,Delivered,upi,60.0
O008847,C02926,2023-12-16,Delivered,upi,60.0
O008596,C02848,2024-06-09,Delivered,CREDIT CARD,40.0
O012943,C04302,2025-09-18,Delivered,Credit Card,60.0
O006234,C02047,2024-11-25,Delivered,Debit Card,40.0
O017664,C05823,2024-11-06,Delivered,upi,40.0
O009394,C03091,2023-05-16,Delivered,upi,60.0
O015537,C05130,2023-10-22,Delivered,,0.0
O013128,C04367,2025-04-07,Delivered,COD,99.0
O017745,C05837,2025-04-15,Delivered,COD,0.0
O012443,C04166,2024-07-18,Delivered,upi,0.0
O001283,C00418,2025-06-07,Delivered,Net Banking,40.0
O012763,C04249,2025-03-14,Delivered,Credit Card,0.0
O006396,C02108,2025-02-10,Delivered,upi,0.0
O015011,C04943,2025-05-20,Delivered,Debit Card,99.0
O012930,C04297,2025-05-31,Delivered,upi,99.0
O005166,C01712,2025-04-16,Delivered,upi,0.0
O004155,C01369,2025-09-19,Delivered,upi,40.0
O003953,C01300,2025-03-29,Delivered,Net Banking,0.0
O012013,C04038,2024-02-15,Delivered,upi,0.0
O007537,C02516,2024-09-30,Delivered,upi,99.0
O000035,C00020,2023-07-07,Delivered,upi,0.0
O001527,C00483,2025-07-31,Delivered,upi,0.0
O008087,C02659,2025-02-28,Delivered,Debit Card,99.0
O013354,C04446,2025-09-05,Delivered,Debit Card,99.0
O005482,C01816,2024-06-15,Delivered,UPI,60.0
O006581,C02177,2025-05-23,Delivered,upi,99.0
O010776,C03577,2025-05-24,Delivered,,99.0
O007374,C02465,2024-12-19,Delivered,upi,0.0
O016036,C05272,2024-02-04,Delivered,NET BANKING,0.0
O011845,C03975,2025-06-05,Delivered,Credit Card,0.0
O014872,C04899,2024-07-16,Delivered,upi,0.0
O005573,C01835,2024-10-11,Returned,upi,99.0
O002781,C00876,2024-09-21,Delivered,Credit Card,40.0
O007952,C02612,2025-05-27,Delivered,upi,60.0
O013115,C04363,2024-07-22,delivered,Credit Card,40.0
O001808,C00575,2024-02-14,Delivered,upi,0.0
O007900,C02594,2025-04-14,Delivered,upi,60.0
O012860,C04285,2025-03-13,Delivered,COD,40.0
O006349,C02088,2025-02-06,Delivered,upi,0.0
O010244,C03393,2023-12-17,Delivered,Net Banking,0.0
O013544,C04502,2024-07-11,Delivered,Debit Card,99.0
O007764,C02552,2025-03-21,Delivered,upi,0.0
O013612,C04523,2024-01-20,Delivered,Debit Card,60.0
O004728,C01572,2024-12-01,Delivered,upi,0.0
O000973,C00347,2024-07-21,Delivered,upi,99.0
O013526,C04498,2024-12-27,Delivered,UPI,99.0
O014617,C04822,2025-06-06,delivered,Credit Card,40.0
O005393,C01792,2024-10-08,Delivered,Credit Card,60.0
O001629,C00511,2025-03-19,Delivered,upi,0.0
O012182,C04102,2025-09-10,Delivered,COD,0.0
O001299,C00422,2023-01-06,returned,COD,0.0
O013929,C04631,2024-11-24,Returned,COD,99.0
O001183,C00394,2025-04-21,Delivered,Net Banking,60.0
O004478,C01502,2024-12-20,Returned,Debit Card,40.0
O003230,C01027,2023-06-17,Delivered,Credit Card,0.0
O000823,C00310,2023-11-12,Delivered,upi,60.0
O018012,C05921,2024-11-07,Delivered,upi,99.0
O003820,C01248,2025-08-31,Delivered,Debit Card,0.0
O002913,C00911,2024-10-22,Delivered,upi,40.0
O005225,C01736,2024-12-12,Delivered,COD,0.0
O001326,C00427,2024-03-23,Delivered,Debit Card,0.0
O008384,C02784,2024-05-02,Delivered,upi,0.0
O008201,C02705,2025-07-09,Delivered,upi,99.0
O014967,C04922,2025-01-26,Delivered,NET BANKING,60.0
O017208,C05662,2024-08-27,Delivered,upi,0.0
O002077,C00636,2024-06-15,Delivered,Debit Card,60.0
O017568,C05795,2023-10-28,Returned,Net Banking,0.0
O015761,C05196,2024-07-05,Delivered,upi,60.0
O010438,C03456,2023-12-15,Cancelled,Debit Card,60.0
O008702,C02877,2025-08-06,returned,Debit Card,60.0
O011001,C03655,2024-10-17,Delivered,Credit Card,0.0
O015702,C05170,2025-07-05,Delivered,COD,40.0
O008131,C02677,2024-12-14,Delivered,Credit Card,60.0
O012931,C04297,2025-06-20,Delivered,Debit Card,99.0
O007856,C02581,2024-07-28,Delivered,Debit Card,0.0
O003711,C01211,2025-05-28,Delivered,Credit Card,40.0
O014553,C04806,2025-05-10,delivered,COD,0.0
O009019,C02964,2024-05-28,Delivered,upi,0.0
O005576,C01838,2025-09-17,Delivered,upi,99.0
O001817,C00575,2024-11-25,Delivered,Debit Card,0.0
O007030,C02352,2023-09-01,Returned,upi,99.0
O008610,C02853,2025-06-23,Delivered,Debit Card,40.0
O010514,C03491,2024-01-08,Delivered,upi,0.0
O000924,C00337,2024-07-15,Delivered,upi,99.0
O000641,C00238,2025-08-16,Delivered,COD,40.0
O012275,C04128,2024-05-12,Delivered,Net Banking,0.0
O008918,C02934,2025-08-05,Delivered,Credit Card,99.0
O018188,C05973,2024-09-04,Delivered,Debit Card,60.0
O000428,C00167,2024-07-14,Delivered,Debit Card,60.0
O013145,C04372,2024-04-14,Delivered,Debit Card,60.0
O015677,C05167,2025-07-31,Delivered,Credit Card,99.0
O004549,C01534,2024-02-28,Delivered,Credit Card,40.0
O017138,C05647,2024-11-12,Delivered,upi,0.0
O012507,C04185,2025-09-20,Delivered,DEBIT CARD,60.0
O011242,C03740,2025-01-31,Delivered,upi,0.0
O017991,C05914,2023-06-24,Delivered,Net Banking,0.0
O014183,C04710,2025-08-25,Delivered,upi,0.0
O001485,C00467,2024-08-10,Delivered,Net Banking,60.0
O016368,C05398,2025-09-09,Delivered,upi,0.0
O008385,C02784,2024-08-26,Delivered,upi,99.0
O008367,C02774,2025-01-20,Delivered,Debit Card,60.0
O005254,C01744,2025-03-25,Delivered,Debit Card,99.0
O007359,C02461,2025-09-08,Delivered,upi,99.0
O008550,C02832,2024-01-25,Delivered,Credit Card,0.0
O017712,C05837,2023-05-31,Delivered,Net Banking,0.0
O007412,C02475,2024-07-30,Delivered,upi,40.0
O010582,C03512,2024-08-08,Delivered,Credit Card,40.0
O012869,C04289,2024-06-30,returned,Credit Card,0.0
O008164,C02690,2023-11-13,Delivered,Credit Card,60.0
O005664,C01878,2025-09-05,Delivered,upi,0.0
O002265,C00717,2025-08-14,Delivered,Debit Card,0.0
O004987,C01664,2024-06-02,Delivered,Net Banking,60.0
O013025,C04332,2024-05-03,Delivered,Credit Card,60.0
O009143,C03007,2024-01-07,Delivered,COD,60.0
O006509,C02156,2024-08-09,Delivered,Credit Card,0.0
O011040,C03663,2025-08-10,Delivered,UPI,60.0
O007013,C02340,2024-11-22,Delivered,upi,60.0
O003132,C00995,2025-06-15,Delivered,COD,40.0
O014530,C04806,2024-02-01,Delivered,upi,0.0
O015941,C05251,2025-05-05,Delivered,upi,60.0
O006756,C02240,2024-02-20,Delivered,Credit Card,0.0
O012864,C04287,2023-12-23,Delivered,Debit Card,0.0
O013623,C04524,2024-09-17,Returned,Credit Card,0.0
O004477,C01501,2025-08-17,Delivered,upi,60.0
O006938,C02306,2025-06-12,Returned,upi,0.0
O005062,C01686,2025-08-14,Returned,Debit Card,0.0
O017293,C05704,2023-06-07,Delivered,upi,60.0
O006203,C02046,2023-08-12,Delivered,Credit Card,40.0
O002221,C00701,2025-02-19,Delivered,upi,99.0
O015140,C04987,2025-03-21,Cancelled,Net Banking,99.0
O002138,C00666,2024-12-22,Delivered,Credit Card,99.0
O006770,C02243,2024-11-17,delivered,Credit Card,40.0
O002609,C00827,2025-06-23,Delivered,Debit Card,60.0
O006424,C02120,2024-11-15,Delivered,Debit Card,0.0
O005337,C01775,2023-06-05,Delivered,upi,60.0
O003890,C01273,2024-12-22,Delivered,Debit Card,99.0
O006240,C02050,2023-01-27,Delivered,upi,40.0
O014692,C04849,2023-07-05,Delivered,upi,60.0
O001912,C00592,2025-03-03,Delivered,,40.0
O011293,C03762,2025-02-15,Delivered,UPI,40.0
O001146,C00391,2025-01-07,Delivered,Debit Card,0.0
O017210,C05664,2025-06-28,Cancelled,upi,99.0
O015904,C05234,2025-09-02,Delivered,Credit Card,99.0
O007197,C02401,2024-04-16,Delivered,Debit Card,60.0
O010222,C03379,2025-07-19,Delivered,,40.0
O012979,C04320,2024-02-04,Delivered,upi,60.0
O004555,C01537,2024-09-20,Delivered,upi,40.0
O000982,C00353,2025-07-05,Delivered,Credit Card,0.0
O004674,C01558,2024-04-02,Delivered,DEBIT CARD,0.0
O010903,C03622,2024-07-12,Delivered,COD,99.0
O004336,C01437,2025-02-14,Delivered,COD,60.0
O006907,C02290,2024-12-05,Delivered,Debit Card,60.0
O000260,C00117,2025-08-24,Delivered,upi,60.0
O010654,C03535,2025-03-26,Delivered,NET BANKING,60.0
O007251,C02423,2025-01-28,Delivered,Debit Card,0.0
O004686,C01558,2025-04-03,Returned,UPI,0.0
O012024,C04043,2024-01-26,delivered,Credit Card,99.0
O015890,C05229,2025-05-17,Delivered,Net Banking,99.0
O000334,C00140,2024-08-14,Delivered,COD,0.0
O007639,C02529,2023-02-12,Delivered,Debit Card,60.0
O009009,C02964,2026-06-01,Returned,COD,0.0
O002756,C00873,2024-05-14,Delivered,COD,0.0
O012694,C04234,2024-02-13,Delivered,upi,60.0
O008379,C02782,2025-05-01,Delivered,COD,40.0
O010333,C03421,2025-06-22,Delivered,upi,0.0
O001028,C00361,2024-08-09,Delivered,upi,0.0
O000682,C00252,2024-06-20,Delivered,Credit Card,99.0
O017835,C05867,2025-01-04,Delivered,COD,0.0
O009195,C03014,2024-11-25,Delivered,Credit Card,0.0
O001347,C00427,2024-12-17,Delivered,upi,60.0
O008421,C02794,2023-12-05,Delivered,COD,0.0
O003441,C01101,2024-06-27,Cancelled,Debit Card,99.0
O000660,C00240,2024-05-10,Delivered,COD,0.0
O005282,C01753,2023-03-08,Delivered,COD,60.0
O001969,C00609,2024-08-12,Delivered,Credit Card,40.0
O013424,C04471,2024-07-11,Delivered,upi,0.0
O006355,C02092,2025-08-19,Delivered,Credit Card,0.0
O000473,C00182,2024-04-21,Delivered,upi,60.0
O012836,C04281,2023-06-13,Delivered,COD,0.0
O001696,C00541,2024-11-14,Delivered,CREDIT CARD,0.0
O011572,C03866,2024-01-13,Cancelled,COD,0.0
O009732,C03203,2024-08-06,Delivered,upi,40.0
O010273,C03407,2023-05-09,Delivered,COD,0.0
O014288,C04722,2024-12-16,Delivered,Net Banking,99.0
O000896,C00337,2023-05-13,Delivered,upi,0.0
O015538,C05130,2023-11-04,Delivered,Debit Card,60.0
O005766,C01907,2025-06-22,Delivered,COD,60.0
O009693,C03186,2025-03-27,Delivered,Net Banking,60.0
O016647,C05489,2024-12-06,Delivered,upi,60.0
O008818,C02919,2024-05-23,Delivered,upi,99.0
O014476,C04794,2023-10-23,Delivered,Net Banking,99.0
O014992,C04933,2024-10-29,Delivered,upi,60.0
O005817,C01934,2025-04-01,Delivered,upi,60.0
O013568,C04505,2025-08-13,Delivered,Debit Card,0.0
O007464,C02493,2025-04-29,Delivered,upi,40.0
O014308,C04730,2025-09-26,Delivered,Debit Card,0.0
O017462,C05757,2025-01-12,Delivered,COD,0.0
O012833,C04279,2024-12-24,Delivered,upi,60.0
O001329,C00427,2024-05-31,Delivered,COD,0.0
O003440,C01101,2024-03-24,Delivered,Net Banking,0.0
O006974,C02327,2024-11-20,Delivered,Credit Card,0.0
O007839,C02574,2025-06-16,Delivered,Debit Card,40.0
O006934,C02302,2025-06-26,Delivered,Credit Card,60.0
O006831,C02262,2024-04-05,Delivered,DEBIT CARD,60.0
O009776,C03226,2024-02-13,Delivered,Credit Card,60.0
O005190,C01726,2024-08-16,Delivered,Net Banking,60.0
O002151,C00673,2025-01-18,Delivered,Credit Card,0.0
O005238,C01742,2023-12-24,Cancelled,upi,0.0
O016464,C05416,2024-11-22,Delivered,upi,0.0
O003180,C01010,2024-01-08,Delivered,upi,99.0
O015902,C05234,2025-04-20,Delivered,Credit Card,0.0
O010306,C03414,2024-10-07,Delivered,Credit Card,60.0
O012480,C04176,2023-11-02,delivered,COD,40.0
O010856,C03605,2025-06-26,Delivered,Debit Card,0.0
O014763,C04867,2024-12-20,Returned,COD,60.0
O004057,C01332,2025-08-17,Delivered,upi,40.0
O011446,C03831,2025-04-01,Cancelled,upi,99.0
O003080,C00980,2025-04-30,Delivered,Debit Card,60.0
O005578,C01840,2023-08-03,Delivered,upi,0.0
O016471,C05416,2025-08-10,Delivered,Credit Card,0.0
O009107,C02997,2024-03-21,Delivered,Credit Card,40.0
O005281,C01752,2024-03-08,Delivered,COD,0.0
O010670,C03540,2025-01-05,Delivered,upi,0.0
O003761,C01231,2024-09-11,Delivered,upi,0.0
O003368,C01081,2024-04-22,Delivered,upi,0.0
O001247,C00406,2025-07-03,Delivered,Credit Card,99.0
O002410,C00772,2023-04-17,Returned,Credit Card,60.0
O016988,C05598,2024-12-03,Delivered,Credit Card,40.0
O011615,C03873,2025-07-17,Delivered,Debit Card,99.0
O004127,C01350,2025-02-02,Delivered,upi,0.0
O000180,C00095,2025-06-26,Delivered,upi,60.0
O007071,C02368,2024-04-03,Delivered,COD,40.0
O014220,C04716,2025-01-22,Delivered,COD,0.0
O007685,C02543,2023-05-31,Delivered,Debit Card,99.0
O015850,C05220,2025-03-06,Delivered,upi,40.0
O015277,C05031,2025-08-17,Delivered,Debit Card,60.0
O002608,C00827,2025-05-03,Delivered,Credit Card,0.0
O014847,C04893,2024-06-17,Delivered,upi,99.0
O008236,C02721,2024-12-07,Delivered,upi,40.0
O000141,C00072,2024-11-20,Delivered,Credit Card,99.0
O002860,C00904,2024-05-14,Delivered,Credit Card,0.0
O012751,C04242,2025-03-19,Delivered,upi,0.0
O011547,C03861,2025-07-16,Delivered,upi,60.0
O012514,C04186,2025-02-13,Delivered,Credit Card,0.0
O013834,C04586,2024-01-08,Delivered,,40.0
O012981,C04320,2024-08-18,Cancelled,Net Banking,0.0
O016831,C05551,2024-09-19,Delivered,upi,40.0
O013529,C04498,2025-05-05,Delivered,upi,0.0
O011811,C03964,2025-01-26,Delivered,upi,99.0
O015500,C05117,2025-03-06,Delivered,Debit Card,99.0
O001225,C00401,2024-09-20,Delivered,Credit Card,99.0
O006987,C02332,2024-12-29,Delivered,upi,40.0
O016115,C05306,2023-10-25,Cancelled,upi,99.0
O008245,C02726,2024-07-08,Delivered,Credit Card,0.0
O005441,C01811,2025-06-12,Delivered,COD,40.0
O014014,C04652,2023-11-27,Returned,Credit Card,0.0
O008080,C02659,2024-02-19,Delivered,COD,0.0
O014100,C04684,2024-04-20,Delivered,upi,0.0
O007080,C02370,2024-08-08,Returned,Credit Card,0.0
O018035,C05929,2025-01-05,Delivered,upi,60.0
O003861,C01264,2023-12-02,Delivered,upi,60.0
O011318,C03772,2024-07-22,Delivered,UPI,0.0
O007674,C02537,2023-09-03,Returned,upi,99.0
O017682,C05835,2024-05-10,Delivered,Credit Card,0.0
O016190,C05335,2025-04-18,Delivered,upi,60.0
O005499,C01824,2024-09-04,Delivered,upi,0.0
O002405,C00768,2025-03-17,Delivered,Debit Card,60.0
O008520,C02819,2025-03-27,Delivered,upi,60.0
O003247,C01027,2024-12-07,Delivered,Credit Card,0.0
O016461,C05416,2024-09-28,Delivered,Credit Card,60.0
O004228,C01394,2024-11-18,Returned,NET BANKING,40.0
O018124,C05945,2024-03-12,Delivered,upi,0.0
O010498,C03480,2025-07-13,Delivered,upi,99.0
O008046,C02646,2024-12-03,Delivered,COD,60.0
O013581,C04511,2023-08-22,Delivered,Debit Card,0.0
O016627,C05487,2025-06-12,Delivered,Debit Card,60.0
O011395,C03808,2025-04-05,Delivered,Credit Card,0.0
O012748,C04241,2025-02-12,Delivered,upi,0.0
O011401,C03812,2023-04-16,Delivered,upi,99.0
O012517,C04186,2025-06-10,Returned,upi,99.0
O008119,C02671,2025-02-07,Delivered,upi,40.0
O003249,C01028,2025-08-12,Delivered,COD,99.0
O006575,C02174,2024-10-29,Delivered,COD,60.0
O012965,C04313,2025-06-28,Delivered,Debit Card,40.0
O018044,C05934,2024-12-07,Delivered,upi,60.0
O003662,C01197,2025-07-22,Delivered,Credit Card,40.0
O015219,C05014,2025-02-11,Delivered,Debit Card,0.0
O003805,C01247,2023-10-26,Cancelled,Debit Card,40.0
O006158,C02041,2024-03-01,Delivered,upi,60.0
O004580,C01538,2025-08-18,Delivered,Credit Card,40.0
O017633,C05818,2024-10-22,Delivered,upi,99.0
O005994,C01995,2024-11-09,Delivered,upi,99.0
O005901,C01952,2025-03-03,Delivered,upi,0.0
O014119,C04692,2023-10-25,Delivered,Debit Card,99.0
O014290,C04722,2025-04-24,Delivered,,99.0
O002945,C00920,2025-09-12,Returned,upi,0.0
O008419,C02794,2023-10-05,Delivered,COD,0.0
O018186,C05971,2025-01-26,Delivered,upi,0.0
O010035,C03308,2023-10-16,Delivered,upi,60.0
O013097,C04362,2024-01-04,Delivered,upi,40.0
O008994,C02962,2023-09-14,Delivered,Credit Card,0.0
O016007,C05263,2024-04-03,Delivered,COD,0.0
O004361,C01446,2024-05-23,Delivered,Debit Card,40.0
O014175,C04710,2024-06-06,Delivered,Credit Card,40.0
O007986,C02620,2025-09-29,Delivered,Credit Card,60.0
O013634,C04526,2024-12-08,Delivered,upi,0.0
O011076,C03668,2023-09-19,Delivered,Net Banking,40.0
O013975,C04644,2024-02-27,Returned,Debit Card,0.0
O010454,C03464,2024-12-14,Delivered,COD,0.0
O014713,C04856,2025-05-21,Delivered,Credit Card,99.0
O007081,C02371,2025-06-26,Returned,Debit Card,99.0
O011132,C03691,2023-07-12,Delivered,Debit Card,0.0
O017692,C05835,2025-01-05,Delivered,Credit Card,0.0
O015215,C05014,2024-12-25,Returned,Credit Card,99.0
O008853,C02926,2024-04-17,Delivered,upi,99.0
O005626,C01866,2023-06-12,Delivered,Net Banking,0.0
O014618,C04823,2024-04-26,Returned,upi,40.0
O002692,C00850,2025-09-23,Delivered,Debit Card,0.0
O001836,C00581,2024-08-25,Delivered,Debit Card,60.0
O010597,C03516,2024-04-10,Delivered,Debit Card,99.0
O017725,C05837,2023-12-09,Delivered,upi,40.0
O011396,C03808,2025-07-18,Delivered,Debit Card,0.0
O000701,C00266,2024-06-23,Delivered,COD,0.0
O009419,C03093,2025-09-18,Delivered,Credit Card,60.0
O000055,C00027,2025-03-14,Delivered,COD,99.0
O006486,C02145,2023-06-15,Delivered,Credit Card,99.0
O006171,C02041,2024-08-18,Delivered,Debit Card,40.0
O008908,C02934,2025-03-11,Delivered,Debit Card,40.0
O006372,C02104,2024-05-28,Delivered,upi,60.0
O002862,C00906,2025-08-23,Returned,upi,0.0
O011935,C04010,2023-06-18,Delivered,upi,99.0
O004207,C01388,2024-12-09,Delivered,NET BANKING,60.0
O005566,C01834,2025-05-25,Cancelled,Debit Card,99.0
O011549,C03861,2025-09-27,Delivered,upi,40.0
O012914,C04297,2024-08-09,Delivered,upi,99.0
O001381,C00433,2025-04-03,Delivered,COD,0.0
O008350,C02771,2025-01-08,Cancelled,COD,0.0
O013549,C04502,2025-01-08,Delivered,Credit Card,0.0
O005361,C01780,2024-04-02,Delivered,Net Banking,40.0
O012657,C04230,2024-05-27,Delivered,Debit Card,99.0
O004368,C01448,2024-07-09,Delivered,Debit Card,0.0
O008408,C02792,2025-03-15,Delivered,Debit Card,99.0
O010153,C03348,2024-11-21,Delivered,upi,0.0
O011955,C04017,2023-11-23,Delivered,upi,99.0
O008882,C02926,2025-09-23,Returned,UPI,99.0
O003955,C01300,2025-04-25,Delivered,upi,99.0
O017926,C05892,2024-09-02,Delivered,COD,99.0
O007763,C02552,2025-03-15,Delivered,NET BANKING,60.0
O014658,C04833,2023-10-26,Returned,upi,99.0
O016277,C05372,2023-10-03,Returned,upi,60.0
O006592,C02180,2024-12-19,Delivered,upi,60.0
O014752,C04865,2025-06-12,Delivered,CREDIT CARD,0.0
O000145,C00075,2024-05-24,Delivered,Credit Card,0.0
O016925,C05580,2025-09-23,Delivered,Credit Card,40.0
O017552,C05789,2025-02-06,Delivered,COD,99.0
O012676,C04234,2023-06-04,Delivered,Debit Card,60.0
O011194,C03721,2023-07-26,Delivered,upi,0.0
O009633,C03155,2025-02-15,Cancelled,UPI,40.0
O013818,C04577,2025-08-02,Delivered,COD,0.0
O005521,C01828,2024-12-09,Delivered,Credit Card,60.0
O002320,C00742,2025-03-19,Delivered,upi,40.0
O011602,C03866,2025-08-28,Delivered,COD,40.0
O004548,C01533,2025-07-20,Delivered,COD,99.0
O010030,C03307,2024-01-15,Delivered,upi,60.0
O006447,C02133,2023-08-25,Delivered,upi,0.0
O003457,C01101,2025-03-30,Delivered,Debit Card,0.0
O003182,C01011,2025-06-12,Delivered,Credit Card,99.0
O003277,C01037,2024-11-24,Delivered,upi,0.0
O005117,C01697,2025-08-27,Delivered,UPI,0.0
O014146,C04701,2023-11-03,Delivered,Debit Card,40.0
O010231,C03384,2024-12-11,Delivered,upi,0.0
O010573,C03510,2025-04-05,delivered,Debit Card,0.0
O006990,C02332,2025-04-13,Delivered,upi,40.0
O012265,C04124,2024-12-24,Delivered,upi,99.0
O013065,C04349,2025-02-28,Delivered,upi,60.0
O012825,C04276,2024-09-07,Delivered,Credit Card,0.0
O016175,C05330,2025-05-27,Delivered,upi,60.0
O001355,C00427,2025-03-26,Delivered,Net Banking,99.0
O004027,C01324,2025-01-24,Delivered,Debit Card,0.0
O013733,C04557,2024-08-06,Cancelled,COD,99.0
O009234,C03028,2024-12-14,delivered,Credit Card,0.0
O016741,C05525,2023-12-20,Delivered,Net Banking,40.0
O008542,C02829,2025-07-22,Delivered,Net Banking,0.0
O012959,C04311,2025-07-04,Delivered,Credit Card,40.0
O010699,C03554,2024-05-12,Delivered,Credit Card,60.0
O006274,C02060,2025-07-26,Delivered,Net Banking,60.0
O016309,C05372,2025-06-07,Returned,COD,60.0
O014757,C04866,2025-04-09,Delivered,upi,0.0
O012961,C04312,2025-06-02,Returned,upi,60.0
O006344,C02085,2025-01-21,Returned,Debit Card,40.0
O016072,C05289,2024-06-02,Delivered,COD,0.0
O013582,C04511,2024-01-24,Delivered,Credit Card,40.0
O011959,C04020,2025-09-07,Returned,,0.0
O006943,C02309,2025-06-07,Delivered,Credit Card,40.0
O004283,C01419,2024-08-27,Delivered,upi,40.0
O000308,C00134,2024-11-03,Cancelled,COD,0.0
O008934,C02939,2024-01-06,Delivered,upi,40.0
O004788,C01592,2024-01-10,Delivered,upi,0.0
O016723,C05518,2023-06-21,Delivered,upi,99.0
O010643,C03533,2024-03-06,Delivered,upi,0.0
O017621,C05815,2023-02-17,Delivered,Debit Card,99.0
O002376,C00757,2023-05-25,Delivered,upi,99.0
O012404,C04160,2025-01-17,Delivered,Debit Card,99.0
O007124,C02385,2025-05-24,Delivered,upi,60.0
O008504,C02813,2023-04-22,Delivered,upi,60.0
O008995,C02962,2025-03-22,Delivered,upi,60.0
O016732,C05519,2024-12-09,Delivered,COD,40.0
O004739,C01579,2024-08-29,Delivered,upi,60.0
O016246,C05359,2023-04-13,Returned,COD,99.0
O003639,C01187,2024-10-29,delivered,Credit Card,60.0
O014574,C04810,2024-07-14,Delivered,Debit Card,0.0
O012755,C04244,2025-09-19,Delivered,upi,40.0
O013201,C04392,2025-09-22,Delivered,Credit Card,60.0
O007527,C02512,2025-08-17,Delivered,Net Banking,60.0
O014939,C04919,2023-11-29,Delivered,Net Banking,0.0
O011833,C03971,2024-04-18,Delivered,upi,0.0
O000124,C00069,2023-05-09,Delivered,Net Banking,0.0
O001607,C00501,2025-05-13,Delivered,upi,40.0
O007298,C02442,2025-04-09,Cancelled,Debit Card,0.0
O010550,C03506,2025-03-02,Delivered,upi,60.0
O013734,C04557,2025-07-18,Delivered,Credit Card,40.0
O016313,C05372,2025-09-10,Delivered,upi,40.0
O006081,C02023,2024-04-25,Delivered,upi,60.0
O001509,C00479,2024-06-24,Delivered,COD,40.0
O012037,C04050,2024-12-10,Delivered,upi,0.0
O006271,C02058,2025-06-05,Delivered,upi,40.0
O013794,C04571,2025-07-14,Delivered,Credit Card,99.0
O007579,C02521,2025-02-26,Delivered,Credit Card,0.0
O014392,C04764,2024-01-28,Delivered,upi,60.0
O016950,C05587,2025-09-25,Delivered,upi,0.0
O003400,C01086,2025-08-21,Delivered,upi,99.0
O016242,C05357,2025-05-19,Delivered,Net Banking,40.0
O018039,C05931,2023-11-29,Delivered,Net Banking,99.0
O017139,C05648,2025-01-06,Cancelled,upi,0.0
O011225,C03732,2024-05-27,Delivered,Debit Card,0.0
O017327,C05711,2023-10-02,Delivered,Debit Card,60.0
O015830,C05220,2023-12-14,Delivered,Credit Card,40.0
O016090,C05292,2025-06-01,Delivered,Net Banking,99.0
O015920,C05244,2024-04-05,Delivered,Credit Card,60.0
O001856,C00585,2024-11-14,Delivered,Credit Card,60.0
O002560,C00813,2024-06-11,Delivered,upi,0.0
O010953,C03637,2024-04-02,Delivered,upi,60.0
O008535,C02826,2025-03-07,Delivered,COD,40.0
O000423,C00167,2023-04-08,Delivered,Credit Card,99.0
O017472,C05761,2025-02-20,Cancelled,upi,0.0
O016579,C05465,2023-04-11,Delivered,COD,40.0
O003038,C00965,2024-01-14,Delivered,upi,0.0
O016866,C05561,2024-07-11,Delivered,upi,0.0
O003870,C01269,2025-03-23,Delivered,COD,99.0
O007316,C02448,2023-06-21,Delivered,upi,99.0
O011982,C04026,2025-03-07,Delivered,upi,60.0
O014753,C04866,2023-04-15,Delivered,Credit Card,60.0
O006121,C02040,2023-11-18,Delivered,upi,0.0
O000318,C00138,2024-05-05,Delivered,upi,60.0
O000791,C00303,2024-09-01,Delivered,Net Banking,0.0
O001024,C00361,2024-03-26,Delivered,Debit Card,0.0
O010719,C03559,2025-05-14,Returned,Debit Card,60.0
O008503,C02813,2023-04-13,Delivered,Credit Card,60.0
O011827,C03971,2023-03-05,Delivered,COD,99.0
O002989,C00939,2024-06-05,Delivered,upi,0.0
O003829,C01254,2023-10-02,Delivered,upi,40.0
O015299,C05043,2023-05-17,Delivered,upi,0.0
O015695,C05170,2025-01-19,Delivered,COD,40.0
O014263,C04720,2024-03-21,Delivered,upi,60.0
O010132,C03337,2025-03-04,Delivered,upi,99.0
O010136,C03338,2024-04-20,Delivered,Credit Card,40.0
O001563,C00496,2024-12-24,Delivered,upi,0.0
O009614,C03154,2025-04-06,Delivered,Credit Card,60.0
O011619,C03874,2023-06-07,Delivered,COD,40.0
O016641,C05489,2024-06-09,Delivered,upi,60.0
O014653,C04832,2024-05-09,Returned,Net Banking,0.0
O007533,C02516,2024-08-09,Delivered,COD,60.0
O000874,C00326,2025-01-05,Returned,Debit Card,40.0
O009365,C03076,2025-09-01,Delivered,upi,99.0
O009918,C03267,2025-01-08,Delivered,COD,60.0
O003193,C01014,2025-09-29,Delivered,Net Banking,0.0
O011350,C03780,2025-05-11,Returned,Net Banking,40.0
O009297,C03047,2024-07-05,Delivered,UPI,60.0
O013602,C04517,2025-03-21,Delivered,Credit Card,60.0
O017071,C05614,2024-03-03,Delivered,Debit Card,40.0
O005721,C01895,2024-07-04,Delivered,Debit Card,0.0
O016100,C05299,2025-04-23,Delivered,Debit Card,0.0
O004402,C01461,2025-01-08,Delivered,,40.0
O000905,C00337,2023-10-03,Delivered,Debit Card,0.0
O016425,C05411,2023-07-04,Delivered,Credit Card,40.0
O001445,C00462,2023-11-06,Delivered,Credit Card,60.0
O004731,C01572,2025-09-12,delivered,Net Banking,0.0
O007754,C02552,2024-08-14,Returned,Credit Card,0.0
O009130,C03006,2024-07-25,Delivered,COD,40.0
O001272,C00418,2023-09-26,Delivered,Debit Card,0.0
O002673,C00844,2025-09-21,Delivered,upi,60.0
O010429,C03450,2025-05-28,Delivered,Debit Card,0.0
O017093,C05625,2024-11-21,Delivered,DEBIT CARD,0.0
O009826,C03250,2023-07-21,Cancelled,COD,40.0
O000492,C00190,2025-05-14,Delivered,upi,40.0
O014090,C04678,2025-05-24,Delivered,Debit Card,0.0
O002744,C00871,2025-02-04,Delivered,Debit Card,40.0
O001008,C00358,2024-12-31,Delivered,upi,40.0
O010769,C03577,2024-10-09,Delivered,Credit Card,60.0
O011452,C03836,2025-07-03,Delivered,upi,40.0
O015330,C05052,2025-03-18,Returned,upi,60.0
O007667,C02533,2023-12-13,delivered,Credit Card,0.0
O010531,C03501,2025-08-15,Delivered,COD,60.0
O004610,C01539,2025-08-24,Delivered,Credit Card,60.0
O016486,C05419,2025-03-15,Delivered,Debit Card,0.0
O006098,C02028,2025-02-02,Delivered,upi,40.0
O002573,C00816,2025-04-09,Delivered,upi,0.0
O010656,C03537,2025-02-27,Delivered,Debit Card,0.0
O015896,C05232,2025-01-22,Delivered,Credit Card,0.0
O000160,C00083,2023-11-08,Delivered,COD,40.0
O001898,C00592,2024-03-02,Delivered,Net Banking,60.0
O002294,C00728,2025-06-14,Delivered,upi,99.0
O003744,C01229,2024-10-04,Delivered,upi,99.0
O012988,C04323,2025-05-10,Delivered,upi,60.0
O003104,C00986,2023-12-28,Delivered,upi,40.0
O015003,C04940,2024-09-19,Delivered,COD,0.0
O001408,C00446,2025-04-14,Delivered,COD,40.0
O015818,C05216,2024-03-02,Delivered,Credit Card,40.0
O009274,C03035,2025-07-02,Delivered,Net Banking,99.0
O003465,C01103,2025-07-03,Delivered,COD,0.0
O002013,C00619,2024-01-28,Delivered,Credit Card,99.0
O001557,C00495,2024-12-11,Delivered,upi,0.0
O016477,C05417,2023-11-28,Returned,DEBIT CARD,0.0
O004050,C01330,2024-09-02,Delivered,upi,60.0
O008447,C02797,2024-01-18,Delivered,Credit Card,60.0
O007519,C02510,2024-02-12,Returned,Net Banking,60.0
O007578,C02521,2024-05-15,Delivered,Debit Card,99.0
O006649,C02202,2025-08-04,Delivered,upi,0.0
O009774,C03224,2025-01-29,Delivered,Credit Card,0.0
O003002,C00950,2024-04-09,Delivered,upi,0.0
O011418,C03818,2024-01-22,Delivered,Debit Card,0.0
O015757,C05195,2024-04-04,Delivered,upi,0.0
O016203,C05341,2024-09-20,Delivered,upi,60.0
O016841,C05555,2024-09-07,Cancelled,COD,0.0
O006087,C02023,2025-02-12,delivered,COD,0.0
O003514,C01129,2023-09-28,Delivered,Net Banking,60.0
O002721,C00865,2024-01-26,Delivered,upi,99.0
O000616,C00227,2024-10-29,Delivered,Debit Card,0.0
O017233,C05673,2024-06-30,Delivered,COD,0.0
O007055,C02362,2024-07-06,Delivered,Credit Card,40.0
O008286,C02743,2023-10-26,Delivered,Credit Card,0.0
O012222,C04119,2024-03-21,delivered,upi,60.0
O004215,C01389,2025-03-10,Delivered,Credit Card,60.0
O013274,C04421,2024-11-02,Delivered,upi,0.0
O012319,C04140,2024-06-18,Delivered,Credit Card,0.0
O017303,C05705,2024-08-19,Delivered,upi,0.0
O010673,C03542,2023-03-06,Delivered,COD,0.0
O012847,C04285,2023-10-16,Delivered,Credit Card,40.0
O007606,C02526,2023-11-17,Delivered,upi,40.0
O007161,C02387,2025-02-03,Returned,upi,40.0
O006618,C02190,2023-09-15,Delivered,Debit Card,0.0
O017772,C05849,2024-08-17,Delivered,upi,0.0
O005201,C01732,2025-04-19,Delivered,upi,40.0
O015613,C05155,2025-03-15,Delivered,Credit Card,60.0
O012290,C04134,2023-11-20,Delivered,Debit Card,0.0
O017950,C05899,2024-03-26,Delivered,,0.0
O005292,C01755,2025-02-20,Cancelled,COD,60.0
O005535,C01832,2024-10-03,Delivered,Debit Card,0.0
O009694,C03186,2025-07-08,Delivered,COD,40.0
O013082,C04354,2025-03-22,Delivered,Credit Card,0.0
O007985,C02620,2025-06-04,Cancelled,upi,0.0
O005711,C01893,2023-08-08,Cancelled,Credit Card,60.0
O011800,C03960,2025-01-06,Delivered,COD,99.0
O008497,C02812,2024-10-18,Delivered,COD,99.0
O004445,C01482,2024-02-01,Delivered,Credit Card,99.0
O015204,C05014,2024-08-20,Delivered,Debit Card,0.0
O007720,C02545,2025-02-27,Returned,upi,60.0
O002173,C00687,2024-10-24,Delivered,Net Banking,40.0
O016206,C05342,2024-08-03,Delivered,COD,0.0
O014193,C04714,2025-07-01,Cancelled,UPI,40.0
O009746,C03212,2025-09-21,Delivered,upi,99.0
O007192,C02398,2025-05-21,Delivered,upi,40.0
O002505,C00797,2024-09-19,Delivered,Net Banking,0.0
O007379,C02467,2023-05-21,Delivered,COD,40.0
O004241,C01399,2024-04-23,delivered,COD,60.0
O009650,C03161,2025-03-19,Delivered,upi,0.0
O011941,C04010,2024-08-16,Delivered,Debit Card,0.0
O015735,C05180,2025-01-27,Delivered,Credit Card,0.0
O006606,C02186,2024-12-23,Delivered,upi,99.0
O017730,C05837,2024-02-15,Delivered,CREDIT CARD,0.0
O013393,C04460,2024-11-07,Delivered,COD,60.0
O017491,C05766,2024-11-28,Delivered,COD,99.0
O003163,C01000,2025-08-20,Delivered,upi,40.0
O008389,C02785,2025-01-18,Returned,Debit Card,0.0
O000173,C00092,2023-10-06,Delivered,upi,0.0
O003626,C01183,2024-03-02,Delivered,Debit Card,99.0
O006984,C02331,2025-01-31,Delivered,,40.0
O004677,C01558,2024-08-07,Delivered,COD,40.0
O013811,C04577,2024-09-10,Cancelled,Debit Card,0.0
O016962,C05592,2024-10-23,Delivered,Credit Card,99.0
O005477,C01815,2025-08-12,Delivered,UPI,99.0
O014156,C04708,2024-08-25,Delivered,Credit Card,0.0
O004131,C01351,2025-01-03,Delivered,COD,0.0
O012292,C04134,2023-12-26,Delivered,Debit Card,0.0
O016432,C05411,2024-07-08,Delivered,upi,99.0
O005224,C01736,2024-10-06,Delivered,COD,0.0
O012268,C04126,2023-11-06,Delivered,upi,0.0
O012297,C04134,2024-07-26,Cancelled,Debit Card,60.0
O016167,C05328,2025-06-17,Delivered,Debit Card,0.0
O017505,C05774,2024-03-05,Delivered,upi,99.0
O007950,C02612,2025-04-29,Delivered,Debit Card,99.0
O010640,C03533,2023-10-06,Delivered,Net Banking,60.0
O009305,C03050,2023-02-17,Returned,upi,0.0
O003532,C01137,2024-08-09,Delivered,upi,40.0
O016952,C05588,2024-03-11,Delivered,COD,60.0
O003218,C01025,2025-09-22,Returned,Credit Card,40.0
O002679,C00846,2025-04-20,Delivered,Credit Card,60.0
O004668,C01558,2023-08-29,Delivered,upi,60.0
O014873,C04899,2024-10-27,Delivered,Credit Card,99.0
O007428,C02477,2024-01-16,Delivered,COD,0.0
O017250,C05681,2025-05-09,Delivered,Debit Card,40.0
O003125,C00988,2024-12-27,Delivered,COD,0.0
O004950,C01648,2025-05-28,Delivered,Credit Card,99.0
O012941,C04300,2025-05-05,Delivered,upi,99.0
O000058,C00029,2024-04-05,Delivered,Net Banking,99.0
O014054,C04660,2025-01-15,Delivered,UPI,99.0
O009571,C03137,2025-04-16,Delivered,COD,99.0
O000577,C00211,2024-10-03,Delivered,Debit Card,40.0
O013678,C04537,2024-03-30,Delivered,COD,99.0
O001107,C00385,2024-07-15,Delivered,upi,0.0
O012326,C04140,2024-12-18,Delivered,COD,40.0
O010229,C03384,2024-08-26,Delivered,COD,99.0
O006228,C02046,2025-05-12,Delivered,Net Banking,60.0
O005239,C01742,2024-02-07,Delivered,upi,60.0
O003319,C01053,2024-09-17,Delivered,upi,99.0
O002299,C00732,2024-02-07,Delivered,Debit Card,0.0
O010768,C03577,2024-10-04,Delivered,upi,40.0
O016089,C05292,2025-01-13,Delivered,COD,60.0
O016837,C05553,2023-07-19,delivered,Debit Card,99.0
O016008,C05263,2024-05-10,Delivered,Credit Card,60.0
O001242,C00404,2025-05-09,Delivered,Net Banking,99.0
O014066,C04667,2024-10-30,Delivered,upi,0.0
O005419,C01803,2024-06-06,Returned,Credit Card,60.0
O005016,C01675,2025-05-12,Delivered,Net Banking,60.0
O004038,C01327,2025-03-05,Delivered,upi,99.0
O007585,C02522,2025-08-19,Delivered,COD,0.0
O011674,C03898,2025-05-15,Delivered,Net Banking,0.0
O018038,C05931,2023-03-29,Delivered,COD,60.0
O014142,C04699,2024-10-31,Delivered,Credit Card,0.0
O015076,C04962,2024-12-26,Delivered,CREDIT CARD,0.0
O009142,C03007,2023-11-23,Delivered,,99.0
O004171,C01378,2024-09-07,Delivered,COD,60.0
O010457,C03467,2024-10-23,Delivered,upi,0.0
O007516,C02508,2024-06-21,delivered,upi,0.0
O007708,C02545,2024-04-13,Delivered,Debit Card,60.0
O010714,C03559,2025-02-26,Delivered,Credit Card,99.0
O006693,C02217,2025-03-30,Delivered,Credit Card,0.0
O012697,C04234,2024-04-01,Delivered,Credit Card,0.0
O014411,C04771,2025-04-07,Delivered,Net Banking,60.0
O012972,C04317,2025-01-25,Delivered,upi,0.0
O008204,C02705,2025-08-05,Delivered,upi,40.0
O017774,C05850,2024-08-27,Delivered,upi,40.0
O016677,C05498,2025-08-16,Delivered,Debit Card,0.0
O003751,C01231,2023-11-08,Delivered,,40.0
O002371,C00756,2025-01-31,Delivered,COD,40.0
O008771,C02901,2024-01-05,Delivered,Credit Card,0.0
O015534,C05129,2025-08-27,Delivered,upi,40.0
O018238,C05990,2024-07-17,Delivered,upi,0.0
O006871,C02273,2024-03-15,Delivered,DEBIT CARD,0.0
O002007,C00615,2025-01-25,Delivered,Debit Card,0.0
O003176,C01008,2025-06-24,Delivered,upi,40.0
O016452,C05416,2023-09-27,Delivered,Credit Card,0.0
O015443,C05094,2023-12-22,Delivered,COD,0.0
O013054,C04345,2025-06-19,Returned,Credit Card,60.0
O012401,C04159,2025-05-17,Delivered,upi,40.0
O000854,C00321,2025-07-11,Delivered,upi,60.0
O017043,C05610,2024-04-01,Delivered,COD,40.0
O016539,C05449,2023-07-21,Delivered,DEBIT CARD,99.0
O017619,C05814,2025-08-20,Returned,COD,99.0
O011585,C03866,2024-11-10,Delivered,Credit Card,99.0
O009014,C02964,2023-12-12,Delivered,upi,0.0
O011219,C03731,2023-11-29,Delivered,Debit Card,60.0
O011494,C03843,2024-09-11,Delivered,Debit Card,0.0
O015310,C05045,2024-07-14,Delivered,,0.0
O015827,C05220,2023-09-29,Delivered,upi,40.0
O009435,C03097,2024-12-31,Delivered,COD,0.0
O002432,C00778,2023-06-24,Returned,upi,40.0
O004202,C01388,2023-03-22,Delivered,upi,0.0
O017952,C05899,2024-05-10,Delivered,Credit Card,40.0
O015034,C04954,2023-11-13,Delivered,upi,99.0
O014287,C04722,2024-12-01,Delivered,COD,99.0
O014341,C04740,2023-03-21,Delivered,Credit Card,60.0
O006069,C02019,2024-08-22,Delivered,upi,99.0
O014740,C04859,2023-12-04,Delivered,upi,0.0
O016555,C05457,2025-01-20,Delivered,Net Banking,0.0
O008714,C02883,2025-05-16,Delivered,Credit Card,40.0
O009493,C03109,2024-02-29,Delivered,Credit Card,0.0
O003893,C01275,2025-09-02,Delivered,upi,40.0
O003793,C01241,2025-01-21,Delivered,COD,0.0
O010813,C03585,2025-04-21,Delivered,Debit Card,40.0
O015398,C05073,2023-02-07,Delivered,Net Banking,0.0
O013563,C04504,2024-12-22,Returned,upi,0.0
O011894,C03994,2024-03-27,Delivered,COD,0.0
O001767,C00560,2024-10-09,Delivered,Debit Card,40.0
O005089,C01694,2023-12-12,Delivered,Credit Card,99.0
O009971,C03285,2025-08-25,Returned,Credit Card,0.0
O000257,C00116,2025-09-27,Delivered,upi,0.0
O015675,C05167,2025-03-15,Delivered,Credit Card,40.0
O003008,C00951,2024-03-01,Delivered,upi,0.0
O005569,C01835,2024-04-25,Delivered,COD,0.0
O007621,C02526,2024-09-26,Delivered,upi,60.0
O014366,C04757,2025-06-11,Delivered,Debit Card,0.0
O007424,C02475,2025-02-02,returned,COD,0.0
O004399,C01459,2023-07-14,Delivered,Debit Card,99.0
O005812,C01934,2023-11-26,Returned,upi,99.0
O014358,C04752,2024-10-02,Delivered,COD,60.0
O007414,C02475,2024-08-20,delivered,upi,0.0
O012549,C04195,2024-10-06,Delivered,upi,60.0
O006921,C02296,2024-08-22,Delivered,COD,40.0
O007698,C02545,2023-08-21,Delivered,,60.0
O003845,C01255,2025-05-25,Delivered,Net Banking,0.0
O004972,C01656,2025-03-11,Delivered,upi,0.0
O001380,C00433,2025-02-25,Delivered,upi,0.0
O017691,C05835,2024-12-18,Delivered,Credit Card,60.0
O007920,C02598,2025-06-17,Delivered,COD,0.0
O013668,C04536,2025-03-25,Delivered,Debit Card,40.0
O006172,C02041,2024-09-22,Delivered,upi,0.0
O009752,C03215,2025-02-07,Delivered,Debit Card,60.0
O005594,C01849,2025-02-11,Delivered,upi,0.0
O004716,C01569,2025-07-25,Delivered,Credit Card,0.0
O005046,C01681,2025-03-21,Delivered,Credit Card,40.0
O015925,C05248,2025-04-10,Returned,COD,40.0
O012488,C04178,2024-05-26,Returned,,99.0
O016875,C05564,2025-03-12,Delivered,Credit Card,0.0
O014061,C04664,2025-08-15,Delivered,upi,0.0
O000280,C00122,2025-06-22,Delivered,upi,60.0
O000098,C00053,2025-05-15,Delivered,upi,0.0
O008454,C02799,2025-09-19,Delivered,COD,99.0
O003371,C01082,2024-07-16,Delivered,Credit Card,0.0
O015331,C05052,2025-04-26,Delivered,upi,0.0
O013377,C04453,2023-10-12,Delivered,Net Banking,0.0
O008490,C02811,2024-11-06,Returned,Debit Card,0.0
O003547,C01140,2025-08-05,Delivered,Debit Card,0.0
O004988,C01665,2023-08-12,Returned,upi,0.0
O007329,C02452,2024-11-28,Delivered,Debit Card,40.0
O009342,C03068,2023-10-10,Delivered,upi,40.0
O012361,C04148,2025-06-26,Delivered,Credit Card,40.0
O004291,C01419,2025-03-26,Delivered,upi,60.0
O000669,C00246,2023-02-09,Delivered,upi,0.0
O000144,C00075,2023-10-05,Returned,upi,40.0
O001043,C00363,2025-06-03,Delivered,Credit Card,0.0
O014488,C04794,2024-09-02,delivered,COD,60.0
O003353,C01069,2025-08-03,Delivered,Debit Card,60.0
O015979,C05259,2025-07-24,Delivered,upi,0.0
O017400,C05732,2025-01-01,Delivered,Net Banking,0.0
O010805,C03585,2024-02-10,Delivered,Credit Card,60.0
O003947,C01300,2024-09-22,Delivered,UPI,0.0
O013731,C04556,2025-04-18,Delivered,Credit Card,0.0
O008351,C02771,2025-05-04,Delivered,upi,0.0
O014502,C04794,2025-06-25,Delivered,Debit Card,60.0
O004594,C01539,2025-02-05,Delivered,upi,0.0
O003660,C01197,2025-06-28,Delivered,Credit Card,0.0
O006434,C02124,2024-11-03,Delivered,upi,99.0
O000586,C00213,2024-01-06,Delivered,upi,60.0
O017486,C05764,2025-04-22,Delivered,Debit Card,99.0
O001267,C00415,2025-02-04,Delivered,Net Banking,99.0
O006129,C02040,2025-02-07,Returned,upi,40.0
O004209,C01388,2025-01-10,Delivered,upi,0.0
O014429,C04776,2024-09-17,Delivered,upi,40.0
O009864,C03257,2025-07-18,Delivered,UPI,99.0
O006686,C02217,2024-11-26,Returned,Net Banking,40.0
O001334,C00427,2024-07-02,Delivered,Credit Card,60.0
O004550,C01535,2024-10-18,Delivered,Debit Card,99.0
O006339,C02083,2024-02-11,Delivered,upi,40.0
O017654,C05820,2025-04-29,Delivered,COD,40.0
O009748,C03213,2024-12-12,Delivered,Credit Card,0.0
O006821,C02259,2024-07-25,Delivered,upi,40.0
O016826,C05551,2023-02-23,Delivered,upi,0.0
O017184,C05661,2024-02-17,Delivered,Net Banking,40.0
O001513,C00479,2025-03-27,Delivered,upi,0.0
O017437,C05747,2023-07-22,Delivered,COD,0.0
O009069,C02982,2025-06-19,Delivered,upi,99.0
O017729,C05837,2024-01-20,Delivered,upi,0.0
O005866,C01951,2024-01-21,Returned,COD,0.0
O009637,C03155,2025-04-17,Delivered,Net Banking,60.0
O015669,C05167,2023-11-26,Delivered,COD,0.0
O001569,C00496,2025-03-22,Delivered,upi,60.0
O007330,C02453,2024-12-06,Delivered,Credit Card,0.0
O006427,C02120,2024-12-30,Delivered,upi,0.0
O002953,C00926,2024-08-15,Delivered,upi,0.0
O001683,C00535,2025-02-12,Delivered,Debit Card,0.0
O001556,C00495,2024-11-28,Returned,Debit Card,60.0
O008425,C02794,2024-03-10,Delivered,COD,0.0
O016541,C05450,2023-09-16,Delivered,UPI,0.0
O009304,C03049,2025-09-24,Delivered,upi,0.0
O014623,C04823,2024-08-26,Delivered,upi,60.0
O017737,C05837,2024-10-02,Delivered,COD,0.0
O004928,C01646,2023-10-23,Cancelled,UPI,0.0
O007339,C02455,2025-03-21,Delivered,COD,99.0
O015064,C04959,2025-07-14,Delivered,upi,99.0
O003705,C01211,2024-05-21,Delivered,upi,0.0
O009482,C03106,2025-06-20,Delivered,upi,40.0
O014152,C04706,2025-09-06,Delivered,upi,60.0
O017086,C05621,2025-07-09,Delivered,COD,0.0
O003931,C01295,2025-02-28,Delivered,upi,99.0
O000962,C00342,2025-08-06,Delivered,upi,40.0
O005084,C01694,2023-09-23,Delivered,Net Banking,0.0
O000568,C00211,2023-05-20,Delivered,upi,0.0
O007897,C02593,2024-02-05,Delivered,upi,0.0
O010952,C03637,2023-10-03,Delivered,upi,0.0
O005716,C01894,2024-08-09,Delivered,Credit Card,99.0
O004634,C01546,2025-06-04,Delivered,upi,99.0
O015837,C05220,2024-05-04,Delivered,upi,60.0
O002794,C00878,2025-06-03,Delivered,COD,0.0
O001922,C00594,2023-12-10,Delivered,COD,60.0
O002280,C00725,2023-02-15,Delivered,COD,0.0
O018047,C05934,2025-09-04,Returned,UPI,60.0
O012985,C04321,2025-03-20,Delivered,upi,60.0
O015382,C05064,2024-10-31,Delivered,Credit Card,0.0
O009550,C03125,2024-03-24,Delivered,COD,60.0
O007669,C02533,2023-12-30,delivered,upi,40.0
O002369,C00756,2024-12-21,Delivered,upi,40.0
O016870,C05562,2025-06-27,Delivered,upi,0.0
O006286,C02063,2025-08-07,Delivered,upi,99.0
O005408,C01797,2025-07-13,Delivered,upi,0.0
O006140,C02041,2023-06-11,Delivered,upi,99.0
O000483,C00183,2025-08-21,Delivered,upi,99.0
O017456,C05753,2025-02-19,Delivered,,0.0
O011749,C03931,2024-11-13,Delivered,Debit Card,0.0
O007493,C02503,2024-09-26,Delivered,Debit Card,60.0
O006066,C02017,2025-05-17,Delivered,COD,60.0
O014445,C04780,2025-05-17,Returned,Credit Card,60.0
O007802,C02559,2025-04-03,Delivered,Credit Card,0.0
O005125,C01702,2025-01-22,Delivered,upi,99.0
O004989,C01666,2025-01-06,Delivered,COD,60.0
O004572,C01538,2025-05-31,Delivered,COD,40.0
O017922,C05892,2023-07-08,Delivered,,0.0
O008763,C02899,2025-07-23,Delivered,Credit Card,0.0
O001059,C00367,2025-09-08,Returned,Debit Card,40.0
O007624,C02526,2024-12-22,Delivered,upi,40.0
O013125,C04366,2024-03-24,Cancelled,upi,99.0
O001305,C00424,2023-06-24,Delivered,CREDIT CARD,40.0
O016069,C05286,2024-01-09,Delivered,upi,60.0
O011767,C03944,2025-05-03,Delivered,COD,99.0
O011953,C04015,2024-08-14,Delivered,Net Banking,99.0
O005623,C01863,2025-02-09,Delivered,Debit Card,0.0
O010245,C03393,2024-01-04,Delivered,Credit Card,60.0
O009529,C03115,2025-04-06,Delivered,Debit Card,60.0
O006774,C02243,2025-05-25,Delivered,Debit Card,0.0
O001971,C00609,2024-11-13,Delivered,,99.0
O006799,C02249,2025-05-06,Delivered,upi,40.0
O005593,C01848,2025-03-18,Delivered,NET BANKING,40.0
O005591,C01847,2024-07-01,Returned,Debit Card,0.0
O009284,C03041,2025-07-15,Delivered,upi,60.0
O017912,C05889,2025-05-28,Delivered,upi,60.0
O015696,C05170,2025-02-20,Delivered,upi,0.0
O017207,C05661,2025-03-20,Delivered,Credit Card,0.0
O004785,C01592,2023-08-20,Delivered,Debit Card,60.0
O003903,C01280,2023-05-22,Delivered,upi,40.0
O008390,C02786,2025-08-22,Delivered,Credit Card,0.0
O014413,C04771,2025-08-20,Cancelled,COD,40.0
O004538,C01528,2024-06-17,delivered,Credit Card,0.0
O002468,C00781,2025-07-23,Delivered,upi,60.0
O009437,C03098,2023-10-04,Delivered,Debit Card,0.0
O011033,C03662,2023-10-05,Delivered,upi,40.0
O009958,C03279,2025-06-16,Delivered,Credit Card,0.0
O001689,C00537,2024-05-14,Delivered,upi,0.0
O005462,C01814,2025-07-08,Delivered,Debit Card,60.0
O008598,C02849,2024-10-08,Delivered,upi,60.0
O010442,C03459,2024-02-13,Delivered,Credit Card,0.0
O005877,C01952,2023-10-31,Delivered,upi,60.0
O011067,C03665,2023-09-20,Delivered,upi,0.0
O006055,C02011,2024-06-10,Delivered,upi,40.0
O000477,C00182,2024-08-15,Delivered,upi,40.0
O013817,C04577,2025-06-21,Delivered,upi,0.0
O014546,C04806,2025-01-15,Returned,Credit Card,0.0
O004607,C01539,2025-07-05,Delivered,Credit Card,99.0
O001633,C00515,2024-04-24,Delivered,upi,40.0
O000068,C00032,2024-09-07,Delivered,Credit Card,0.0
O017046,C05610,2024-07-19,Delivered,upi,0.0
O006207,C02046,2023-11-30,Delivered,Net Banking,0.0
O011389,C03805,2024-06-16,Delivered,Debit Card,40.0
O014663,C04837,2024-12-23,Delivered,COD,40.0
O017878,C05875,2024-11-04,Delivered,upi,0.0
O005379,C01785,2023-05-28,Delivered,Net Banking,0.0
O009248,C03031,2025-02-20,Delivered,upi,99.0
O005028,C01680,2023-12-12,Delivered,upi,0.0
O008799,C02914,2024-02-08,delivered,Debit Card,60.0
O005230,C01738,2024-12-06,Delivered,Debit Card,0.0
O011403,C03812,2025-01-19,Delivered,upi,60.0
O009577,C03139,2025-05-15,Returned,upi,60.0
O014388,C04760,2024-12-08,Delivered,Debit Card,60.0
O013562,C04503,2025-06-01,Delivered,Debit Card,40.0
O005982,C01988,2024-04-15,Delivered,upi,60.0
O002392,C00766,2024-07-22,Delivered,Debit Card,40.0
O004831,C01608,2023-01-23,Delivered,upi,0.0
O013055,C04346,2025-02-27,Delivered,Net Banking,99.0
O011260,C03750,2023-10-13,Delivered,upi,60.0
O007117,C02384,2024-06-08,delivered,Debit Card,60.0
O011156,C03698,2025-03-06,Delivered,upi,99.0
O013322,C04436,2024-12-07,Cancelled,Debit Card,0.0
O015246,C05023,2024-12-19,Delivered,COD,99.0
O005014,C01675,2024-11-25,Delivered,upi,40.0
O009033,C02964,2025-08-16,Delivered,Net Banking,0.0
O017068,C05613,2025-08-31,Delivered,Debit Card,99.0
O011277,C03757,2024-01-12,Delivered,upi,40.0
O004976,C01657,2025-05-06,Returned,upi,60.0
O003722,C01220,2025-07-20,Delivered,Debit Card,99.0
O007178,C02392,2024-07-09,Delivered,,60.0
O017231,C05672,2024-04-10,Delivered,Debit Card,0.0
O002451,C00780,2024-10-03,Delivered,upi,0.0
O013676,C04537,2024-02-03,Delivered,COD,40.0
O000340,C00141,2023-03-17,Delivered,,40.0
O015894,C05232,2023-08-21,Delivered,Debit Card,60.0
O002343,C00752,2024-05-15,Delivered,upi,40.0
O011802,C03961,2023-01-15,Delivered,upi,99.0
O011916,C04000,2024-11-13,Returned,Credit Card,0.0
O017786,C05851,2024-07-27,Delivered,Credit Card,60.0
O011336,C03775,2025-02-26,Delivered,upi,99.0
O016394,C05408,2024-05-22,Delivered,upi,0.0
O016718,C05516,2024-12-22,Delivered,Net Banking,99.0
O013759,C04567,2024-07-11,Cancelled,Debit Card,0.0
O000794,C00304,2024-09-10,Delivered,COD,60.0
O003305,C01050,2024-04-21,Delivered,,0.0
O008979,C02956,2023-03-15,Delivered,Credit Card,60.0
O009973,C03287,2023-06-21,Delivered,COD,0.0
O013349,C04446,2025-03-15,Cancelled,upi,99.0
O001684,C00535,2025-04-03,Delivered,upi,99.0
O001889,C00592,2023-10-29,Delivered,Debit Card,0.0
O012398,C04158,2025-03-30,Cancelled,Debit Card,99.0
O012820,C04272,2024-02-29,Delivered,Debit Card,0.0
O016128,C05311,2024-01-24,Delivered,upi,60.0
O016393,C05408,2024-04-24,Delivered,upi,99.0
O004186,C01383,2024-03-16,Delivered,upi,99.0
O007442,C02484,2023-11-12,Delivered,upi,0.0
O010705,C03556,2024-04-11,Returned,COD,40.0
O014956,C04922,2024-01-17,Delivered,Credit Card,99.0
O010703,C03556,2024-01-24,Delivered,COD,0.0
O016227,C05353,2024-01-06,Delivered,COD,0.0
O009379,C03082,2025-04-18,Delivered,upi,40.0
O005475,C01815,2025-07-10,Delivered,Debit Card,60.0
O003739,C01227,2025-06-27,Delivered,upi,99.0
O008072,C02657,2025-05-24,Delivered,upi,0.0
O002574,C00817,2023-02-03,Delivered,Net Banking,40.0
O015806,C05213,2024-04-08,Delivered,Debit Card,0.0
O016629,C05488,2024-01-25,Delivered,upi,0.0
O008255,C02730,2025-02-16,Delivered,COD,40.0
O005506,C01824,2025-01-08,Delivered,Credit Card,0.0
O013520,C04498,2024-06-26,Delivered,Debit Card,0.0
O008341,C02768,2025-05-07,Delivered,Debit Card,40.0
O013143,C04372,2023-11-25,Delivered,upi,40.0
O000921,C00337,2024-06-06,Delivered,COD,40.0
O003488,C01114,2025-05-16,delivered,Debit Card,60.0
O017522,C05777,2023-07-19,Delivered,COD,99.0
O000670,C00246,2024-07-28,Delivered,Debit Card,99.0
O000941,C00337,2025-06-15,Cancelled,upi,0.0
O008863,C02926,2024-11-20,Delivered,Credit Card,0.0
O010113,C03330,2025-03-31,delivered,upi,40.0
O002504,C00797,2024-03-09,Delivered,Credit Card,40.0
O001759,C00558,2024-05-12,Delivered,Debit Card,60.0
O013353,C04446,2025-07-26,Delivered,COD,0.0
O008453,C02798,2023-09-25,Delivered,Credit Card,99.0
O015804,C05213,2024-01-07,Delivered,upi,40.0
O016279,C05372,2023-10-28,Delivered,Net Banking,99.0
O013116,C04363,2024-07-31,delivered,Debit Card,0.0
O012652,C04229,2023-09-18,Delivered,Debit Card,99.0
O000546,C00204,2023-06-04,Delivered,COD,99.0
O015976,C05258,2025-08-15,Delivered,upi,0.0
O012986,C04321,2025-05-22,Cancelled,upi,0.0
O000899,C00337,2023-07-02,Delivered,upi,0.0
O008560,C02834,2025-07-03,Returned,COD,60.0
O007709,C02545,2024-04-20,Delivered,upi,99.0
O006022,C01999,2025-02-07,Delivered,Net Banking,40.0
O016987,C05598,2024-11-18,Delivered,Credit Card,60.0
O013537,C04500,2024-06-13,Delivered,upi,60.0
O004884,C01631,2023-09-06,Delivered,upi,99.0
O008917,C02934,2025-07-31,Delivered,upi,60.0
O012320,C04140,2024-07-30,Delivered,upi,40.0
O002084,C00640,2024-10-16,Delivered,Debit Card,60.0
O008400,C02789,2025-01-01,Delivered,upi,99.0
O014913,C04914,2024-07-31,cancelled,Debit Card,0.0
O008273,C02738,2023-12-10,Delivered,Debit Card,99.0
O006830,C02262,2023-12-23,Delivered,upi,40.0
O006586,C02179,2024-07-04,Delivered,NET BANKING,0.0
O002855,C00901,2024-09-06,Delivered,COD,40.0
O013147,C04372,2025-05-24,Delivered,Net Banking,99.0
O000839,C00316,2024-07-03,Delivered,upi,40.0
O002051,C00627,2024-11-12,Delivered,Net Banking,0.0
O000101,C00055,2024-11-18,Delivered,Debit Card,0.0
O013167,C04383,2025-04-18,Returned,upi,40.0
O004396,C01456,2024-11-07,Delivered,COD,99.0
O006266,C02055,2023-07-04,Delivered,COD,60.0
O012473,C04172,2024-08-21,Delivered,upi,99.0
O010730,C03565,2024-10-12,Delivered,Debit Card,99.0
O005297,C01757,2025-05-17,Delivered,upi,60.0
O004017,C01320,2023-10-17,Delivered,COD,0.0
O004827,C01604,2025-08-22,Delivered,upi,60.0
O016065,C05284,2025-08-02,Delivered,COD,40.0
O013976,C04644,2024-03-24,Delivered,COD,0.0
O008613,C02854,2024-07-08,Delivered,Debit Card,0.0
O016839,C05553,2024-06-12,Delivered,upi,40.0
O004581,C01539,2024-05-02,Delivered,Credit Card,0.0
O008027,C02639,2025-01-01,Cancelled,COD,0.0
O018182,C05970,2025-05-24,Delivered,upi,0.0
O008311,C02755,2024-02-21,Delivered,upi,0.0
O012733,C04234,2025-05-11,Delivered,Credit Card,60.0
O015367,C05060,2024-04-08,Delivered,Debit Card,99.0
O009400,C03093,2024-06-10,Delivered,upi,0.0
O011534,C03859,2023-06-23,Delivered,Debit Card,99.0
O007644,C02530,2025-06-02,Delivered,UPI,0.0
O013883,C04612,2025-06-29,Delivered,Net Banking,0.0
O010177,C03356,2025-02-11,Delivered,UPI,40.0
O016717,C05516,2024-12-10,Delivered,Credit Card,60.0
O016965,C05592,2025-01-12,Delivered,Net Banking,0.0
O015719,C05173,2025-02-24,Returned,Credit Card,0.0
O016151,C05321,2024-11-07,Delivered,Debit Card,0.0
O007944,C02609,2024-04-08,Cancelled,upi,0.0
O017054,C05613,2024-11-15,Returned,upi,40.0
O000516,C00194,2024-10-15,Returned,COD,0.0
O000470,C00181,2025-03-29,Delivered,Debit Card,0.0
O012811,C04267,2025-06-15,Returned,Credit Card,40.0
O003095,C00984,2025-07-25,Delivered,upi,0.0
O014656,C04832,2025-01-21,Returned,Debit Card,0.0
O004148,C01366,2024-01-17,Delivered,upi,0.0
O017391,C05729,2025-04-14,delivered,Debit Card,99.0
O010278,C03409,2024-07-09,Delivered,upi,0.0
O009799,C03236,2023-05-09,Returned,Debit Card,0.0
O013237,C04402,2024-12-17,Delivered,COD,0.0
O018214,C05986,2024-03-10,Delivered,Debit Card,0.0
O004441,C01479,2025-06-14,Delivered,Debit Card,0.0
O017064,C05613,2025-04-06,Delivered,DEBIT CARD,40.0
O016835,C05552,2025-05-23,Delivered,Credit Card,0.0
O001413,C00447,2025-03-16,Delivered,,0.0
O000891,C00334,2025-09-26,Delivered,Debit Card,40.0
O013958,C04640,2023-09-26,Delivered,COD,60.0
O017187,C05661,2024-04-08,Delivered,Credit Card,99.0
O015540,C05130,2023-12-16,Delivered,Net Banking,99.0
O004167,C01377,2025-04-18,Delivered,Credit Card,40.0
O003990,C01308,2025-07-23,Delivered,Debit Card,0.0
O009762,C03218,2025-09-26,Delivered,upi,40.0
O017503,C05773,2024-12-24,delivered,Credit Card,0.0
O015994,C05262,2024-10-10,Delivered,upi,0.0
O011448,C03833,2024-11-15,Returned,,60.0
O010230,C03384,2024-09-18,Cancelled,Credit Card,99.0
O016797,C05542,2025-06-23,Delivered,Credit Card,0.0
O008340,C02768,2025-01-01,Delivered,Credit Card,0.0
O008877,C02926,2025-06-05,Delivered,DEBIT CARD,99.0
O006747,C02237,2024-11-30,Cancelled,upi,99.0
O010587,C03515,2025-02-21,Returned,Debit Card,40.0
O004680,C01558,2024-09-07,Delivered,COD,0.0
O001315,C00427,2023-12-03,Delivered,Credit Card,60.0
O008778,C02905,2025-06-02,Delivered,upi,0.0
O003863,C01264,2024-04-08,Delivered,Debit Card,0.0
O011992,C04030,2024-07-13,Returned,upi,60.0
O008223,C02715,2023-11-02,Delivered,upi,40.0
O001400,C00441,2025-09-17,delivered,COD,40.0
O002093,C00646,2025-04-25,Delivered,Debit Card,99.0
O007874,C02588,2024-02-17,Delivered,upi,60.0
O004105,C01349,2023-12-17,Delivered,COD,0.0
O015210,C05014,2024-11-07,Delivered,COD,0.0
O017051,C05611,2025-01-08,Delivered,COD,0.0
O000023,C00011,2025-08-20,Delivered,Credit Card,0.0
O006233,C02046,2025-09-28,Delivered,upi,99.0
O001928,C00595,2025-07-20,Delivered,upi,40.0
O010445,C03459,2024-11-15,Delivered,Debit Card,60.0
O003248,C01027,2025-01-10,Delivered,Net Banking,0.0
O013532,C04499,2024-04-08,Delivered,Net Banking,40.0
O016046,C05275,2024-11-24,Delivered,upi,0.0
O006553,C02167,2025-01-11,Delivered,Debit Card,0.0
O013576,C04509,2025-04-20,Returned,Credit Card,99.0
O005020,C01678,2023-06-22,Returned,COD,0.0
O009671,C03171,2025-07-07,Delivered,upi,0.0
O004337,C01438,2025-04-10,Delivered,COD,99.0
O005846,C01944,2025-03-05,Returned,COD,40.0
O009381,C03083,2023-09-13,Returned,upi,0.0
O016342,C05388,2025-07-17,Delivered,Credit Card,0.0
O013283,C04422,2023-12-24,Delivered,Debit Card,40.0
O005928,C01964,2024-06-11,Delivered,upi,0.0
O016992,C05598,2025-05-14,Delivered,upi,0.0
O006260,C02054,2023-10-22,Delivered,COD,40.0
O014473,C04794,2023-07-04,Delivered,COD,0.0
O006281,C02062,2025-07-03,Delivered,Net Banking,99.0
O005298,C01758,2023-07-16,Delivered,Credit Card,60.0
O015751,C05190,2024-03-15,Delivered,Credit Card,0.0
O007818,C02564,2025-06-27,Delivered,Credit Card,40.0
O007217,C02406,2024-10-14,Delivered,Credit Card,60.0
O004801,C01592,2025-06-14,Delivered,upi,40.0
O008874,C02926,2025-03-25,cancelled,Credit Card,40.0
O005236,C01740,2025-03-08,Cancelled,Net Banking,0.0
O006514,C02156,2024-12-03,Delivered,Credit Card,99.0
O000118,C00064,2025-05-06,Delivered,Debit Card,0.0
O010054,C03310,2024-02-27,Delivered,upi,0.0
O002019,C00620,2023-07-15,Delivered,COD,0.0
O013605,C04519,2023-12-11,Delivered,Credit Card,0.0
O008029,C02639,2025-04-09,Returned,Credit Card,60.0
O004673,C01558,2024-03-12,delivered,upi,40.0
O013850,C04594,2025-02-10,Delivered,DEBIT CARD,60.0
O003796,C01243,2024-03-27,Returned,COD,40.0
O015547,C05130,2024-05-12,Delivered,Credit Card,40.0
O001570,C00496,2025-04-19,Delivered,Net Banking,60.0
O003151,C01000,2025-03-27,Delivered,upi,40.0
O000760,C00289,2025-02-03,Delivered,upi,99.0
O006577,C02175,2025-02-03,Delivered,Net Banking,0.0
O014333,C04739,2025-02-25,Delivered,Debit Card,40.0
O002430,C00776,2025-07-18,Delivered,Credit Card,99.0
O018033,C05928,2025-09-22,Delivered,COD,99.0
O014783,C04874,2024-09-01,Delivered,Debit Card,0.0
O009984,C03292,2024-05-09,Delivered,Credit Card,40.0
O011823,C03969,2024-02-18,Cancelled,Debit Card,99.0
O012450,C04166,2025-03-16,Delivered,upi,40.0
O017143,C05652,2024-04-11,Delivered,Net Banking,0.0
O003280,C01037,2025-03-07,Delivered,Credit Card,99.0
O007074,C02368,2024-10-29,Delivered,upi,60.0
O012128,C04082,2024-04-06,Delivered,upi,60.0
O017622,C05815,2023-03-13,Cancelled,Net Banking,0.0
O016984,C05597,2025-01-20,Delivered,upi,60.0
O002319,C00741,2025-09-02,Delivered,Debit Card,0.0
O010571,C03510,2024-05-15,Delivered,upi,99.0
O005308,C01762,2025-03-20,Delivered,Credit Card,60.0
O013505,C04494,2024-10-24,Delivered,upi,0.0
O016851,C05556,2024-07-20,Delivered,upi,40.0
O010252,C03395,2025-04-03,Delivered,COD,40.0
O017113,C05633,2025-03-02,Delivered,upi,0.0
O000878,C00327,2024-02-29,delivered,upi,40.0
O009826,C03250,2023-07-21,Cancelled,COD,40.0
O018162,C05965,2024-03-14,Cancelled,upi,99.0
O016624,C05486,2025-05-09,Delivered,,40.0
O013492,C04494,2023-01-23,Returned,Debit Card,0.0
O010994,C03653,2023-06-25,Delivered,Debit Card,60.0
O015911,C05239,2024-02-14,Delivered,Net Banking,99.0
O016594,C05472,2025-04-10,Delivered,Debit Card,0.0
O014312,C04733,2024-08-20,Delivered,upi,99.0
O000991,C00356,2024-11-17,Cancelled,upi,99.0
O009588,C03145,2024-01-29,Delivered,COD,0.0
O007409,C02475,2024-06-20,Delivered,Net Banking,60.0
O014509,C04798,2024-12-21,Delivered,upi,60.0
O005519,C01828,2024-10-04,Delivered,COD,99.0
O009954,C03279,2025-03-29,Delivered,Net Banking,60.0
O004495,C01509,2025-03-07,Delivered,Credit Card,60.0
O002378,C00759,2025-04-04,Returned,CREDIT CARD,0.0
O001222,C00400,2024-08-06,Returned,COD,0.0
O010750,C03575,2025-01-02,Delivered,upi,99.0
O009439,C03098,2024-06-09,Delivered,Debit Card,0.0
O017129,C05644,2024-04-14,Delivered,upi,0.0
O007971,C02614,2024-09-18,Delivered,Debit Card,40.0
O012077,C04064,2024-04-17,Delivered,upi,0.0
O009431,C03097,2024-05-23,Delivered,Credit Card,99.0
O013146,C04372,2024-05-18,Returned,upi,40.0
O007061,C02365,2023-09-17,Delivered,upi,0.0
O012355,C04146,2024-09-28,Delivered,upi,0.0
O011654,C03886,2025-05-08,Cancelled,upi,0.0
O017097,C05627,2024-10-04,Delivered,upi,40.0
O013510,C04496,2023-10-15,Delivered,upi,99.0
O007535,C02516,2024-08-17,Delivered,Debit Card,0.0
O012636,C04222,2024-12-06,Delivered,COD,0.0
O008071,C02656,2023-06-07,Delivered,upi,60.0
O007588,C02523,2024-05-03,Delivered,upi,60.0
O017225,C05669,2025-09-06,Delivered,upi,0.0
O013730,C04555,2025-07-06,Delivered,upi,99.0
O010619,C03529,2023-06-07,Delivered,Net Banking,0.0
O009479,C03104,2025-03-20,Delivered,Credit Card,40.0
O000901,C00337,2023-07-18,Delivered,UPI,0.0
O004335,C01437,2023-09-04,Cancelled,upi,0.0
O005613,C01859,2025-07-28,Delivered,Net Banking,99.0
O003114,C00986,2024-12-02,Delivered,COD,99.0
O000004,C00004,2023-12-20,Delivered,upi,60.0
O015563,C05135,2024-10-09,Delivered,Credit Card,99.0
O011500,C03843,2024-11-10,Delivered,upi,99.0
O002688,C00847,2024-07-13,Delivered,upi,40.0
O007083,C02372,2024-02-08,Delivered,upi,60.0
O000746,C00281,2025-09-01,Delivered,Credit Card,0.0
O002360,C00756,2024-08-09,Delivered,UPI,60.0
O013235,C04402,2024-05-12,Returned,COD,0.0
O018025,C05928,2023-11-28,Delivered,upi,99.0
O012949,C04306,2024-11-15,Delivered,upi,40.0
O000233,C00105,2025-04-16,Delivered,COD,60.0
O005101,C01697,2024-02-27,Returned,upi,99.0
O014455,C04785,2025-07-24,Delivered,COD,40.0
O011115,C03678,2023-10-15,Delivered,upi,0.0
O009361,C03075,2024-10-10,Delivered,Debit Card,99.0
O001603,C00501,2024-11-09,Delivered,Debit Card,0.0
O010248,C03394,2025-04-24,Delivered,Net Banking,0.0
O006818,C02257,2024-07-23,Delivered,upi,60.0
O003752,C01231,2023-12-12,Delivered,,0.0
O010127,C03333,2024-10-06,Delivered,Net Banking,0.0
O013637,C04527,2024-06-02,delivered,upi,40.0
O010482,C03476,2025-05-29,Delivered,Credit Card,0.0
O011633,C03876,2025-01-19,Delivered,upi,0.0
O007806,C02561,2024-09-07,Delivered,COD,99.0
O017041,C05610,2023-12-09,Delivered,Credit Card,0.0
O007969,C02614,2024-09-11,Delivered,Net Banking,99.0
O000366,C00152,2024-10-21,Delivered,COD,99.0
O009860,C03257,2025-06-10,Delivered,upi,99.0
O007587,C02522,2025-09-24,Delivered,Credit Card,99.0
O006311,C02072,2023-06-12,Delivered,Credit Card,40.0
O016823,C05548,2024-11-17,Delivered,COD,0.0
O004916,C01643,2024-12-23,Delivered,upi,99.0
O006933,C02301,2025-02-14,Cancelled,Net Banking,0.0
O005529,C01828,2025-05-27,Delivered,Credit Card,40.0
O009532,C03115,2025-07-04,Delivered,COD,60.0
O012022,C04042,2025-07-18,Delivered,Debit Card,40.0
O010846,C03599,2024-11-20,delivered,upi,99.0
O001847,C00583,2023-11-17,Cancelled,upi,60.0
O009730,C03202,2025-05-30,Delivered,upi,99.0
O002394,C00766,2025-01-25,delivered,upi,0.0
O011907,C03998,2023-07-20,Delivered,Debit Card,0.0
O017983,C05908,2024-04-13,Delivered,Credit Card,60.0
O010958,C03640,2023-12-22,Delivered,upi,0.0
O015964,C05258,2024-05-21,Delivered,upi,0.0
O004280,C01419,2024-04-20,Delivered,upi,0.0
O014824,C04885,2024-09-24,Delivered,Debit Card,0.0
O016170,C05329,2025-03-19,Delivered,Debit Card,0.0
O005263,C01747,2024-04-27,Returned,Credit Card,0.0
O013714,C04552,2024-09-22,Delivered,upi,99.0
O015684,C05169,2024-07-26,Delivered,upi,99.0
O015737,C05180,2025-08-17,Returned,Debit Card,0.0
O000274,C00121,2025-02-01,Delivered,upi,60.0
O000895,C00337,2023-04-23,Delivered,Debit Card,40.0
O014732,C04857,2025-06-08,Delivered,COD,0.0
O018097,C05939,2024-12-10,Delivered,Debit Card,40.0
O000832,C00314,2024-08-16,Delivered,Credit Card,40.0
O002450,C00780,2024-07-16,Delivered,Debit Card,60.0
O000045,C00025,2024-05-11,Delivered,upi,40.0
O005824,C01938,2023-12-24,Delivered,COD,99.0
O016783,C05540,2025-08-14,Delivered,COD,40.0
O017592,C05807,2025-09-17,Delivered,upi,99.0
O009457,C03102,2024-07-14,Delivered,upi,40.0
O011176,C03709,2025-02-11,Delivered,upi,0.0
O000761,C00290,2024-04-01,Delivered,upi,0.0
O005399,C01793,2024-10-18,Delivered,Credit Card,40.0
O016375,C05401,2025-01-27,Delivered,Net Banking,60.0
O013653,C04533,2024-11-13,Delivered,Net Banking,40.0
O002188,C00697,2023-07-17,Delivered,upi,99.0
O010311,C03416,2025-06-11,Delivered,upi,40.0
O002691,C00849,2025-06-16,Delivered,Credit Card,0.0
O009104,C02995,2024-01-14,Delivered,Net Banking,99.0
O003462,C01101,2025-08-14,Delivered,Debit Card,0.0
O013169,C04384,2023-12-08,Delivered,Debit Card,40.0
O016940,C05586,2024-01-31,Delivered,Net Banking,0.0
O010623,C03530,2025-05-13,Delivered,Debit Card,99.0
O011718,C03920,2025-05-15,Delivered,upi,99.0
O003691,C01207,2024-03-16,Delivered,Credit Card,99.0
O017630,C05815,2025-09-29,Delivered,Debit Card,60.0
O015474,C05106,2024-08-21,Delivered,upi,0.0
O016312,C05372,2025-07-23,Delivered,Debit Card,0.0
O002714,C00862,2025-05-19,Delivered,,0.0
O007795,C02559,2023-08-21,Delivered,Debit Card,60.0
O001312,C00425,2023-07-05,Delivered,Debit Card,99.0
O016702,C05511,2025-07-24,Delivered,upi,40.0
O013808,C04577,2024-06-16,Delivered,Credit Card,0.0
O016474,C05416,2025-09-05,Delivered,Debit Card,0.0
O011620,C03874,2023-07-06,Delivered,upi,40.0
O012452,C04166,2025-05-10,Delivered,upi,0.0
O016578,C05464,2025-05-06,Delivered,COD,0.0
O017947,C05899,2023-12-01,Delivered,Debit Card,0.0
O017550,C05787,2025-07-21,Delivered,Net Banking,40.0
O009794,C03234,2023-12-06,Returned,Debit Card,99.0
O011700,C03911,2025-06-06,delivered,upi,60.0
O000405,C00158,2025-08-18,Delivered,Debit Card,0.0
O006996,C02333,2025-01-12,Delivered,Credit Card,0.0
O008785,C02909,2023-12-02,Delivered,Debit Card,40.0
O012101,C04067,2025-05-16,Delivered,Credit Card,99.0
O007956,C02614,2023-01-24,Returned,upi,40.0
O008290,C02744,2024-07-03,Delivered,upi,0.0
O010343,C03429,2025-01-27,Returned,upi,40.0
O000898,C00337,2023-05-22,Delivered,Debit Card,0.0
O003350,C01069,2025-06-14,Delivered,upi,60.0
O000211,C00105,2023-05-22,Delivered,Debit Card,60.0
O010506,C03485,2025-08-26,Delivered,Credit Card,0.0
O001297,C00421,2025-07-25,Delivered,upi,99.0
O001649,C00521,2024-01-08,Delivered,COD,0.0
O007306,C02444,2024-10-27,Delivered,Net Banking,0.0
O012574,C04207,2023-04-19,Delivered,Net Banking,99.0
O002720,C00865,2023-12-25,Delivered,upi,99.0
O005284,C01753,2023-08-11,Delivered,Debit Card,60.0
O003476,C01111,2024-03-17,Delivered,Net Banking,0.0
O002454,C00781,2024-07-15,Delivered,Credit Card,99.0
O012126,C04081,2025-03-13,Delivered,Credit Card,60.0
O002074,C00636,2024-03-01,Returned,upi,60.0
O005423,C01803,2024-12-01,Delivered,Credit Card,40.0
O007087,C02374,2025-09-04,Delivered,Debit Card,40.0
O006483,C02143,2025-03-13,Delivered,Debit Card,99.0
O010920,C03625,2024-06-09,Delivered,Credit Card,99.0
O007750,C02552,2024-05-12,Delivered,Credit Card,0.0
O008765,C02900,2024-07-29,Delivered,COD,40.0
O004117,C01349,2024-10-14,Delivered,Credit Card,0.0
O008234,C02721,2024-04-03,Delivered,COD,0.0
O008740,C02889,2024-09-22,Delivered,Credit Card,0.0
O006437,C02125,2024-11-01,Delivered,Debit Card,60.0
O006077,C02023,2023-12-27,Delivered,Net Banking,60.0
O002973,C00932,2024-02-25,Delivered,COD,40.0
O010782,C03579,2025-03-27,Delivered,Credit Card,0.0
O014191,C04714,2024-10-12,Delivered,Credit Card,0.0
O011066,C03664,2025-09-23,Delivered,COD,40.0
O002185,C00697,2023-05-08,Delivered,Credit Card,0.0
O014281,C04720,2025-02-16,Delivered,upi,0.0
O009483,C03106,2025-08-08,Delivered,CREDIT CARD,0.0
O003879,C01272,2024-04-15,Delivered,COD,0.0
O016675,C05498,2024-08-04,Delivered,upi,0.0
O005416,C01803,2023-07-23,Returned,Debit Card,0.0
O007011,C02339,2023-12-19,Returned,Credit Card,0.0
O009082,C02990,2023-11-22,Delivered,upi,60.0
O014904,C04908,2025-02-03,Delivered,Credit Card,0.0
O002520,C00800,2025-05-02,Delivered,Debit Card,60.0
O015071,C04961,2024-07-02,delivered,Net Banking,60.0
O009024,C02964,2024-11-30,Delivered,upi,99.0
O017994,C05916,2023-11-12,Delivered,Debit Card,60.0
O001614,C00506,2025-09-08,Delivered,upi,40.0
O003375,C01082,2025-07-14,Delivered,Debit Card,0.0
O004678,C01558,2024-08-14,Delivered,upi,60.0
O007392,C02471,2024-08-26,Delivered,Credit Card,60.0
O004930,C01646,2023-11-20,Delivered,Net Banking,40.0
O009601,C03148,2024-03-14,Delivered,upi,99.0
O016791,C05542,2024-07-25,Delivered,upi,0.0
O007396,C02473,2024-01-06,Delivered,Credit Card,60.0
O014917,C04914,2025-02-12,Delivered,upi,99.0
O015977,C05258,2025-09-04,Delivered,COD,40.0
O015075,C04961,2025-03-25,Delivered,upi,99.0
O002656,C00835,2023-11-13,Delivered,,60.0
O010841,C03598,2024-11-07,Delivered,upi,40.0
O012704,C04234,2024-06-18,Delivered,upi,40.0
O007518,C02509,2025-08-06,Delivered,Credit Card,99.0
O012264,C04123,2024-12-06,Delivered,upi,60.0
O001561,C00495,2025-03-12,Delivered,upi,0.0
O003668,C01199,2024-07-09,Delivered,Net Banking,60.0
O005226,C01736,2025-03-09,delivered,upi,60.0
O000614,C00227,2024-03-03,Delivered,COD,99.0
O008603,C02851,2025-05-29,Delivered,Credit Card,99.0
O013862,C04601,2024-09-06,Delivered,upi,60.0
O016700,C05511,2025-06-14,Delivered,upi,60.0
O003394,C01086,2024-10-25,Delivered,Net Banking,40.0
O010595,C03516,2024-02-05,Returned,COD,60.0
O016551,C05457,2024-09-23,Delivered,Debit Card,99.0
O017530,C05783,2023-11-07,Delivered,Net Banking,0.0
O003246,C01027,2024-10-08,Delivered,upi,0.0
O010167,C03354,2023-03-08,Delivered,upi,60.0
O007752,C02552,2024-07-04,Delivered,Credit Card,60.0
O003225,C01026,2025-01-29,Delivered,Debit Card,99.0
O015905,C05234,2025-09-26,Cancelled,upi,0.0
O017020,C05606,2024-12-08,Delivered,COD,99.0
O002792,C00877,2024-11-03,Delivered,upi,0.0
O017385,C05729,2024-10-01,Delivered,upi,0.0
O011983,C04027,2024-01-24,Delivered,Debit Card,40.0
O017240,C05676,2025-08-05,Cancelled,Credit Card,60.0
O004216,C01389,2025-07-26,Returned,upi,0.0
O013218,C04397,2023-10-10,Delivered,Debit Card,99.0
O005939,C01969,2024-12-14,Delivered,upi,40.0
O010483,C03477,2025-03-10,Delivered,COD,99.0
O003773,C01232,2024-12-10,Delivered,upi,60.0
O016637,C05489,2024-03-06,Delivered,Net Banking,99.0
O009199,C03017,2024-02-06,Cancelled,Credit Card,40.0
O004642,C01551,2024-05-17,Delivered,COD,60.0
O003234,C01027,2023-09-12,Returned,Debit Card,0.0
O004519,C01520,2025-02-07,Delivered,Debit Card,60.0
O014405,C04767,2024-05-30,Returned,upi,40.0
O007181,C02392,2025-02-16,Delivered,Credit Card,0.0
O017464,C05759,2025-05-03,Delivered,COD,0.0
O002687,C00846,2025-09-17,Delivered,Net Banking,60.0
O013542,C04502,2024-03-26,Delivered,Net Banking,0.0
O009630,C03155,2025-01-21,Delivered,Credit Card,99.0
O016259,C05364,2025-05-29,Returned,Debit Card,40.0
O005135,C01705,2024-12-24,Delivered,upi,0.0
O015532,C05127,2024-12-05,Delivered,COD,0.0
O010507,C03486,2024-12-28,Delivered,Debit Card,99.0
O000988,C00356,2024-09-16,Delivered,upi,40.0
O002875,C00907,2024-10-21,Delivered,Debit Card,99.0
O001728,C00550,2024-03-15,Delivered,upi,0.0
O005237,C01741,2025-01-16,Delivered,COD,60.0
O002664,C00837,2025-03-19,Delivered,Net Banking,40.0
O008795,C02912,2025-04-10,Delivered,Debit Card,60.0
O013437,C04471,2025-02-21,Delivered,upi,0.0
O017395,C05729,2025-09-27,Delivered,Credit Card,99.0
O006534,C02161,2024-08-29,Delivered,COD,0.0
O017810,C05859,2024-11-19,Delivered,Debit Card,0.0
O013589,C04513,2024-11-05,Delivered,upi,0.0
O003449,C01101,2024-10-09,Delivered,upi,60.0
O012001,C04033,2025-07-07,Delivered,upi,99.0
O013320,C04434,2024-05-05,Delivered,Credit Card,0.0
O000471,C00181,2025-04-08,Returned,upi,0.0
O004033,C01325,2023-04-28,Delivered,Debit Card,60.0
O006384,C02104,2025-09-21,Delivered,COD,99.0
O010284,C03409,2025-07-16,Delivered,Net Banking,40.0
O008586,C02846,2024-01-22,Returned,Debit Card,40.0
O002693,C00851,2025-06-10,Delivered,COD,0.0
O012298,C04134,2024-08-29,Delivered,Credit Card,0.0
O007993,C02624,2024-01-22,Delivered,upi,0.0
O009288,C03043,2024-10-23,Cancelled,Debit Card,99.0
O017343,C05713,2023-07-16,Delivered,Debit Card,0.0
O005829,C01938,2024-07-10,Delivered,upi,40.0
O002831,C00894,2024-06-13,Returned,upi,99.0
O011171,C03705,2024-06-18,Delivered,Credit Card,99.0
O013087,C04358,2024-07-30,Delivered,upi,99.0
O004608,C01539,2025-08-12,Delivered,upi,99.0
O014843,C04892,2024-12-24,Delivered,Credit Card,60.0
O008001,C02628,2024-12-24,Delivered,Credit Card,0.0
O016946,C05586,2025-03-17,Delivered,,99.0
O008063,C02653,2024-12-17,Delivered,COD,40.0
O011729,C03925,2025-04-13,Delivered,Debit Card,0.0
O004682,C01558,2024-10-29,Delivered,Debit Card,60.0
O013557,C04502,2025-08-17,Delivered,Debit Card,0.0
O017173,C05661,2023-07-29,Delivered,Debit Card,0.0
O003068,C00974,2023-02-16,Delivered,Credit Card,0.0
O009148,C03007,2024-11-12,Delivered,COD,99.0
O012664,C04231,2025-07-02,Delivered,Debit Card,60.0
O010728,C03564,2025-07-02,Delivered,upi,60.0
O006487,C02145,2023-10-23,Delivered,NET BANKING,0.0
O006462,C02137,2025-07-22,Delivered,Net Banking,0.0
O012546,C04195,2024-06-23,Delivered,Credit Card,40.0
O008880,C02926,2025-08-05,Delivered,upi,0.0
O016785,C05542,2023-03-13,Delivered,Debit Card,0.0
O006318,C02077,2023-07-19,Delivered,Net Banking,40.0
O012397,C04158,2025-03-29,Delivered,Debit Card,0.0
O007913,C02596,2023-12-19,Delivered,COD,99.0
O008568,C02838,2023-12-08,Delivered,DEBIT CARD,99.0
O006926,C02298,2025-03-23,Delivered,Credit Card,0.0
O015998,C05262,2025-06-14,Delivered,Debit Card,60.0
O017997,C05918,2024-11-24,Delivered,COD,0.0
O013748,C04563,2025-06-24,Cancelled,upi,40.0
O014608,C04819,2023-07-07,Delivered,upi,60.0
O016337,C05384,2024-05-18,Delivered,,0.0
O009027,C02964,2025-01-13,Delivered,upi,99.0
O017817,C05863,2025-08-15,Delivered,Net Banking,60.0
O013951,C04639,2024-08-19,Delivered,COD,40.0
O013939,C04635,2025-06-16,Returned,,0.0
O013700,C04546,2025-09-17,Delivered,upi,0.0
O017899,C05883,2024-10-20,Returned,Debit Card,99.0
O012993,C04326,2023-12-17,Cancelled,UPI,0.0
O007288,C02438,2023-10-12,Delivered,Credit Card,0.0
O010919,C03624,2024-02-27,Delivered,Debit Card,0.0
O017520,C05777,2023-06-13,Returned,Credit Card,60.0
O003657,C01197,2025-06-05,Delivered,Net Banking,60.0
O015931,C05249,2025-09-27,Delivered,Debit Card,40.0
O015012,C04944,2024-10-09,Delivered,CREDIT CARD,99.0
O007328,C02451,2025-06-12,Returned,upi,99.0
O018112,C05940,2023-05-18,Delivered,upi,60.0
O006837,C02262,2025-01-10,Delivered,upi,60.0
O002622,C00829,2024-06-22,Delivered,Debit Card,0.0
O011753,C03933,2024-07-06,Delivered,COD,99.0
O011513,C03843,2025-07-22,Delivered,upi,0.0
O006559,C02168,2024-11-23,Delivered,COD,0.0
O011286,C03762,2024-02-01,Delivered,COD,40.0
O002359,C00756,2024-06-12,Delivered,upi,0.0
O005705,C01888,2024-12-04,Delivered,upi,99.0
O017106,C05631,2025-09-06,Delivered,Credit Card,60.0
O007386,C02469,2025-03-06,Delivered,Debit Card,60.0
O005065,C01687,2023-02-19,Delivered,upi,0.0
O001145,C00391,2024-11-30,Delivered,COD,40.0
O010423,C03450,2023-08-05,Delivered,COD,0.0
O017069,C05614,2023-05-10,Delivered,COD,99.0
O003682,C01205,2025-03-27,Delivered,upi,60.0
O010012,C03302,2025-06-14,Delivered,upi,99.0
O007910,C02596,2023-06-27,Delivered,upi,99.0
O000295,C00129,2024-09-25,Delivered,DEBIT CARD,0.0
O006836,C02262,2024-10-21,Delivered,Credit Card,0.0
O011077,C03668,2023-09-26,Delivered,COD,0.0
O008114,C02669,2025-03-06,Delivered,upi,40.0
O009134,C03006,2025-01-23,Delivered,Credit Card,0.0
O012680,C04234,2023-07-04,Delivered,COD,40.0
O009851,C03257,2024-12-02,Delivered,Net Banking,99.0
O005966,C01981,2023-12-18,Delivered,Net Banking,60.0
O006889,C02281,2025-03-21,Delivered,COD,99.0
O003192,C01014,2025-03-15,delivered,Debit Card,60.0
O005911,C01955,2023-01-23,Delivered,upi,60.0
O006470,C02139,2023-06-07,Returned,upi,60.0
O011784,C03952,2024-05-14,Delivered,Debit Card,99.0
O014801,C04880,2024-06-21,Delivered,Net Banking,0.0
O005045,C01681,2024-07-07,Delivered,upi,60.0
O017804,C05856,2025-09-22,Delivered,Debit Card,0.0
O014951,C04922,2023-07-03,Delivered,COD,99.0
O016204,C05341,2024-10-26,Delivered,upi,0.0
O014750,C04865,2023-04-15,Delivered,Credit Card,99.0
O008991,C02960,2025-09-08,Delivered,upi,60.0
O017326,C05711,2023-09-01,Delivered,COD,0.0
O000564,C00209,2024-09-27,Delivered,Debit Card,99.0
O005353,C01779,2024-09-10,Delivered,Debit Card,60.0
O001858,C00587,2024-01-27,Delivered,Debit Card,40.0
O017353,C05720,2024-05-10,Delivered,COD,99.0
O011808,C03963,2025-03-15,Delivered,upi,0.0
O010391,C03449,2023-02-25,Delivered,Debit Card,60.0
O006568,C02171,2023-11-30,Delivered,upi,40.0
O013950,C04639,2024-06-20,Delivered,upi,60.0
O016453,C05416,2024-01-14,Delivered,upi,40.0
O016782,C05539,2025-04-25,Delivered,COD,99.0
O002903,C00909,2024-07-29,Delivered,Credit Card,99.0
O014232,C04717,2024-04-07,Delivered,upi,0.0
O017049,C05610,2024-11-08,Delivered,COD,40.0
O006346,C02086,2025-03-16,Delivered,upi,40.0
O008316,C02757,2025-08-08,Delivered,COD,60.0
O001282,C00418,2025-06-06,Delivered,Debit Card,60.0
O013268,C04419,2025-08-18,Delivered,Debit Card,0.0
O011034,C03662,2023-10-18,Returned,COD,0.0
O013098,C04362,2024-09-19,Delivered,Debit Card,40.0
O009543,C03122,2025-04-27,Delivered,Credit Card,0.0
O005324,C01769,2023-09-25,Delivered,Credit Card,99.0
O005801,C01927,2024-12-24,Delivered,Debit Card,99.0
O002052,C00627,2025-05-20,Delivered,Debit Card,0.0
O008993,C02962,2023-03-28,Delivered,Credit Card,99.0
O005936,C01968,2024-01-20,Delivered,COD,99.0
O010325,C03420,2025-01-09,Delivered,Debit Card,99.0
O004974,C01656,2025-04-14,Delivered,upi,0.0
O006112,C02038,2023-11-28,Delivered,Net Banking,0.0
O007998,C02626,2024-06-30,Delivered,upi,0.0
O002964,C00928,2025-04-29,Delivered,Net Banking,40.0
O005649,C01872,2024-12-31,Delivered,Credit Card,0.0
O009704,C03188,2024-07-23,Delivered,upi,40.0
O003264,C01032,2025-05-25,Returned,Debit Card,60.0
O002730,C00866,2025-05-19,Delivered,UPI,40.0
O000182,C00096,2025-01-26,Delivered,COD,99.0
O014662,C04836,2024-09-04,Delivered,Debit Card,99.0
O010881,C03617,2024-02-22,Delivered,UPI,0.0
O001871,C00587,2025-05-07,Returned,upi,99.0
O011129,C03688,2024-10-19,Delivered,COD,40.0
O007677,C02539,2024-10-19,Delivered,upi,99.0
O010852,C03603,2023-10-19,Delivered,upi,60.0
O005581,C01842,2023-12-30,Delivered,upi,40.0
O004154,C01368,2025-03-20,Delivered,upi,0.0
O009511,C03115,2023-03-16,Delivered,upi,40.0
O014775,C04869,2025-09-10,Delivered,Debit Card,60.0
O012939,C04300,2023-03-26,Delivered,COD,0.0
O006330,C02080,2024-07-21,Delivered,COD,0.0
O010520,C03494,2024-06-28,Delivered,upi,0.0
O013434,C04471,2025-01-21,Delivered,upi,99.0
O016209,C05343,2023-07-19,delivered,UPI,99.0
O009052,C02973,2025-09-10,Cancelled,Net Banking,40.0
O012668,C04232,2024-07-29,Delivered,Debit Card,40.0
O000205,C00101,2024-04-29,Delivered,COD,0.0
O008395,C02789,2023-11-08,Delivered,COD,0.0
O009026,C02964,2025-01-01,Delivered,COD,40.0
O009402,C03093,2024-08-02,Delivered,upi,0.0
O002347,C00752,2025-06-17,Delivered,Debit Card,40.0
O018246,C05991,2025-09-23,Delivered,Net Banking,99.0
O015005,C04941,2024-06-13,Delivered,COD,0.0
O008906,C02934,2025-01-30,Delivered,Credit Card,99.0
O000886,C00331,2024-11-25,Delivered,Credit Card,0.0
O001130,C00391,2023-08-19,Delivered,upi,0.0
O008873,C02926,2025-03-23,Delivered,Credit Card,0.0
O000359,C00149,2025-02-22,Delivered,Debit Card,40.0
O003785,C01240,2024-01-22,Delivered,Debit Card,60.0
O003316,C01052,2025-04-29,Delivered,upi,99.0
O014057,C04662,2025-01-30,Delivered,Net Banking,99.0
O016991,C05598,2025-05-09,Returned,upi,0.0
O002542,C00807,2025-04-12,Delivered,DEBIT CARD,0.0
O009740,C03209,2024-11-16,Delivered,upi,0.0
O001348,C00427,2024-12-20,Returned,Net Banking,40.0
O016520,C05439,2025-02-11,Returned,COD,60.0
O004621,C01542,2025-02-25,Delivered,Credit Card,60.0
O008463,C02806,2025-04-06,Delivered,COD,60.0
O011234,C03736,2024-07-30,Delivered,COD,40.0
O013321,C04435,2023-12-13,Delivered,Debit Card,40.0
O010466,C03470,2023-11-10,Delivered,Debit Card,60.0
O004933,C01646,2023-12-25,Delivered,upi,0.0
O002137,C00666,2024-12-08,Delivered,Credit Card,40.0
O012872,C04290,2024-01-31,Delivered,COD,40.0
O018202,C05980,2025-09-12,Delivered,COD,40.0
O010183,C03359,2024-10-04,Delivered,upi,40.0
O011196,C03722,2025-04-09,Delivered,Credit Card,0.0
O015623,C05159,2023-12-15,Cancelled,Debit Card,99.0
O006299,C02065,2024-10-29,Delivered,upi,40.0
O000421,C00165,2025-01-24,Delivered,Credit Card,40.0
O005830,C01938,2024-11-19,Delivered,upi,40.0
O017082,C05620,2024-03-01,Delivered,COD,0.0
O001171,C00394,2024-08-24,Delivered,Credit Card,60.0
O017077,C05617,2023-01-20,Delivered,upi,40.0
O011317,C03772,2024-05-10,delivered,Net Banking,0.0
O010184,C03359,2025-09-01,Delivered,Credit Card,0.0
O014034,C04657,2024-08-18,Delivered,Debit Card,99.0
O009317,C03057,2023-04-30,Delivered,Credit Card,0.0
O016378,C05401,2025-06-17,Delivered,upi,99.0
O014487,C04794,2024-08-31,Returned,upi,0.0
O007134,C02387,2023-05-23,Delivered,upi,40.0
O016233,C05356,2023-04-06,Delivered,Credit Card,0.0
O005814,C01934,2024-05-06,Delivered,Debit Card,0.0
O007461,C02493,2024-12-03,Delivered,CREDIT CARD,40.0
O002561,C00813,2024-09-28,Delivered,upi,0.0
O009186,C03010,2024-09-04,Delivered,Debit Card,0.0
O008456,C02800,2024-09-29,Delivered,UPI,60.0
O005730,C01898,2025-05-16,Delivered,Credit Card,60.0
O003768,C01231,2025-07-24,Delivered,upi,99.0
O012548,C04195,2024-09-30,Delivered,COD,0.0
O000393,C00153,2025-01-21,Delivered,Credit Card,60.0
O001835,C00581,2024-06-01,Cancelled,Debit Card,60.0
O015765,C05199,2024-11-08,Delivered,Net Banking,0.0
O002312,C00740,2025-05-18,Delivered,Debit Card,60.0
O001897,C00592,2024-01-21,Delivered,Credit Card,0.0
O008280,C02741,2025-03-07,Delivered,Net Banking,60.0
O010097,C03328,2024-12-30,Delivered,Debit Card,99.0
O005240,C01742,2024-07-20,delivered,Debit Card,60.0
O012996,C04326,2024-04-06,Delivered,Net Banking,40.0
O014167,C04710,2023-09-01,Returned,Net Banking,60.0
O015524,C05124,2025-08-28,Delivered,COD,40.0
O011486,C03843,2024-05-24,Delivered,Debit Card,60.0
O000607,C00222,2025-01-21,Delivered,Debit Card,0.0
O011517,C03845,2023-04-27,Delivered,Net Banking,99.0
O017163,C05661,2023-04-13,Delivered,Debit Card,40.0
O011207,C03730,2023-09-19,Delivered,COD,40.0
O007590,C02523,2024-09-12,Delivered,upi,40.0
O012583,C04208,2025-08-18,Cancelled,upi,0.0
O015987,C05260,2025-08-30,Delivered,COD,40.0
O006225,C02046,2025-01-31,Delivered,upi,0.0
O003908,C01284,2023-10-19,Delivered,upi,99.0
O007407,C02474,2024-12-24,Delivered,Credit Card,99.0
O017261,C05688,2024-07-19,Delivered,Credit Card,40.0
O008655,C02867,2024-03-12,delivered,Debit Card,60.0
O001828,C00578,2025-06-27,Delivered,Net Banking,99.0
O012807,C04265,2023-07-15,Delivered,upi,0.0
O016080,C05291,2023-10-05,Cancelled,Credit Card,0.0
O015220,C05014,2025-02-14,Delivered,COD,99.0
O008889,C02930,2025-02-27,Delivered,Credit Card,0.0
O005133,C01705,2024-03-25,Delivered,Credit Card,0.0
O005180,C01719,2025-02-21,Delivered,UPI,99.0
O011822,C03969,2024-01-19,Delivered,Debit Card,60.0
O006760,C02241,2023-09-11,Cancelled,UPI,60.0
O009197,C03016,2024-12-24,delivered,COD,0.0
O012554,C04197,2023-03-03,Returned,UPI,40.0
O005242,C01742,2024-08-08,Delivered,Credit Card,0.0
O007914,C02596,2024-01-29,Returned,upi,60.0
O002597,C00826,2023-05-23,Delivered,Debit Card,0.0
O013898,C04619,2024-08-14,Returned,upi,60.0
O013614,C04523,2024-06-14,Delivered,COD,60.0
O001994,C00610,2025-07-23,Delivered,upi,40.0
O013611,C04522,2025-02-20,Delivered,upi,0.0
O015489,C05110,2025-09-09,Delivered,COD,0.0
O018005,C05919,2025-07-03,Delivered,COD,60.0
O004656,C01555,2023-10-19,Delivered,Net Banking,60.0
O004307,C01421,2025-07-18,Delivered,Credit Card,60.0
O013339,C04444,2025-03-22,Returned,,99.0
O010784,C03579,2025-09-02,Delivered,upi,0.0
O008449,C02797,2024-04-06,Delivered,COD,0.0
O012085,C04066,2025-02-23,Delivered,upi,99.0
O013430,C04471,2024-11-18,Delivered,Debit Card,0.0
O000132,C00071,2024-07-07,Delivered,COD,40.0
O014754,C04866,2023-08-25,Delivered,upi,60.0
O002900,C00909,2023-11-08,Delivered,Net Banking,99.0
O013980,C04644,2024-05-23,Delivered,Credit Card,40.0
O017894,C05881,2024-09-07,Delivered,upi,0.0
O015799,C05210,2023-09-13,Delivered,Credit Card,0.0
O006929,C02301,2024-01-02,Delivered,upi,0.0
O004821,C01602,2025-08-24,Delivered,upi,0.0
O007997,C02626,2023-10-25,Delivered,upi,0.0
O000858,C00322,2025-03-15,Delivered,upi,40.0
O015922,C05245,2025-04-15,delivered,UPI,40.0
O013390,C04459,2024-07-14,Delivered,upi,99.0
O009533,C03115,2025-09-05,Delivered,Debit Card,0.0
O010989,C03651,2023-11-07,Delivered,upi,0.0
O015933,C05250,2023-02-08,Delivered,COD,40.0
O007184,C02393,2023-10-13,Delivered,Credit Card,40.0
O016712,C05514,2025-09-26,delivered,Net Banking,99.0
O009924,C03268,2025-06-14,Delivered,Net Banking,0.0
O017227,C05670,2024-12-24,Delivered,upi,60.0
O012420,C04163,2024-10-17,Delivered,upi,60.0
O001403,C00443,2025-06-01,Delivered,upi,0.0
O015562,C05134,2024-07-12,Delivered,Net Banking,0.0
O000183,C00096,2025-02-01,Delivered,CREDIT CARD,0.0
O008330,C02765,2024-12-18,Delivered,upi,60.0
O001951,C00606,2024-06-13,Delivered,upi,99.0
O013364,C04449,2024-04-13,Delivered,Credit Card,99.0
O010374,C03444,2023-09-05,Cancelled,Net Banking,40.0
O009446,C03100,2025-02-09,returned,COD,0.0
O013740,C04559,2025-01-08,Delivered,Credit Card,40.0
O005667,C01880,2024-08-26,Delivered,upi,0.0
O006088,C02023,2025-02-24,Delivered,upi,0.0
O005638,C01870,2024-10-17,Delivered,Net Banking,60.0
O005702,C01887,2024-03-29,Delivered,upi,40.0
O018175,C05967,2023-10-12,Delivered,upi,40.0
O013824,C04578,2024-08-31,Delivered,Net Banking,0.0
O008266,C02735,2024-11-12,Delivered,Credit Card,99.0
O012918,C04297,2024-11-23,Delivered,DEBIT CARD,99.0
O011668,C03892,2025-06-28,Delivered,,0.0
O000462,C00181,2023-09-06,Delivered,Debit Card,60.0
O012787,C04255,2025-04-01,Delivered,COD,60.0
O014162,C04709,2024-10-16,Delivered,COD,99.0
O007170,C02388,2024-04-13,Delivered,upi,60.0
O013307,C04431,2023-01-27,Delivered,upi,40.0
O010199,C03364,2025-01-14,Delivered,upi,40.0
O002106,C00655,2025-09-08,Delivered,Net Banking,60.0
O015087,C04965,2025-06-28,Delivered,Debit Card,0.0
O010835,C03596,2024-01-16,Delivered,Credit Card,99.0
O016848,C05555,2025-03-03,Delivered,upi,99.0
O005161,C01712,2024-09-25,Delivered,upi,60.0
O000041,C00024,2025-01-14,Delivered,upi,40.0
O002469,C00781,2025-09-02,Delivered,Credit Card,60.0
O000206,C00102,2025-02-17,Delivered,upi,0.0
O012966,C04313,2025-09-09,Returned,upi,40.0
O001758,C00558,2023-12-01,Delivered,Debit Card,0.0
O017572,C05797,2023-10-18,Delivered,upi,60.0
O009992,C03295,2025-06-04,Delivered,Net Banking,0.0
O013273,C04421,2024-08-15,Delivered,Credit Card,99.0
O003395,C01086,2024-12-08,Delivered,upi,0.0
O015985,C05260,2025-08-20,Delivered,upi,0.0
O017394,C05729,2025-07-16,Returned,COD,0.0
O007252,C02423,2025-05-18,Delivered,Net Banking,99.0
O005874,C01952,2023-09-25,Delivered,upi,40.0
O006516,C02156,2025-02-24,Delivered,Net Banking,0.0
O002947,C00921,2024-11-21,Delivered,upi,60.0
O000865,C00322,2025-08-28,Delivered,COD,0.0
O009210,C03021,2024-02-03,Delivered,Net Banking,40.0
O011023,C03660,2024-06-01,Delivered,Credit Card,0.0
O004901,C01639,2025-06-12,cancelled,upi,0.0
O007111,C02382,2025-03-10,Delivered,upi,99.0
O009411,C03093,2025-01-28,Delivered,upi,0.0
O002729,C00866,2025-02-05,Cancelled,upi,99.0
O011505,C03843,2025-01-16,Delivered,COD,40.0
O015724,C05175,2025-02-19,Delivered,Credit Card,40.0
O005744,C01903,2024-08-15,Delivered,Credit Card,0.0
O000522,C00195,2024-07-15,Delivered,upi,99.0
O001958,C00609,2024-01-14,Delivered,Debit Card,0.0
O008898,C02934,2024-09-06,Delivered,upi,0.0
O005585,C01844,2025-05-31,Delivered,DEBIT CARD,40.0
O017170,C05661,2023-06-23,Delivered,COD,60.0
O017469,C05761,2024-09-15,Delivered,COD,0.0
O013287,C04424,2024-10-23,Delivered,COD,0.0
O013729,C04554,2024-09-27,Delivered,COD,99.0
O004914,C01643,2024-08-03,Delivered,Net Banking,40.0
O003920,C01287,2025-09-27,Delivered,Credit Card,40.0
O014864,C04896,2024-10-26,Delivered,,0.0
O002043,C00627,2024-04-14,Delivered,COD,60.0
O006013,C01998,2023-04-27,Delivered,Net Banking,40.0
O015498,C05116,2023-04-27,Delivered,upi,0.0
O009768,C03221,2025-09-19,Delivered,upi,0.0
O005006,C01671,2025-03-07,Delivered,COD,40.0
O003790,C01240,2025-01-24,Delivered,upi,0.0
O009006,C02964,2023-04-06,Delivered,Debit Card,0.0
O012761,C04248,2025-07-23,Delivered,COD,99.0
O006511,C02156,2024-10-28,Delivered,upi,0.0
O011611,C03870,2024-12-06,Delivered,upi,99.0
O012686,C04234,2023-12-02,Delivered,Debit Card,60.0
O007012,C02339,2024-09-13,Delivered,upi,0.0
O004658,C01555,2024-09-18,Delivered,Credit Card,40.0
O009360,C03075,2023-11-10,Delivered,upi,99.0
O009668,C03169,2025-09-08,Cancelled,Credit Card,60.0
O007377,C02466,2025-03-29,Delivered,upi,0.0
O007852,C02581,2023-11-05,Delivered,Credit Card,40.0
O014823,C04885,2024-08-29,Delivered,upi,99.0
O005680,C01884,2024-10-02,Delivered,Credit Card,40.0
O017609,C05813,2024-07-08,Returned,COD,40.0
O011344,C03779,2025-07-10,Delivered,Credit Card,40.0
O016684,C05503,2025-08-24,Delivered,COD,0.0
O011031,C03661,2025-03-28,Returned,Net Banking,60.0
O012776,C04251,2023-10-24,Returned,COD,99.0
O011914,C04000,2024-04-20,Delivered,upi,40.0
O012329,C04140,2025-01-20,Delivered,Credit Card,60.0
O000069,C00033,2025-08-16,Delivered,upi,40.0
O004569,C01538,2025-04-05,Delivered,COD,0.0
O018228,C05986,2025-08-26,Delivered,upi,40.0
O003765,C01231,2025-02-21,delivered,Debit Card,60.0
O012186,C04105,2024-10-19,Delivered,upi,0.0
O013058,C04347,2025-05-29,Cancelled,upi,0.0
O002445,C00779,2025-05-07,Delivered,CREDIT CARD,60.0
O001307,C00424,2024-01-31,Delivered,UPI,40.0
O007257,C02425,2025-05-03,Delivered,upi,40.0
O003041,C00965,2024-06-20,Delivered,Net Banking,99.0
O010265,C03400,2024-09-15,Delivered,upi,99.0
O014735,C04857,2025-09-19,Returned,Credit Card,60.0
O015648,C05159,2025-02-24,Delivered,COD,60.0
O002383,C00761,2024-11-07,Delivered,COD,0.0
O012922,C04297,2025-01-19,Cancelled,upi,0.0
O016047,C05275,2025-06-07,Cancelled,upi,99.0
O002259,C00713,2025-07-26,Delivered,Credit Card,99.0
O015495,C05113,2023-10-06,Delivered,Debit Card,99.0
O015379,C05064,2023-09-20,Delivered,Debit Card,60.0
O009415,C03093,2025-06-03,Cancelled,upi,0.0
O007863,C02584,2024-11-12,Delivered,upi,0.0
O012262,C04123,2024-10-08,Delivered,Net Banking,0.0
O008760,C02897,2025-07-25,Delivered,COD,99.0
O007927,C02602,2024-06-21,Delivered,Net Banking,40.0
O005155,C01709,2024-07-08,Delivered,upi,0.0
O001131,C00391,2023-08-25,Delivered,upi,99.0
O004454,C01489,2024-07-06,Delivered,Credit Card,0.0
O016073,C05290,2023-04-03,Delivered,Credit Card,60.0
O006183,C02041,2025-02-17,delivered,Debit Card,99.0
O000362,C00149,2025-06-19,Delivered,Net Banking,60.0
O005318,C01766,2024-07-12,Delivered,upi,0.0
O002949,C00923,2023-09-08,Delivered,Debit Card,60.0
O006381,C02104,2025-07-31,Delivered,upi,60.0
O005049,C01682,2024-05-03,Delivered,upi,0.0
O017928,C05892,2025-08-15,Cancelled,upi,60.0
O009696,C03187,2023-03-24,Delivered,COD,40.0
O017979,C05905,2025-04-07,Delivered,Debit Card,0.0
O005205,C01734,2023-11-28,Delivered,upi,40.0
O012604,C04219,2023-12-09,Delivered,upi,40.0
O013989,C04644,2025-02-15,Delivered,COD,40.0
O012861,C04285,2025-05-28,Delivered,COD,99.0
O014257,C04720,2023-10-08,Delivered,COD,40.0
O003477,C01112,2023-05-27,Delivered,DEBIT CARD,60.0
O008921,C02935,2024-02-26,Delivered,COD,60.0
O000288,C00128,2024-08-06,Delivered,CREDIT CARD,60.0
O001193,C00394,2025-09-21,Delivered,upi,0.0
O001959,C00609,2024-01-16,Delivered,upi,99.0
O002121,C00661,2024-12-19,Delivered,COD,40.0
O008058,C02650,2025-04-23,Delivered,COD,0.0
O006215,C02046,2024-06-06,Delivered,upi,0.0
O005847,C01944,2025-04-07,Delivered,COD,40.0
O015506,C05120,2025-03-11,Delivered,Credit Card,99.0
O001108,C00385,2024-11-20,Delivered,upi,60.0
O003748,C01231,2023-07-19,Delivered,upi,99.0
O011523,C03849,2024-10-21,Delivered,Credit Card,40.0
O014861,C04894,2025-04-12,Delivered,Net Banking,0.0
O012911,C04297,2024-02-23,Delivered,upi,40.0
O004311,C01424,2023-05-12,Delivered,upi,0.0
O000397,C00153,2025-03-28,Returned,upi,60.0
O018029,C05928,2024-06-12,Delivered,Credit Card,0.0
O009878,C03262,2023-01-23,Delivered,COD,0.0
O017782,C05851,2024-04-30,Delivered,Debit Card,99.0
O017554,C05790,2024-02-24,Delivered,upi,0.0
O004588,C01539,2024-07-29,delivered,upi,60.0
O016133,C05315,2023-07-07,Delivered,Debit Card,99.0
O000763,C00291,2023-04-21,Delivered,upi,0.0
O001164,C00394,2024-05-07,Delivered,Debit Card,0.0
O014306,C04730,2025-03-21,Delivered,upi,0.0
O016351,C05392,2025-08-03,delivered,COD,40.0
O006379,C02104,2025-03-19,Delivered,Credit Card,40.0
O016610,C05476,2024-05-12,Delivered,Net Banking,40.0
O001184,C00394,2025-05-06,Returned,Debit Card,40.0
O007372,C02464,2025-03-02,Delivered,upi,0.0
O017407,C05736,2025-06-11,delivered,Credit Card,99.0
O004023,C01324,2024-02-03,Delivered,upi,0.0
O001705,C00543,2025-08-17,Delivered,CREDIT CARD,60.0
O003224,C01026,2025-01-04,Delivered,COD,0.0
O006836,C02262,2024-10-21,Delivered,Credit Card,0.0
O004482,C01505,2024-05-19,Returned,Credit Card,40.0
O002041,C00627,2023-12-23,Delivered,upi,40.0
O012334,C04142,2024-01-05,Delivered,Credit Card,99.0
O014251,C04719,2024-01-21,delivered,COD,0.0
O011850,C03977,2025-05-28,Returned,Debit Card,0.0
O013962,C04641,2025-01-22,Delivered,COD,40.0
O001848,C00583,2023-12-25,Delivered,Credit Card,0.0
O009563,C03134,2025-08-02,Delivered,DEBIT CARD,0.0
O001749,C00553,2025-09-13,Delivered,Credit Card,99.0
O013974,C04644,2024-02-20,Delivered,Debit Card,40.0
O014161,C04708,2025-08-18,Delivered,Net Banking,40.0
O015349,C05056,2023-07-19,Delivered,COD,60.0
O002293,C00728,2025-01-05,Cancelled,upi,0.0
O017320,C05710,2024-09-10,Delivered,upi,0.0
O014202,C04716,2023-11-20,Delivered,upi,60.0
O013488,C04493,2023-05-02,Delivered,Credit Card,60.0
O013276,C04421,2024-11-20,Delivered,Net Banking,0.0
O001665,C00527,2025-03-04,Delivered,COD,40.0
O017453,C05751,2025-09-22,Delivered,Credit Card,0.0
O007053,C02360,2025-05-07,Cancelled,upi,0.0
O009465,C03102,2024-12-03,Delivered,Credit Card,40.0
O011232,C03735,2023-08-05,Delivered,upi,0.0
O016577,C05463,2025-09-15,Delivered,Debit Card,0.0
O011102,C03673,2024-01-10,Delivered,Net Banking,60.0
O010046,C03308,2025-06-10,Delivered,Debit Card,0.0
O016273,C05370,2025-02-08,Delivered,Debit Card,0.0
O017666,C05824,2025-08-20,Delivered,Credit Card,0.0
O004720,C01571,2024-09-16,delivered,Net Banking,60.0
O006340,C02083,2024-10-23,Delivered,COD,60.0
O015369,C05060,2024-09-24,Delivered,upi,60.0
O016563,C05459,2025-03-06,Delivered,Net Banking,60.0
O008256,C02730,2025-05-04,Delivered,upi,40.0
O012798,C04262,2024-04-03,Delivered,CREDIT CARD,99.0
O013351,C04446,2025-06-27,Returned,Credit Card,0.0
O009513,C03115,2023-07-01,Delivered,DEBIT CARD,99.0
O012213,C04118,2024-09-18,Delivered,COD,0.0
O010172,C03354,2025-01-14,Delivered,Net Banking,99.0
O014478,C04794,2023-12-09,Cancelled,Net Banking,40.0
O004767,C01583,2024-03-28,Returned,Debit Card,0.0
O001931,C00596,2023-12-01,Delivered,COD,0.0
O004960,C01649,2025-06-28,Delivered,Debit Card,0.0
O009215,C03023,2025-01-23,Delivered,upi,0.0
O018220,C05986,2024-11-01,Delivered,Credit Card,0.0
O006258,C02053,2025-07-11,Delivered,upi,0.0
O012973,C04318,2025-07-07,Delivered,upi,40.0
O002400,C00767,2024-09-30,Delivered,Net Banking,40.0
O017870,C05874,2025-01-29,Returned,upi,40.0
O001420,C00449,2024-07-21,Delivered,upi,0.0
O005156,C01710,2025-05-22,Delivered,upi,0.0
O012892,C04291,2025-02-27,Returned,Net Banking,60.0
O011872,C03991,2025-05-13,Cancelled,upi,60.0
O014428,C04775,2024-11-06,Delivered,Net Banking,0.0
O015053,C04955,2023-12-05,Delivered,Debit Card,0.0
O000504,C00193,2024-11-10,Delivered,upi,60.0
O006615,C02188,2024-12-12,Returned,upi,40.0
O003651,C01193,2025-05-20,Delivered,upi,60.0
O006331,C02080,2024-09-09,Delivered,Credit Card,60.0
O000838,C00316,2024-05-11,Delivered,UPI,40.0
O004496,C01509,2025-09-14,returned,Net Banking,0.0
O001476,C00464,2025-06-29,Delivered,Net Banking,0.0
O004240,C01399,2023-07-13,Returned,upi,99.0
O010206,C03370,2025-03-29,Delivered,upi,99.0
O014827,C04885,2025-01-18,Delivered,Net Banking,99.0
O008076,C02659,2023-11-18,Delivered,Credit Card,99.0
O016923,C05579,2025-04-20,Delivered,DEBIT CARD,40.0
O010848,C03600,2025-01-20,delivered,upi,60.0
O005385,C01787,2023-10-15,Returned,upi,99.0
O001021,C00361,2024-01-14,Delivered,upi,0.0
O003622,C01179,2025-06-10,Returned,Credit Card,40.0
O007945,C02610,2025-07-10,Delivered,Credit Card,60.0
O003142,C00998,2025-07-27,Delivered,Credit Card,60.0
O007593,C02523,2024-11-22,Delivered,Credit Card,0.0
O017968,C05905,2024-11-24,Delivered,Net Banking,40.0
O009051,C02973,2025-03-05,Delivered,upi,40.0
O014544,C04806,2024-12-18,Cancelled,Debit Card,0.0
O011596,C03866,2025-04-02,Delivered,upi,60.0
O001845,C00582,2023-12-23,Delivered,COD,60.0
O005987,C01990,2024-10-11,Delivered,upi,40.0
O003184,C01012,2023-03-01,Delivered,Net Banking,99.0
O009337,C03066,2023-06-19,Delivered,upi,60.0
O003556,C01146,2024-08-11,Delivered,Credit Card,0.0
O002091,C00644,2023-09-23,Delivered,Debit Card,60.0
O013313,C04432,2023-11-10,Delivered,Debit Card,40.0
O016990,C05598,2025-01-12,Delivered,Debit Card,0.0
O000843,C00316,2025-06-29,Delivered,Debit Card,40.0
O006405,C02115,2024-01-04,Delivered,Credit Card,40.0
O008167,C02691,2025-09-13,Delivered,upi,99.0
O012099,C04067,2025-02-07,Delivered,COD,99.0
O015153,C04991,2025-04-23,Delivered,Debit Card,99.0
O015868,C05225,2025-07-16,Delivered,Credit Card,99.0
O006508,C02156,2024-08-07,Delivered,upi,99.0
O002615,C00828,2025-08-01,Cancelled,upi,60.0
O010648,C03533,2024-08-11,Delivered,Debit Card,0.0
O004037,C01327,2024-02-05,Delivered,Net Banking,0.0
O001313,C00426,2024-11-26,Delivered,upi,99.0
O010397,C03449,2023-10-22,Delivered,,60.0
O003453,C01101,2024-12-14,Delivered,Credit Card,0.0
O004133,C01353,2023-10-16,Delivered,Net Banking,60.0
O000130,C00071,2023-08-21,Returned,COD,0.0
O001589,C00500,2025-07-29,Delivered,Debit Card,40.0
O013801,C04576,2024-05-15,Delivered,Net Banking,40.0
O008567,C02837,2025-08-21,Delivered,upi,40.0
O012967,C04314,2023-06-01,Delivered,COD,0.0
O001438,C00459,2025-07-09,Delivered,upi,60.0
O016328,C05378,2025-04-18,Delivered,upi,40.0
O005625,C01865,2023-08-05,Returned,upi,60.0
O004589,C01539,2024-08-23,Delivered,upi,0.0
O009714,C03194,2024-11-05,Delivered,Credit Card,99.0
O007295,C02441,2024-09-17,Delivered,Debit Card,0.0
O001742,C00553,2024-10-22,Delivered,upi,40.0
O004540,C01529,2025-09-06,Returned,Credit Card,0.0
O016687,C05505,2023-06-24,Delivered,Net Banking,99.0
O013720,C04552,2025-02-05,Delivered,Debit Card,40.0
O013621,C04524,2024-05-10,Delivered,upi,60.0
O005826,C01938,2024-04-30,Delivered,upi,60.0
O011994,C04030,2024-11-24,Delivered,UPI,60.0
O007749,C02552,2024-05-11,Delivered,upi,99.0
O016132,C05314,2025-05-31,Delivered,upi,0.0
O016652,C05489,2025-07-07,Delivered,Net Banking,40.0
O016225,C05352,2024-01-25,Returned,Credit Card,0.0
O014448,C04782,2023-03-24,Delivered,Credit Card,40.0
O012219,C04118,2025-08-08,Delivered,upi,60.0
O003967,C01303,2025-03-30,Delivered,upi,99.0
O012217,C04118,2024-12-22,Delivered,upi,40.0
O012475,C04172,2024-11-04,Delivered,upi,0.0
O007264,C02427,2024-01-31,Delivered,COD,40.0
O012469,C04172,2024-03-09,Cancelled,COD,60.0
O013400,C04462,2025-03-30,Delivered,upi,99.0
O009953,C03279,2025-02-28,Delivered,Net Banking,40.0
O002409,C00771,2025-09-04,Delivered,Credit Card,99.0
O006594,C02180,2025-03-03,Delivered,Net Banking,99.0
O017243,C05678,2025-07-21,Delivered,upi,0.0
O016976,C05594,2024-10-24,Delivered,Credit Card,99.0
O006547,C02166,2024-12-30,Delivered,upi,40.0
O001567,C00496,2025-03-01,Delivered,Net Banking,99.0
O000662,C00241,2025-07-04,delivered,Credit Card,60.0
O011057,C03664,2024-10-24,Delivered,,0.0
O004724,C01572,2023-12-02,Delivered,upi,40.0
O003354,C01070,2025-08-21,Delivered,Credit Card,99.0
O017381,C05729,2024-06-08,Delivered,Debit Card,99.0
O005615,C01860,2025-04-09,Delivered,upi,40.0
O015550,C05130,2024-08-14,Delivered,Credit Card,99.0
O003006,C00950,2025-05-17,Delivered,Credit Card,0.0
O017853,C05870,2024-11-09,Delivered,upi,60.0
O004520,C01520,2025-05-28,Delivered,upi,40.0
O004697,C01561,2024-11-09,Delivered,Credit Card,60.0
O008210,C02708,2023-06-26,Delivered,upi,40.0
O012103,C04068,2023-03-25,Delivered,Debit Card,99.0
O013999,C04645,2025-07-14,Delivered,upi,0.0
O008683,C02875,2024-05-01,Delivered,COD,0.0
O007558,C02516,2025-07-22,Delivered,Debit Card,40.0
O005545,C01833,2024-08-27,Returned,Net Banking,0.0
O010148,C03343,2025-04-24,Delivered,upi,99.0
O008222,C02714,2023-10-23,Delivered,Debit Card,99.0
O015168,C04998,2023-03-07,Delivered,upi,99.0
O000286,C00126,2024-09-28,Delivered,COD,40.0
O001349,C00427,2025-01-05,Delivered,upi,0.0
O004298,C01420,2023-05-13,Delivered,Debit Card,60.0
O004049,C01330,2024-06-26,Delivered,upi,40.0
O015972,C05258,2025-04-28,Delivered,Net Banking,99.0
O012023,C04042,2025-09-19,Delivered,upi,40.0
O015969,C05258,2024-11-04,Delivered,Credit Card,0.0
O011522,C03848,2025-02-06,Delivered,Net Banking,99.0
O007804,C02561,2024-04-29,Delivered,Credit Card,0.0
O004122,C01349,2025-03-25,Delivered,upi,0.0
O010591,C03516,2023-05-08,Cancelled,COD,0.0
O000067,C00032,2023-08-15,Delivered,upi,60.0
O000449,C00173,2024-06-04,Returned,Debit Card,99.0
O012019,C04040,2024-12-10,Delivered,upi,60.0
O004080,C01342,2024-03-29,Delivered,upi,60.0
O016253,C05360,2025-07-06,Delivered,upi,0.0
O000680,C00252,2024-05-05,Delivered,upi,0.0
O015872,C05226,2025-08-03,Delivered,upi,40.0
O015472,C05105,2025-06-01,Delivered,Credit Card,99.0
O001486,C00467,2024-09-08,Delivered,upi,0.0
O016276,C05371,2023-12-07,Delivered,upi,40.0
O006798,C02249,2025-04-13,Delivered,Debit Card,0.0
O002880,C00907,2025-06-25,Delivered,upi,99.0
O011266,C03751,2024-03-29,Delivered,UPI,0.0
O009558,C03132,2024-07-23,Delivered,Net Banking,60.0
O001685,C00535,2025-06-17,Delivered,upi,40.0
O001759,C00558,2024-05-12,Delivered,Debit Card,60.0
O004383,C01453,2024-10-04,Delivered,COD,0.0
O014404,C04767,2023-12-21,Delivered,upi,0.0
O011661,C03889,2025-06-26,Delivered,upi,60.0
O015265,C05031,2025-01-01,Delivered,Debit Card,60.0
O014883,C04900,2025-01-07,Delivered,Credit Card,40.0
O006078,C02023,2024-01-06,Delivered,upi,60.0
O000531,C00201,2023-08-29,Delivered,Credit Card,99.0
O007843,C02578,2023-01-27,Delivered,upi,60.0
O004618,C01541,2025-08-03,Delivered,,0.0
O003729,C01224,2023-01-15,Delivered,COD,40.0
O000125,C00069,2024-06-11,Delivered,upi,40.0
O017978,C05905,2025-03-31,Delivered,upi,99.0
O010941,C03633,2025-06-07,Delivered,upi,60.0
O016323,C05378,2023-04-14,Delivered,Net Banking,0.0
O002028,C00624,2023-09-23,Delivered,upi,99.0
O004354,C01443,2024-11-25,Delivered,COD,99.0
O008310,C02755,2024-02-11,Delivered,Debit Card,0.0
O008112,C02667,2025-08-15,Delivered,upi,40.0
O015054,C04955,2024-02-19,Delivered,Credit Card,60.0
O005563,C01833,2025-09-01,Delivered,Net Banking,40.0
O007015,C02341,2025-04-02,Delivered,upi,60.0
O009997,C03298,2024-05-25,Delivered,upi,40.0
O005252,C01744,2024-12-16,Delivered,upi,0.0
O002313,C00740,2025-05-31,Delivered,Debit Card,99.0
O015974,C05258,2025-07-08,Delivered,upi,0.0
O008726,C02886,2024-08-21,Delivered,upi,0.0
O010973,C03641,2024-04-26,Cancelled,upi,60.0
O001194,C00395,2024-05-07,Delivered,,0.0
O009934,C03274,2024-02-07,Delivered,COD,40.0
O005473,C01815,2025-03-05,Delivered,Debit Card,0.0
O003721,C01219,2025-07-27,Delivered,Debit Card,0.0
O014640,C04827,2025-02-15,Delivered,upi,40.0
O007219,C02407,2023-11-08,Delivered,Credit Card,99.0
O008533,C02825,2024-03-22,Delivered,COD,0.0
O008104,C02664,2023-08-09,Delivered,upi,0.0
O000893,C00335,2023-11-21,Delivered,COD,60.0
O015544,C05130,2024-03-31,Returned,Credit Card,60.0
O012605,C04219,2023-12-11,Delivered,upi,99.0
O011496,C03843,2024-09-15,Delivered,NET BANKING,40.0
O015790,C05208,2023-05-18,Delivered,upi,99.0
O017707,C05836,2024-06-05,Delivered,Credit Card,0.0
O004312,C01425,2023-07-09,Delivered,Net Banking,0.0
O011380,C03801,2024-09-23,Delivered,COD,0.0
O004740,C01579,2024-09-20,Delivered,COD,40.0
O008221,C02714,2023-08-05,Delivered,Credit Card,40.0
O017676,C05830,2024-06-11,Delivered,upi,99.0
O017571,C05796,2024-07-14,Delivered,Credit Card,40.0
O017594,C05808,2025-03-28,Delivered,COD,99.0
O017799,C05853,2025-04-09,Delivered,COD,40.0
O011162,C03702,2024-01-15,Delivered,upi,0.0
O012010,C04035,2025-08-18,Delivered,upi,0.0
O010275,C03408,2024-11-26,Delivered,Debit Card,0.0
O018225,C05986,2025-02-22,Delivered,COD,60.0
O000515,C00194,2024-07-22,Delivered,Credit Card,0.0
O001333,C00427,2024-06-29,Delivered,COD,0.0
O016370,C05398,2025-09-20,Delivered,upi,60.0
O008082,C02659,2024-09-08,Delivered,,99.0
O011699,C03910,2024-09-01,Delivered,Credit Card,40.0
O017578,C05800,2025-05-21,Delivered,COD,0.0
O000737,C00280,2024-12-17,Delivered,upi,99.0
O010867,C03611,2023-04-28,Delivered,Credit Card,0.0
O001943,C00600,2024-05-12,Delivered,,0.0
O002059,C00629,2024-03-07,Delivered,upi,40.0
O012524,C04188,2024-02-23,Delivered,Debit Card,40.0
O002102,C00651,2025-08-27,Delivered,Debit Card,40.0
O016001,C05263,2023-06-27,Delivered,COD,0.0
O009844,C03257,2024-04-18,Delivered,Credit Card,0.0
O006697,C02217,2025-08-05,Delivered,upi,40.0
O006009,C01997,2025-05-31,Delivered,upi,0.0
O013606,C04520,2025-04-28,Cancelled,COD,60.0
O007790,C02555,2024-11-10,Delivered,COD,60.0
O003594,C01165,2025-01-28,Delivered,COD,0.0
O011844,C03974,2025-04-08,Delivered,UPI,0.0
O000135,C00071,2025-02-10,cancelled,upi,0.0
O008717,C02883,2025-07-10,Delivered,COD,99.0
O014908,C04911,2025-03-11,Delivered,Debit Card,0.0
O005245,C01743,2024-08-06,Delivered,DEBIT CARD,40.0
O017645,C05820,2024-12-19,Delivered,upi,40.0
O008476,C02810,2024-11-24,Delivered,upi,40.0
O000538,C00201,2024-10-14,Delivered,Credit Card,0.0
O004838,C01610,2025-09-22,Delivered,COD,99.0
O017946,C05899,2023-10-21,Delivered,upi,99.0
O000170,C00090,2025-05-28,Delivered,Debit Card,40.0
O003664,C01198,2023-11-16,Returned,Debit Card,0.0
O011167,C03704,2023-12-16,Delivered,upi,99.0
O001446,C00462,2024-03-16,Delivered,COD,0.0
O005682,C01885,2023-03-10,Delivered,Credit Card,40.0
O011063,C03664,2025-05-08,Cancelled,Debit Card,99.0
O011085,C03668,2024-11-27,delivered,Credit Card,0.0
O012768,C04249,2025-09-15,Delivered,Debit Card,99.0
O016230,C05355,2025-06-09,Delivered,upi,0.0
O009371,C03081,2023-08-24,Cancelled,Credit Card,0.0
O009037,C02966,2023-11-24,Delivered,Credit Card,99.0
O009320,C03058,2025-06-20,Delivered,Debit Card,60.0
O005560,C01833,2025-08-12,Delivered,upi,40.0
O000323,C00138,2024-11-07,Delivered,COD,99.0
O002905,C00909,2024-12-14,Delivered,upi,60.0
O005692,C01885,2024-04-11,Delivered,COD,60.0
O018089,C05939,2024-09-06,Delivered,Net Banking,40.0
O008479,C02811,2023-10-18,Cancelled,Net Banking,60.0
O018061,C05936,2024-06-18,Delivered,Debit Card,40.0
O000678,C00252,2023-12-25,Delivered,upi,40.0
O003520,C01132,2024-09-12,Delivered,upi,0.0
O015583,C05144,2024-08-11,Delivered,Credit Card,0.0
O012541,C04195,2023-08-21,Delivered,Credit Card,40.0
O009788,C03232,2025-05-07,Delivered,upi,0.0
O005271,C01748,2025-06-22,Delivered,upi,0.0
O010962,C03640,2024-02-14,Delivered,upi,0.0
O003528,C01136,2024-08-19,Returned,Net Banking,60.0
O013050,C04342,2024-03-13,Delivered,UPI,0.0
O004556,C01537,2025-07-14,delivered,Credit Card,40.0
O016042,C05273,2024-06-24,Cancelled,upi,40.0
O006782,C02244,2025-01-14,Delivered,upi,0.0
O015336,C05054,2024-03-17,Delivered,DEBIT CARD,99.0
O013792,C04571,2025-06-15,Delivered,COD,0.0
O007534,C02516,2024-08-12,Delivered,upi,60.0
O015361,C05058,2025-05-22,Delivered,upi,99.0
O006164,C02041,2024-05-03,Delivered,DEBIT CARD,99.0
O013409,C04464,2025-06-13,Delivered,Debit Card,99.0
O006270,C02058,2025-04-16,Delivered,Credit Card,99.0
O010940,C03633,2023-12-30,Delivered,Net Banking,60.0
O004906,C01642,2025-08-27,Delivered,COD,99.0
O004760,C01581,2024-05-07,Delivered,COD,0.0
O002740,C00871,2024-02-17,Delivered,COD,0.0
O011608,C03870,2023-09-03,Delivered,Debit Card,0.0
O009405,C03093,2024-08-29,Delivered,COD,99.0
O011458,C03840,2025-05-16,Delivered,Debit Card,99.0
O005747,C01903,2024-09-26,Delivered,upi,99.0
O016446,C05415,2023-11-11,Delivered,Credit Card,40.0
O008481,C02811,2024-01-31,Delivered,upi,99.0
O004237,C01398,2024-09-26,Delivered,upi,0.0
O004419,C01467,2024-09-21,Delivered,COD,99.0
O000407,C00160,2024-08-22,Delivered,Debit Card,99.0
O006752,C02238,2025-05-02,delivered,Debit Card,0.0
O004485,C01506,2025-03-15,Returned,upi,40.0
O000695,C00260,2025-05-25,Delivered,COD,0.0
O017502,C05773,2024-08-24,Delivered,upi,99.0
O006901,C02287,2023-09-04,Returned,Net Banking,60.0
O018164,C05965,2024-05-13,Delivered,upi,40.0
O011766,C03944,2023-11-16,Cancelled,Credit Card,60.0
O015180,C05004,2025-03-19,Delivered,Credit Card,0.0
O011544,C03861,2025-05-29,Delivered,Debit Card,0.0
O014581,C04811,2023-06-30,Delivered,COD,99.0
O004192,C01385,2024-11-04,Returned,COD,0.0
O004060,C01333,2025-08-23,Delivered,upi,40.0
O016781,C05538,2023-11-15,Delivered,Net Banking,0.0
O003516,C01130,2024-08-28,Delivered,Debit Card,0.0
O004869,C01627,2024-11-17,Delivered,Debit Card,0.0
O007973,C02614,2024-11-10,Delivered,Debit Card,60.0
O011181,C03713,2024-01-12,Delivered,COD,99.0
O004170,C01378,2024-02-14,Delivered,upi,40.0
O009025,C02964,2024-12-29,Delivered,COD,60.0
O016431,C05411,2024-07-03,Delivered,Debit Card,99.0
O016769,C05534,2024-08-04,Delivered,upi,60.0
O003929,C01294,2025-08-04,Delivered,upi,40.0
O004220,C01391,2025-08-25,Delivered,COD,40.0
O010551,C03506,2025-06-17,Delivered,Debit Card,60.0
O000978,C00350,2024-02-08,Delivered,Debit Card,0.0
O017235,C05674,2025-05-13,Returned,Credit Card,99.0
O004971,C01656,2024-12-31,delivered,Net Banking,99.0
O014631,C04823,2025-03-03,Delivered,upi,99.0
O007835,C02572,2025-03-23,Delivered,upi,60.0
O003377,C01082,2025-09-13,Delivered,upi,0.0
O016013,C05263,2024-10-02,Delivered,upi,0.0
O000847,C00317,2025-03-20,Delivered,COD,99.0
O004750,C01580,2024-11-21,Delivered,Debit Card,40.0
O004393,C01454,2025-08-30,Delivered,upi,0.0
O003797,C01243,2024-04-22,Delivered,Net Banking,0.0
O017476,C05761,2025-09-07,Delivered,Credit Card,0.0
O015772,C05204,2024-11-21,Delivered,Debit Card,0.0
O008997,C02963,2023-04-18,Cancelled,COD,0.0
O016599,C05473,2024-08-17,Delivered,Debit Card,60.0
O016951,C05588,2023-12-20,Delivered,Debit Card,99.0
O005891,C01952,2024-06-19,Delivered,upi,99.0
O003312,C01052,2023-08-16,Delivered,upi,99.0
O015200,C05013,2025-02-22,Delivered,upi,99.0
O011157,C03698,2025-04-30,Delivered,Debit Card,0.0
O009407,C03093,2024-10-19,Returned,COD,0.0
O009749,C03213,2025-06-20,Delivered,Net Banking,60.0
O016308,C05372,2025-03-14,Delivered,upi,0.0
O003366,C01079,2024-08-09,Delivered,Debit Card,99.0
O009626,C03155,2024-12-04,Delivered,upi,0.0
O015885,C05227,2025-07-07,Delivered,Credit Card,60.0
O002215,C00701,2023-02-12,Delivered,Net Banking,99.0
O008258,C02730,2025-09-03,Delivered,,0.0
O002922,C00915,2024-12-08,Delivered,Credit Card,0.0
O018234,C05987,2025-09-06,Delivered,COD,60.0
O006413,C02115,2024-09-03,Cancelled,upi,60.0
O010295,C03411,2025-08-30,Delivered,CREDIT CARD,0.0
O004905,C01641,2025-03-16,Delivered,Debit Card,99.0
O011708,C03915,2025-08-06,Delivered,Debit Card,0.0
O015855,C05222,2023-12-14,Delivered,Debit Card,60.0
O017350,C05718,2024-05-13,Delivered,COD,0.0
O003936,C01299,2024-07-09,Delivered,COD,40.0
O008181,C02697,2024-07-19,Delivered,upi,40.0
O012149,C04088,2025-09-12,Delivered,Debit Card,99.0
O009700,C03188,2023-01-08,Delivered,upi,40.0
O016049,C05276,2024-05-28,Delivered,upi,0.0
O009109,C02998,2025-05-29,Delivered,COD,0.0
O018027,C05928,2024-04-11,Delivered,Credit Card,40.0
O004958,C01649,2025-03-11,Delivered,Credit Card,60.0
O012373,C04153,2024-11-11,Delivered,upi,0.0
O013882,C04612,2025-01-10,Delivered,upi,99.0
O012889,C04291,2024-12-06,Delivered,upi,0.0
O011270,C03752,2024-07-18,Returned,COD,40.0
O008165,C02690,2024-02-16,Delivered,upi,0.0
O011302,C03766,2025-08-30,Delivered,upi,40.0
O006754,C02240,2023-10-28,Cancelled,UPI,60.0
O005314,C01766,2023-11-06,Delivered,Debit Card,0.0
O006701,C02220,2024-09-17,Delivered,COD,0.0
O001846,C00583,2023-09-14,Returned,upi,0.0
O017873,C05874,2025-03-22,Delivered,Debit Card,40.0
O013105,C04363,2023-08-04,Delivered,upi,0.0
O009884,C03265,2023-11-23,Delivered,Net Banking,99.0
O006116,C02039,2024-02-02,Delivered,upi,99.0
O011898,C03997,2023-07-28,Delivered,Net Banking,60.0
O017025,C05607,2024-12-16,Delivered,Credit Card,40.0
O004081,C01342,2024-06-15,Delivered,Credit Card,60.0
O010733,C03568,2024-08-21,Delivered,Debit Card,0.0
O016266,C05365,2025-07-07,Delivered,Debit Card,0.0
O006515,C02156,2025-01-27,Delivered,upi,60.0
O011617,C03873,2025-08-19,delivered,Credit Card,0.0
O003818,C01248,2025-02-23,Returned,COD,40.0
O002932,C00917,2023-03-11,Delivered,upi,99.0
O009724,C03197,2025-07-04,delivered,Debit Card,60.0
O015458,C05102,2023-12-12,Delivered,COD,40.0
O007891,C02589,2024-10-18,Delivered,Net Banking,0.0
O010704,C03556,2024-01-29,Cancelled,Debit Card,60.0
O004829,C01606,2025-08-11,Delivered,Debit Card,0.0
O012601,C04216,2025-03-07,Delivered,COD,99.0
O013162,C04381,2023-07-22,Delivered,upi,99.0
O000894,C00336,2024-04-06,Delivered,COD,0.0
O006617,C02190,2023-01-08,Delivered,Credit Card,60.0
O001699,C00542,2024-04-28,Delivered,upi,0.0
O015385,C05064,2025-03-19,Delivered,upi,0.0
O007351,C02461,2024-04-26,Delivered,Debit Card,40.0
O002781,C00876,2024-09-21,Delivered,Credit Card,40.0
O005212,C01735,2024-08-27,Delivered,upi,40.0
O007214,C02405,2025-02-14,Returned,upi,99.0
O006060,C02014,2024-08-04,Delivered,upi,0.0
O007152,C02387,2024-08-22,Delivered,Credit Card,99.0
O007041,C02353,2025-05-25,Delivered,upi,0.0
O011107,C03673,2025-09-05,Delivered,upi,40.0
O000431,C00169,2023-04-04,Delivered,upi,60.0
O006148,C02041,2023-10-30,Delivered,COD,99.0
O012295,C04134,2024-06-05,Delivered,Net Banking,99.0
O006694,C02217,2025-05-26,Delivered,upi,99.0
O008458,C02802,2024-12-23,Delivered,CREDIT CARD,60.0
O003417,C01091,2024-11-10,Delivered,Debit Card,0.0
O011844,C03974,2025-04-08,Delivered,upi,0.0
O013941,C04635,2025-07-08,Delivered,upi,0.0
O008686,C02875,2024-08-20,Delivered,COD,0.0
O016862,C05559,2023-08-30,Delivered,upi,60.0
O012953,C04310,2023-07-17,Delivered,upi,99.0
O010122,C03331,2025-04-05,Delivered,Debit Card,40.0
O000797,C00306,2023-02-13,Delivered,Debit Card,0.0
O000186,C00096,2025-08-15,Delivered,,60.0
O000501,C00193,2024-10-10,Delivered,Debit Card,0.0
O003593,C01165,2023-11-10,Delivered,Debit Card,60.0
O012701,C04234,2024-05-19,Delivered,upi,40.0
O016470,C05416,2025-03-02,Delivered,upi,0.0
O012897,C04293,2024-03-11,Delivered,Debit Card,0.0
O010816,C03587,2024-09-05,delivered,Debit Card,40.0
O001833,C00581,2024-04-07,Delivered,COD,40.0
O009309,C03051,2025-05-21,Returned,upi,60.0
O014111,C04688,2025-06-08,Delivered,Net Banking,0.0
O017162,C05660,2025-09-01,Delivered,COD,0.0
O006565,C02169,2023-11-30,Delivered,upi,0.0
O011642,C03881,2023-11-19,Delivered,upi,99.0
O015436,C05092,2023-05-02,Delivered,Debit Card,0.0
O011254,C03747,2023-09-25,Delivered,COD,0.0
O008372,C02776,2025-05-06,Cancelled,Debit Card,0.0
O015504,C05119,2023-08-14,Delivered,Debit Card,0.0
O013051,C04343,2024-01-02,Delivered,upi,0.0
O012489,C04178,2025-07-16,Delivered,upi,40.0
O000019,C00009,2024-10-15,Delivered,COD,0.0
O009901,C03265,2024-11-20,delivered,NET BANKING,0.0
O011917,C04001,2025-02-16,Delivered,Credit Card,99.0
O004676,C01558,2024-07-05,Returned,upi,99.0
O002968,C00929,2024-06-20,Delivered,Debit Card,60.0
O012411,C04160,2025-09-24,Delivered,upi,0.0
O009773,C03224,2024-09-07,Delivered,COD,40.0
O008411,C02794,2023-05-17,Delivered,upi,60.0
O000150,C00078,2023-07-26,Delivered,upi,99.0
O007115,C02384,2023-08-27,Delivered,upi,40.0
O006857,C02269,2024-11-15,Delivered,upi,40.0
O002569,C00815,2025-02-05,Delivered,Debit Card,0.0
O009750,C03214,2025-08-20,delivered,upi,0.0
O007272,C02427,2025-02-19,Delivered,upi,0.0
O013541,C04502,2024-02-22,Delivered,Credit Card,0.0
O012607,C04219,2024-01-10,Delivered,Credit Card,60.0
O004579,C01538,2025-08-09,Delivered,Net Banking,60.0
O015535,C05130,2023-10-15,Delivered,upi,99.0
O011524,C03850,2025-05-21,Delivered,COD,0.0
O006536,C02161,2024-11-16,Delivered,Credit Card,40.0
O004612,C01540,2025-03-16,Delivered,Debit Card,0.0
O005066,C01687,2024-11-04,Delivered,Debit Card,0.0
O009429,C03097,2024-05-02,Delivered,Debit Card,0.0
O001020,C00361,2024-01-04,Delivered,Net Banking,40.0
O002069,C00635,2025-04-18,Delivered,upi,40.0
O012718,C04234,2024-11-13,Returned,Net Banking,60.0
O008033,C02641,2023-09-25,Delivered,Net Banking,40.0
O005342,C01775,2024-06-21,Delivered,Credit Card,99.0
O005228,C01737,2025-03-19,Delivered,upi,99.0
O008814,C02917,2024-01-03,Delivered,upi,99.0
O010530,C03500,2024-11-29,Delivered,UPI,40.0
O007740,C02552,2023-07-27,Delivered,upi,0.0
O010653,C03535,2024-06-14,Delivered,upi,99.0
O009886,C03265,2023-12-03,Delivered,upi,0.0
O014101,C04684,2025-01-20,Delivered,Credit Card,99.0
O018194,C05977,2024-06-01,Delivered,upi,40.0
O009843,C03257,2024-03-27,Delivered,Credit Card,60.0
O015491,C05112,2024-09-05,Delivered,NET BANKING,0.0
O005656,C01875,2025-08-02,Delivered,upi,60.0
O015039,C04954,2024-09-02,Delivered,upi,0.0
O001815,C00575,2024-10-30,Delivered,Debit Card,99.0
O004199,C01386,2024-08-03,Delivered,upi,0.0
O004181,C01382,2023-07-17,Delivered,Net Banking,99.0
O004032,C01325,2023-03-24,Delivered,upi,99.0
O008755,C02894,2025-04-20,delivered,COD,0.0
O016497,C05425,2024-07-11,Delivered,COD,0.0
O000385,C00153,2024-09-18,Delivered,Credit Card,40.0
O000426,C00167,2024-04-02,Delivered,COD,40.0
O009760,C03218,2025-06-05,Cancelled,upi,60.0
O002764,C00873,2024-12-15,Delivered,upi,60.0
O009902,C03265,2024-12-16,Delivered,upi,0.0
O002429,C00775,2024-08-16,Delivered,upi,0.0
O016759,C05530,2023-11-12,Delivered,upi,60.0
O006918,C02296,2024-04-21,delivered,upi,40.0
O015963,C05258,2024-05-13,Delivered,upi,60.0
O011971,C04025,2024-05-10,Delivered,upi,40.0
O001675,C00533,2024-05-15,Delivered,Debit Card,60.0
O015803,C05212,2025-06-05,Delivered,upi,60.0
O001998,C00613,2025-06-05,Delivered,upi,99.0
O005323,C01768,2024-09-10,Delivered,Debit Card,0.0
O003337,C01064,2024-02-01,Delivered,COD,0.0
O017790,C05851,2025-02-02,Delivered,upi,0.0
O014465,C04792,2024-08-18,Returned,upi,0.0
O010545,C03506,2024-01-03,Delivered,Debit Card,60.0
O005098,C01696,2025-04-02,Returned,upi,99.0
O009707,C03189,2024-10-06,Delivered,upi,99.0
O015662,C05163,2025-04-02,Returned,upi,0.0
O013682,C04537,2024-08-12,Delivered,Debit Card,0.0
O003747,C01231,2023-06-07,Delivered,COD,0.0
O014661,C04835,2025-01-15,Delivered,upi,60.0
O015386,C05065,2023-11-28,Delivered,upi,0.0
O008077,C02659,2023-12-24,Delivered,upi,40.0
O008926,C02936,2023-12-13,Delivered,Credit Card,0.0
O016029,C05269,2025-02-28,Delivered,upi,0.0
O010732,C03567,2024-09-22,Delivered,Debit Card,60.0
O013928,C04630,2025-06-16,Delivered,upi,99.0
O014004,C04648,2025-06-21,Delivered,upi,40.0
O004940,C01646,2024-10-03,Delivered,COD,0.0
O011243,C03741,2024-10-07,Delivered,Net Banking,60.0
O007918,C02598,2024-07-14,Returned,COD,0.0
O000751,C00285,2024-10-28,Delivered,COD,60.0
O007797,C02559,2024-03-07,Delivered,upi,99.0
O018146,C05958,2025-03-03,Delivered,CREDIT CARD,99.0
O005359,C01779,2025-09-02,Delivered,Debit Card,0.0
O003160,C01000,2025-07-05,Cancelled,COD,60.0
O015135,C04984,2025-07-03,Cancelled,Debit Card,99.0
O000819,C00309,2025-03-10,Delivered,Debit Card,40.0
O011338,C03776,2024-08-06,Delivered,Credit Card,60.0
O005147,C01708,2024-05-02,Delivered,upi,0.0
O016892,C05570,2023-12-13,Delivered,Credit Card,0.0
O008137,C02679,2025-04-10,Delivered,UPI,0.0
O010002,C03300,2023-09-27,Delivered,Credit Card,0.0
O016671,C05495,2025-03-12,Delivered,upi,40.0
O008451,C02797,2024-08-30,Delivered,CREDIT CARD,40.0
O001156,C00393,2023-10-08,Delivered,Debit Card,60.0
O005656,C01875,2025-08-02,Delivered,upi,60.0
O017620,C05815,2023-01-03,Delivered,Debit Card,0.0
O009458,C03102,2024-08-02,Cancelled,Credit Card,40.0
O012842,C04284,2024-02-24,Delivered,CREDIT CARD,40.0
O001275,C00418,2024-05-02,Delivered,Credit Card,40.0
O006068,C02018,2023-03-27,Cancelled,upi,60.0
O011930,C04008,2025-02-25,Delivered,COD,99.0
O002768,C00873,2025-01-29,Delivered,COD,0.0
O006135,C02041,2023-04-05,Delivered,upi,0.0
O004301,C01421,2024-02-19,Delivered,upi,0.0
O004789,C01592,2024-02-21,Delivered,Credit Card,40.0
O012207,C04114,2024-11-15,Delivered,Debit Card,0.0
O006859,C02269,2025-04-09,Delivered,COD,99.0
O009803,C03238,2025-04-22,Returned,DEBIT CARD,40.0
O002388,C00766,2023-10-01,Delivered,COD,0.0
O000996,C00357,2024-03-23,Delivered,upi,0.0
O002806,C00886,2024-01-06,Delivered,Credit Card,99.0
O004994,C01668,2024-01-28,Delivered,upi,40.0
O009587,C03145,2023-10-23,Delivered,Credit Card,0.0
O013362,C04449,2023-12-26,delivered,upi,0.0
O015366,C05060,2024-01-28,Delivered,CREDIT CARD,0.0
O002830,C00893,2024-05-04,Delivered,COD,0.0
O017156,C05659,2024-10-10,Delivered,upi,0.0
O001127,C00391,2023-04-26,Delivered,COD,99.0
O002017,C00619,2025-07-30,Delivered,UPI,99.0
O010283,C03409,2025-06-23,Delivered,upi,0.0
O015241,C05021,2025-07-11,Delivered,Debit Card,0.0
O012146,C04088,2025-08-24,Delivered,Credit Card,99.0
O012288,C04132,2025-04-26,Delivered,Credit Card,60.0
O002275,C00721,2025-04-02,Delivered,upi,40.0
O013827,C04580,2025-06-19,Delivered,COD,60.0
O001042,C00363,2025-05-11,Returned,Credit Card,0.0
O002175,C00689,2024-09-10,Delivered,Debit Card,60.0
O017178,C05661,2023-12-08,delivered,Net Banking,0.0
O012132,C04083,2024-01-05,Returned,COD,0.0
O006463,C02137,2025-08-03,Delivered,Debit Card,99.0
O003141,C00998,2025-05-23,Delivered,upi,0.0
O016137,C05317,2024-06-03,Delivered,COD,60.0
O008666,C02874,2023-01-23,Delivered,upi,0.0
O002530,C00805,2024-08-12,Delivered,Debit Card,40.0
O017709,C05837,2023-03-23,Delivered,upi,99.0
O000588,C00213,2025-01-23,Delivered,Debit Card,99.0
O005587,C01846,2025-08-09,Delivered,Credit Card,60.0
O007099,C02377,2025-08-30,Delivered,Credit Card,0.0
O010152,C03347,2023-03-07,Delivered,COD,40.0
O010758,C03577,2024-02-18,Delivered,upi,99.0
O000187,C00096,2025-08-31,Delivered,upi,40.0
O005843,C01943,2025-07-25,Delivered,upi,99.0
O008117,C02671,2024-01-27,Delivered,upi,40.0
O005840,C01941,2025-05-07,Delivered,COD,0.0
O004860,C01622,2023-09-15,Delivered,upi,60.0
O018239,C05990,2024-11-16,Delivered,upi,60.0
O013275,C04421,2024-11-03,Returned,Credit Card,60.0
O004166,C01377,2024-02-23,Delivered,COD,0.0
O000908,C00337,2023-11-20,Delivered,upi,0.0
O007337,C02455,2025-01-06,Returned,upi,60.0
O000692,C00259,2025-07-20,Delivered,COD,0.0
O016213,C05343,2025-09-16,Delivered,Net Banking,0.0
O016363,C05398,2024-12-24,Delivered,COD,99.0
O010315,C03419,2025-04-10,Delivered,upi,0.0
O002078,C00636,2024-07-11,delivered,Net Banking,0.0
O007262,C02427,2023-09-30,Delivered,Debit Card,40.0
O012634,C04220,2025-05-28,Returned,upi,99.0
O006445,C02132,2023-03-06,delivered,upi,60.0
O003472,C01108,2024-11-02,Delivered,COD,60.0
O005952,C01974,2025-07-17,Delivered,Debit Card,60.0
O005206,C01734,2024-05-27,Delivered,upi,60.0
O008094,C02661,2023-08-12,Delivered,upi,60.0
O011450,C03834,2025-09-12,returned,upi,40.0
O006621,C02191,2025-08-14,Delivered,Debit Card,0.0
O000298,C00130,2024-01-31,Delivered,COD,60.0
O004503,C01513,2023-12-08,Delivered,upi,60.0
O002921,C00915,2024-11-23,Delivered,Debit Card,60.0
O016920,C05578,2024-04-02,Delivered,Debit Card,60.0
O009675,C03174,2023-11-20,Delivered,upi,0.0
O006700,C02219,2025-03-04,Delivered,Credit Card,40.0
O013979,C04644,2024-05-20,Returned,Debit Card,60.0
O015736,C05180,2025-06-28,Delivered,Debit Card,60.0
O007821,C02566,2024-10-28,Delivered,COD,99.0
O011319,C03772,2024-09-04,Delivered,Debit Card,0.0
O017477,C05762,2025-09-04,Delivered,upi,0.0
O016888,C05568,2025-03-22,Delivered,COD,0.0
O017040,C05610,2023-10-01,Delivered,Debit Card,40.0
O002963,C00928,2025-04-20,Delivered,Credit Card,99.0
O015404,C05075,2024-05-21,Delivered,upi,99.0
O006250,C02053,2024-12-18,Delivered,Debit Card,60.0
O006303,C02068,2025-09-29,Delivered,Credit Card,0.0
O008802,C02915,2024-10-20,Returned,upi,40.0
O012880,C04290,2025-01-11,Delivered,upi,60.0
O005336,C01774,2025-06-12,Delivered,upi,40.0
O017284,C05698,2023-08-16,Delivered,upi,60.0
O006510,C02156,2024-10-15,Delivered,Net Banking,0.0
O014028,C04657,2024-03-16,Delivered,Debit Card,40.0
O008629,C02862,2024-07-31,Delivered,Credit Card,0.0
O009007,C02964,2023-04-29,Delivered,COD,60.0
O013006,C04326,2025-09-02,Delivered,upi,60.0
O004306,C01421,2025-06-20,Delivered,COD,0.0
O002972,C00931,2023-07-26,Delivered,COD,0.0
O007826,C02566,2025-09-07,Delivered,COD,99.0
O009628,C03155,2024-12-08,Delivered,upi,60.0
O001868,C00587,2024-10-05,Returned,upi,0.0
O012955,C04310,2024-01-25,Delivered,upi,0.0
O012468,C04172,2024-01-19,Delivered,upi,40.0
O009141,C03007,2023-11-13,Delivered,Debit Card,60.0
O013789,C04571,2025-04-08,Delivered,upi,0.0
O011828,C03971,2023-04-12,Delivered,upi,60.0
O013405,C04463,2024-12-18,Delivered,Debit Card,60.0
O003315,C01052,2024-07-27,Delivered,upi,0.0
O013383,C04456,2025-03-29,Delivered,COD,40.0
O011409,C03814,2023-04-13,Delivered,upi,0.0
O006647,C02202,2025-01-30,Delivered,COD,60.0
O000126,C00070,2025-07-10,Delivered,Debit Card,0.0
O001578,C00497,2023-10-29,Delivered,Debit Card,40.0
O004539,C01528,2025-03-26,Delivered,upi,0.0
O001154,C00391,2025-07-18,Delivered,upi,60.0
O003408,C01090,2024-06-20,Cancelled,COD,0.0
O014877,C04899,2025-09-05,Delivered,COD,0.0
O001490,C00470,2024-11-30,Delivered,upi,99.0
O005635,C01868,2025-07-02,Delivered,upi,40.0
O000820,C00309,2025-06-15,Delivered,Credit Card,40.0
O004796,C01592,2024-10-21,Delivered,upi,0.0
O006317,C02076,2025-08-13,Cancelled,upi,99.0
O007073,C02368,2024-09-16,Delivered,Credit Card,60.0
O015943,C05253,2025-07-16,Delivered,Debit Card,0.0
O011527,C03852,2024-09-10,Delivered,upi,0.0
O007879,C02588,2024-11-30,Delivered,upi,60.0
O001768,C00560,2025-01-17,Delivered,COD,0.0
O011616,C03873,2025-08-07,Delivered,,0.0
O011440,C03828,2025-05-08,Delivered,upi,99.0
O017309,C05705,2025-05-03,Delivered,Credit Card,0.0
O009067,C02980,2025-04-21,Delivered,COD,40.0
O001126,C00390,2025-05-02,Delivered,DEBIT CARD,60.0
O018065,C05936,2024-11-12,Delivered,upi,0.0
O004230,C01394,2024-12-07,Delivered,Credit Card,60.0
O017526,C05780,2024-03-28,Delivered,Net Banking,60.0
O001837,C00581,2024-09-05,Delivered,upi,60.0
O002810,C00887,2024-07-02,Delivered,Credit Card,40.0
O014700,C04850,2025-05-18,Delivered,COD,0.0
O005751,C01903,2025-02-28,Returned,upi,40.0
O005553,C01833,2025-03-10,Returned,upi,0.0
O002426,C00775,2023-12-18,Delivered,Debit Card,0.0
O010024,C03304,2025-06-20,Delivered,upi,99.0
O002629,C00831,2024-10-19,Delivered,Debit Card,40.0
O014838,C04887,2025-07-03,Delivered,Net Banking,40.0
O015192,C05006,2025-05-18,Delivered,upi,0.0
O005087,C01694,2023-11-28,Delivered,upi,0.0
O018151,C05961,2025-05-09,Delivered,upi,60.0
O011313,C03769,2025-03-03,Delivered,Debit Card,40.0
O010246,C03394,2025-02-06,Delivered,Credit Card,60.0
O000202,C00100,2023-10-06,Delivered,Credit Card,40.0
O018109,C05939,2025-08-04,Delivered,Credit Card,60.0
O000172,C00091,2023-08-16,Delivered,upi,0.0
O016422,C05409,2025-03-13,Delivered,Credit Card,40.0
O000732,C00280,2024-08-24,Delivered,upi,60.0
O000777,C00297,2025-03-12,Delivered,COD,99.0
O016740,C05525,2023-12-15,Delivered,upi,40.0
O008096,C02661,2024-02-25,Delivered,CREDIT CARD,99.0
O004197,C01385,2025-07-18,Delivered,Debit Card,0.0
O015378,C05064,2023-09-10,Delivered,upi,99.0
O008305,C02754,2024-07-16,Delivered,upi,0.0
O010459,C03468,2023-08-07,Delivered,Credit Card,99.0
O001520,C00483,2024-11-22,Delivered,Credit Card,0.0
O009977,C03290,2024-06-19,delivered,Credit Card,0.0
O014046,C04657,2025-08-30,Delivered,upi,0.0
O007240,C02419,2023-06-20,Returned,upi,0.0
O007769,C02552,2025-05-18,Delivered,Credit Card,40.0
O002698,C00852,2025-07-24,Delivered,Debit Card,40.0
O000830,C00314,2024-03-16,Delivered,upi,0.0
O011561,C03864,2023-04-13,Delivered,Debit Card,0.0
O000943,C00337,2025-06-24,Delivered,upi,99.0
O016492,C05422,2025-08-02,Delivered,upi,0.0
O004006,C01315,2025-04-10,Cancelled,Credit Card,60.0
O010996,C03654,2024-07-28,Delivered,upi,0.0
O001795,C00569,2025-07-19,Returned,Net Banking,40.0
O017344,C05713,2023-08-14,Returned,COD,40.0
O017018,C05604,2025-07-29,Delivered,upi,99.0
O013866,C04602,2025-04-09,Delivered,upi,60.0
O010675,C03544,2025-06-27,Delivered,upi,40.0
O001680,C00535,2024-11-13,Delivered,Debit Card,60.0
O004095,C01346,2024-05-11,Delivered,upi,40.0
O013560,C04503,2025-04-06,Delivered,Debit Card,40.0
O004597,C01539,2025-03-02,Delivered,upi,0.0
O003690,C01207,2023-08-07,Delivered,Net Banking,0.0
O011830,C03971,2023-11-17,Returned,upi,60.0
O013926,C04629,2024-02-02,Delivered,Debit Card,40.0
O009967,C03285,2025-05-19,Delivered,COD,0.0
O009613,C03154,2025-03-21,Delivered,COD,40.0
O016118,C05306,2024-08-16,Delivered,upi,0.0
O010197,C03362,2025-04-01,Delivered,upi,40.0
O013856,C04598,2023-03-03,Delivered,Credit Card,0.0
O006432,C02122,2025-02-18,Delivered,upi,0.0
O004596,C01539,2025-02-23,Delivered,upi,60.0
O010577,C03512,2024-01-06,Delivered,Debit Card,99.0
O016509,C05432,2023-03-24,Delivered,upi,40.0
O010815,C03586,2025-07-17,Delivered,upi,40.0
O014130,C04698,2023-12-09,Delivered,upi,60.0
O013509,C04496,2023-08-02,Delivered,Credit Card,0.0
O018076,C05938,2023-12-10,Delivered,Debit Card,0.0
O013991,C04644,2025-04-01,delivered,upi,60.0
O007676,C02539,2024-10-13,Delivered,Debit Card,0.0
O015083,C04965,2023-10-24,delivered,,99.0
O002508,C00797,2024-10-13,Delivered,upi,0.0
O008288,C02743,2025-03-01,Delivered,Debit Card,99.0
O006307,C02071,2024-08-14,Delivered,upi,0.0
O014507,C04797,2024-11-19,Delivered,upi,60.0
O003884,C01273,2024-01-01,Delivered,Debit Card,0.0
O006778,C02244,2023-09-02,Delivered,COD,60.0
O016869,C05561,2025-04-18,Delivered,Net Banking,0.0
O013193,C04390,2024-03-13,Returned,upi,60.0
O016852,C05556,2024-08-14,Delivered,Net Banking,0.0
O006721,C02231,2025-04-29,Delivered,upi,0.0
O005170,C01712,2025-07-30,Delivered,upi,0.0
O001285,C00419,2023-03-27,Delivered,COD,99.0
O011895,C03995,2024-09-07,Delivered,Debit Card,99.0
O007313,C02448,2023-05-21,Delivered,Debit Card,60.0
O005981,C01987,2024-11-29,Delivered,Debit Card,60.0
O017369,C05729,2023-03-06,delivered,DEBIT CARD,0.0
O004432,C01474,2024-07-24,Cancelled,Credit Card,0.0
O017624,C05815,2023-09-24,Delivered,Credit Card,99.0
O012586,C04210,2025-01-05,Returned,Debit Card,40.0
O005946,C01971,2025-01-29,Delivered,COD,0.0
O009816,C03242,2025-04-05,Delivered,COD,60.0
O004619,C01542,2024-02-23,Delivered,upi,0.0
O006496,C02151,2025-07-06,Returned,Credit Card,60.0
O014110,C04687,2023-01-23,Delivered,Net Banking,0.0
O011551,C03862,2025-03-20,Cancelled,upi,0.0
O013793,C04571,2025-06-25,Delivered,Net Banking,0.0
O016237,C05356,2024-05-04,Delivered,Credit Card,99.0
O004252,C01407,2024-12-11,Delivered,Net Banking,0.0
O005696,C01885,2024-09-01,Delivered,upi,60.0
O008557,C02834,2024-07-28,Delivered,COD,40.0
O005931,C01967,2025-09-13,Delivered,upi,40.0
O002840,C00900,2023-04-23,Cancelled,COD,40.0
O016450,C05416,2023-03-17,Delivered,upi,0.0
O015456,C05100,2025-03-07,Delivered,upi,99.0
O001147,C00391,2025-02-12,Delivered,upi,60.0
O017279,C05696,2024-06-11,Delivered,Debit Card,0.0
O014845,C04893,2023-10-24,Delivered,COD,99.0
O004404,C01462,2025-01-23,Delivered,Credit Card,40.0
O015893,C05232,2023-07-19,Delivered,COD,99.0
O004002,C01314,2025-06-22,Delivered,Credit Card,0.0
O001977,C00609,2025-03-14,Delivered,COD,40.0
O007233,C02415,2025-01-18,Delivered,COD,0.0
O005991,C01993,2025-06-06,Delivered,upi,99.0
O010789,C03581,2025-04-07,Delivered,upi,60.0
O011997,C04031,2024-11-01,Delivered,upi,40.0
O011672,C03896,2024-12-28,Delivered,Debit Card,0.0
O001583,C00497,2025-06-07,Delivered,COD,0.0
O003656,C01197,2025-05-28,Returned,upi,60.0
O008872,C02926,2025-03-07,Delivered,upi,99.0
O013084,C04355,2024-10-02,Delivered,upi,60.0
O006350,C02089,2024-11-16,Delivered,Net Banking,60.0
O011592,C03866,2025-02-19,Delivered,Debit Card,99.0
O007805,C02561,2024-07-09,Cancelled,Debit Card,0.0
O000237,C00105,2025-07-30,Delivered,upi,60.0
O007855,C02581,2024-05-15,Delivered,upi,0.0
O015569,C05139,2024-03-23,Delivered,upi,0.0
O008233,C02720,2025-06-19,Delivered,upi,40.0
O015374,C05062,2025-07-13,Delivered,COD,40.0
O017561,C05791,2024-10-16,Delivered,DEBIT CARD,0.0
O005197,C01731,2024-07-16,Delivered,Debit Card,0.0
O016653,C05489,2025-08-21,Delivered,Debit Card,99.0
O011432,C03824,2024-05-09,Delivered,upi,60.0
O018125,C05946,2025-07-25,Delivered,COD,99.0
O007129,C02387,2023-01-18,Delivered,upi,99.0
O005138,C01705,2025-03-01,Delivered,COD,0.0
O012585,C04209,2023-01-11,Delivered,upi,40.0
O015632,C05159,2024-07-06,Delivered,upi,0.0
O007112,C02382,2025-04-16,Delivered,Debit Card,99.0
O009017,C02964,2024-01-13,Delivered,upi,40.0
O002814,C00888,2025-01-15,Delivered,upi,40.0
O000958,C00341,2024-12-07,Delivered,Debit Card,0.0
O013901,C04619,2024-09-01,Delivered,upi,40.0
O008485,C02811,2024-06-29,Delivered,upi,0.0
O015643,C05159,2024-12-16,Delivered,upi,0.0
O011309,C03767,2025-02-01,Delivered,Debit Card,99.0
O007146,C02387,2024-04-23,Delivered,upi,0.0
O005374,C01783,2025-08-15,Delivered,Net Banking,40.0
O000016,C00007,2025-08-15,Delivered,upi,0.0
O007419,C02475,2024-11-02,Delivered,CREDIT CARD,60.0
O015811,C05213,2024-11-17,Delivered,upi,40.0
O003548,C01140,2025-09-22,Delivered,upi,0.0
O005795,C01923,2025-06-28,Delivered,Credit Card,60.0
O016789,C05542,2023-11-28,Delivered,Credit Card,0.0
O014880,C04900,2024-05-05,Delivered,Credit Card,99.0
O003007,C00950,2025-08-18,Delivered,Credit Card,0.0
O014438,C04779,2024-06-23,delivered,Credit Card,40.0
O001641,C00518,2025-02-09,Delivered,upi,99.0
O003956,C01301,2023-10-22,Delivered,Debit Card,0.0
O012665,C04232,2023-10-16,Delivered,upi,0.0
O016441,C05412,2025-01-16,Delivered,Debit Card,0.0
O012960,C04311,2025-07-17,Delivered,upi,40.0
O007408,C02474,2025-07-22,Delivered,COD,0.0
O017923,C05892,2023-09-28,Cancelled,COD,40.0
O005513,C01828,2023-12-26,Returned,upi,99.0
O004024,C01324,2024-02-25,Delivered,upi,99.0
O007007,C02338,2025-07-05,Delivered,upi,40.0
O008413,C02794,2023-06-16,Delivered,COD,0.0
O002171,C00686,2024-09-19,Delivered,upi,0.0
O002749,C00872,2024-09-22,Returned,DEBIT CARD,0.0
O017029,C05609,2025-01-18,Delivered,upi,0.0
O004013,C01317,2025-06-03,Delivered,Credit Card,0.0
O010995,C03653,2025-04-14,Delivered,Debit Card,0.0
O004041,C01329,2025-05-12,Delivered,COD,40.0
O004510,C01515,2024-02-20,Delivered,COD,99.0
O006733,C02235,2024-03-14,Delivered,Credit Card,40.0
O008573,C02841,2023-04-16,Delivered,COD,60.0
O015945,C05254,2024-08-27,Delivered,Debit Card,99.0
O007107,C02381,2024-04-21,Delivered,Credit Card,60.0
O003410,C01091,2023-11-12,Delivered,COD,99.0
O008630,C02862,2024-08-26,cancelled,upi,0.0
O014892,C04904,2024-09-27,Delivered,Net Banking,40.0
O006327,C02080,2023-11-06,Delivered,upi,99.0
O015112,C04977,2024-01-28,Delivered,Net Banking,0.0
O016366,C05398,2025-05-28,Delivered,COD,40.0
O014003,C04647,2025-07-10,Delivered,Credit Card,0.0
O008334,C02767,2024-11-13,Delivered,Debit Card,99.0
O007335,C02453,2025-07-15,Delivered,upi,99.0
O017062,C05613,2025-03-31,Delivered,upi,40.0
O012362,C04149,2025-09-06,Delivered,DEBIT CARD,0.0
O003149,C01000,2025-02-25,Delivered,Credit Card,0.0
O009955,C03279,2025-04-09,Delivered,upi,40.0
O015107,C04976,2024-05-22,Delivered,Debit Card,0.0
O013707,C04550,2023-12-06,Delivered,Debit Card,40.0
O011055,C03664,2024-09-23,Delivered,UPI,0.0
O015970,C05258,2024-11-24,Delivered,upi,60.0
O014563,C04808,2023-05-25,Returned,COD,60.0
O000337,C00140,2025-06-26,Delivered,upi,0.0
O009383,C03084,2025-06-13,Delivered,Debit Card,60.0
O013363,C04449,2024-04-01,Delivered,upi,0.0
O011420,C03819,2025-06-18,Delivered,Credit Card,0.0
O002057,C00628,2023-02-28,Delivered,upi,60.0
O006446,C02132,2024-11-28,Delivered,upi,0.0
O014857,C04894,2023-06-26,Delivered,upi,99.0
O017538,C05783,2024-07-31,Delivered,COD,60.0
O010215,C03375,2025-08-21,Delivered,COD,0.0
O015954,C05258,2023-05-16,delivered,COD,60.0
O001671,C00530,2025-01-30,Delivered,COD,40.0
O002770,C00873,2025-03-22,Delivered,COD,0.0
O006584,C02179,2024-04-27,Delivered,Net Banking,40.0
O011249,C03745,2023-04-21,Delivered,COD,99.0
O017960,C05901,2023-09-07,Delivered,Credit Card,99.0
O011735,C03928,2025-03-03,Delivered,upi,0.0
O012454,C04166,2025-06-05,Delivered,,40.0
O002967,C00929,2024-05-20,Returned,Credit Card,60.0
O009124,C03004,2025-01-25,Delivered,COD,40.0
O015586,C05146,2025-09-20,Delivered,upi,99.0
O003235,C01027,2023-10-03,Delivered,upi,0.0
O004665,C01558,2023-04-26,Delivered,Net Banking,40.0
O010487,C03477,2025-07-03,Delivered,COD,40.0
O008721,C02884,2025-03-10,Delivered,Credit Card,99.0
O009108,C02998,2025-05-04,Delivered,Credit Card,40.0
O015432,C05088,2024-06-17,Delivered,COD,60.0
O012449,C04166,2025-03-05,Delivered,COD,60.0
O004575,C01538,2025-06-17,Delivered,COD,0.0
O008623,C02858,2025-08-04,Returned,Net Banking,0.0
O004628,C01543,2025-08-01,Delivered,Credit Card,0.0
O010156,C03349,2025-06-09,Delivered,upi,60.0
O001288,C00419,2024-02-15,Delivered,upi,40.0
O004776,C01585,2025-09-19,Delivered,upi,40.0
O003213,C01025,2023-12-07,Delivered,Credit Card,99.0
O012255,C04123,2024-06-04,Delivered,upi,60.0
O012525,C04188,2024-06-29,Delivered,upi,0.0
O009754,C03216,2024-09-19,Delivered,Credit Card,40.0
O000706,C00271,2024-01-14,Delivered,Credit Card,99.0
O010414,C03449,2024-08-15,Delivered,Net Banking,0.0
O013781,C04571,2024-10-27,Delivered,Debit Card,99.0
O002423,C00774,2025-08-06,Delivered,upi,0.0
O014633,C04823,2025-06-24,Delivered,,0.0
O004299,C01421,2023-07-03,Delivered,upi,60.0
O004088,C01344,2025-02-02,Delivered,upi,99.0
O002678,C00846,2025-03-24,Delivered,COD,0.0
O012307,C04138,2024-12-20,Delivered,upi,99.0
O015840,C05220,2024-06-25,Delivered,Credit Card,40.0
O000498,C00192,2024-11-19,Delivered,Net Banking,99.0
O008736,C02887,2024-06-28,Delivered,Credit Card,0.0
O014965,C04922,2024-12-14,Delivered,Debit Card,0.0
O006541,C02161,2025-09-19,Delivered,upi,99.0
O006419,C02115,2025-07-24,Returned,COD,0.0
O017607,C05812,2023-12-29,Delivered,Debit Card,0.0
O002659,C00835,2024-05-08,Delivered,COD,99.0
O001672,C00530,2025-03-12,Delivered,COD,60.0
O002210,C00697,2025-09-04,Delivered,upi,0.0
O003331,C01061,2023-10-05,Returned,Net Banking,40.0
O011840,C03972,2025-01-03,Delivered,upi,0.0
O000840,C00316,2024-07-27,Delivered,upi,60.0
O013550,C04502,2025-04-09,Delivered,Debit Card,40.0
O016011,C05263,2024-07-15,Delivered,upi,99.0
O009659,C03163,2025-04-22,Delivered,Debit Card,0.0
O015742,C05184,2023-10-29,Delivered,Debit Card,0.0
O013900,C04619,2024-08-23,Delivered,Net Banking,0.0
O009766,C03220,2025-03-28,Delivered,CREDIT CARD,60.0
O013809,C04577,2024-08-10,Delivered,upi,0.0
O011576,C03866,2024-05-18,Delivered,upi,40.0
O001092,C00382,2025-02-26,Delivered,Debit Card,0.0
O017931,C05895,2025-05-04,Delivered,Credit Card,40.0
O008486,C02811,2024-07-11,Delivered,COD,99.0
O001138,C00391,2024-05-02,Delivered,COD,0.0
O000056,C00027,2025-04-24,Delivered,upi,99.0
O003614,C01175,2023-08-13,Delivered,upi,0.0
O000158,C00082,2025-08-07,Delivered,COD,40.0
O008349,C02771,2024-09-10,Delivered,upi,99.0
O016297,C05372,2024-09-15,Delivered,Credit Card,0.0
O013279,C04421,2025-03-18,Returned,Credit Card,40.0
O003650,C01193,2025-04-09,Returned,upi,40.0
O007270,C02427,2024-12-16,Cancelled,upi,60.0
O008690,C02875,2025-02-08,delivered,Credit Card,0.0
O004528,C01523,2025-08-13,Delivered,Debit Card,0.0
O001011,C00358,2025-04-11,Delivered,upi,40.0
O005495,C01822,2024-03-21,Delivered,upi,40.0
O012487,C04177,2025-07-19,Delivered,upi,60.0
O009442,C03099,2023-09-28,Delivered,Debit Card,99.0
O013914,C04625,2025-01-16,Delivered,upi,0.0
O013472,C04486,2025-07-06,Delivered,upi,40.0
O007712,C02545,2024-05-17,Delivered,Credit Card,0.0
O000007,C00004,2024-08-27,Delivered,upi,0.0
O003333,C01063,2025-09-13,delivered,COD,40.0
O005139,C01706,2024-03-06,Cancelled,upi,99.0
O016660,C05492,2024-04-20,Delivered,Debit Card,60.0
O005319,C01766,2025-03-27,Delivered,Net Banking,0.0
O016998,C05598,2025-07-24,Delivered,COD,0.0
O013263,C04415,2023-04-12,Delivered,upi,60.0
O003837,C01254,2024-05-19,Delivered,Credit Card,0.0
O003563,C01148,2025-09-14,Delivered,upi,0.0
O003882,C01273,2023-07-12,Cancelled,upi,0.0
O007175,C02390,2024-03-05,Delivered,Credit Card,0.0
O001637,C00515,2025-05-26,Delivered,upi,0.0
O017299,C05705,2024-04-24,Delivered,COD,0.0
O000914,C00337,2024-01-15,Delivered,Credit Card,0.0
O016174,C05330,2025-02-24,Delivered,upi,99.0
O005858,C01947,2025-09-01,Delivered,Credit Card,0.0
O005523,C01828,2025-01-11,Delivered,Credit Card,60.0
O004415,C01467,2024-02-14,Delivered,COD,99.0
O013285,C04423,2025-01-20,Delivered,Debit Card,99.0
O007671,C02534,2024-05-22,Returned,upi,0.0
O000408,C00161,2024-09-08,Delivered,upi,0.0
O011022,C03660,2023-11-23,Delivered,COD,99.0
O015656,C05162,2024-11-13,Delivered,Credit Card,0.0
O000556,C00208,2024-01-02,Delivered,upi,0.0
O013479,C04488,2025-01-16,Delivered,Credit Card,99.0
O003389,C01085,2025-04-26,Delivered,upi,40.0
O017514,C05776,2025-05-15,Cancelled,Credit Card,0.0
O018184,C05970,2025-07-24,delivered,COD,0.0
O001341,C00427,2024-10-27,Delivered,upi,40.0
O008817,C02919,2023-07-23,Delivered,Debit Card,0.0
O000798,C00306,2023-06-23,Delivered,Credit Card,99.0
O008226,C02715,2025-02-21,Delivered,COD,99.0
O011084,C03668,2024-10-06,Delivered,Credit Card,99.0
O011248,C03744,2024-11-03,Delivered,Credit Card,99.0
O009503,C03110,2024-07-15,Delivered,Credit Card,40.0
O010440,C03457,2023-08-07,Delivered,upi,40.0
O004160,C01374,2024-11-02,Delivered,COD,0.0
O003097,C00985,2023-12-08,delivered,COD,60.0
O018010,C05921,2024-09-30,Delivered,upi,99.0
O012410,C04160,2025-09-14,Delivered,upi,99.0
O005865,C01950,2024-12-04,Delivered,Net Banking,0.0
O016139,C05318,2023-11-17,Delivered,Debit Card,99.0
O002856,C00902,2023-12-19,Delivered,Credit Card,0.0
O015179,C05003,2025-02-03,Returned,,99.0
O005522,C01828,2024-12-12,delivered,NET BANKING,0.0
O013559,C04503,2023-08-09,delivered,COD,0.0
O011967,C04024,2024-11-25,Delivered,Debit Card,60.0
O016633,C05488,2024-04-30,Delivered,upi,0.0
O015144,C04988,2025-04-21,Delivered,Credit Card,60.0
O005597,C01851,2024-11-22,Delivered,COD,0.0
O008494,C02811,2025-03-25,Delivered,upi,60.0
O015618,C05158,2024-09-02,Delivered,DEBIT CARD,0.0
O018141,C05958,2024-08-05,Delivered,Credit Card,99.0
O011946,C04012,2025-01-21,Delivered,,40.0
O009916,C03266,2024-03-03,Delivered,COD,0.0
O014375,C04759,2023-12-30,Delivered,Credit Card,0.0
O011745,C03931,2024-03-11,Delivered,upi,0.0
O009907,C03265,2025-02-03,Delivered,,99.0
O016260,C05364,2025-07-06,Delivered,upi,60.0
O005498,C01824,2024-06-16,Delivered,Credit Card,99.0
O001572,C00496,2025-05-25,Returned,COD,99.0
O010165,C03353,2025-01-17,Delivered,Net Banking,0.0
O011368,C03792,2023-09-19,Delivered,Credit Card,60.0
O003047,C00967,2024-06-11,Delivered,upi,40.0
O011134,C03693,2024-02-07,Delivered,upi,99.0
O016893,C05570,2024-01-03,delivered,Debit Card,60.0
O014513,C04800,2025-08-23,Delivered,upi,99.0
O013052,C04344,2024-07-18,Delivered,COD,40.0
O016912,C05575,2025-06-03,Delivered,Debit Card,40.0
O008380,C02783,2024-10-17,Returned,upi,60.0
O001102,C00384,2024-04-16,Delivered,Debit Card,99.0
O003320,C01054,2025-07-21,Delivered,upi,40.0
O004723,C01572,2023-10-11,Delivered,COD,40.0
O015867,C05225,2024-06-20,Delivered,Debit Card,0.0
O011425,C03821,2025-05-20,Delivered,upi,99.0
O004198,C01386,2024-05-04,Cancelled,Debit Card,60.0
O002267,C00718,2025-03-24,Delivered,upi,0.0
O016775,C05534,2025-04-17,Delivered,Debit Card,60.0
O015637,C05159,2024-09-17,Cancelled,upi,0.0
O006727,C02232,2025-07-05,Delivered,Net Banking,40.0
O015021,C04945,2024-08-27,Delivered,Credit Card,0.0
O014698,C04849,2024-09-01,Delivered,Credit Card,0.0
O016258,C05364,2025-05-16,Delivered,upi,0.0
O007492,C02503,2024-08-29,Delivered,upi,0.0
O003864,C01265,2024-06-22,Delivered,Debit Card,40.0
O015576,C05142,2025-07-15,Delivered,upi,40.0
O009440,C03099,2023-03-20,Delivered,Debit Card,60.0
O003698,C01211,2023-11-24,Delivered,upi,0.0
O004745,C01579,2025-07-03,Delivered,Credit Card,0.0
O013837,C04586,2025-06-07,Delivered,upi,60.0
O004465,C01493,2023-01-13,Delivered,COD,40.0
O006707,C02225,2025-02-23,Cancelled,Credit Card,40.0
O016330,C05379,2023-05-06,Returned,COD,60.0
O013545,C04502,2024-09-25,Delivered,upi,60.0
O006512,C02156,2024-11-02,Delivered,Debit Card,40.0
O005054,C01685,2024-09-30,Delivered,upi,99.0
O004962,C01650,2025-09-07,Delivered,Debit Card,60.0
O007274,C02429,2025-07-20,Delivered,Credit Card,0.0
O016576,C05463,2025-07-21,Returned,upi,0.0
O011274,C03755,2025-01-28,Delivered,Credit Card,0.0
O002672,C00843,2024-10-21,Returned,upi,99.0
O013099,C04362,2025-01-15,Delivered,Debit Card,99.0
O009470,C03102,2025-02-23,Delivered,Net Banking,40.0
O005733,C01900,2023-12-05,Delivered,Net Banking,40.0
O016745,C05526,2024-02-28,Delivered,COD,0.0
O013345,C04445,2025-03-18,Delivered,Debit Card,40.0
O005492,C01820,2024-07-04,Delivered,upi,40.0
O008580,C02842,2025-06-19,Delivered,upi,40.0
O004662,C01557,2024-11-09,Delivered,Debit Card,0.0
O008912,C02934,2025-05-16,Delivered,upi,40.0
O001965,C00609,2024-07-03,Delivered,upi,40.0
O000346,C00144,2023-11-06,Delivered,Credit Card,99.0
O000969,C00346,2024-11-24,Delivered,COD,40.0
O009167,C03008,2024-09-17,Delivered,upi,40.0
O003339,C01064,2024-08-02,Cancelled,UPI,99.0
O002783,C00877,2023-01-17,Delivered,Net Banking,60.0
O017626,C05815,2025-04-15,Delivered,upi,0.0
O006507,C02155,2025-05-16,Delivered,upi,60.0
O014286,C04722,2024-09-29,Delivered,Credit Card,0.0
O010938,C03632,2024-12-02,Delivered,upi,0.0
O000495,C00191,2023-01-08,Delivered,upi,0.0
O016833,C05551,2025-09-01,Delivered,upi,0.0
O002262,C00714,2024-02-24,Cancelled,Debit Card,40.0
O000438,C00172,2023-11-08,Delivered,upi,99.0
O013692,C04543,2023-06-29,cancelled,Debit Card,0.0
O005048,C01681,2025-08-30,Delivered,Debit Card,99.0
O007576,C02520,2023-06-19,Delivered,upi,60.0
O006380,C02104,2025-05-05,Delivered,upi,99.0
O012097,C04067,2024-12-29,Delivered,Debit Card,99.0
O010228,C03384,2024-01-31,Delivered,upi,0.0
O010154,C03349,2023-05-09,Delivered,Debit Card,60.0
O003640,C01187,2024-12-07,Delivered,upi,99.0
O011740,C03929,2025-09-29,Delivered,upi,99.0
O014991,C04932,2025-03-27,Delivered,Debit Card,60.0
O011367,C03792,2023-02-13,Delivered,upi,0.0
O006669,C02213,2023-03-26,Delivered,COD,0.0
O011146,C03695,2024-06-08,Returned,Credit Card,0.0
O003077,C00979,2023-05-17,Delivered,UPI,99.0
O005934,C01968,2023-09-24,delivered,upi,60.0
O010770,C03577,2024-12-03,Delivered,COD,60.0
O007168,C02388,2024-01-25,Delivered,Credit Card,40.0
O006787,C02244,2025-09-29,Delivered,Net Banking,40.0
O001983,C00609,2025-06-02,Delivered,Debit Card,99.0
O010087,C03324,2023-07-20,Delivered,UPI,0.0
O000328,C00138,2025-09-07,Delivered,Debit Card,60.0
O006357,C02094,2024-12-10,Returned,upi,0.0
O006113,C02039,2023-08-12,Delivered,COD,0.0
O000154,C00081,2024-11-20,Delivered,Net Banking,40.0
O000316,C00138,2024-01-14,Delivered,Credit Card,40.0
O000386,C00153,2024-10-09,Delivered,COD,99.0
O013908,C04621,2023-11-07,Delivered,upi,60.0
O002550,C00810,2023-08-14,Delivered,upi,99.0
O013311,C04432,2023-05-25,Delivered,Net Banking,60.0
O005446,C01813,2023-06-19,Delivered,Debit Card,99.0
O017354,C05721,2024-03-02,Delivered,upi,99.0
O004472,C01498,2024-10-26,Delivered,COD,0.0
O012020,C04040,2025-03-19,Cancelled,Net Banking,0.0
O001295,C00420,2024-06-28,Delivered,COD,0.0
O001268,C00416,2024-07-09,Delivered,CREDIT CARD,60.0
O004029,C01324,2025-05-08,Delivered,Credit Card,0.0
O013356,C04447,2024-08-28,Returned,Debit Card,40.0
O013171,C04384,2024-11-30,Cancelled,upi,99.0
O002622,C00829,2024-06-22,Delivered,Debit Card,0.0
O013423,C04471,2024-06-27,Delivered,Credit Card,60.0
O001731,C00550,2025-06-27,Delivered,upi,60.0
O003150,C01000,2025-03-14,Delivered,COD,0.0
O000348,C00145,2024-10-03,delivered,upi,99.0
O016504,C05429,2024-06-09,Delivered,Net Banking,60.0
O005605,C01856,2025-04-09,Delivered,Net Banking,99.0
O001237,C00402,2025-07-30,Delivered,upi,60.0
O007981,C02619,2023-06-29,Delivered,Debit Card,0.0
O003071,C00975,2025-03-17,Delivered,Debit Card,60.0
O018178,C05969,2025-08-16,Delivered,CREDIT CARD,0.0
O004626,C01543,2024-06-29,Delivered,upi,0.0
O010985,C03648,2024-06-28,Delivered,Credit Card,40.0
O016340,C05386,2024-01-28,Delivered,Credit Card,0.0
O003659,C01197,2025-06-12,Delivered,Credit Card,99.0
O007560,C02516,2025-07-30,Delivered,COD,0.0
O015123,C04981,2024-05-24,Delivered,upi,99.0
O006175,C02041,2024-10-15,Delivered,Credit Card,99.0
O017418,C05740,2025-01-28,Delivered,Debit Card,0.0
O005154,C01708,2025-08-18,Delivered,Credit Card,99.0
O006554,C02167,2025-01-24,Delivered,Net Banking,99.0
O010114,C03330,2025-04-15,delivered,upi,60.0
O001417,C00449,2024-05-04,Delivered,Credit Card,60.0
O009291,C03045,2024-09-07,Delivered,Credit Card,99.0
O000778,C00298,2025-04-24,Delivered,Debit Card,99.0
O004428,C01471,2025-05-10,Delivered,upi,40.0
O013163,C04381,2025-01-10,Returned,Credit Card,40.0
O013865,C04601,2024-12-29,Delivered,Credit Card,40.0
O000655,C00239,2024-08-15,Cancelled,COD,40.0
O003608,C01171,2025-07-03,Delivered,Net Banking,0.0
O003016,C00954,2023-11-05,Delivered,Net Banking,0.0
O010330,C03421,2023-08-03,Delivered,upi,60.0
O017970,C05905,2024-12-09,Delivered,upi,40.0
O005196,C01731,2024-05-10,Delivered,upi,99.0
O008796,C02913,2023-06-29,Delivered,COD,0.0
O011951,C04014,2025-01-13,Returned,Debit Card,0.0
O001262,C00412,2025-06-11,Delivered,Credit Card,40.0
O008264,C02734,2025-06-08,Delivered,upi,99.0
O008881,C02926,2025-08-09,Delivered,upi,40.0
O004814,C01598,2025-05-03,Delivered,upi,0.0
O009390,C03089,2025-09-10,Delivered,upi,60.0
O009376,C03081,2025-06-28,Cancelled,Credit Card,60.0
O002363,C00756,2024-09-27,Delivered,COD,60.0
O003725,C01222,2024-07-24,Returned,Debit Card,99.0
O007510,C02505,2025-03-20,Delivered,upi,0.0
O014652,C04832,2023-12-03,Delivered,upi,60.0
O006153,C02041,2024-01-11,Delivered,upi,40.0
O013871,C04607,2023-11-06,Delivered,upi,99.0
O003627,C01183,2025-06-29,Delivered,Debit Card,40.0
O010456,C03466,2025-04-03,Delivered,UPI,60.0
O005815,C01934,2024-08-29,Delivered,COD,99.0
O007596,C02524,2024-10-30,Delivered,Credit Card,0.0
O002204,C00697,2025-05-27,Cancelled,Credit Card,0.0
O013314,C04432,2025-04-21,Delivered,Debit Card,0.0
O017361,C05724,2023-11-25,Delivered,upi,40.0
O003735,C01226,2024-09-20,Delivered,Credit Card,40.0
O004377,C01449,2024-01-29,Delivered,upi,60.0
O016285,C05372,2024-02-28,Delivered,COD,60.0
O014209,C04716,2024-07-04,Returned,upi,60.0
O002640,C00833,2024-07-29,Delivered,COD,0.0
O011339,C03776,2024-09-26,Delivered,Debit Card,99.0
O002577,C00818,2025-09-26,Delivered,COD,99.0
O010521,C03494,2024-07-15,Delivered,COD,60.0
O008022,C02638,2024-02-18,Delivered,Credit Card,0.0
O010642,C03533,2024-02-27,Delivered,Debit Card,0.0
O015733,C05178,2024-09-22,Delivered,Debit Card,99.0
O002211,C00697,2025-09-05,Delivered,COD,40.0
O007315,C02448,2023-05-31,Returned,upi,60.0
O008757,C02894,2025-06-06,Delivered,Net Banking,40.0
O018026,C05928,2024-01-13,Delivered,Debit Card,99.0
O016037,C05272,2024-03-14,Cancelled,COD,0.0
O007131,C02387,2023-04-13,delivered,upi,40.0
O008510,C02816,2025-06-16,Delivered,Net Banking,99.0
O015661,C05163,2025-02-17,Delivered,Credit Card,40.0
O016430,C05411,2024-06-12,Delivered,Credit Card,40.0
O003803,C01245,2024-01-07,Delivered,upi,0.0
O015319,C05050,2025-01-19,Delivered,Net Banking,0.0
O012240,C04122,2025-01-27,Delivered,upi,99.0
O005954,C01976,2025-07-27,Delivered,Credit Card,0.0
O008645,C02864,2024-03-25,Delivered,upi,60.0
O009531,C03115,2025-06-04,Cancelled,upi,0.0
O006675,C02216,2023-02-09,Delivered,Debit Card,0.0
O004641,C01551,2024-02-11,Cancelled,UPI,60.0
O006352,C02090,2024-02-03,Delivered,upi,0.0
O011091,C03670,2023-10-26,Delivered,upi,0.0
O009616,C03154,2025-05-16,Cancelled,Credit Card,0.0
O008837,C02923,2024-07-30,Returned,upi,99.0
O014955,C04922,2023-09-23,Delivered,Credit Card,40.0
O018024,C05927,2024-07-17,Delivered,Credit Card,60.0
O012969,C04315,2024-10-26,Delivered,Credit Card,0.0
O001999,C00613,2025-07-08,Delivered,upi,0.0
O000452,C00174,2025-04-12,Delivered,Net Banking,0.0
O007395,C02472,2024-12-16,Delivered,Credit Card,60.0
O001150,C00391,2025-04-09,Delivered,COD,0.0
O017980,C05906,2024-04-05,Delivered,upi,40.0
O000766,C00291,2025-01-31,Cancelled,DEBIT CARD,0.0
O006282,C02062,2025-07-11,Delivered,upi,40.0
O010031,C03307,2024-04-06,Delivered,Credit Card,0.0
O007035,C02352,2024-09-19,Delivered,Debit Card,40.0
O002521,C00801,2024-06-27,Delivered,DEBIT CARD,99.0
O012312,C04140,2024-01-16,Delivered,,99.0
O002101,C00650,2024-03-11,Delivered,upi,99.0
O016221,C05348,2025-07-11,Delivered,Credit Card,99.0
O002125,C00662,2025-05-22,Delivered,COD,0.0
O013881,C04612,2024-10-28,Cancelled,upi,0.0
O007909,C02596,2023-03-31,Delivered,COD,99.0
O017190,C05661,2024-05-06,Returned,upi,60.0
O001451,C00463,2025-01-09,Delivered,upi,0.0
O000541,C00201,2024-11-19,Delivered,upi,0.0
O008206,C02706,2025-07-03,Delivered,upi,0.0
O016054,C05278,2025-01-19,Delivered,COD,60.0
O013936,C04633,2024-11-28,Delivered,upi,0.0
O014598,C04813,2024-02-16,Cancelled,upi,0.0
O001016,C00358,2025-09-11,Delivered,upi,0.0
O016320,C05376,2025-05-01,Delivered,Net Banking,0.0
O004141,C01359,2024-08-21,Cancelled,Debit Card,60.0
O013092,C04360,2024-04-13,Returned,Credit Card,40.0
O000884,C00329,2025-09-21,Delivered,upi,0.0
O015065,C04960,2024-03-22,Delivered,upi,0.0
O011117,C03679,2024-02-09,Delivered,Credit Card,0.0
O015448,C05097,2023-07-21,Delivered,upi,99.0
O015304,C05044,2024-12-29,Delivered,upi,60.0
O010095,C03327,2024-04-09,Delivered,Debit Card,0.0
O013244,C04406,2023-06-21,Delivered,upi,0.0
O005164,C01712,2024-11-26,Delivered,Debit Card,60.0
O013334,C04441,2025-09-18,Returned,upi,0.0
O001293,C00420,2023-10-04,Returned,COD,40.0
O004630,C01544,2023-11-26,Delivered,Credit Card,99.0
O016165,C05327,2025-04-17,Returned,upi,0.0
O004046,C01330,2023-08-05,Delivered,COD,40.0
O008609,C02853,2025-04-14,Delivered,COD,0.0
O002212,C00698,2024-12-27,delivered,Credit Card,0.0
O010502,C03482,2024-10-06,Returned,Debit Card,60.0
O005976,C01984,2023-10-28,Delivered,Credit Card,0.0
O000084,C00042,2025-09-26,Returned,Net Banking,0.0
O017451,C05749,2024-11-01,Delivered,upi,0.0
O000029,C00016,2025-09-09,Delivered,COD,99.0
O011639,C03880,2023-08-15,Delivered,Credit Card,40.0
O014515,C04801,2024-04-03,Returned,upi,0.0
O008462,C02806,2023-10-16,Delivered,DEBIT CARD,0.0
O015152,C04991,2024-09-27,Delivered,upi,0.0
O011908,C03999,2024-10-27,Delivered,Credit Card,40.0
O010751,C03576,2024-06-26,Delivered,upi,60.0
O012006,C04034,2024-12-14,Delivered,Credit Card,0.0
O014192,C04714,2025-03-12,Cancelled,COD,40.0
O011793,C03957,2024-07-27,Delivered,Credit Card,99.0
O010892,C03619,2025-01-17,Delivered,Net Banking,99.0
O001209,C00398,2024-09-19,Delivered,upi,0.0
O013476,C04488,2024-06-28,Returned,Debit Card,60.0
O013381,C04454,2025-04-23,Delivered,NET BANKING,0.0
O004365,C01448,2024-02-27,Delivered,COD,60.0
O013699,C04545,2024-05-24,Delivered,Credit Card,0.0
O003004,C00950,2024-12-19,Delivered,upi,40.0
O006552,C02167,2024-09-09,Delivered,upi,60.0
O011393,C03808,2024-10-03,Delivered,Net Banking,0.0
O004248,C01404,2025-06-05,Delivered,Debit Card,99.0
O003483,C01113,2023-11-14,Delivered,Credit Card,0.0
O001060,C00368,2025-01-02,Delivered,Credit Card,40.0
O002047,C00627,2024-10-01,Delivered,upi,60.0
O005149,C01708,2024-08-08,delivered,COD,60.0
O006792,C02247,2025-03-02,Cancelled,Credit Card,40.0
O016345,C05390,2025-07-12,Delivered,upi,0.0
O003487,C01114,2025-04-05,Delivered,upi,99.0
O015944,C05254,2024-05-27,Delivered,upi,60.0
O009966,C03285,2024-12-25,Delivered,COD,60.0
O014595,C04812,2025-01-16,Delivered,upi,0.0
O009147,C03007,2024-09-14,Delivered,UPI,40.0
O006415,C02115,2025-02-16,Returned,upi,0.0
O017199,C05661,2024-12-02,Delivered,upi,60.0
O017921,C05892,2023-05-05,Delivered,Credit Card,0.0
O014464,C04791,2025-06-22,Cancelled,Net Banking,99.0
O013836,C04586,2024-09-08,Delivered,Debit Card,60.0
O013392,C04460,2024-07-14,Delivered,Debit Card,0.0
O004428,C01471,2025-05-10,Delivered,upi,40.0
O002284,C00725,2025-07-17,Delivered,upi,0.0
O013176,C04386,2024-12-21,Delivered,upi,40.0
O009720,C03196,2024-01-11,Delivered,Credit Card,0.0
O015207,C05014,2024-10-05,delivered,Debit Card,60.0
O006004,C01997,2024-01-26,Cancelled,COD,0.0
O003918,C01287,2025-05-10,delivered,upi,0.0
O013849,C04593,2024-04-05,Returned,Net Banking,0.0
O014214,C04716,2024-09-28,Delivered,UPI,0.0
O001664,C00526,2025-03-25,Delivered,Net Banking,0.0
O011821,C03969,2023-12-20,Delivered,Credit Card,60.0
O008347,C02771,2024-07-25,Delivered,upi,0.0
O011457,C03840,2024-08-29,Delivered,COD,0.0
O015101,C04972,2024-05-27,Delivered,Net Banking,0.0
O003017,C00955,2025-03-02,Delivered,COD,0.0
O013655,C04533,2025-02-26,Delivered,upi,60.0
O004896,C01638,2024-05-12,Delivered,Debit Card,0.0
O015370,C05060,2025-03-19,Delivered,Debit Card,99.0
O009610,C03151,2023-12-24,Delivered,upi,0.0
O006428,C02120,2025-01-25,Delivered,Credit Card,40.0
O008981,C02956,2023-07-09,Delivered,Credit Card,40.0
O011540,C03861,2025-04-15,Delivered,upi,99.0
O004425,C01469,2025-03-12,Delivered,upi,0.0
O012567,C04200,2024-08-12,Delivered,upi,0.0
O012105,C04069,2025-03-13,Delivered,upi,40.0
O014321,C04736,2025-02-06,Delivered,Credit Card,60.0
O009681,C03178,2025-06-04,Delivered,Debit Card,40.0
O008301,C02753,2024-05-14,Delivered,upi,0.0
O008662,C02873,2024-03-03,Delivered,upi,0.0
O003231,C01027,2023-06-19,Delivered,upi,60.0
O009425,C03097,2023-12-19,Delivered,COD,40.0
O007710,C02545,2024-04-22,Delivered,Credit Card,99.0
O004488,C01507,2024-06-12,Delivered,Net Banking,60.0
O006391,C02107,2024-12-19,Delivered,COD,0.0
O018195,C05978,2024-04-11,Delivered,COD,0.0
O001782,C00562,2025-08-03,Cancelled,COD,40.0
O007765,C02552,2025-03-31,Delivered,Debit Card,40.0
O013483,C04490,2025-03-14,Delivered,upi,0.0
O017975,C05905,2025-02-20,Delivered,upi,99.0
O010832,C03595,2024-08-09,Delivered,Credit Card,0.0
O000731,C00280,2024-08-21,Delivered,COD,60.0
O016144,C05318,2024-12-15,Returned,upi,60.0
O008637,C02863,2023-05-23,Delivered,upi,40.0
O008348,C02771,2024-08-07,Delivered,Net Banking,40.0
O001360,C00427,2025-06-23,Delivered,upi,0.0
O013915,C04626,2024-11-08,Delivered,upi,99.0
O008551,C02832,2024-05-12,Delivered,upi,60.0
O012041,C04051,2024-11-26,Delivered,COD,60.0
O004210,C01388,2025-01-18,Delivered,Net Banking,0.0
O011050,C03664,2024-05-22,Delivered,upi,0.0
O011607,C03870,2023-07-09,Delivered,Debit Card,99.0
O013795,C04571,2025-09-18,delivered,COD,0.0
O007989,C02623,2024-02-07,Delivered,upi,0.0
O000157,C00082,2025-04-15,Delivered,Credit Card,40.0
O004429,C01472,2024-10-27,Cancelled,Credit Card,60.0
O007484,C02502,2024-11-18,Delivered,upi,60.0
O000445,C00172,2025-04-14,Delivered,upi,0.0
O015206,C05014,2024-09-23,Returned,Credit Card,99.0
O001393,C00435,2025-07-06,Delivered,COD,99.0
O003577,C01157,2025-01-18,Delivered,COD,60.0
O001854,C00584,2025-06-12,Cancelled,upi,60.0
O014059,C04663,2025-06-24,Delivered,upi,40.0
O013028,C04332,2025-05-14,delivered,upi,0.0
O001121,C00389,2024-07-17,Delivered,upi,0.0
O011130,C03689,2024-12-15,Delivered,Net Banking,0.0
O012064,C04059,2024-12-02,Delivered,Credit Card,60.0
O008172,C02694,2024-01-11,Delivered,upi,99.0
O014958,C04922,2024-04-15,Delivered,COD,0.0
O003525,C01133,2024-06-13,Delivered,Net Banking,0.0
O015539,C05130,2023-12-01,Delivered,UPI,40.0
O001608,C00501,2025-09-03,Delivered,upi,0.0
O013422,C04471,2024-06-13,Delivered,Debit Card,99.0
O017463,C05758,2023-10-10,Delivered,Credit Card,99.0
O001004,C00358,2024-03-24,Delivered,Credit Card,40.0
O012204,C04112,2025-06-08,Delivered,DEBIT CARD,99.0
O011926,C04008,2023-04-08,Delivered,upi,0.0
O000042,C00024,2025-08-17,Delivered,Credit Card,40.0
O016868,C05561,2025-04-07,Delivered,upi,99.0
O000312,C00136,2024-06-07,Delivered,Net Banking,60.0
O002510,C00797,2024-12-15,delivered,Credit Card,60.0
O004264,C01413,2024-03-08,Delivered,COD,0.0
O014204,C04716,2024-01-13,Delivered,upi,0.0
O014408,C04770,2025-08-06,Delivered,Net Banking,60.0
O013247,C04407,2024-02-14,Delivered,upi,0.0
O008217,C02711,2024-11-30,Delivered,upi,0.0
O009961,C03280,2025-07-04,Delivered,upi,60.0
O014895,C04905,2023-06-15,Delivered,Credit Card,99.0
O004944,C01647,2023-05-21,delivered,Credit Card,40.0
O009285,C03041,2025-08-10,Delivered,COD,99.0
O010511,C03489,2024-06-30,Delivered,Debit Card,0.0
O001466,C00464,2024-06-16,Delivered,Net Banking,0.0
O012690,C04234,2023-12-23,Returned,COD,40.0
O012971,C04316,2025-04-20,Delivered,upi,60.0
O003187,C01013,2024-09-12,Delivered,upi,0.0
O015177,C05002,2023-06-28,Delivered,Credit Card,40.0
O001638,C00515,2025-06-03,delivered,Debit Card,40.0
O004183,C01382,2023-10-25,Delivered,upi,99.0
O002757,C00873,2024-06-11,Delivered,Net Banking,99.0
O017925,C05892,2024-08-21,Cancelled,Credit Card,60.0
O017659,C05820,2025-09-06,Delivered,upi,60.0
O013408,C04464,2025-04-24,Delivered,upi,60.0
O016904,C05572,2024-12-21,Delivered,upi,0.0
O003981,C01308,2024-08-07,Delivered,CREDIT CARD,40.0
O001018,C00360,2025-06-09,Delivered,COD,60.0
O001876,C00588,2025-02-08,Delivered,Debit Card,99.0
O008304,C02754,2024-05-06,Delivered,upi,0.0
O002924,C00915,2025-01-20,Delivered,COD,40.0
O010534,C03502,2024-12-18,Delivered,upi,0.0
O012508,C04185,2025-09-27,Delivered,Net Banking,99.0
O004777,C01586,2024-06-05,Delivered,upi,0.0
O005879,C01952,2024-01-02,Returned,upi,0.0
O000594,C00216,2024-08-09,Delivered,upi,60.0
O005104,C01697,2024-04-02,Delivered,COD,0.0
O005658,C01877,2024-03-21,Delivered,COD,99.0
O000923,C00337,2024-07-14,delivered,upi,0.0
O002373,C00756,2025-04-14,Delivered,upi,99.0
O010140,C03339,2025-02-25,Delivered,Credit Card,40.0
O016495,C05425,2024-03-16,Delivered,UPI,60.0
O012722,C04234,2025-01-22,Delivered,Debit Card,99.0
O000061,C00030,2024-02-16,cancelled,Credit Card,60.0
O008830,C02923,2024-01-10,Delivered,Net Banking,60.0
O017154,C05658,2025-07-08,Delivered,Credit Card,0.0
O000821,C00309,2025-07-16,Delivered,Debit Card,0.0
O004251,C01406,2024-07-13,Delivered,COD,40.0
O004826,C01603,2025-03-14,Delivered,Credit Card,0.0
O015852,C05220,2025-09-16,Delivered,upi,60.0
O009660,C03163,2025-05-30,Delivered,upi,60.0
O013010,C04329,2023-02-08,Delivered,upi,60.0
O005051,C01683,2025-05-03,Delivered,upi,60.0
O012323,C04140,2024-09-16,Cancelled,upi,0.0
O006002,C01996,2025-06-07,Delivered,Net Banking,40.0
O002564,C00815,2024-06-13,Delivered,upi,60.0
O016575,C05463,2025-06-03,Delivered,Credit Card,99.0
O014855,C04893,2025-04-13,Returned,COD,99.0
O013429,C04471,2024-11-05,Delivered,Credit Card,40.0
O015841,C05220,2024-07-19,Delivered,upi,60.0
O001057,C00365,2025-02-15,Returned,upi,0.0
O010580,C03512,2024-06-05,Returned,COD,60.0
O013675,C04537,2023-09-02,Delivered,upi,40.0
O006185,C02043,2025-09-06,Delivered,Credit Card,99.0
O008218,C02711,2025-09-26,Delivered,upi,0.0
O012080,C04066,2024-01-24,Delivered,COD,99.0
O014742,C04859,2024-07-23,Delivered,Debit Card,40.0
O000220,C00105,2024-01-14,Delivered,Debit Card,0.0
O010062,C03312,2023-07-16,Delivered,COD,40.0
O001544,C00492,2024-10-17,Delivered,Debit Card,60.0
O011004,C03655,2025-03-03,delivered,upi,0.0
O001090,C00382,2024-04-24,Delivered,Net Banking,0.0
O009949,C03279,2024-07-14,Delivered,Debit Card,0.0
O000532,C00201,2023-10-19,Delivered,Credit Card,40.0
O004247,C01404,2024-09-27,Delivered,Credit Card,0.0
O016229,C05354,2025-07-09,Delivered,upi,0.0
O016519,C05439,2024-07-07,Delivered,COD,60.0
O018117,C05940,2025-03-30,Delivered,Debit Card,0.0
O006814,C02255,2025-08-29,Delivered,Credit Card,99.0
O000873,C00326,2024-05-27,Delivered,Credit Card,99.0
O008394,C02789,2023-08-15,Delivered,Credit Card,40.0
O017615,C05814,2025-05-17,Delivered,upi,60.0
O008790,C02910,2026-06-01,Delivered,COD,0.0
O004751,C01580,2025-01-09,Delivered,upi,60.0
O013108,C04363,2023-12-18,Returned,COD,40.0
O013874,C04610,2025-09-15,Delivered,upi,0.0
O010872,C03612,2024-11-03,Delivered,Net Banking,0.0
O005440,C01811,2024-12-04,Delivered,upi,40.0
O015553,C05130,2024-12-16,Delivered,Net Banking,60.0
O004661,C01556,2023-04-17,Delivered,COD,40.0
O004367,C01448,2024-03-14,delivered,Net Banking,0.0
O010525,C03496,2024-01-02,Returned,Credit Card,40.0
O014246,C04717,2025-05-18,Delivered,upi,60.0
O005544,C01833,2024-07-30,Delivered,upi,99.0
O006949,C02315,2023-06-18,Delivered,Credit Card,0.0
O001230,C00402,2025-02-21,Delivered,upi,0.0
O015967,C05258,2024-07-18,Delivered,Debit Card,99.0
O012315,C04140,2024-02-26,Delivered,Credit Card,40.0
O006102,C02031,2024-04-11,Delivered,upi,40.0
O017840,C05867,2025-04-20,Delivered,upi,60.0
O006646,C02202,2024-05-12,Delivered,Credit Card,60.0
O000447,C00173,2024-02-27,Cancelled,Net Banking,40.0
O000336,C00140,2025-05-20,Delivered,upi,99.0
O007068,C02367,2025-09-20,Delivered,upi,60.0
O001881,C00588,2025-09-03,Cancelled,,40.0
O011939,C04010,2024-04-04,Delivered,Net Banking,99.0
O005116,C01697,2025-04-19,Delivered,Net Banking,99.0
O002321,C00743,2025-03-12,Delivered,upi,0.0
O007620,C02526,2024-09-18,Delivered,COD,0.0
O014545,C04806,2025-01-13,Returned,upi,60.0
O003922,C01289,2024-12-05,Delivered,COD,0.0
O005052,C01684,2024-04-13,Delivered,COD,0.0
O013867,C04603,2024-11-30,Delivered,upi,0.0
O008267,C02736,2023-12-24,Delivered,Debit Card,99.0
O014596,C04812,2025-04-19,Delivered,Net Banking,60.0
O002431,C00777,2024-12-23,Delivered,Debit Card,60.0
O010517,C03493,2025-01-05,Delivered,COD,0.0
O005596,C01850,2024-02-23,Delivered,upi,60.0
O015069,C04961,2024-05-13,Delivered,CREDIT CARD,40.0
O004444,C01482,2023-04-19,Delivered,upi,40.0
O007974,C02614,2025-01-19,Delivered,upi,0.0
O013624,C04524,2025-06-17,Delivered,COD,0.0
O015351,C05056,2024-07-03,Delivered,COD,60.0
O010069,C03313,2024-07-30,Delivered,Debit Card,40.0
O010109,C03330,2024-09-02,Delivered,CREDIT CARD,60.0
O001533,C00486,2023-12-01,Delivered,Credit Card,40.0
O010116,C03330,2025-06-03,Delivered,COD,40.0
O008251,C02727,2025-05-09,Delivered,Credit Card,0.0
O003491,C01116,2025-01-22,Delivered,upi,99.0
O017805,C05857,2024-09-28,Delivered,CREDIT CARD,60.0
O004640,C01550,2023-02-09,Delivered,Net Banking,0.0
O008748,C02891,2024-01-24,Cancelled,COD,40.0
O017895,C05882,2023-06-16,Delivered,upi,99.0
O000134,C00071,2025-02-05,Delivered,COD,60.0
O005756,C01903,2025-05-21,Returned,upi,40.0
O011348,C03780,2024-11-27,Delivered,Debit Card,0.0
O005722,C01896,2024-10-09,Delivered,upi,40.0
O006497,C02152,2024-09-05,Delivered,upi,60.0
O005211,C01735,2024-07-17,Delivered,Debit Card,60.0
O006954,C02316,2023-11-23,Delivered,COD,60.0
O010124,C03331,2025-06-15,Delivered,upi,60.0
O014709,C04856,2024-10-30,Delivered,Credit Card,60.0
O015759,C05196,2023-01-06,Delivered,upi,99.0
O010096,C03328,2024-11-24,Cancelled,Credit Card,40.0
O004985,C01664,2024-01-01,Returned,upi,99.0
O004864,C01624,2025-06-21,Delivered,upi,99.0
O017493,C05767,2023-05-01,Delivered,Credit Card,0.0
O015375,C05062,2025-09-05,Delivered,Credit Card,0.0
O014573,C04810,2024-06-13,Delivered,Credit Card,0.0
O000119,C00065,2023-06-12,Delivered,Debit Card,40.0
O010712,C03557,2024-02-08,Delivered,upi,0.0
O000113,C00060,2025-01-21,Delivered,Credit Card,99.0
O017532,C05783,2023-11-28,Delivered,upi,99.0
O005114,C01697,2025-01-28,Delivered,upi,0.0
O003300,C01048,2025-09-19,Delivered,Debit Card,99.0
O015302,C05044,2024-09-05,Delivered,Net Banking,40.0
O018171,C05965,2025-09-19,Delivered,Credit Card,40.0
O003611,C01172,2023-12-28,Delivered,COD,0.0
O013802,C04576,2024-05-31,Delivered,,0.0
O003072,C00976,2025-06-20,Delivered,upi,40.0
O003105,C00986,2024-01-12,delivered,upi,99.0
O000945,C00337,2025-08-23,Returned,upi,40.0
O000459,C00179,2024-04-09,Delivered,COD,60.0
O013810,C04577,2026-06-01,Delivered,upi,0.0
O008434,C02794,2025-01-03,delivered,COD,40.0
O000712,C00273,2025-06-20,Delivered,Credit Card,40.0
O014910,C04913,2024-11-07,Delivered,upi,40.0
O014005,C04649,2025-02-11,Delivered,COD,0.0
O003174,C01007,2025-04-05,delivered,upi,40.0
O008774,C02901,2024-03-06,Delivered,COD,0.0
O011375,C03798,2024-09-30,Delivered,Debit Card,40.0
O017688,C05835,2024-10-19,Delivered,upi,60.0
O012389,C04157,2025-05-14,Delivered,COD,60.0
O008767,C02900,2025-09-19,Delivered,COD,0.0
O004450,C01487,2024-07-06,Returned,upi,99.0
O009008,C02964,2023-06-13,Delivered,upi,0.0
O001647,C00521,2023-06-28,Delivered,upi,99.0
O014390,C04762,2024-07-16,Delivered,upi,0.0
O010257,C03396,2024-11-03,Delivered,upi,60.0
O010344,C03430,2025-05-21,Delivered,upi,99.0
O007846,C02579,2023-09-18,Delivered,COD,0.0
O007704,C02545,2023-12-03,Delivered,Credit Card,0.0
O005959,C01978,2024-04-23,Delivered,COD,40.0
O000347,C00144,2024-04-17,Delivered,Credit Card,60.0
O001834,C00581,2024-05-10,Returned,upi,40.0
O013230,C04400,2025-03-27,Delivered,COD,0.0
O017236,C05675,2025-03-18,Delivered,Net Banking,99.0
O015441,C05093,2025-05-09,Returned,Credit Card,60.0
O015113,C04978,2024-12-04,Delivered,Credit Card,0.0
O007234,C02416,2024-09-20,Delivered,upi,99.0
O015666,C05166,2024-12-26,Delivered,upi,0.0
O009959,C03279,2025-07-07,Delivered,Net Banking,60.0
O013340,C04444,2025-07-20,Delivered,upi,99.0
O002587,C00821,2024-06-21,Delivered,COD,0.0
O007670,C02533,2024-03-20,Delivered,Debit Card,99.0
O011148,C03695,2024-08-11,Delivered,Credit Card,60.0
O007937,C02607,2023-08-10,Delivered,Debit Card,60.0
O015509,C05123,2025-04-22,Returned,upi,0.0
O014671,C04840,2025-01-20,Delivered,COD,40.0
O006978,C02327,2025-03-06,Returned,Credit Card,40.0
O014551,C04806,2025-04-17,Delivered,upi,60.0
O005269,C01747,2025-05-01,Delivered,upi,99.0
O012152,C04089,2025-05-17,Delivered,COD,40.0
O007866,C02584,2025-03-10,Delivered,Debit Card,0.0
O017485,C05764,2024-12-01,Delivered,COD,60.0
O015706,C05170,2025-09-26,Delivered,Credit Card,0.0
O017768,C05846,2025-05-05,Delivered,upi,40.0
O001736,C00551,2025-07-02,Returned,Credit Card,0.0
O010161,C03353,2024-01-21,Delivered,upi,99.0
O011680,C03900,2024-09-03,Delivered,Debit Card,0.0
O005041,C01680,2025-02-13,Delivered,Credit Card,99.0
O012309,C04139,2025-06-01,Delivered,Debit Card,0.0
O012866,C04288,2024-07-04,Delivered,COD,99.0
O011074,C03667,2024-12-16,Delivered,upi,60.0
O012089,C04066,2025-08-17,Delivered,upi,60.0
O002737,C00869,2025-07-17,delivered,upi,0.0
O000935,C00337,2025-02-05,Delivered,Debit Card,40.0
O003102,C00986,2023-11-12,Cancelled,upi,60.0
O003678,C01204,2025-03-24,Delivered,COD,0.0
O012709,C04234,2024-07-30,Delivered,Credit Card,40.0
O003343,C01065,2025-07-02,Delivered,COD,40.0
O003223,C01026,2024-12-16,Delivered,Net Banking,60.0
O012611,C04219,2024-02-29,Delivered,upi,0.0
O002107,C00656,2024-01-10,Delivered,upi,99.0
O007799,C02559,2024-05-18,Delivered,upi,99.0
O015321,C05050,2025-02-14,Delivered,Credit Card,99.0
O003533,C01137,2024-08-20,Delivered,Debit Card,0.0
O008703,C02878,2025-05-17,Delivered,Net Banking,0.0
O011630,C03874,2024-12-31,Delivered,Net Banking,60.0
O010839,C03598,2023-12-24,Delivered,Net Banking,0.0
O016766,C05534,2024-03-10,Delivered,upi,0.0
O011501,C03843,2024-11-13,Delivered,COD,0.0
O009113,C02999,2025-07-27,Delivered,COD,99.0
O010660,C03539,2025-03-05,Returned,Credit Card,40.0
O013822,C04578,2023-10-07,Delivered,Net Banking,40.0
O017518,C05776,2025-08-07,Delivered,Credit Card,99.0
O014355,C04749,2025-09-21,Delivered,Net Banking,99.0
O012012,C04037,2024-09-15,Delivered,Net Banking,60.0
O006578,C02176,2023-11-21,Delivered,Debit Card,60.0
O007561,C02516,2025-08-01,Delivered,Credit Card,0.0
O001373,C00429,2024-11-19,Returned,COD,60.0
O015835,C05220,2024-04-02,Delivered,upi,60.0
O012947,C04305,2024-02-02,Delivered,Net Banking,40.0
O010495,C03480,2024-01-24,Delivered,upi,40.0
O007067,C02366,2025-02-05,Returned,Net Banking,40.0
O007176,C02391,2023-12-08,Delivered,DEBIT CARD,0.0
O007398,C02473,2024-03-06,Delivered,DEBIT CARD,60.0
O013063,C04348,2024-10-04,Delivered,COD,0.0
O000469,C00181,2025-02-28,Delivered,Net Banking,0.0
O007559,C02516,2025-07-28,Delivered,upi,0.0
O016122,C05307,2025-07-10,Delivered,upi,0.0
O007664,C02532,2025-07-13,Delivered,Credit Card,60.0
O011976,C04025,2025-01-16,Delivered,upi,99.0
O000888,C00332,2024-05-19,Delivered,upi,99.0
O001548,C00495,2024-07-16,Delivered,NET BANKING,99.0
O006542,C02162,2023-03-23,Delivered,upi,60.0
O015090,C04967,2024-06-15,Delivered,upi,40.0
O014937,C04918,2024-11-06,Returned,upi,40.0
O004655,C01555,2023-04-21,Delivered,upi,0.0
O017616,C05814,2025-06-15,Delivered,Net Banking,60.0
O000539,C00201,2024-10-16,Delivered,Net Banking,0.0
O012671,C04232,2024-10-21,Delivered,COD,0.0
O017206,C05661,2025-03-14,Delivered,,40.0
O001168,C00394,2024-06-29,Delivered,Debit Card,60.0
O015982,C05260,2025-07-17,Cancelled,Credit Card,0.0
O010366,C03440,2024-05-21,Delivered,Debit Card,99.0
O003049,C00967,2024-11-29,Delivered,Debit Card,0.0
O007800,C02559,2024-10-09,Delivered,COD,60.0
O010367,C03440,2024-11-19,Delivered,upi,99.0
O002361,C00756,2024-08-23,Delivered,COD,0.0
O003973,C01307,2023-12-28,delivered,upi,0.0
O002479,C00783,2025-06-15,Delivered,UPI,40.0
O003897,C01277,2023-10-17,Delivered,Debit Card,40.0
O011352,C03780,2025-06-18,Delivered,upi,60.0
O017547,C05786,2024-05-10,Delivered,COD,40.0
O002413,C00772,2024-02-07,Delivered,Net Banking,0.0
O008441,C02794,2025-04-18,Delivered,upi,0.0
O004296,C01419,2025-07-25,Delivered,upi,40.0
O010702,C03556,2023-12-26,Delivered,Credit Card,0.0
O013597,C04515,2024-09-11,Delivered,Debit Card,0.0
O014557,C04806,2025-07-23,Delivered,Net Banking,60.0
O006624,C02194,2024-04-27,Delivered,upi,60.0
O004952,C01648,2025-09-20,Delivered,Credit Card,0.0
O004359,C01446,2023-05-21,Delivered,Credit Card,0.0
O008859,C02926,2024-07-25,Delivered,upi,99.0
O004364,C01447,2025-03-15,Delivered,upi,0.0
O006876,C02273,2024-09-30,Delivered,COD,60.0
O016302,C05372,2025-01-05,Returned,Net Banking,99.0
O014182,C04710,2025-07-06,Delivered,Net Banking,0.0
O011507,C03843,2025-02-15,Delivered,Debit Card,0.0
O000245,C00111,2024-01-29,Delivered,,0.0
O010382,C03444,2024-11-27,Delivered,Net Banking,99.0
O007713,C02545,2024-07-03,Delivered,COD,99.0
O005261,C01746,2025-01-19,Delivered,Credit Card,0.0
O014076,C04671,2024-10-18,Delivered,upi,60.0
O004305,C01421,2024-10-25,Delivered,,0.0
O001540,C00489,2025-09-02,Returned,upi,60.0
O012661,C04230,2025-03-15,Delivered,DEBIT CARD,99.0
O002046,C00627,2024-08-07,Returned,upi,40.0
O015728,C05177,2024-06-01,Delivered,upi,60.0
O009996,C03298,2023-06-08,Cancelled,upi,40.0
O009456,C03102,2024-06-26,Delivered,Credit Card,99.0
O004111,C01349,2024-07-15,delivered,upi,40.0
O003030,C00962,2025-08-19,Delivered,DEBIT CARD,99.0
O013029,C04333,2023-06-11,Returned,COD,99.0
O011747,C03931,2024-05-24,Delivered,Debit Card,60.0
O008019,C02637,2025-04-20,Delivered,upi,60.0
O016767,C05534,2024-05-15,Delivered,Debit Card,0.0
O008190,C02699,2025-03-27,Delivered,Credit Card,99.0
O013895,C04617,2024-06-11,Delivered,Net Banking,0.0
O017555,C05790,2024-06-30,Delivered,Credit Card,60.0
O011669,C03893,2024-04-29,Delivered,upi,99.0
O010015,C03303,2024-09-04,Delivered,COD,99.0
O010163,C03353,2024-09-15,Delivered,Debit Card,99.0
O000995,C00357,2024-02-05,Delivered,upi,0.0
O006062,C02015,2025-09-20,Returned,upi,40.0
O012093,C04067,2024-07-29,Delivered,upi,0.0
O002311,C00739,2025-08-04,Returned,UPI,60.0
O002366,C00756,2024-11-06,Delivered,Debit Card,60.0
O006361,C02098,2023-09-09,Returned,Credit Card,99.0
O017083,C05621,2025-01-21,Delivered,Credit Card,99.0
O010559,C03509,2024-04-19,Delivered,upi,99.0
O004494,C01509,2024-08-05,Delivered,Net Banking,0.0
O000990,C00356,2024-10-20,Delivered,UPI,0.0
O009443,C03100,2024-04-06,Delivered,Credit Card,60.0
O006672,C02213,2023-07-12,Delivered,Credit Card,60.0
O015503,C05119,2023-06-22,Delivered,Debit Card,0.0
O017421,C05741,2024-01-28,Delivered,upi,60.0
O014291,C04722,2025-05-18,Delivered,upi,60.0
O005718,C01894,2025-01-18,Delivered,COD,60.0
O015603,C05154,2025-02-18,Delivered,Debit Card,40.0
O016748,C05528,2024-01-14,Delivered,Credit Card,99.0
O011743,C03931,2024-01-06,Delivered,upi,60.0
O001853,C00584,2025-06-08,Delivered,COD,40.0
O011126,C03687,2024-09-20,Delivered,upi,99.0
O006320,C02077,2025-07-26,Delivered,upi,99.0
O001650,C00521,2024-03-04,Delivered,COD,40.0
O005457,C01814,2025-05-08,Delivered,Debit Card,0.0
O002908,C00909,2025-06-18,Returned,upi,99.0
O015313,C05046,2025-09-12,Delivered,upi,99.0
O002796,C00880,2024-12-02,Delivered,Debit Card,40.0
O013713,C04552,2024-09-17,Delivered,Net Banking,99.0
O007289,C02438,2024-03-06,Delivered,upi,0.0
O016252,C05360,2025-04-01,Returned,upi,40.0
O016449,C05415,2025-08-28,Delivered,Credit Card,0.0
O004578,C01538,2025-07-05,Delivered,Credit Card,99.0
O005995,C01995,2024-12-26,Delivered,Credit Card,0.0
O002474,C00783,2024-11-18,Delivered,COD,99.0
O014099,C04684,2024-02-06,Delivered,upi,0.0
O002402,C00767,2025-04-20,Delivered,COD,99.0
O001909,C00592,2024-12-09,Delivered,upi,99.0
O013456,C04475,2024-10-04,Delivered,COD,0.0
O007717,C02545,2024-11-06,Delivered,upi,0.0
O005291,C01755,2024-03-01,Delivered,upi,0.0
O009344,C03068,2024-03-10,Delivered,upi,60.0
O010626,C03532,2024-05-17,Delivered,Net Banking,40.0
O010462,C03470,2023-07-23,Delivered,Credit Card,0.0
O001581,C00497,2024-08-10,Delivered,upi,99.0
O011179,C03712,2025-06-06,Returned,upi,60.0
O000417,C00165,2024-11-10,Delivered,upi,0.0
O005476,C01815,2025-07-14,Delivered,upi,0.0
O007730,C02547,2023-08-17,Delivered,,99.0
O005881,C01952,2024-01-27,Delivered,,0.0
O014496,C04794,2025-03-13,Delivered,Debit Card,60.0
O013878,C04612,2024-05-29,Cancelled,Debit Card,0.0
O006479,C02141,2025-05-20,Delivered,upi,60.0
O014258,C04720,2023-10-31,Delivered,,99.0
O015882,C05227,2024-09-03,Delivered,Net Banking,0.0
O014226,C04717,2023-12-21,Delivered,Debit Card,40.0
O011660,C03889,2025-02-03,Delivered,Debit Card,0.0
O002456,C00781,2024-08-23,Delivered,upi,99.0
O000646,C00239,2023-11-20,Delivered,Debit Card,40.0
O002061,C00631,2024-02-09,Delivered,Debit Card,99.0
O009914,C03265,2025-07-17,Delivered,Credit Card,0.0
O004965,C01653,2024-01-07,Delivered,upi,40.0
O008156,C02686,2024-04-16,Delivered,Net Banking,0.0
O007338,C02455,2025-02-06,Delivered,upi,99.0
O012116,C04075,2024-03-02,Delivered,DEBIT CARD,40.0
O012392,C04158,2024-08-07,Delivered,Credit Card,0.0
O006278,C02062,2025-04-23,Delivered,Credit Card,99.0
O000600,C00218,2024-02-06,Returned,upi,60.0
O013310,C04431,2025-03-11,Delivered,upi,99.0
O007681,C02540,2025-02-20,Delivered,COD,60.0
O003666,C01199,2024-05-08,Delivered,Credit Card,0.0
O002948,C00922,2025-04-25,Delivered,upi,40.0
O006455,C02135,2024-04-09,Delivered,upi,0.0
O009454,C03102,2024-06-07,Delivered,Debit Card,99.0
O011016,C03657,2025-02-08,Delivered,upi,0.0
O009417,C03093,2025-08-26,Delivered,upi,0.0
O008931,C02937,2024-12-22,Delivered,Debit Card,60.0
O007901,C02594,2025-07-02,Returned,COD,0.0
O009968,C03285,2025-06-12,Delivered,Debit Card,60.0
O009586,C03144,2025-07-04,Delivered,upi,0.0
O003113,C00986,2024-11-19,Delivered,upi,60.0
O017751,C05838,2024-10-23,Delivered,COD,99.0
O002531,C00806,2025-07-19,Delivered,Credit Card,0.0
O015232,C05016,2025-05-06,Returned,Debit Card,0.0
O002813,C00888,2024-11-23,Delivered,upi,0.0
O010879,C03615,2025-05-03,Delivered,Credit Card,99.0
O004735,C01576,2025-08-21,Delivered,upi,40.0
O007880,C02588,2025-01-15,Delivered,upi,40.0
O006217,C02046,2024-07-18,Delivered,COD,40.0
O006422,C02118,2025-01-11,Delivered,Net Banking,60.0
O009286,C03042,2025-01-23,Delivered,COD,40.0
O012746,C04241,2025-01-26,Delivered,COD,0.0
O012261,C04123,2024-09-29,Delivered,COD,0.0
O003781,C01239,2024-05-24,Delivered,upi,0.0
O000138,C00072,2024-01-20,Delivered,Net Banking,40.0
O013439,C04471,2025-04-01,Returned,UPI,0.0
O016779,C05536,2024-10-29,Delivered,COD,40.0
O007999,C02627,2024-07-29,Delivered,Credit Card,60.0
O008574,C02841,2023-08-02,Delivered,upi,40.0
O016355,C05394,2025-01-29,Delivered,Debit Card,0.0
O013021,C04330,2024-12-29,Returned,Credit Card,40.0
O004563,C01538,2025-02-02,Delivered,upi,0.0
O015067,C04961,2023-01-30,Delivered,Net Banking,0.0
O003831,C01254,2023-11-08,Delivered,COD,0.0
O006083,C02023,2024-07-08,Delivered,Debit Card,40.0
O014540,C04806,2024-09-15,Delivered,Debit Card,0.0
O002793,C00878,2023-10-18,Delivered,upi,0.0
O007876,C02588,2024-04-25,Delivered,Debit Card,60.0
O007751,C02552,2024-05-17,Delivered,upi,60.0
O011237,C03738,2023-12-21,Delivered,upi,40.0
O001140,C00391,2024-08-24,Delivered,Debit Card,0.0
O001840,C00581,2025-02-13,Delivered,Debit Card,40.0
O001250,C00408,2024-02-17,Delivered,COD,40.0
O005486,C01818,2023-12-26,Delivered,upi,0.0
O014080,C04672,2024-09-25,Delivered,Debit Card,40.0
O014327,C04738,2025-06-06,Delivered,Credit Card,0.0
O009635,C03155,2025-04-05,Delivered,Debit Card,0.0
O000721,C00275,2024-08-02,Delivered,upi,0.0
O017494,C05767,2025-06-19,Delivered,Credit Card,0.0
O015013,C04944,2025-08-09,Delivered,CREDIT CARD,40.0
O001745,C00553,2025-02-19,Delivered,COD,0.0
O014337,C04739,2025-06-29,Delivered,COD,0.0
O006797,C02249,2025-03-14,Delivered,Credit Card,0.0
O013047,C04339,2025-03-10,Delivered,Net Banking,60.0
O017373,C05729,2023-08-14,Delivered,COD,60.0
O016103,C05301,2024-11-04,Returned,COD,40.0
O013787,C04571,2025-03-15,Delivered,upi,40.0
O012588,C04211,2023-12-11,Delivered,upi,0.0
O010868,C03611,2023-05-13,Delivered,upi,40.0
O009819,C03245,2025-04-21,Delivered,upi,0.0
O007370,C02463,2024-08-03,Delivered,upi,0.0
O009401,C03093,2024-06-18,Delivered,UPI,60.0
O015291,C05039,2025-04-14,Delivered,COD,0.0
O009313,C03054,2023-06-02,Delivered,Debit Card,99.0
O005787,C01920,2023-06-23,Delivered,upi,0.0
O011434,C03825,2024-10-18,Delivered,upi,40.0
O000998,C00357,2024-10-12,Delivered,Debit Card,60.0
O012818,C04271,2024-02-23,Delivered,upi,0.0
O015608,C05155,2024-03-27,Delivered,Debit Card,0.0
O002117,C00659,2024-05-21,Delivered,upi,40.0
O014168,C04710,2023-10-07,Delivered,Credit Card,0.0
O014684,C04845,2025-07-04,Delivered,upi,0.0
O009741,C03209,2025-03-01,Delivered,COD,99.0
O001422,C00449,2024-10-01,Delivered,upi,0.0
O002032,C00624,2024-03-07,Returned,upi,0.0
O005530,C01829,2024-08-26,Delivered,upi,0.0
O001248,C00407,2023-12-02,Delivered,Debit Card,99.0
O010794,C03583,2025-03-29,Delivered,Debit Card,0.0
O009182,C03009,2024-10-14,Delivered,Debit Card,40.0
O014123,C04694,2024-01-11,Delivered,,40.0
O017036,C05610,2023-06-10,Delivered,upi,40.0
O008971,C02953,2025-03-22,Delivered,upi,0.0
O002801,C00884,2024-10-12,Cancelled,upi,0.0
O013887,C04613,2025-06-11,Delivered,Credit Card,99.0
O014007,C04650,2024-03-18,Delivered,COD,0.0
O000654,C00239,2024-06-10,Delivered,COD,99.0
O002476,C00783,2025-01-25,Delivered,Credit Card,40.0
O010648,C03533,2024-08-11,Delivered,Debit Card,0.0
O013715,C04552,2024-10-04,Delivered,upi,40.0
O013221,C04398,2023-11-10,Returned,upi,99.0
O015068,C04961,2023-04-10,Cancelled,upi,99.0
O008862,C02926,2024-11-09,Delivered,UPI,99.0
O014550,C04806,2025-03-30,Returned,Debit Card,60.0
O004010,C01317,2023-09-17,Delivered,COD,40.0
O011514,C03844,2023-07-29,Delivered,upi,99.0
O016194,C05337,2025-06-03,Delivered,upi,40.0
O014642,C04828,2024-12-07,Delivered,Debit Card,0.0
O003935,C01298,2023-06-27,Delivered,upi,60.0
O005425,C01803,2025-02-11,Delivered,upi,60.0
O016468,C05416,2024-12-30,Delivered,upi,99.0
O005030,C01680,2024-06-10,Cancelled,upi,0.0
O002012,C00619,2023-09-25,Delivered,Debit Card,40.0
O005465,C01814,2025-08-24,Delivered,Credit Card,0.0
O017964,C05902,2023-05-06,Delivered,Debit Card,40.0
O004132,C01352,2024-09-18,delivered,Debit Card,40.0
O010829,C03593,2024-03-06,Delivered,Debit Card,0.0
O016966,C05592,2025-02-20,Delivered,Credit Card,0.0
O006045,C02006,2024-04-18,delivered,Credit Card,99.0
O001362,C00427,2025-06-27,Delivered,,0.0
O003636,C01187,2024-06-24,Delivered,upi,99.0
O007745,C02552,2023-12-25,Delivered,upi,60.0
O005738,C01903,2023-12-30,Delivered,Credit Card,0.0
O014938,C04919,2023-08-29,Delivered,upi,0.0
O005800,C01926,2025-06-03,Delivered,upi,40.0
O012160,C04089,2025-09-11,Delivered,upi,60.0
O017194,C05661,2024-09-06,Delivered,Credit Card,0.0
O002537,C00807,2024-09-07,Delivered,COD,0.0
O004351,C01443,2024-04-17,Returned,upi,0.0
O018229,C05987,2024-06-23,Returned,upi,0.0
O001068,C00371,2025-08-12,Delivered,COD,0.0
O003649,C01192,2024-11-12,Delivered,upi,0.0
O005611,C01857,2025-03-18,Delivered,upi,0.0
O013033,C04335,2023-10-09,Delivered,COD,60.0
O004350,C01443,2024-02-05,Delivered,Credit Card,0.0
O002241,C00707,2024-12-16,Delivered,COD,0.0
O014887,C04903,2024-09-12,Delivered,upi,0.0
O007682,C02541,2024-10-09,Returned,Credit Card,0.0
O011975,C04025,2024-12-30,Returned,Net Banking,60.0
O002083,C00640,2024-08-08,delivered,Credit Card,0.0
O013457,C04475,2024-10-30,Returned,Debit Card,60.0
O000989,C00356,2024-09-26,Delivered,COD,40.0
O004726,C01572,2024-02-01,Cancelled,Credit Card,40.0
O000238,C00106,2024-11-25,Delivered,Credit Card,0.0
O006726,C02232,2025-06-10,Delivered,upi,40.0
O005978,C01985,2024-11-12,Delivered,COD,0.0
O008105,C02664,2024-03-08,Delivered,upi,40.0
O009798,C03235,2025-04-19,Delivered,upi,0.0
O002890,C00908,2024-08-21,Delivered,Net Banking,0.0
O001481,C00467,2023-01-28,Delivered,Credit Card,99.0
O015781,C05206,2025-03-12,Delivered,upi,0.0
O008013,C02633,2025-08-29,Cancelled,upi,0.0
O016469,C05416,2025-02-03,Delivered,Credit Card,0.0
O007862,C02584,2024-11-01,Delivered,Debit Card,99.0
O017720,C05837,2023-08-11,Delivered,upi,0.0
O000717,C00274,2024-09-16,Delivered,Credit Card,60.0
O000810,C00306,2024-11-03,Delivered,Credit Card,0.0
O006879,C02273,2025-03-06,Delivered,upi,40.0
O011641,C03880,2025-01-27,Delivered,COD,60.0
O013227,C04399,2025-06-04,Delivered,Debit Card,40.0
O000603,C00218,2025-02-06,Delivered,COD,0.0
O003450,C01101,2024-10-18,Returned,upi,60.0
O001402,C00443,2025-05-27,Delivered,COD,0.0
O000116,C00063,2024-01-19,Delivered,UPI,0.0
O016124,C05309,2024-11-04,Returned,UPI,0.0
O014467,C04794,2023-03-03,Delivered,Credit Card,0.0
O006816,C02257,2024-05-12,Delivered,upi,40.0
O016546,C05455,2024-12-02,Returned,COD,40.0
O012912,C04297,2024-03-13,Delivered,upi,99.0
O003172,C01006,2023-09-21,Delivered,Debit Card,99.0
O014072,C04670,2025-02-23,Delivered,Net Banking,40.0
O011020,C03659,2025-06-08,Returned,Net Banking,0.0
O007450,C02488,2024-07-28,Delivered,Credit Card,99.0
O000354,C00146,2025-03-05,Delivered,Net Banking,0.0
O009947,C03278,2025-07-08,Cancelled,CREDIT CARD,99.0
O000831,C00314,2024-04-06,Delivered,upi,99.0
O017379,C05729,2024-03-16,Delivered,upi,99.0
O005176,C01716,2023-03-12,Delivered,Net Banking,0.0
O009580,C03141,2025-01-27,Delivered,upi,60.0
O009122,C03004,2024-11-08,Delivered,CREDIT CARD,40.0
O008188,C02697,2025-02-09,Delivered,upi,60.0
O014083,C04673,2024-09-08,delivered,upi,40.0
O002155,C00676,2024-08-19,Delivered,upi,60.0
O000463,C00181,2023-10-26,Cancelled,Credit Card,60.0
O010291,C03411,2024-07-14,Delivered,upi,40.0
O013119,C04363,2025-02-14,delivered,COD,40.0
O000780,C00298,2025-08-17,Delivered,upi,0.0
O013088,C04358,2024-08-10,Delivered,COD,60.0
O007546,C02516,2025-03-06,Delivered,UPI,60.0
O016505,C05430,2024-09-01,Delivered,upi,0.0
O009145,C03007,2024-02-26,Delivered,Debit Card,40.0
O010851,C03602,2025-06-19,Delivered,Credit Card,99.0
O010636,C03533,2023-05-20,Delivered,upi,0.0
O006314,C02074,2025-09-04,Cancelled,Debit Card,0.0
O012399,C04159,2024-11-20,Delivered,COD,99.0
O008769,C02901,2023-08-17,Delivered,upi,60.0
O010986,C03648,2025-06-20,Delivered,upi,60.0
O010121,C03330,2025-09-12,returned,upi,0.0
O016460,C05416,2024-09-10,Delivered,Debit Card,0.0
O009028,C02964,2025-02-19,Cancelled,upi,40.0
O005922,C01961,2024-06-25,Delivered,upi,99.0
O003205,C01020,2023-07-23,Delivered,upi,0.0
O000711,C00273,2025-06-05,Delivered,Credit Card,40.0
O003616,C01176,2023-12-22,Delivered,upi,0.0
O014369,C04759,2023-02-10,Delivered,Net Banking,0.0
O014622,C04823,2024-07-16,Delivered,Credit Card,99.0
O017845,C05869,2024-04-13,Delivered,COD,0.0
O016288,C05372,2024-03-15,Delivered,Debit Card,99.0
O017329,C05711,2024-05-06,Returned,upi,99.0
O009146,C03007,2024-03-20,Delivered,upi,99.0
O015995,C05262,2024-11-25,Returned,Debit Card,99.0
O000980,C00352,2024-09-10,Delivered,COD,0.0
O001993,C00610,2024-06-13,Returned,Net Banking,0.0
O010602,C03518,2024-06-05,Delivered,Credit Card,0.0
O013972,C04644,2024-01-21,Delivered,,60.0
O017889,C05878,2025-06-02,Delivered,COD,60.0
O014045,C04657,2025-08-29,Delivered,Credit Card,99.0
O008812,C02917,2023-07-17,Delivered,Debit Card,99.0
O011411,C03815,2024-09-30,Delivered,Net Banking,40.0
O001995,C00611,2025-08-06,Delivered,Credit Card,0.0
O004203,C01388,2023-05-16,Delivered,Credit Card,0.0
O003913,C01287,2024-10-29,Returned,Credit Card,0.0
O005204,C01734,2023-11-18,Delivered,Net Banking,40.0
O005381,C01786,2023-02-20,Delivered,Credit Card,60.0
O005577,C01839,2025-05-08,Delivered,Credit Card,40.0
O007449,C02487,2023-11-19,Delivered,Credit Card,99.0
O016387,C05404,2025-08-04,Delivered,upi,60.0
O012403,C04160,2024-09-25,Delivered,COD,40.0
O004418,C01467,2024-08-20,Delivered,COD,99.0
O011744,C03931,2024-02-13,delivered,COD,40.0
O014303,C04730,2024-09-02,Delivered,Credit Card,99.0
O005515,C01828,2024-05-19,Delivered,Net Banking,60.0
O001467,C00464,2024-06-18,Delivered,COD,0.0
O015276,C05031,2025-07-09,Delivered,Credit Card,99.0
O016112,C05305,2024-06-04,Delivered,upi,60.0
O015808,C05213,2024-05-02,Delivered,Credit Card,40.0
O010814,C03585,2025-07-15,Delivered,NET BANKING,99.0
O017201,C05661,2024-12-28,Delivered,COD,60.0
O014309,C04731,2025-09-06,Delivered,upi,0.0
O011962,C04022,2023-07-15,Delivered,upi,60.0
O006538,C02161,2025-03-10,Delivered,upi,0.0
O016748,C05528,2024-01-14,Delivered,Credit Card,99.0
O013591,C04513,2025-04-26,Delivered,COD,40.0
O007940,C02607,2024-05-10,Delivered,upi,0.0
O001300,C00422,2024-10-12,Delivered,Credit Card,40.0
O016406,C05408,2024-10-16,Delivered,Credit Card,0.0
O016038,C05272,2024-04-06,Delivered,Debit Card,0.0
O006564,C02169,2023-07-10,Delivered,Net Banking,0.0
O015655,C05162,2024-09-02,Delivered,Net Banking,99.0
O002183,C00696,2024-12-22,Delivered,Debit Card,0.0
O014006,C04649,2025-03-08,Delivered,upi,99.0
O006720,C02231,2024-10-12,Cancelled,Debit Card,40.0
O007688,C02543,2024-04-11,Delivered,COD,60.0
O009418,C03093,2025-09-01,Delivered,upi,0.0
O005303,C01759,2025-04-24,Delivered,upi,0.0
O005637,C01870,2024-08-20,Delivered,Debit Card,0.0
O009834,C03251,2023-03-17,Delivered,upi,60.0
O016371,C05399,2025-04-21,Delivered,upi,99.0
O016129,C05312,2023-10-18,Delivered,upi,60.0
O004865,C01625,2024-07-13,Delivered,upi,0.0
O008055,C02650,2024-10-19,Delivered,Debit Card,0.0
O015124,C04981,2024-08-27,Delivered,Credit Card,0.0
O007220,C02408,2025-02-04,Delivered,upi,99.0
O017264,C05689,2023-08-23,Delivered,upi,0.0
O010894,C03619,2025-09-20,Delivered,UPI,0.0
O006292,C02064,2024-10-18,Delivered,COD,0.0
O016193,C05336,2024-04-22,Delivered,COD,60.0
O007562,C02516,2025-08-03,Delivered,Debit Card,0.0
O017650,C05820,2025-03-08,Delivered,upi,60.0
O010897,C03622,2023-05-18,delivered,COD,0.0
O013916,C04626,2025-01-30,Delivered,Debit Card,60.0
O006109,C02036,2025-01-23,Returned,COD,99.0
O018050,C05936,2023-05-13,Delivered,COD,0.0
O015052,C04954,2025-09-27,Delivered,Credit Card,99.0
O007255,C02424,2025-04-25,Cancelled,,0.0
O014400,C04766,2025-06-16,Delivered,upi,0.0
O007955,C02613,2025-04-22,delivered,Debit Card,0.0
O008109,C02665,2025-09-22,Delivered,COD,0.0
O008741,C02889,2025-05-22,Delivered,upi,99.0
O010204,C03368,2025-07-27,Returned,upi,0.0
O002535,C00807,2024-05-28,Delivered,Credit Card,0.0
O014558,C04806,2025-08-14,Cancelled,upi,0.0
O008240,C02722,2024-12-21,Delivered,upi,40.0
O015423,C05085,2025-09-25,Delivered,COD,40.0
O001855,C00584,2025-08-21,Returned,upi,60.0
O014044,C04657,2025-07-28,Delivered,Credit Card,40.0
O002282,C00725,2024-03-02,Delivered,Net Banking,60.0
O005632,C01868,2025-03-06,Delivered,DEBIT CARD,60.0
O015251,C05023,2025-08-05,Delivered,COD,40.0
O006755,C02240,2024-01-18,Delivered,DEBIT CARD,60.0
O004835,C01608,2024-11-01,Delivered,DEBIT CARD,0.0
O011223,C03731,2025-09-03,Delivered,Credit Card,99.0
O017826,C05865,2023-02-23,Delivered,,40.0
O016752,C05528,2024-11-30,Delivered,upi,99.0
O001591,C00501,2023-07-21,Delivered,COD,99.0
O003286,C01039,2024-09-04,Returned,UPI,99.0
O002865,C00907,2023-08-05,Cancelled,upi,60.0
O007393,C02471,2025-01-23,Delivered,Credit Card,99.0
O016216,C05345,2025-03-08,Delivered,UPI,40.0
O002389,C00766,2024-02-22,Delivered,NET BANKING,40.0
O002279,C00724,2025-08-02,Delivered,Net Banking,60.0
O012325,C04140,2024-11-15,Delivered,Credit Card,40.0
O002035,C00624,2024-08-25,Delivered,Net Banking,99.0
O011040,C03663,2025-08-10,Delivered,upi,60.0
O000457,C00178,2025-07-17,Delivered,Debit Card,60.0
O010874,C03612,2025-03-09,Delivered,upi,60.0
O006218,C02046,2024-08-03,delivered,COD,40.0
O015671,C05167,2024-05-16,Delivered,Credit Card,0.0
O010304,C03414,2023-12-12,Returned,Credit Card,0.0
O015932,C05250,2023-01-26,Delivered,,0.0
O017094,C05626,2025-04-14,Delivered,upi,40.0
O006478,C02140,2024-11-23,Delivered,upi,0.0
O014140,C04699,2024-04-07,Delivered,upi,0.0
O005071,C01691,2023-06-16,Delivered,COD,40.0
O007205,C02403,2023-11-30,Returned,upi,0.0
O013060,C04347,2025-08-19,Delivered,COD,0.0
O001088,C00381,2025-09-07,cancelled,Credit Card,40.0
O010744,C03572,2024-01-14,Cancelled,upi,40.0
O017992,C05914,2024-12-04,Delivered,upi,0.0
O012050,C04056,2025-05-09,Delivered,upi,40.0
O008579,C02842,2025-06-15,Delivered,upi,40.0
O016413,C05408,2025-01-25,Returned,COD,0.0
O009406,C03093,2024-09-05,Cancelled,upi,0.0
O014212,C04716,2024-09-01,Delivered,upi,40.0
O000090,C00048,2023-07-07,Delivered,NET BANKING,0.0
O001453,C00464,2023-09-25,Delivered,upi,0.0
O010617,C03527,2024-09-29,Delivered,Credit Card,0.0
O017890,C05879,2024-10-04,Delivered,COD,40.0
O001621,C00508,2023-10-09,Delivered,Credit Card,99.0
O015962,C05258,2024-04-06,Delivered,COD,0.0
O009396,C03092,2024-10-20,Delivered,upi,0.0
O016210,C05343,2024-09-19,Delivered,upi,99.0
O011124,C03685,2024-08-29,Delivered,upi,0.0
O012951,C04308,2025-04-28,Delivered,upi,40.0
O007094,C02377,2025-01-28,Delivered,COD,0.0
O000508,C00193,2025-04-07,Delivered,Debit Card,0.0
O007686,C02543,2023-09-11,Delivered,upi,40.0
O001967,C00609,2024-07-10,Delivered,Credit Card,99.0
O011826,C03971,2023-01-22,Delivered,Credit Card,0.0
O016521,C05439,2025-03-20,Delivered,COD,0.0
O002162,C00680,2025-08-31,Delivered,COD,60.0
O000964,C00343,2024-11-18,Cancelled,upi,0.0
O006321,C02078,2023-10-29,Cancelled,COD,0.0
O002420,C00774,2025-04-28,Delivered,Credit Card,99.0
O009315,C03055,2025-07-20,Delivered,COD,99.0
O017662,C05821,2025-09-18,Delivered,Net Banking,99.0
O005503,C01824,2024-11-26,Delivered,Credit Card,40.0
O010379,C03444,2024-04-25,Returned,,60.0
O002393,C00766,2024-12-09,Delivered,COD,60.0
O001177,C00394,2025-02-08,Delivered,COD,0.0
O001532,C00485,2025-07-09,Delivered,upi,60.0
O001538,C00489,2024-12-12,delivered,UPI,0.0
O000770,C00292,2023-10-20,Delivered,Credit Card,0.0
O002276,C00722,2025-09-14,Cancelled,upi,99.0
O015025,C04948,2024-07-25,Delivered,DEBIT CARD,40.0
O002857,C00903,2024-11-06,Cancelled,Credit Card,40.0
O013462,C04479,2024-12-11,Delivered,upi,0.0
O014259,C04720,2023-11-21,Delivered,COD,99.0
O011884,C03994,2023-12-03,Delivered,Net Banking,40.0
O003059,C00971,2023-11-30,Delivered,Debit Card,0.0
O016763,C05534,2023-09-30,Delivered,COD,99.0
O016179,C05333,2023-09-21,Delivered,Credit Card,0.0
O000127,C00071,2023-02-25,Delivered,upi,0.0
O017647,C05820,2025-01-18,Delivered,upi,0.0
O007447,C02485,2025-05-03,Delivered,Debit Card,99.0
O017953,C05899,2024-07-17,Delivered,Net Banking,40.0
O005418,C01803,2024-05-03,Delivered,upi,0.0
O009640,C03155,2025-07-04,Delivered,Debit Card,0.0
O005728,C01898,2023-06-07,Delivered,COD,99.0
O002329,C00747,2024-06-12,Delivered,Credit Card,0.0
O004492,C01507,2025-08-02,Delivered,Net Banking,0.0
O005458,C01814,2025-06-06,Delivered,Credit Card,40.0
O007139,C02387,2023-11-04,Returned,upi,60.0
O012550,C04195,2024-11-19,Cancelled,upi,99.0
O007109,C02381,2024-11-17,Cancelled,upi,60.0
O003086,C00981,2025-09-10,Delivered,Debit Card,0.0
O006604,C02185,2025-05-28,Delivered,upi,99.0
O017330,C05711,2024-05-18,Delivered,COD,60.0
O005574,C01836,2025-09-26,Delivered,Net Banking,0.0
O017649,C05820,2025-03-04,delivered,UPI,0.0
O003923,C01290,2025-01-02,Delivered,Net Banking,99.0
O001351,C00427,2025-02-03,Delivered,upi,0.0
O004005,C01315,2024-12-16,Delivered,,40.0
O002169,C00685,2025-04-12,Delivered,upi,0.0
O004314,C01426,2025-05-26,Delivered,COD,0.0
O003479,C01112,2025-03-17,Delivered,Credit Card,0.0
O015073,C04961,2024-10-01,Delivered,upi,60.0
O006336,C02082,2025-02-05,Delivered,Credit Card,40.0
O007003,C02336,2024-03-16,Delivered,upi,40.0
O005424,C01803,2024-12-04,Delivered,Debit Card,60.0
O009857,C03257,2025-04-01,Delivered,COD,0.0
O005650,C01872,2025-05-07,Returned,COD,40.0
O008919,C02934,2025-09-02,Delivered,Credit Card,0.0
O005290,C01755,2023-07-14,Delivered,upi,60.0
O011038,C03663,2025-01-05,Delivered,upi,0.0
O000835,C00315,2024-11-03,Delivered,Credit Card,0.0
O011686,C03903,2025-06-25,Delivered,COD,0.0
O003481,C01112,2025-06-22,Delivered,Credit Card,60.0
O012028,C04045,2025-02-27,Delivered,upi,40.0
O002895,C00908,2025-04-28,Delivered,COD,0.0
O006661,C02209,2025-08-11,Delivered,upi,60.0
O014446,C04780,2025-05-23,Delivered,upi,0.0
O001741,C00553,2024-08-13,Returned,upi,40.0
O015566,C05137,2024-04-29,Delivered,Credit Card,99.0
O017855,C05871,2024-11-13,Delivered,COD,0.0
O001604,C00501,2025-01-12,Delivered,COD,0.0
O011030,C03661,2024-10-11,Delivered,Net Banking,40.0
O000342,C00141,2025-06-01,Delivered,upi,60.0
O011058,C03664,2024-11-08,Delivered,Credit Card,0.0
O002620,C00829,2024-02-18,Delivered,Debit Card,0.0
O007211,C02404,2024-07-17,Delivered,COD,0.0
O003504,C01123,2025-04-26,Delivered,upi,60.0
O006095,C02028,2024-02-05,Delivered,Credit Card,60.0
O010951,C03637,2023-05-08,Delivered,Credit Card,60.0
O000953,C00338,2024-08-07,Delivered,Net Banking,0.0
O015585,C05146,2025-03-17,delivered,COD,0.0
O015235,C05018,2023-05-05,Delivered,Debit Card,99.0
O006829,C02262,2023-10-31,Delivered,Debit Card,0.0
O017949,C05899,2024-03-10,Delivered,Credit Card,0.0
O000871,C00325,2025-02-24,Delivered,Debit Card,0.0
O005395,C01792,2025-07-29,Delivered,Net Banking,40.0
O014628,C04823,2025-01-22,Delivered,upi,60.0
O016744,C05526,2023-10-06,Delivered,UPI,60.0
O017995,C05917,2025-07-03,delivered,upi,0.0
O010037,C03308,2024-03-08,Delivered,upi,0.0
O016290,C05372,2024-05-11,Delivered,COD,60.0
O013183,C04387,2024-02-09,Delivered,upi,0.0
O000410,C00161,2025-02-05,Delivered,upi,40.0
O004373,C01448,2025-07-04,Delivered,Credit Card,0.0
O003794,C01241,2025-02-07,Returned,Debit Card,0.0
O016696,C05511,2024-06-23,Delivered,Net Banking,0.0
O005706,C01889,2023-06-12,Delivered,COD,0.0
O011217,C03731,2023-10-01,Delivered,upi,0.0
O005855,C01945,2025-06-20,Delivered,,0.0
O007810,C02561,2025-01-01,Delivered,upi,0.0
O004016,C01319,2025-04-07,Delivered,upi,99.0
O009243,C03031,2024-12-20,Delivered,Debit Card,40.0
O007045,C02354,2025-03-13,Delivered,upi,0.0
O015136,C04985,2024-06-16,Delivered,Credit Card,0.0
O000509,C00193,2025-06-07,Delivered,upi,99.0
O016713,C05515,2024-10-29,Delivered,DEBIT CARD,40.0
O009523,C03115,2024-07-18,Returned,Net Banking,40.0
O013012,C04329,2023-10-22,Delivered,Credit Card,60.0
O014143,C04700,2024-05-02,Delivered,upi,60.0
O009073,C02985,2024-12-20,Delivered,upi,0.0
O011026,C03660,2024-11-29,Returned,upi,60.0
O004964,C01652,2025-03-02,Delivered,upi,0.0
O017796,C05851,2025-08-25,Delivered,upi,40.0
O003345,C01067,2025-05-27,Delivered,COD,0.0
O006845,C02264,2024-09-23,Delivered,upi,0.0
O006176,C02041,2024-10-18,delivered,UPI,60.0
O017175,C05661,2023-09-17,Delivered,upi,99.0
O014522,C04802,2025-07-24,Delivered,upi,0.0
O005339,C01775,2023-12-27,Delivered,,40.0
O016186,C05333,2025-08-29,Delivered,upi,0.0
O005951,C01974,2025-03-07,Delivered,Debit Card,40.0
O010519,C03494,2023-05-31,Returned,upi,0.0
O012873,C04290,2024-03-25,Delivered,Net Banking,40.0
O012935,C04297,2025-07-29,Delivered,COD,60.0
O009961,C03280,2025-07-04,Delivered,upi,60.0
O013388,C04459,2024-03-10,delivered,upi,0.0
O004201,C01387,2025-08-24,delivered,COD,99.0
O005075,C01693,2025-08-10,Delivered,upi,60.0
O001258,C00411,2025-01-29,Delivered,COD,60.0
O006122,C02040,2023-12-01,Delivered,Debit Card,0.0
O013303,C04430,2024-07-10,Delivered,COD,99.0
O000106,C00057,2024-05-15,Delivered,upi,0.0
O003140,C00997,2024-02-05,Delivered,COD,40.0
O005873,C01952,2023-09-18,Delivered,upi,0.0
O008083,C02659,2024-09-13,Returned,upi,0.0
O014983,C04926,2025-05-13,Delivered,upi,0.0
O003834,C01254,2024-02-28,Delivered,Credit Card,0.0
O000193,C00098,2024-02-21,Delivered,COD,0.0
O007828,C02568,2023-08-26,Delivered,upi,99.0
O018128,C05948,2025-08-12,Delivered,upi,60.0
O017827,C05866,2025-06-26,Delivered,upi,99.0
O010233,C03386,2025-03-15,Delivered,COD,0.0
O015555,C05132,2023-07-07,Delivered,Credit Card,60.0
O012610,C04219,2024-02-10,Delivered,upi,60.0
O015958,C05258,2023-12-14,Delivered,Net Banking,0.0
O014295,C04725,2023-12-18,Delivered,UPI,60.0
O013420,C04470,2025-08-20,Delivered,upi,99.0
O009129,C03006,2024-06-14,Delivered,Debit Card,60.0
O004339,C01439,2024-05-29,Delivered,upi,0.0
O017024,C05607,2024-07-21,Delivered,Net Banking,60.0
O014587,C04812,2024-02-06,Delivered,upi,0.0
O008707,C02881,2023-08-08,Delivered,Debit Card,0.0
O003214,C01025,2023-12-16,Delivered,upi,40.0
O006151,C02041,2023-11-27,Delivered,Credit Card,60.0
O014711,C04856,2024-11-15,Delivered,COD,60.0
O015663,C05164,2024-05-16,Delivered,Debit Card,40.0
O004780,C01589,2025-04-09,Delivered,upi,0.0
O006096,C02028,2024-11-05,Delivered,COD,99.0
O015389,C05067,2024-04-04,Delivered,upi,60.0
O018092,C05939,2024-10-06,Delivered,COD,60.0
O017262,C05688,2024-12-25,Delivered,Net Banking,99.0
O006034,C02005,2023-12-28,Delivered,Net Banking,40.0
O010809,C03585,2024-12-19,Returned,upi,99.0
O010348,C03433,2025-05-14,Delivered,upi,0.0
O008604,C02851,2025-07-05,Delivered,Net Banking,40.0
O004238,C01398,2025-04-23,Delivered,COD,60.0
O011950,C04014,2024-05-03,Returned,Net Banking,60.0
O014568,C04810,2023-12-18,returned,Net Banking,60.0
O008335,C02767,2025-01-03,Delivered,COD,99.0
O014384,C04759,2025-07-02,Delivered,Credit Card,60.0
O000120,C00065,2023-07-29,Delivered,upi,60.0
O007715,C02545,2024-09-25,Delivered,Credit Card,0.0
O007569,C02519,2024-06-06,Delivered,upi,99.0
O015156,C04993,2025-01-02,Delivered,COD,60.0
O006373,C02104,2024-07-27,Delivered,upi,60.0
O008530,C02824,2023-10-28,Delivered,upi,40.0
O015454,C05098,2025-05-24,Cancelled,upi,99.0
O007280,C02435,2023-12-03,Delivered,COD,60.0
O002741,C00871,2024-04-03,Delivered,Net Banking,0.0
O008277,C02739,2025-08-11,Delivered,Debit Card,0.0
O005963,C01978,2025-07-21,Returned,COD,40.0
O007574,C02519,2024-12-15,Delivered,COD,60.0
O001676,C00533,2024-08-07,Delivered,Credit Card,0.0
O015092,C04968,2024-01-24,Delivered,Net Banking,40.0
O004959,C01649,2025-05-11,Delivered,Debit Card,40.0
O012234,C04122,2024-05-16,Delivered,Debit Card,60.0
O011923,C04006,2025-05-20,Cancelled,upi,40.0
O012034,C04048,2025-09-16,Delivered,upi,0.0
O016025,C05268,2025-02-27,Delivered,CREDIT CARD,0.0
O008684,C02875,2024-08-01,Delivered,COD,0.0
O008564,C02836,2024-09-28,Delivered,Net Banking,0.0
O008028,C02639,2025-04-07,Delivered,upi,0.0
O010970,C03640,2025-08-23,Delivered,COD,99.0
O010858,C03606,2024-10-12,Delivered,COD,0.0
O010314,C03419,2023-05-23,Delivered,upi,60.0
O014284,C04722,2024-09-18,Delivered,COD,0.0
O012058,C04059,2023-05-16,Delivered,upi,60.0
O014201,C04716,2023-10-01,Delivered,Credit Card,99.0
O002227,C00702,2024-08-06,Delivered,Credit Card,0.0
O003762,C01231,2024-09-15,Delivered,Credit Card,0.0
O014147,C04702,2025-09-25,Delivered,COD,0.0
O000779,C00298,2025-04-28,Delivered,upi,0.0
O006535,C02161,2024-09-27,Delivered,upi,0.0
O007273,C02428,2025-04-12,Delivered,upi,0.0
O003473,C01108,2025-03-22,Delivered,upi,0.0
O008100,C02662,2025-04-16,Delivered,upi,60.0
O009267,C03035,2024-12-09,Delivered,Debit Card,60.0
O004923,C01645,2025-09-12,Delivered,upi,0.0
O007550,C02516,2025-05-05,Delivered,Credit Card,0.0
O007570,C02519,2024-07-23,Delivered,COD,40.0
O007640,C02529,2024-03-17,Delivered,COD,60.0
O005019,C01677,2025-02-08,Delivered,upi,0.0
O017584,C05801,2025-05-05,Delivered,upi,40.0
O013139,C04370,2025-07-22,Delivered,COD,99.0
O004571,C01538,2025-05-22,Delivered,upi,99.0
O000345,C00143,2025-04-17,Delivered,upi,0.0
O009830,C03250,2024-06-24,Delivered,upi,0.0
O002247,C00707,2025-03-13,Delivered,upi,0.0
O016729,C05518,2024-11-02,Delivered,upi,0.0
O012620,C04219,2024-08-31,returned,upi,0.0
O015181,C05005,2024-12-22,Returned,upi,0.0
O002628,C00831,2024-08-27,Delivered,COD,99.0
O015522,C05124,2025-02-20,Delivered,UPI,40.0
O008450,C02797,2024-06-08,Delivered,upi,0.0
O005453,C01814,2024-08-08,Returned,Debit Card,0.0
O009498,C03109,2024-11-12,Delivered,Credit Card,40.0
O014675,C04840,2025-06-08,Delivered,upi,99.0
O004355,C01443,2025-03-27,Delivered,upi,99.0
O001558,C00495,2025-01-10,Delivered,Debit Card,99.0
O002815,C00888,2025-06-25,Delivered,Credit Card,60.0
O009343,C03068,2024-01-28,Delivered,Debit Card,0.0
O015427,C05087,2024-06-06,delivered,upi,0.0
O005219,C01736,2024-01-18,Delivered,upi,0.0
O001440,C00461,2023-07-12,Delivered,upi,60.0
O008641,C02864,2023-04-30,Delivered,COD,40.0
O001437,C00458,2024-07-24,Delivered,upi,60.0
O016754,C05528,2025-06-29,Delivered,upi,0.0
O010477,C03472,2024-06-20,Delivered,Debit Card,40.0
O003549,C01141,2024-12-04,Delivered,upi,60.0
O005875,C01952,2023-10-13,Delivered,upi,40.0
O008014,C02634,2025-02-14,Delivered,upi,99.0
O002567,C00815,2024-09-03,Delivered,Credit Card,0.0
O017483,C05764,2024-06-30,Delivered,upi,60.0
O006875,C02273,2024-09-13,Delivered,COD,0.0
O011681,C03901,2025-02-14,Cancelled,upi,60.0
O005372,C01783,2025-01-13,Cancelled,UPI,40.0
O013138,C04369,2025-02-01,Delivered,COD,99.0
O008429,C02794,2024-11-02,delivered,COD,0.0
O018196,C05979,2025-06-02,Delivered,COD,0.0
O009607,C03149,2025-06-25,Delivered,upi,60.0
O012839,C04282,2024-11-22,Delivered,Debit Card,60.0
O003758,C01231,2024-05-17,Delivered,COD,99.0
O013864,C04601,2024-12-21,Delivered,upi,0.0
O016287,C05372,2024-03-10,Delivered,Credit Card,0.0
O014876,C04899,2025-06-04,Delivered,Debit Card,60.0
O012561,C04198,2024-03-31,Delivered,Debit Card,0.0
O010022,C03304,2024-11-11,Delivered,upi,99.0
O013211,C04394,2024-04-22,Delivered,upi,0.0
O002298,C00731,2025-06-13,Delivered,COD,40.0
O017871,C05874,2025-02-02,Delivered,Debit Card,40.0
O004195,C01385,2025-04-23,Delivered,COD,40.0
O013412,C04466,2024-10-03,Delivered,COD,40.0
O000122,C00067,2024-12-20,delivered,COD,0.0
O006650,C02202,2025-08-12,Delivered,UPI,0.0
O001893,C00592,2023-12-04,Delivered,upi,60.0
O009380,C03083,2023-05-20,Delivered,COD,0.0
O014441,C04780,2024-10-16,Delivered,upi,99.0
O013934,C04633,2024-07-11,Delivered,COD,60.0
O000903,C00337,2023-08-09,Delivered,upi,0.0
O009510,C03115,2023-03-04,Delivered,upi,0.0
O005026,C01679,2024-09-14,Delivered,upi,60.0
O009894,C03265,2024-04-11,Delivered,COD,99.0
O011853,C03979,2025-04-10,Cancelled,Net Banking,0.0
O013833,C04585,2025-02-21,Delivered,Net Banking,99.0
O006810,C02252,2025-07-18,Delivered,upi,0.0
O011035,C03662,2024-10-04,Delivered,Debit Card,0.0
O018131,C05951,2023-07-05,Delivered,COD,0.0
O015190,C05006,2024-05-15,Delivered,upi,99.0
O003754,C01231,2024-01-20,Delivered,Net Banking,0.0
O016814,C05544,2025-04-30,Returned,Net Banking,99.0
O005384,C01786,2024-04-18,Delivered,upi,99.0
O016689,C05507,2025-09-04,Delivered,COD,0.0
O006246,C02053,2024-06-26,Delivered,COD,99.0
O003215,C01025,2024-02-11,Returned,upi,99.0
O016743,C05525,2024-10-04,Delivered,upi,0.0
O010126,C03333,2024-02-09,Delivered,Credit Card,40.0
O006082,C02023,2024-06-06,Returned,Credit Card,60.0
O007512,C02507,2024-04-16,Delivered,,0.0
O011060,C03664,2024-12-10,Delivered,Net Banking,99.0
O006366,C02099,2025-01-18,Delivered,Debit Card,99.0
O004036,C01326,2025-06-24,returned,NET BANKING,40.0
O011789,C03954,2024-11-28,Cancelled,UPI,40.0
O010372,C03443,2025-08-12,Delivered,Debit Card,99.0
O006410,C02115,2024-07-07,Delivered,upi,60.0
O014494,C04794,2024-12-31,Returned,upi,0.0
O000599,C00218,2023-11-15,Delivered,Debit Card,0.0
O005883,C01952,2024-02-16,Delivered,Credit Card,0.0
O011553,C03862,2025-04-03,Returned,Debit Card,40.0
O001050,C00363,2025-08-31,Delivered,Debit Card,60.0
O014968,C04922,2025-04-02,Delivered,Debit Card,0.0
O006423,C02119,2023-05-23,Delivered,upi,0.0
O013554,C04502,2025-06-27,Delivered,Net Banking,0.0
O015533,C05128,2023-04-24,Returned,upi,0.0
O011712,C03918,2025-07-07,Delivered,Credit Card,60.0
O017165,C05661,2023-05-10,Delivered,upi,40.0
O006272,C02058,2025-08-25,Delivered,upi,0.0
O018166,C05965,2024-10-13,Delivered,COD,40.0
O012357,C04146,2025-03-27,Delivered,COD,60.0
O007966,C02614,2024-07-15,Returned,upi,99.0
O000108,C00059,2025-04-11,Delivered,Debit Card,0.0
O001690,C00538,2024-11-17,Delivered,Credit Card,99.0
O014417,C04773,2025-02-01,Delivered,upi,0.0
O015306,C05044,2025-03-03,delivered,COD,40.0
O017597,C05809,2024-08-12,Delivered,UPI,60.0
O018098,C05939,2024-12-12,Delivered,COD,60.0
O004802,C01592,2025-08-23,Delivered,upi,60.0
O013977,C04644,2024-03-31,Delivered,upi,99.0
O017307,C05705,2024-11-13,Delivered,upi,60.0
O013937,C04634,2023-10-09,Delivered,Debit Card,0.0
O000542,C00201,2025-03-08,Delivered,Net Banking,0.0
O009241,C03031,2024-10-18,Delivered,upi,0.0
O010779,C03579,2024-03-07,Delivered,upi,0.0
O005208,C01735,2024-02-22,Delivered,upi,0.0
O016156,C05325,2024-12-23,Cancelled,upi,0.0
O016644,C05489,2024-07-05,Delivered,COD,0.0
O009062,C02977,2024-07-01,Delivered,upi,0.0
O003024,C00957,2025-09-03,Delivered,Net Banking,0.0
O004518,C01520,2024-11-20,Delivered,Debit Card,0.0
O008644,C02864,2023-09-09,Delivered,Debit Card,40.0
O007294,C02441,2023-11-03,Delivered,Credit Card,0.0
O000065,C00031,2025-06-09,Delivered,upi,40.0
O012762,C04249,2025-02-21,Delivered,upi,99.0
O018084,C05939,2024-08-11,Delivered,upi,0.0
O003211,C01025,2023-10-25,Delivered,Credit Card,60.0
O010508,C03487,2024-08-06,Delivered,upi,60.0
O007269,C02427,2024-11-30,Cancelled,upi,0.0
O012287,C04132,2024-12-21,Delivered,upi,60.0
O006180,C02041,2025-01-05,Returned,upi,40.0
O001843,C00581,2025-08-05,Delivered,upi,0.0
O006786,C02244,2025-08-16,delivered,Debit Card,0.0
O000390,C00153,2024-12-13,Returned,upi,99.0
O012358,C04146,2025-05-23,Delivered,COD,0.0
O008089,C02659,2025-04-17,Delivered,DEBIT CARD,40.0
O009329,C03064,2023-12-04,Returned,Net Banking,0.0
O004880,C01630,2025-01-13,Delivered,upi,40.0
O014410,C04771,2024-11-08,Delivered,Credit Card,0.0
O009208,C03019,2024-11-28,Delivered,upi,40.0
O006682,C02216,2024-10-30,Delivered,upi,0.0
O001707,C00544,2023-10-12,delivered,COD,0.0
O006222,C02046,2024-11-14,Delivered,COD,99.0
O012669,C04232,2024-08-16,Delivered,Credit Card,0.0
O009434,C03097,2024-10-12,Delivered,upi,0.0
O002846,C00900,2023-11-10,Delivered,Debit Card,60.0
O009702,C03188,2023-09-13,Delivered,Debit Card,99.0
O014041,C04657,2025-01-23,Delivered,upi,99.0
O010234,C03387,2025-08-04,Returned,upi,0.0
O012830,C04277,2024-07-03,Delivered,Debit Card,0.0
O016843,C05555,2024-09-30,Delivered,upi,60.0
O002315,C00740,2025-06-14,Delivered,Net Banking,60.0
O004106,C01349,2024-01-02,Delivered,COD,60.0
O014372,C04759,2023-06-01,Delivered,Debit Card,99.0
O013807,C04577,2024-06-12,Returned,Credit Card,60.0
O007632,C02527,2024-11-04,Delivered,COD,0.0
O000014,C00007,2024-11-12,Delivered,COD,99.0
O003776,C01235,2025-09-10,Delivered,upi,0.0
O001044,C00363,2025-06-11,Delivered,Credit Card,99.0
O010891,C03618,2024-04-27,Delivered,Credit Card,0.0
O008733,C02886,2025-01-31,Delivered,Net Banking,60.0
O010416,C03449,2024-11-09,Returned,upi,99.0
O005985,C01990,2023-08-05,Delivered,,99.0
O010028,C03305,2024-11-18,Delivered,Debit Card,0.0
O004019,C01322,2025-06-25,Delivered,upi,0.0
O008326,C02764,2024-12-14,Delivered,Credit Card,60.0
O012251,C04123,2024-01-24,Delivered,upi,0.0
O009915,C03266,2023-11-26,Delivered,upi,0.0
O014084,C04673,2025-07-26,delivered,Net Banking,40.0
O017218,C05669,2023-09-10,Delivered,Net Banking,99.0
O012898,C04294,2025-01-08,Delivered,Debit Card,60.0
O005516,C01828,2024-08-09,Delivered,UPI,40.0
O009545,C03124,2024-01-07,Returned,upi,0.0
O017426,C05743,2024-09-01,Delivered,upi,0.0
O005057,C01686,2025-02-02,Delivered,UPI,40.0
O017272,C05695,2023-11-05,Delivered,COD,60.0
O012158,C04089,2025-08-22,Delivered,Net Banking,0.0
O017860,C05872,2024-01-11,Cancelled,upi,40.0
O012867,C04288,2024-12-12,Delivered,Net Banking,99.0
O018042,C05933,2024-08-03,Delivered,Credit Card,0.0
O018118,C05941,2025-05-23,Delivered,COD,99.0
O008011,C02633,2025-01-09,Returned,Debit Card,0.0
O015028,C04949,2025-06-07,Delivered,upi,99.0
O011354,C03782,2023-08-27,Delivered,Debit Card,0.0
O004561,C01538,2025-01-23,Delivered,upi,0.0
O017701,C05835,2025-07-24,Delivered,upi,0.0
O006585,C02179,2024-05-04,Delivered,Credit Card,0.0
O015606,C05155,2023-08-12,Returned,upi,99.0
O000335,C00140,2024-10-30,Delivered,COD,0.0
O014607,C04818,2025-08-25,Delivered,Credit Card,60.0
O005179,C01719,2024-08-18,Delivered,,60.0
O002700,C00853,2024-01-13,Delivered,upi,0.0
O010544,C03505,2025-07-28,Delivered,Net Banking,60.0
O007816,C02564,2024-10-05,Delivered,upi,99.0
O005551,C01833,2025-01-26,Cancelled,COD,40.0
O000400,C00155,2024-04-19,Delivered,upi,40.0
O015300,C05044,2023-10-14,Delivered,Debit Card,0.0
O004844,C01614,2023-09-01,Delivered,Debit Card,40.0
O001303,C00424,2023-02-12,delivered,upi,0.0
O000293,C00129,2024-03-09,Delivered,upi,0.0
O007511,C02506,2024-04-11,Delivered,Net Banking,60.0
O003883,C01273,2023-10-25,Delivered,COD,60.0
O004879,C01630,2024-12-31,Delivered,UPI,99.0
O002082,C00640,2024-07-25,Delivered,Credit Card,99.0
O004253,C01407,2025-01-01,Delivered,Credit Card,60.0
O009311,C03053,2023-05-27,Delivered,COD,0.0
O010820,C03589,2025-08-18,Delivered,upi,99.0
O012777,C04251,2024-07-20,Returned,Debit Card,40.0
O009268,C03035,2024-12-31,Delivered,Debit Card,0.0
O009272,C03035,2025-03-25,Delivered,DEBIT CARD,60.0
O003909,C01285,2023-10-06,Returned,Debit Card,0.0
O003411,C01091,2024-01-22,Delivered,Debit Card,0.0
O000889,C00333,2025-07-24,Delivered,COD,60.0
O005511,C01827,2024-10-15,Delivered,UPI,40.0
O015465,C05105,2024-11-08,Delivered,upi,0.0
O003806,C01248,2023-04-06,Delivered,upi,0.0
O013518,C04496,2025-08-23,Delivered,upi,0.0
O003347,C01069,2025-05-22,Delivered,Net Banking,0.0
O005231,C01739,2025-01-28,delivered,Credit Card,0.0
O004140,C01359,2024-06-02,delivered,upi,0.0
O001594,C00501,2023-12-27,Delivered,COD,0.0
O010436,C03454,2025-04-13,Delivered,Credit Card,60.0
O004992,C01666,2025-07-06,Delivered,Credit Card,99.0
O007250,C02423,2024-10-16,delivered,COD,60.0
O015936,C05250,2024-04-10,Cancelled,upi,40.0
O014380,C04759,2024-07-06,Cancelled,Debit Card,99.0
O011773,C03947,2023-12-13,Delivered,Net Banking,60.0
O012781,C04254,2024-05-05,Delivered,Credit Card,40.0
O013694,C04543,2024-06-24,Delivered,upi,99.0
O000377,C00152,2025-07-06,Delivered,COD,99.0
O000671,C00246,2024-12-09,Delivered,upi,60.0
O012797,C04262,2024-02-08,Delivered,Credit Card,0.0
O009570,C03137,2024-06-20,Delivered,Credit Card,0.0
O012997,C04326,2024-04-19,Delivered,upi,60.0
O012252,C04123,2024-02-18,Delivered,Net Banking,60.0
O017828,C05867,2023-02-07,Delivered,upi,40.0
O005743,C01903,2024-08-12,Delivered,Debit Card,99.0
O004223,C01394,2023-11-20,Delivered,UPI,0.0
O000648,C00239,2023-12-29,Delivered,Debit Card,0.0
O011817,C03966,2025-01-29,Delivered,COD,0.0
O012919,C04297,2024-12-26,Returned,COD,40.0
O007934,C02605,2025-08-15,Delivered,Debit Card,60.0
O011558,C03862,2025-06-29,Delivered,Debit Card,0.0
O009428,C03097,2024-02-24,Delivered,upi,40.0
O016412,C05408,2024-12-29,Delivered,COD,99.0
O016529,C05443,2025-06-21,Returned,Debit Card,0.0
O012982,C04320,2024-10-31,Delivered,Debit Card,0.0
O004047,C01330,2023-08-07,Delivered,Debit Card,60.0
O017600,C05809,2025-01-21,Delivered,upi,0.0
O013961,C04641,2024-11-04,Delivered,upi,0.0
O012360,C04147,2025-06-02,Delivered,Debit Card,0.0
O013725,C04553,2024-05-25,Delivered,Net Banking,0.0
O009536,C03118,2025-04-27,Cancelled,upi,40.0
O014409,C04771,2023-07-27,Delivered,Debit Card,40.0
O015634,C05159,2024-08-01,Delivered,upi,0.0
O003718,C01217,2025-09-12,Delivered,Credit Card,40.0
O004794,C01592,2024-08-18,Delivered,Credit Card,99.0
O003860,C01263,2025-09-24,Delivered,Debit Card,99.0
O005979,C01986,2024-08-19,Delivered,upi,0.0
O005971,C01981,2025-09-11,Delivered,Debit Card,99.0
O014648,C04832,2023-04-14,Delivered,Credit Card,0.0
O012437,C04166,2024-03-24,Delivered,Debit Card,99.0
O015106,C04976,2024-02-18,Delivered,Credit Card,40.0
O017668,C05826,2025-01-18,Delivered,Credit Card,99.0
O015327,C05052,2024-07-06,Delivered,Credit Card,99.0
O013703,C04548,2024-06-27,Delivered,upi,40.0
O007699,C02545,2023-09-04,Delivered,Debit Card,60.0
O010336,C03422,2025-04-29,Delivered,upi,99.0
O007076,C02368,2025-03-16,Delivered,upi,99.0
O008045,C02646,2024-11-24,Delivered,Net Banking,0.0
O011455,C03838,2023-07-25,Returned,COD,0.0
O012946,C04304,2025-01-24,Delivered,upi,0.0
O013384,C04457,2024-06-27,Delivered,COD,0.0
O013376,C04452,2025-08-24,Delivered,upi,99.0
O015029,C04949,2025-07-20,Delivered,CREDIT CARD,60.0
O015421,C05084,2025-05-07,Delivered,COD,99.0
O012231,C04122,2024-01-28,Delivered,upi,60.0
O003518,C01130,2025-01-23,Delivered,upi,0.0
O004062,C01335,2025-06-26,Delivered,Credit Card,99.0
O009805,C03239,2024-08-16,Delivered,UPI,0.0
O003630,C01186,2023-12-27,Delivered,Credit Card,40.0
O005713,C01894,2024-02-11,delivered,Credit Card,40.0
O015923,C05246,2024-11-16,Delivered,UPI,0.0
O013957,C04639,2025-07-17,Delivered,Debit Card,0.0
O016380,C05402,2023-06-13,Delivered,Credit Card,60.0
O015338,C05054,2024-04-27,Delivered,Net Banking,0.0
O011462,C03843,2023-06-17,Delivered,Debit Card,60.0
O006848,C02265,2025-02-08,Cancelled,COD,99.0
O015878,C05227,2023-11-26,Returned,COD,0.0
O001499,C00475,2024-11-29,Delivered,Credit Card,0.0
O017065,C05613,2025-04-19,Delivered,COD,60.0
O003717,C01216,2025-06-28,Delivered,upi,60.0
O012707,C04234,2024-07-07,Delivered,Credit Card,40.0
O012078,C04065,2025-06-09,Delivered,upi,40.0
O002407,C00769,2025-09-17,Delivered,Credit Card,99.0
O009783,C03230,2024-07-05,Delivered,,0.0
O002342,C00751,2025-07-29,Returned,Net Banking,99.0
O001327,C00427,2024-04-17,Delivered,upi,60.0
O011508,C03843,2025-03-26,Delivered,upi,0.0
O010885,C03617,2024-10-04,Delivered,upi,0.0
O007796,C02559,2024-02-27,Delivered,upi,0.0
O005973,C01983,2023-10-28,delivered,upi,40.0
O010540,C03505,2024-08-08,Delivered,upi,0.0
O008482,C02811,2024-04-10,Delivered,Net Banking,40.0
O002220,C00701,2024-11-27,Delivered,Debit Card,0.0
O003889,C01273,2024-12-20,Delivered,upi,0.0
O010787,C03581,2023-12-16,Delivered,Debit Card,60.0
O001536,C00489,2024-05-25,delivered,upi,0.0
O006691,C02217,2025-03-13,Returned,upi,40.0
O004804,C01593,2024-08-18,Delivered,COD,0.0
O009663,C03164,2025-05-23,Delivered,upi,0.0
O001112,C00388,2023-03-19,Delivered,upi,0.0
O002947,C00921,2024-11-21,Delivered,upi,60.0
O014743,C04859,2024-11-09,Delivered,Debit Card,0.0
O006734,C02236,2025-08-19,Delivered,Net Banking,40.0
O008943,C02942,2025-02-21,Delivered,upi,0.0
O001682,C00535,2025-01-29,Delivered,upi,99.0
O001545,C00493,2025-03-19,Delivered,Net Banking,60.0
O004599,C01539,2025-04-03,Delivered,Debit Card,0.0
O000166,C00088,2025-03-04,Delivered,Debit Card,0.0
O003999,C01312,2025-05-21,Delivered,COD,40.0
O009377,C03081,2025-07-26,Delivered,COD,0.0
O007851,C02581,2023-07-09,Delivered,upi,40.0
O002458,C00781,2024-10-16,Delivered,,60.0
O000597,C00217,2024-06-04,Delivered,Net Banking,40.0
O016580,C05465,2024-08-15,Delivered,upi,0.0
O003531,C01137,2024-07-23,Returned,upi,40.0
O009441,C03099,2023-08-11,Returned,Debit Card,0.0
O004332,C01434,2024-07-05,Delivered,,0.0
O016710,C05513,2025-08-24,Delivered,upi,0.0
O005547,C01833,2024-10-28,delivered,Debit Card,40.0
O009887,C03265,2023-12-18,Delivered,COD,60.0
O015843,C05220,2024-10-02,Delivered,Credit Card,40.0
O007613,C02526,2024-05-30,Returned,Credit Card,40.0
O012254,C04123,2024-03-10,Delivered,upi,0.0
O002872,C00907,2024-10-05,Delivered,Net Banking,0.0
O008144,C02683,2023-12-22,Returned,upi,60.0
O016354,C05394,2024-12-04,Delivered,Credit Card,60.0
O008168,C02692,2025-02-12,Delivered,upi,0.0
O013886,C04612,2025-07-12,Delivered,Credit Card,0.0
O011758,C03937,2024-08-18,Delivered,upi,60.0
O018104,C05939,2025-05-11,Returned,upi,99.0
O007145,C02387,2024-03-28,Delivered,COD,40.0
O007165,C02387,2025-06-09,Delivered,upi,40.0
O011149,C03695,2024-09-12,delivered,COD,0.0
O006971,C02325,2025-08-05,Delivered,Credit Card,0.0
O011980,C04026,2024-06-20,Delivered,Net Banking,60.0
O008306,C02755,2023-12-16,Delivered,upi,60.0
O009950,C03279,2024-09-10,Delivered,,0.0
O001932,C00596,2024-02-16,Delivered,upi,99.0
O007643,C02530,2025-05-20,Returned,COD,0.0
O014893,C04904,2024-10-05,Delivered,COD,60.0
O016970,C05594,2024-07-08,Delivered,upi,0.0
O001469,C00464,2024-10-23,Delivered,upi,99.0
O009669,C03170,2025-09-01,Delivered,upi,60.0
O017149,C05658,2023-07-03,Delivered,Credit Card,40.0
O000769,C00292,2023-06-29,Delivered,Credit Card,0.0
O006819,C02257,2024-12-15,Delivered,Net Banking,99.0
O018204,C05981,2025-04-30,Returned,Net Banking,60.0
O017237,C05675,2025-04-06,Delivered,,0.0
O003013,C00953,2024-02-05,Delivered,upi,60.0
O004675,C01558,2024-06-06,Delivered,upi,0.0
O000398,C00153,2025-04-22,Delivered,UPI,0.0
O003267,C01034,2025-06-08,Delivered,Net Banking,60.0
O013203,C04393,2025-01-05,Delivered,upi,0.0
O002958,C00926,2025-03-31,Delivered,upi,40.0
O012770,C04250,2024-01-21,Delivered,Debit Card,0.0
O007727,C02545,2025-08-28,Delivered,COD,0.0
O013796,C04571,2025-09-20,Returned,upi,40.0
O014047,C04658,2024-12-29,returned,upi,0.0
O011295,C03762,2025-03-16,Delivered,Debit Card,0.0
O017298,C05705,2024-03-18,Delivered,upi,99.0
O004517,C01520,2024-09-04,Delivered,upi,0.0
O008125,C02673,2025-08-12,Delivered,Credit Card,0.0
O002498,C00793,2024-07-11,Delivered,Debit Card,99.0
O011020,C03659,2025-06-08,Returned,Net Banking,0.0
O003190,C01014,2024-09-15,Delivered,Credit Card,60.0
O015558,C05133,2023-10-26,Delivered,COD,40.0
O006839,C02262,2025-06-04,Delivered,Credit Card,0.0
O003383,C01084,2024-04-24,Returned,Debit Card,99.0
O017821,C05864,2024-07-14,Delivered,upi,60.0
O016090,C05292,2025-06-01,Delivered,Net Banking,99.0
O015571,C05139,2024-06-06,Delivered,upi,0.0
O009622,C03155,2024-07-08,Delivered,Debit Card,40.0
O013949,C04639,2024-02-10,Delivered,CREDIT CARD,99.0
O014512,C04799,2024-02-23,Delivered,upi,40.0
O004554,C01536,2025-04-09,Delivered,Net Banking,0.0
O017356,C05722,2025-07-29,Delivered,upi,0.0
O002994,C00944,2024-02-08,Delivered,Credit Card,99.0
O013726,C04553,2024-06-16,Delivered,Debit Card,60.0
O006753,C02239,2023-05-17,Delivered,COD,0.0
O004077,C01341,2025-05-05,Delivered,COD,0.0
O003545,C01140,2024-12-22,Delivered,COD,40.0
O009591,C03146,2024-08-27,Delivered,Credit Card,0.0
O012964,C04312,2025-08-24,Delivered,Net Banking,0.0
O005376,C01783,2025-09-03,Delivered,Credit Card,99.0
O003838,C01254,2024-06-21,Returned,COD,60.0
O007732,C02549,2024-11-07,Delivered,upi,0.0
O016338,C05384,2025-01-04,Delivered,upi,99.0
O014995,C04935,2023-11-16,Delivered,Credit Card,0.0
O012544,C04195,2024-02-05,Returned,COD,0.0
O008392,C02788,2025-07-15,Delivered,upi,40.0
O000036,C00020,2023-11-15,Delivered,upi,60.0
O008470,C02809,2025-05-18,Delivered,upi,0.0
O004176,C01379,2025-04-19,Delivered,Debit Card,60.0
O013194,C04390,2024-04-17,Cancelled,Credit Card,0.0
O014437,C04778,2025-05-31,Delivered,upi,99.0
O007049,C02358,2024-09-13,Delivered,NET BANKING,0.0
O004853,C01620,2024-07-05,Delivered,COD,60.0
O013566,C04505,2024-06-23,Delivered,Credit Card,60.0
O014025,C04657,2024-01-25,Delivered,upi,0.0
O010625,C03531,2025-09-11,Delivered,upi,0.0
O006539,C02161,2025-05-02,Delivered,upi,0.0
O003365,C01079,2024-07-05,Delivered,Net Banking,99.0
O002147,C00671,2024-03-26,Delivered,upi,0.0
O003994,C01310,2025-01-07,Delivered,upi,99.0
O010976,C03642,2024-05-03,Delivered,upi,99.0
O003544,C01140,2024-08-17,Delivered,upi,0.0
O005507,C01825,2024-02-09,Delivered,Credit Card,0.0
O013449,C04471,2025-09-26,Delivered,NET BANKING,0.0
O014770,C04868,2023-12-05,Delivered,upi,99.0
O007843,C02578,2023-01-27,Delivered,upi,60.0
O002336,C00749,2025-06-25,Delivered,Credit Card,99.0
O000161,C00084,2025-06-26,Delivered,upi,60.0
O003815,C01248,2024-11-07,Delivered,COD,99.0
O015363,C05060,2023-08-24,Delivered,Debit Card,0.0
O000922,C00337,2024-07-10,Delivered,upi,60.0
O000939,C00337,2025-03-22,Returned,Credit Card,0.0
O003767,C01231,2025-07-16,Delivered,Credit Card,99.0
O018243,C05991,2025-03-20,Delivered,Debit Card,99.0
O009862,C03257,2025-07-01,Delivered,upi,0.0
O015638,C05159,2024-10-04,Delivered,upi,40.0
O003975,C01308,2024-01-01,Delivered,Net Banking,60.0
O008823,C02921,2024-06-18,Delivered,upi,99.0
O002154,C00676,2024-07-26,Delivered,upi,40.0
O008257,C02730,2025-05-14,Delivered,upi,99.0
O014435,C04778,2024-12-27,delivered,Debit Card,40.0
O014459,C04788,2024-06-02,Delivered,upi,0.0
O012173,C04097,2024-03-11,Delivered,COD,40.0
O000499,C00192,2025-02-19,Delivered,Debit Card,0.0
O016582,C05467,2024-09-13,Returned,Credit Card,40.0
O000353,C00146,2025-02-23,Delivered,NET BANKING,60.0
O006090,C02024,2024-08-29,Delivered,Net Banking,0.0
O004506,C01513,2024-08-07,Delivered,Credit Card,99.0
O006383,C02104,2025-08-18,Delivered,upi,40.0
O004834,C01608,2024-10-30,Delivered,upi,99.0
O000269,C00120,2024-01-16,Delivered,Debit Card,40.0
O003807,C01248,2023-04-26,Returned,Net Banking,60.0
O014542,C04806,2024-10-06,Delivered,upi,99.0
O004315,C01427,2024-11-27,Cancelled,Credit Card,60.0
O015513,C05124,2023-10-24,Delivered,upi,60.0
O008834,C02923,2024-03-28,Delivered,Net Banking,0.0
O016222,C05349,2024-09-18,Returned,upi,40.0
O017551,C05788,2024-12-21,Delivered,upi,40.0
O011644,C03881,2024-05-01,Delivered,COD,99.0
O010695,C03550,2025-04-13,Delivered,upi,99.0
O009825,C03250,2023-06-25,Delivered,COD,0.0
O002003,C00614,2024-09-19,Delivered,Debit Card,99.0
O014022,C04656,2024-11-12,Delivered,COD,99.0
O002743,C00871,2024-12-10,Delivered,Credit Card,60.0
O009621,C03155,2024-05-20,Delivered,upi,40.0
O016567,C05461,2025-08-20,Returned,upi,0.0
O003726,C01222,2025-03-21,Delivered,upi,0.0
O014785,C04874,2025-08-25,Delivered,upi,0.0
O010911,C03622,2025-08-05,Delivered,COD,99.0
O009351,C03071,2025-07-22,Delivered,DEBIT CARD,0.0
O012908,C04297,2023-12-19,Delivered,Net Banking,40.0
O005678,C01884,2023-10-25,Delivered,upi,0.0
O003604,C01168,2023-10-28,Delivered,upi,60.0
O004471,C01497,2024-03-03,Delivered,upi,60.0
O009150,C03007,2025-02-04,Delivered,,0.0
O014109,C04686,2025-06-30,Returned,Debit Card,40.0
O011777,C03947,2024-11-19,Delivered,upi,0.0
O004585,C01539,2024-06-10,Delivered,Debit Card,0.0
O017753,C05840,2024-12-26,Delivered,upi,99.0
O012221,C04119,2024-02-18,Delivered,Debit Card,99.0
O014051,C04660,2023-09-07,Returned,COD,0.0
O013531,C04499,2024-03-16,Delivered,COD,40.0
O007171,C02388,2024-08-16,Returned,Credit Card,40.0
O006533,C02161,2024-04-24,Delivered,Credit Card,40.0
O011810,C03964,2024-03-27,Delivered,upi,0.0
O016506,C05431,2023-11-13,Delivered,COD,60.0
O004793,C01592,2024-04-25,Cancelled,COD,0.0
O002785,C00877,2023-04-25,Delivered,COD,40.0
O017305,C05705,2024-10-01,Delivered,Net Banking,0.0
O009386,C03086,2025-05-10,Delivered,upi,99.0
O012143,C04088,2025-07-22,Delivered,Debit Card,60.0
O017977,C05905,2025-03-20,Delivered,Net Banking,40.0
O017674,C05828,2025-03-07,Delivered,Debit Card,0.0
O005735,C01901,2024-04-18,Delivered,upi,60.0
O011454,C03837,2025-03-15,Delivered,upi,99.0
O014234,C04717,2024-05-19,Delivered,Debit Card,99.0
O002867,C00907,2023-10-01,Delivered,upi,60.0
O017108,C05632,2023-11-23,Delivered,Debit Card,0.0
O000251,C00112,2023-10-23,Delivered,upi,0.0
O002098,C00648,2025-06-16,Delivered,upi,60.0
O000887,C00331,2025-01-07,Delivered,COD,0.0
O000961,C00342,2025-07-23,Returned,upi,0.0
O016105,C05301,2025-01-09,Delivered,upi,0.0
O003944,C01300,2024-03-16,Delivered,Net Banking,60.0
O011239,C03739,2025-03-07,delivered,Credit Card,0.0
O013644,C04529,2025-01-21,Delivered,Credit Card,0.0
O002697,C00852,2025-03-31,Delivered,Net Banking,60.0
O009039,C02966,2024-12-27,Delivered,upi,99.0
O017779,C05851,2024-02-18,Returned,Credit Card,0.0
O000621,C00229,2025-05-02,Delivered,Net Banking,0.0
O006998,C02333,2025-04-21,Delivered,Net Banking,60.0
O010593,C03516,2023-08-08,Delivered,Net Banking,0.0
O004650,C01553,2025-06-07,Delivered,upi,0.0
O004093,C01344,2025-07-14,delivered,Debit Card,99.0
O013996,C04644,2025-09-09,delivered,upi,60.0
O003231,C01027,2023-06-19,Delivered,upi,60.0
O015564,C05136,2025-09-16,Delivered,upi,0.0
O002927,C00915,2025-05-03,Delivered,Credit Card,40.0
O003093,C00984,2025-04-07,Delivered,upi,60.0
O012060,C04059,2023-09-16,Delivered,COD,0.0
O017515,C05776,2025-05-23,Delivered,Debit Card,99.0
O010861,C03607,2024-06-29,Delivered,Net Banking,0.0
O001615,C00506,2025-09-29,Returned,Credit Card,99.0
O011259,C03749,2025-05-05,Delivered,upi,60.0
O008988,C02959,2023-12-19,Returned,Net Banking,60.0
O001394,C00435,2025-07-15,Delivered,upi,99.0
O017605,C05812,2023-06-24,Delivered,Debit Card,60.0
O001573,C00497,2023-01-12,Delivered,Debit Card,0.0
O017815,C05863,2024-05-01,Delivered,Debit Card,60.0
O007348,C02460,2024-11-13,Delivered,COD,0.0
O016719,C05516,2025-01-07,Delivered,Debit Card,0.0
O008563,C02835,2024-06-06,Delivered,Credit Card,0.0
O012678,C04234,2023-06-25,Delivered,Credit Card,40.0
O017778,C05851,2023-11-04,Delivered,upi,40.0
O016906,C05572,2025-03-29,Cancelled,Debit Card,60.0
O009350,C03071,2025-04-24,Delivered,Credit Card,0.0
O016820,C05546,2024-01-04,Delivered,upi,60.0
O002668,C00841,2023-09-19,Delivered,upi,60.0
O012769,C04250,2023-10-15,Delivered,Debit Card,40.0
O013264,C04416,2025-08-21,Delivered,,0.0
O001901,C00592,2024-04-22,Delivered,Debit Card,0.0
O002286,C00726,2024-06-05,Delivered,upi,60.0
O012120,C04077,2024-12-16,Delivered,Debit Card,0.0
O011928,C04008,2024-07-18,Delivered,Credit Card,60.0
O015786,C05207,2025-02-01,Delivered,CREDIT CARD,40.0
O011593,C03866,2025-03-08,Delivered,Credit Card,0.0
O002987,C00937,2024-04-18,Delivered,upi,99.0
O012916,C04297,2024-09-27,Delivered,upi,0.0
O004313,C01425,2024-07-09,Delivered,COD,99.0
O002600,C00827,2024-06-08,Delivered,COD,99.0
O010401,C03449,2023-12-22,Delivered,COD,0.0
O011137,C03693,2024-05-04,Delivered,Debit Card,40.0
O006935,C02303,2025-02-19,Delivered,Debit Card,0.0
O004960,C01649,2025-06-28,Delivered,,0.0
O002812,C00887,2025-06-19,Delivered,Debit Card,60.0
O004900,C01638,2025-04-28,Cancelled,Credit Card,0.0
O015846,C05220,2024-11-26,Delivered,upi,0.0
O010860,C03606,2025-07-16,Delivered,Debit Card,0.0
O003101,C00986,2023-10-28,Delivered,COD,60.0
O017135,C05646,2024-12-24,Delivered,COD,60.0
O007865,C02584,2025-03-03,Delivered,upi,60.0
O003680,C01205,2024-04-25,delivered,,0.0
O017410,C05738,2023-02-04,Delivered,Credit Card,40.0
O013338,C04444,2025-03-13,Delivered,upi,99.0
O013480,C04488,2025-04-06,Delivered,Net Banking,0.0
O014926,C04915,2024-06-29,Delivered,upi,0.0
O001616,C00507,2023-09-27,Delivered,Debit Card,40.0
O003452,C01101,2024-11-22,Delivered,Credit Card,0.0
O015673,C05167,2024-09-24,Delivered,COD,0.0
O018087,C05939,2024-08-29,Delivered,Debit Card,40.0
O010194,C03362,2024-03-22,Delivered,COD,99.0
O008701,C02877,2025-07-01,Delivered,Credit Card,99.0
O004894,C01637,2025-06-05,Delivered,Debit Card,99.0
O012461,C04170,2023-11-27,Delivered,upi,0.0
O015877,C05227,2023-08-23,Cancelled,Credit Card,99.0
O015654,C05162,2024-04-14,Delivered,upi,0.0
O001654,C00521,2024-08-07,Delivered,Debit Card,0.0
O014267,C04720,2024-07-15,Cancelled,upi,40.0
O010290,C03410,2025-03-18,Delivered,Net Banking,0.0
O002784,C00877,2023-04-12,Delivered,upi,99.0
O012905,C04296,2025-02-12,Delivered,upi,40.0
O006229,C02046,2025-05-18,Delivered,upi,0.0
O010511,C03489,2024-06-30,Delivered,Debit Card,0.0
O001812,C00575,2024-06-06,Delivered,Credit Card,0.0
O009467,C03102,2025-01-03,Delivered,Net Banking,60.0
O012814,C04268,2024-05-16,Delivered,upi,99.0
O010766,C03577,2024-08-18,Delivered,UPI,0.0
O017333,C05711,2024-12-10,Delivered,upi,99.0
O000331,C00140,2024-02-27,Delivered,Debit Card,0.0
O004059,C01333,2025-07-17,Delivered,Credit Card,60.0
O015801,C05210,2025-09-15,Cancelled,COD,40.0
O012516,C04186,2025-04-19,Delivered,upi,99.0
O009261,C03033,2024-03-24,Delivered,upi,99.0
O004480,C01504,2024-12-08,Delivered,upi,0.0
O011413,C03815,2024-11-14,Cancelled,Debit Card,0.0
O001796,C00569,2025-08-29,Delivered,Credit Card,99.0
O015332,C05052,2025-07-13,Delivered,Credit Card,0.0
O012481,C04176,2024-02-11,Delivered,Credit Card,40.0
O010446,C03459,2024-11-18,Delivered,Net Banking,0.0
O008098,C02661,2025-01-06,Delivered,Credit Card,40.0
O012736,C04236,2023-05-20,Delivered,Debit Card,60.0
O005539,C01832,2025-07-02,Delivered,Net Banking,60.0
O000133,C00071,2024-10-07,Delivered,upi,60.0
O003229,C01027,2023-06-10,Delivered,Debit Card,0.0
O006882,C02276,2025-07-28,Delivered,Debit Card,60.0
O013123,C04365,2023-09-03,Delivered,COD,40.0
O008996,C02962,2025-06-17,Delivered,COD,40.0
O000422,C00166,2023-07-05,delivered,Net Banking,0.0
O000216,C00105,2023-09-03,Returned,upi,0.0
O012151,C04088,2025-09-20,Delivered,Credit Card,99.0
O011871,C03990,2024-07-13,Delivered,upi,0.0
O001747,C00553,2025-07-28,Delivered,upi,0.0
O010301,C03412,2024-11-03,Delivered,Debit Card,0.0
O004769,C01583,2024-10-12,Delivered,upi,60.0
O002760,C00873,2024-09-05,Delivered,Credit Card,60.0
O002356,C00756,2024-01-24,Delivered,Net Banking,40.0
O008671,C02874,2023-10-21,Delivered,Debit Card,0.0
O014475,C04794,2023-10-21,Delivered,Credit Card,0.0
O006988,C02332,2025-01-23,Delivered,upi,0.0
O010631,C03532,2025-04-04,Delivered,Debit Card,40.0
O001111,C00387,2024-02-28,Delivered,upi,60.0
O015159,C04996,2023-12-06,Delivered,upi,40.0
O005068,C01689,2024-03-11,Delivered,COD,60.0
O004845,C01615,2025-06-04,Delivered,Net Banking,40.0
O016926,C05581,2024-10-03,Delivered,Debit Card,0.0
O001733,C00551,2025-03-03,Delivered,Debit Card,0.0
O003865,C01266,2024-06-24,Returned,upi,0.0
O009641,C03155,2025-08-06,Cancelled,upi,99.0
O008185,C02697,2024-09-24,Delivered,Debit Card,40.0
O014485,C04794,2024-05-11,Returned,upi,99.0
O007744,C02552,2023-12-23,Delivered,Net Banking,0.0
O005687,C01885,2023-06-08,Delivered,Debit Card,0.0
O017944,C05899,2023-08-17,Delivered,DEBIT CARD,40.0
O000816,C00308,2025-07-16,Delivered,upi,60.0
O013695,C04544,2025-01-19,Delivered,Credit Card,99.0
O000550,C00205,2025-03-09,delivered,upi,99.0
O010396,C03449,2023-07-15,Returned,COD,0.0
O001427,C00453,2023-02-11,Delivered,Debit Card,0.0
O005514,C01828,2024-03-30,Delivered,COD,40.0
O007125,C02385,2025-07-02,Delivered,COD,0.0
O016595,C05473,2024-01-24,Delivered,UPI,0.0
O006029,C02003,2025-06-21,Cancelled,COD,0.0
O016098,C05297,2025-08-02,Delivered,Debit Card,99.0
O002708,C00859,2025-05-26,Delivered,upi,0.0
O008073,C02658,2024-11-28,Delivered,upi,99.0
O016057,C05279,2025-03-11,Delivered,Credit Card,0.0
O003619,C01177,2024-01-28,Cancelled,COD,0.0
O017736,C05837,2024-09-28,Delivered,COD,60.0
O000524,C00196,2025-05-26,Delivered,COD,40.0
O014809,C04885,2023-10-21,Delivered,Debit Card,40.0
O007325,C02448,2025-07-03,Delivered,COD,0.0
O013269,C04420,2024-09-20,Delivered,Net Banking,0.0
O000928,C00337,2024-10-19,Delivered,Debit Card,60.0
O012266,C04124,2025-06-23,Delivered,upi,40.0
O017115,C05634,2024-03-12,Delivered,upi,99.0
O002189,C00697,2023-09-06,Delivered,upi,99.0
O003474,C01109,2025-06-26,Delivered,upi,99.0
O006838,C02262,2025-04-17,Delivered,Credit Card,0.0
O011177,C03710,2024-07-15,Delivered,upi,40.0
O009988,C03294,2023-11-16,Delivered,Debit Card,0.0
O017695,C05835,2025-03-07,Returned,upi,0.0
O017766,C05845,2024-11-07,Returned,upi,40.0
O005820,C01937,2024-06-04,Delivered,Debit Card,0.0
O014456,C04786,2025-09-17,Delivered,DEBIT CARD,60.0
O013798,C04573,2025-03-07,Delivered,upi,0.0
O015317,C05050,2024-07-12,Delivered,upi,0.0
O003847,C01257,2025-07-20,Delivered,Debit Card,0.0
O008515,C02819,2023-11-11,Delivered,upi,60.0
O013935,C04633,2024-08-01,Delivered,upi,0.0
O009528,C03115,2025-04-02,Delivered,upi,40.0
O015570,C05139,2024-06-01,Delivered,Net Banking,99.0
O001122,C00389,2024-07-23,Delivered,Debit Card,60.0
O003236,C01027,2023-10-26,Delivered,upi,99.0
O005092,C01694,2024-10-21,Delivered,Credit Card,40.0
O001304,C00424,2023-04-26,Returned,upi,0.0
O014725,C04857,2024-07-03,Delivered,UPI,99.0
O013332,C04439,2025-07-05,Delivered,upi,99.0
O011087,C03668,2025-01-10,Delivered,upi,60.0
O016111,C05304,2023-11-03,Delivered,Debit Card,99.0
O009647,C03159,2023-04-21,Returned,Net Banking,60.0
O006590,C02179,2025-05-10,Returned,COD,99.0
O012390,C04157,2025-07-01,Delivered,upi,60.0
O004082,C01342,2024-11-14,Returned,COD,60.0
O005490,C01819,2024-11-22,Delivered,upi,99.0
O006000,C01996,2024-11-13,Delivered,Debit Card,60.0
O016949,C05586,2025-09-13,Delivered,upi,0.0
O009682,C03179,2023-06-25,Delivered,Credit Card,0.0
O010412,C03449,2024-07-20,Delivered,Credit Card,99.0
O006150,C02041,2023-11-14,Delivered,COD,99.0
O004479,C01503,2024-02-02,Delivered,COD,40.0
O014748,C04863,2023-03-03,Returned,Credit Card,0.0
O003210,C01024,2023-08-10,Returned,Debit Card,0.0
O010853,C03603,2024-02-17,Returned,Net Banking,40.0
O002452,C00781,2024-06-14,Returned,COD,0.0
O016761,C05532,2024-08-12,delivered,upi,0.0
O010677,C03546,2023-12-19,Delivered,Credit Card,60.0
O015450,C05097,2024-04-19,Delivered,Debit Card,99.0
O014739,C04859,2023-11-12,Delivered,Credit Card,0.0
O001010,C00358,2025-04-04,Returned,upi,0.0
O013927,C04629,2024-10-28,delivered,Debit Card,0.0
O000882,C00328,2024-10-04,Delivered,Debit Card,40.0
O013427,C04471,2024-10-15,Returned,Credit Card,99.0
O005505,C01824,2024-12-14,Delivered,upi,0.0
O006322,C02078,2024-02-02,Delivered,upi,40.0
O004825,C01603,2025-03-09,Delivered,Credit Card,0.0
O007433,C02477,2025-06-07,Delivered,upi,60.0
O013442,C04471,2025-04-26,Delivered,upi,99.0
O009300,C03047,2025-02-08,Cancelled,upi,0.0
O016884,C05566,2025-05-01,Delivered,Net Banking,0.0
O013848,C04592,2023-10-06,Delivered,Net Banking,40.0
O000468,C00181,2024-12-17,Delivered,upi,40.0
O013750,C04564,2023-07-04,Delivered,COD,60.0
O007020,C02345,2024-04-02,Delivered,COD,60.0
O004275,C01419,2024-01-05,Delivered,Net Banking,0.0
O001064,C00371,2025-04-08,Delivered,upi,60.0
O004135,C01355,2025-09-15,Delivered,upi,0.0
O010717,C03559,2025-03-20,Delivered,Debit Card,0.0
O000123,C00068,2024-12-25,Delivered,Credit Card,99.0
O003980,C01308,2024-06-11,Delivered,COD,0.0
O006195,C02044,2024-03-03,Delivered,upi,99.0
O010399,C03449,2023-11-13,Delivered,Debit Card,0.0
O005426,C01803,2025-06-29,delivered,COD,99.0
O013761,C04567,2025-04-10,Delivered,COD,40.0
O004451,C01487,2024-12-06,Delivered,Net Banking,40.0
O015475,C05106,2024-12-03,Delivered,Debit Card,40.0
O013385,C04458,2023-10-23,Delivered,upi,0.0
O007930,C02602,2025-02-10,Delivered,Credit Card,0.0
O004338,C01439,2023-12-07,Delivered,upi,0.0
O014424,C04775,2023-03-02,Delivered,upi,0.0
O013590,C04513,2025-01-03,Delivered,upi,0.0
O012338,C04142,2025-01-23,Delivered,COD,0.0
O015297,C05041,2025-03-10,Delivered,Net Banking,60.0
O013452,C04472,2023-08-13,Delivered,Credit Card,60.0
O015046,C04954,2025-03-13,Delivered,upi,99.0
O005005,C01671,2024-11-23,Delivered,Debit Card,0.0
O004175,C01379,2025-03-21,Delivered,Debit Card,60.0
O012470,C04172,2024-03-28,Delivered,Credit Card,40.0
O001309,C00424,2024-06-14,Delivered,Debit Card,0.0
O013336,C04443,2024-02-15,Delivered,upi,0.0
O011900,C03997,2024-05-01,Delivered,Credit Card,0.0
O015248,C05023,2025-01-03,Delivered,COD,0.0
O016395,C05408,2024-05-30,Delivered,Net Banking,99.0
O014688,C04846,2025-03-03,Delivered,Debit Card,40.0
O000932,C00337,2025-01-25,Delivered,Debit Card,0.0
O008657,C02869,2025-04-19,Delivered,Credit Card,0.0
O013752,C04566,2023-11-09,Delivered,upi,99.0
O000460,C00180,2024-11-27,Delivered,Credit Card,60.0
O009690,C03185,2025-05-04,Delivered,upi,40.0
O005802,C01927,2025-06-08,Delivered,upi,99.0
O004790,C01592,2024-03-03,Delivered,Debit Card,0.0
O003082,C00981,2024-02-10,Delivered,CREDIT CARD,0.0
O017557,C05790,2025-01-10,Delivered,Credit Card,99.0
O012844,C04284,2024-04-19,Delivered,upi,40.0
O014636,C04824,2025-03-07,Delivered,Debit Card,99.0
O002719,C00864,2025-09-09,Delivered,upi,60.0
O010800,C03585,2023-08-09,Returned,upi,60.0
O011957,C04018,2024-10-23,Delivered,upi,0.0
O003581,C01159,2024-10-11,Delivered,upi,0.0
O003413,C01091,2024-04-06,Delivered,Credit Card,40.0
O004012,C01317,2025-01-17,Delivered,upi,40.0
O003597,C01166,2025-04-03,Delivered,Credit Card,0.0
O003827,C01253,2025-09-16,Delivered,upi,99.0
O001623,C00509,2025-08-06,Delivered,upi,40.0
O001151,C00391,2025-04-15,Delivered,upi,40.0
O009255,C03031,2025-06-11,Delivered,COD,99.0
O006094,C02027,2024-07-09,Delivered,upi,60.0
O018148,C05960,2023-09-19,Delivered,upi,0.0
O005189,C01725,2025-04-08,Delivered,Debit Card,40.0
O010235,C03388,2025-07-14,Delivered,Credit Card,0.0
O011169,C03704,2025-08-02,Delivered,COD,60.0
O006264,C02054,2025-06-08,Delivered,DEBIT CARD,40.0
O007229,C02412,2025-04-01,Delivered,upi,0.0
O004320,C01430,2025-08-09,Delivered,upi,60.0
O010392,C03449,2023-04-23,Delivered,Credit Card,99.0
O006293,C02064,2025-02-01,Delivered,upi,99.0
O015032,C04952,2024-11-26,Delivered,upi,0.0
O008115,C02670,2025-01-27,Delivered,Debit Card,99.0
O004259,C01411,2024-03-16,Delivered,Credit Card,40.0
O001163,C00394,2024-05-02,Cancelled,Debit Card,40.0
O003621,C01178,2024-10-01,Delivered,upi,60.0
O016496,C05425,2024-06-21,Delivered,Credit Card,99.0
O016813,C05544,2025-01-25,Delivered,upi,40.0
O006426,C02120,2024-11-29,Cancelled,DEBIT CARD,0.0
O015791,C05208,2023-10-23,Delivered,COD,40.0
O016972,C05594,2024-07-29,Delivered,Credit Card,60.0
O016830,C05551,2024-03-10,Delivered,upi,40.0
O010410,C03449,2024-06-07,Delivered,upi,99.0
O012794,C04260,2025-07-13,Delivered,Net Banking,40.0
O005389,C01789,2025-09-26,Delivered,Credit Card,99.0
O009817,C03243,2024-05-05,Delivered,upi,99.0
O008212,C02709,2024-12-08,Delivered,Debit Card,0.0
O016591,C05471,2024-09-28,delivered,upi,60.0
O004376,C01449,2023-11-10,Delivered,upi,0.0
O014241,C04717,2024-11-09,Delivered,upi,40.0
O013059,C04347,2025-07-05,delivered,Debit Card,99.0
O013835,C04586,2024-06-11,Delivered,Credit Card,0.0
O001778,C00562,2025-02-22,Delivered,COD,60.0
O002184,C00696,2025-01-05,Delivered,COD,0.0
O008219,C02712,2024-08-19,Delivered,Debit Card,40.0
O007058,C02364,2024-12-30,Delivered,COD,99.0
O006607,C02186,2025-02-12,Delivered,upi,0.0
O006986,C02332,2024-12-13,Delivered,Credit Card,60.0
O008402,C02790,2024-03-10,Delivered,upi,40.0
O002397,C00767,2023-08-10,Delivered,upi,40.0
O017755,C05840,2025-08-16,Delivered,upi,0.0
O000219,C00105,2024-01-05,Returned,upi,0.0
O018000,C05919,2023-08-03,Delivered,upi,99.0
O008969,C02951,2024-12-28,Delivered,Credit Card,60.0
O013367,C04449,2024-11-21,Delivered,COD,60.0
O004104,C01348,2025-07-03,Delivered,upi,0.0
O005102,C01697,2024-03-03,Delivered,COD,0.0
O001428,C00453,2025-09-01,Returned,upi,0.0
O007777,C02554,2024-01-19,Delivered,Credit Card,60.0
O009362,C03075,2025-01-30,delivered,COD,99.0
O004387,C01454,2025-02-02,Delivered,Debit Card,0.0
O009175,C03008,2025-06-24,Delivered,upi,40.0
O009632,C03155,2025-01-27,Cancelled,Debit Card,99.0
O006385,C02105,2024-11-13,Delivered,Debit Card,0.0
O004163,C01377,2023-02-09,Delivered,Net Banking,40.0
O011776,C03947,2024-10-27,Delivered,upi,60.0
O017852,C05869,2025-02-23,Delivered,Credit Card,60.0
O012617,C04219,2024-08-04,Delivered,upi,0.0
O009161,C03008,2024-02-18,Delivered,upi,0.0
O009521,C03115,2024-06-04,Delivered,upi,0.0
O003689,C01207,2023-07-28,Delivered,Debit Card,0.0
O000100,C00055,2024-07-08,Delivered,Net Banking,40.0
O011227,C03733,2024-12-22,Cancelled,Debit Card,0.0
O002341,C00751,2025-02-20,Delivered,upi,40.0
O014348,C04745,2025-08-12,Delivered,upi,40.0
O007515,C02507,2025-06-08,Delivered,Credit Card,60.0
O014442,C04780,2024-12-01,Delivered,Credit Card,99.0
O013242,C04404,2024-11-16,Delivered,upi,60.0
O009833,C03251,2023-03-14,Delivered,COD,60.0
O013749,C04564,2023-07-03,Delivered,Credit Card,40.0
O015630,C05159,2024-06-06,Delivered,COD,60.0
O012565,C04198,2025-04-23,Delivered,COD,99.0
O009262,C03033,2024-12-30,Delivered,Debit Card,0.0
O009235,C03029,2025-06-23,Delivered,Net Banking,99.0
O001678,C00534,2024-02-22,Delivered,Net Banking,0.0
O017107,C05632,2023-11-14,Delivered,Net Banking,0.0
O016615,C05479,2025-02-27,Delivered,upi,0.0
O004188,C01384,2025-06-20,Delivered,COD,0.0
O008780,C02906,2024-11-15,Cancelled,COD,0.0
O011803,C03961,2024-02-04,Delivered,Credit Card,0.0
O002638,C00831,2025-09-20,Delivered,upi,0.0
O001379,C00433,2024-11-04,Delivered,Debit Card,0.0
O014033,C04657,2024-08-14,Delivered,Debit Card,0.0
O006637,C02198,2025-02-24,Delivered,upi,60.0
O005791,C01921,2024-10-12,Delivered,COD,0.0
O005768,C01908,2025-04-17,Delivered,UPI,60.0
O007072,C02368,2024-09-14,Delivered,upi,0.0
O011289,C03762,2024-06-18,Delivered,upi,0.0
O009174,C03008,2025-05-07,Delivered,upi,60.0
O010662,C03539,2025-03-21,Delivered,COD,60.0
O008980,C02956,2023-06-05,Delivered,upi,40.0
O009115,C03000,2024-03-30,Delivered,Debit Card,60.0
O011889,C03994,2024-02-09,Delivered,upi,0.0
O017740,C05837,2024-12-07,Delivered,upi,60.0
O013498,C04494,2023-09-21,Delivered,upi,0.0
O003486,C01114,2025-01-27,Delivered,Net Banking,99.0
O004763,C01581,2024-10-16,Delivered,Credit Card,60.0
O017535,C05783,2024-06-28,Delivered,Net Banking,0.0
O005073,C01692,2025-06-29,Returned,Credit Card,60.0
O016680,C05500,2024-10-07,Delivered,Debit Card,60.0
O014982,C04926,2025-03-03,Delivered,Credit Card,60.0
O014415,C04773,2024-11-04,Delivered,Credit Card,60.0
O010380,C03444,2024-05-26,delivered,Net Banking,0.0
O008539,C02829,2025-02-09,Cancelled,upi,40.0
O017704,C05835,2025-08-19,Delivered,upi,40.0
O007309,C02446,2025-08-31,Delivered,upi,99.0
O013572,C04507,2025-02-22,Delivered,Credit Card,0.0
O002594,C00824,2024-10-26,Delivered,upi,99.0
O011662,C03889,2025-09-16,Delivered,Debit Card,0.0
O004411,C01466,2023-05-09,Delivered,upi,60.0
O009491,C03109,2023-11-29,Returned,COD,40.0
O008553,C02833,2025-06-24,Delivered,Credit Card,99.0
O014613,C04821,2025-05-30,Delivered,Net Banking,0.0
O003310,C01051,2025-05-20,Delivered,upi,0.0
O010863,C03608,2025-08-07,delivered,upi,40.0
O007489,C02503,2024-06-01,Returned,UPI,0.0
O014865,C04897,2023-08-06,Delivered,upi,60.0
O016301,C05372,2024-12-31,Delivered,Credit Card,40.0
O004294,C01419,2025-05-20,Delivered,Credit Card,40.0
O010088,C03324,2023-09-14,Delivered,Debit Card,0.0
O003240,C01027,2024-03-05,Returned,Net Banking,60.0
O001644,C00519,2025-09-14,Delivered,Debit Card,0.0
O016448,C05415,2024-12-13,Delivered,COD,40.0
O008383,C02784,2023-07-22,delivered,upi,0.0
O004018,C01321,2025-07-01,Delivered,COD,99.0
O010918,C03624,2023-12-20,returned,upi,99.0
O011151,C03695,2025-01-21,Delivered,Credit Card,0.0
O003454,C01101,2025-02-05,Delivered,Net Banking,99.0
O006529,C02160,2025-05-16,delivered,Debit Card,0.0
O018212,C05986,2024-01-21,Delivered,COD,99.0
O005460,C01814,2025-06-27,Returned,upi,60.0
O000628,C00234,2024-11-20,Delivered,Debit Card,0.0
O010480,C03475,2025-01-21,Delivered,COD,60.0
O000409,C00161,2024-12-27,Delivered,upi,0.0
O006080,C02023,2024-03-20,Cancelled,Net Banking,40.0
O009072,C02985,2024-09-09,Delivered,Debit Card,0.0
O001074,C00372,2025-02-11,Delivered,Debit Card,0.0
O000558,C00208,2024-02-05,Returned,COD,99.0
O002725,C00865,2025-02-21,Delivered,upi,40.0
O007097,C02377,2025-04-26,Delivered,upi,0.0
O002715,C00863,2024-11-15,Delivered,upi,0.0
O002068,C00635,2024-09-23,Delivered,COD,40.0
O015966,C05258,2024-07-06,Delivered,Net Banking,0.0
O013232,C04402,2023-03-10,Delivered,upi,0.0
O006256,C02053,2025-06-08,Returned,COD,60.0
O008661,C02872,2025-03-22,Delivered,Debit Card,40.0
O008344,C02769,2025-02-28,Delivered,upi,0.0
O010110,C03330,2024-09-09,Delivered,CREDIT CARD,99.0
O016168,C05329,2024-04-27,Delivered,Credit Card,0.0
O012343,C04144,2023-08-09,Delivered,upi,0.0
O012849,C04285,2023-11-29,Delivered,COD,99.0
O002471,C00782,2024-12-21,Delivered,Debit Card,0.0
O007637,C02527,2025-09-13,Delivered,upi,0.0
O001534,C00487,2024-11-01,Delivered,Credit Card,0.0
O017842,C05868,2025-03-04,Delivered,upi,40.0
O003727,C01222,2025-09-15,Delivered,Net Banking,99.0
O016885,C05566,2025-06-28,Delivered,Credit Card,99.0
O000897,C00337,2023-05-21,Cancelled,COD,0.0
O018192,C05976,2024-11-04,Delivered,Debit Card,0.0
O005870,C01952,2023-07-17,Delivered,upi,60.0
O011029,C03661,2024-10-08,Delivered,upi,60.0
O014575,C04810,2024-09-03,Cancelled,COD,99.0
O004927,C01646,2023-10-10,Cancelled,upi,40.0
O015000,C04939,2025-09-02,Delivered,upi,99.0
O013525,C04498,2024-11-07,Delivered,upi,40.0
O015041,C04954,2024-09-30,Delivered,Credit Card,0.0
O015158,C04995,2025-05-12,Delivered,upi,99.0
O006456,C02136,2025-08-21,Delivered,upi,0.0
O005722,C01896,2024-10-09,Delivered,upi,40.0
O008831,C02923,2024-01-15,Delivered,Debit Card,0.0
O014360,C04753,2025-01-15,Delivered,upi,40.0
O011192,C03720,2024-12-14,Delivered,upi,0.0
O006833,C02262,2024-07-19,Delivered,upi,0.0
O014469,C04794,2023-05-21,Delivered,CREDIT CARD,99.0
O010017,C03303,2025-05-12,Delivered,upi,40.0
O009847,C03257,2024-05-31,Returned,COD,0.0
O007618,C02526,2024-07-19,Delivered,Debit Card,60.0
O003789,C01240,2024-11-23,Delivered,upi,40.0
O018256,C05999,2025-06-10,Delivered,upi,0.0
O009585,C03144,2025-03-30,Delivered,Net Banking,40.0
O001378,C00432,2025-06-07,Delivered,upi,40.0
O010020,C03304,2024-09-15,Delivered,upi,0.0
O000715,C00274,2024-05-31,Delivered,Net Banking,99.0
O002473,C00783,2024-11-01,Delivered,upi,40.0
O002580,C00820,2023-11-01,Returned,upi,40.0
O002018,C00619,2025-08-05,Delivered,upi,0.0
O011273,C03754,2024-11-10,Delivered,Credit Card,60.0
O016735,C05522,2024-03-21,Returned,upi,0.0
O011762,C03940,2023-12-28,Delivered,upi,40.0
O006891,C02281,2025-06-21,Delivered,upi,0.0
O004070,C01339,2025-09-10,Cancelled,Debit Card,60.0
O006776,C02243,2025-07-03,Delivered,Net Banking,40.0
O016392,C05408,2024-04-17,Delivered,upi,0.0
O002772,C00873,2025-05-19,Delivered,upi,40.0
O001919,C00594,2023-07-04,Delivered,Debit Card,40.0
O016811,C05544,2024-10-07,Delivered,upi,0.0
O010908,C03622,2025-04-10,Delivered,upi,0.0
O015315,C05048,2024-05-12,Delivered,upi,40.0
O005921,C01960,2025-05-13,Delivered,DEBIT CARD,99.0
O014571,C04810,2024-03-27,Delivered,upi,0.0
O004015,C01318,2024-12-19,Delivered,COD,0.0
O016243,C05358,2023-06-27,Delivered,upi,99.0
O007463,C02493,2025-02-18,Delivered,upi,99.0
O001365,C00427,2025-07-31,Delivered,COD,60.0
O011539,C03861,2025-03-31,Delivered,Net Banking,0.0
O005977,C01985,2024-10-07,Delivered,CREDIT CARD,0.0
O012408,C04160,2025-07-02,Delivered,Debit Card,0.0
O001093,C00382,2025-04-17,Delivered,Debit Card,40.0
O004436,C01476,2024-11-24,Delivered,COD,99.0
O003738,C01227,2024-08-01,Delivered,Credit Card,60.0
O000598,C00217,2025-02-12,returned,Credit Card,0.0
O010089,C03324,2024-05-13,Delivered,COD,0.0
O014116,C04690,2024-09-03,Delivered,COD,0.0
O006059,C02013,2024-10-30,Delivered,COD,0.0
O014451,C04782,2023-10-01,Delivered,COD,99.0
O007995,C02624,2024-03-15,Delivered,upi,0.0
O014237,C04717,2024-08-23,Delivered,Net Banking,60.0
O009651,C03162,2024-10-25,Delivered,COD,60.0
O008913,C02934,2025-06-06,Delivered,upi,60.0
O003743,C01228,2025-01-26,Delivered,COD,60.0
O008342,C02768,2025-05-28,Delivered,Debit Card,99.0
O008262,C02733,2024-03-03,Returned,Credit Card,0.0
O017241,C05677,2025-09-20,Delivered,COD,40.0
O000561,C00208,2025-04-06,Returned,upi,0.0
O017955,C05899,2024-11-06,Delivered,Credit Card,40.0
O007762,C02552,2025-02-15,Delivered,upi,60.0
O006632,C02198,2024-06-22,Delivered,upi,0.0
O011184,C03715,2024-05-07,Delivered,upi,0.0
O001659,C00523,2025-08-27,Returned,upi,60.0
O008054,C02649,2024-02-13,Delivered,COD,0.0
O007465,C02493,2025-05-03,Delivered,NET BANKING,0.0
O015138,C04986,2024-03-19,Delivered,upi,99.0
O007599,C02526,2023-04-12,Delivered,COD,0.0
O012095,C04067,2024-11-10,Delivered,Credit Card,99.0
O012813,C04268,2024-01-27,Delivered,upi,0.0
O003478,C01112,2024-05-25,Delivered,DEBIT CARD,99.0
O005940,C01969,2024-12-22,Delivered,upi,99.0
O011199,C03725,2025-07-23,Delivered,upi,60.0
O016996,C05598,2025-07-16,Delivered,Debit Card,0.0
O004040,C01329,2025-03-09,Delivered,Net Banking,99.0
O014536,C04806,2024-04-13,Delivered,Debit Card,0.0
O004447,C01484,2024-08-24,Delivered,upi,99.0
O001166,C00394,2024-05-27,Cancelled,Credit Card,0.0
O011804,C03961,2025-04-06,Delivered,COD,99.0
O000979,C00351,2025-07-11,Delivered,Debit Card,0.0
O007415,C02475,2024-08-21,Delivered,COD,0.0
O013719,C04552,2025-01-24,delivered,upi,60.0
O007092,C02377,2024-11-17,Delivered,Debit Card,60.0
O001975,C00609,2025-01-25,Delivered,Debit Card,60.0
O016298,C05372,2024-10-26,Delivered,upi,99.0
O005364,C01781,2024-08-08,Delivered,UPI,40.0
O007416,C02475,2024-08-30,Delivered,upi,60.0
O018173,C05966,2025-05-11,Delivered,upi,60.0
O002198,C00697,2024-08-13,delivered,upi,60.0
O012406,C04160,2025-05-10,Delivered,Credit Card,60.0
O014641,C04827,2025-04-15,Delivered,upi,60.0
O008965,C02950,2024-08-30,Delivered,Credit Card,40.0
O003262,C01032,2024-12-22,Delivered,Credit Card,0.0
O002195,C00697,2024-06-19,Delivered,upi,0.0
O012663,C04231,2025-06-20,Delivered,upi,60.0
O012742,C04240,2025-09-25,Delivered,Net Banking,0.0
O009119,C03001,2024-08-20,Returned,COD,60.0
O014832,C04887,2025-04-17,delivered,upi,60.0
O011816,C03966,2025-01-12,Delivered,upi,60.0
O016919,C05578,2023-10-30,Delivered,upi,60.0
O005157,C01711,2024-02-24,Returned,upi,0.0
O007758,C02552,2024-11-08,Delivered,upi,40.0
O004003,C01315,2024-05-04,Delivered,Credit Card,0.0
O011422,C03821,2024-12-03,Delivered,upi,0.0
O005380,C01786,2023-02-13,Delivered,Credit Card,0.0
O006464,C02137,2025-08-08,Delivered,COD,0.0
O013182,C04386,2025-07-31,Delivered,upi,0.0
O008393,C02789,2023-06-08,Delivered,upi,40.0
O014610,C04820,2025-03-15,Delivered,upi,40.0
O015951,C05257,2024-10-08,Delivered,Debit Card,0.0
O013445,C04471,2025-07-19,Delivered,upi,0.0
O004525,C01521,2025-09-13,Delivered,upi,0.0
O008543,C02830,2025-09-10,Returned,,99.0
O011415,C03816,2023-10-04,Delivered,upi,0.0
O003878,C01272,2023-11-22,Delivered,COD,40.0
O000435,C00172,2023-09-06,Delivered,Net Banking,40.0
O001732,C00550,2025-07-27,Delivered,COD,0.0
O016419,C05408,2025-05-11,Delivered,upi,60.0
O014948,C04922,2023-05-19,Delivered,upi,0.0
O007253,C02424,2025-01-26,Delivered,upi,99.0
O017675,C05829,2024-05-08,Delivered,COD,0.0
O000446,C00172,2025-04-18,Delivered,Net Banking,60.0
O017846,C05869,2024-04-15,Returned,upi,60.0
O016512,C05432,2024-08-18,Delivered,upi,60.0
O004437,C01476,2025-03-27,Delivered,upi,99.0
O002529,C00804,2025-06-22,Delivered,upi,60.0
O012331,C04140,2025-02-11,Cancelled,Credit Card,60.0
O004998,C01669,2024-01-25,delivered,Credit Card,0.0
O005803,C01927,2025-06-28,Delivered,upi,60.0
O015851,C05220,2025-04-06,Returned,Credit Card,0.0
O015819,C05216,2024-04-09,Delivered,UPI,40.0
O015114,C04979,2025-06-19,Delivered,Debit Card,0.0
O017669,C05826,2025-07-18,Delivered,COD,99.0
O015712,C05173,2024-02-24,Returned,Net Banking,99.0
O018218,C05986,2024-07-27,Delivered,upi,0.0
O001333,C00427,2024-06-29,Delivered,COD,0.0
O012764,C04249,2025-05-14,Delivered,UPI,60.0
O001593,C00501,2023-11-14,returned,Debit Card,60.0
O016224,C05351,2025-03-25,Delivered,Debit Card,99.0
O014762,C04867,2024-11-21,Delivered,upi,40.0
O008732,C02886,2025-01-05,Delivered,upi,99.0
O017690,C05835,2024-12-06,Delivered,upi,0.0
O006197,C02045,2025-08-28,Delivered,Debit Card,60.0
O012587,C04210,2025-02-15,Delivered,Credit Card,0.0
O008791,C02910,2025-03-06,Delivered,UPI,99.0
O011366,C03791,2025-03-19,Delivered,Debit Card,60.0
O007627,C02526,2025-01-15,Delivered,Debit Card,99.0
O006923,C02296,2025-01-15,Delivered,upi,99.0
O012881,C04290,2025-02-25,Delivered,Debit Card,0.0
O003384,C01084,2024-05-21,Delivered,Credit Card,0.0
O003429,C01097,2023-11-29,Delivered,Debit Card,60.0
O004697,C01561,2024-11-09,Delivered,Credit Card,60.0
O012852,C04285,2024-02-23,Delivered,COD,60.0
O002487,C00785,2025-04-02,Delivered,upi,99.0
O012571,C04204,2023-12-03,Delivered,Debit Card,0.0
O002525,C00802,2025-08-08,Delivered,Credit Card,0.0
O005455,C01814,2025-02-11,Delivered,upi,60.0
O012868,C04289,2024-02-09,Delivered,upi,60.0
O006114,C02039,2023-11-04,Delivered,upi,40.0
O008069,C02654,2025-05-23,Delivered,Debit Card,0.0
O002712,C00861,2025-05-31,Delivered,DEBIT CARD,0.0
O014224,C04717,2023-12-14,Delivered,COD,0.0
O014606,C04817,2025-09-24,Delivered,Credit Card,99.0
O015812,C05213,2025-03-13,Delivered,Credit Card,99.0
O012725,C04234,2025-02-22,Delivered,COD,0.0
O000039,C00022,2024-06-10,Delivered,Debit Card,0.0
O008850,C02926,2024-01-19,Delivered,Debit Card,60.0
O011247,C03743,2025-04-28,Delivered,upi,0.0
O004295,C01419,2025-07-23,Delivered,Net Banking,99.0
O014166,C04710,2023-08-09,Delivered,upi,40.0
O012342,C04144,2023-06-26,Delivered,COD,60.0
O000256,C00116,2024-12-06,Delivered,upi,40.0
O010837,C03597,2023-04-12,Returned,COD,40.0
O000271,C00121,2024-10-19,Delivered,Credit Card,40.0
O010205,C03369,2025-09-12,Delivered,Credit Card,40.0
O011820,C03968,2025-04-18,Returned,Credit Card,60.0
O016690,C05508,2025-06-13,Delivered,upi,60.0
O013461,C04478,2024-04-24,Returned,Debit Card,0.0
O009111,C02999,2023-08-29,delivered,upi,40.0
O016149,C05321,2023-10-21,Returned,Debit Card,0.0
O005311,C01764,2025-09-05,Returned,COD,0.0
O017383,C05729,2024-09-04,Delivered,upi,60.0
O005392,C01792,2024-09-26,Delivered,COD,99.0
O015871,C05226,2025-07-31,delivered,upi,0.0
O014324,C04738,2025-01-22,Delivered,upi,60.0
O013776,C04571,2024-07-02,Delivered,Net Banking,99.0
O013662,C04536,2024-07-10,Delivered,upi,99.0
O004025,C01324,2024-06-05,Delivered,upi,40.0
O001677,C00533,2025-06-08,Returned,Credit Card,99.0
O014249,C04718,2023-11-19,Delivered,upi,99.0
O018237,C05989,2024-09-10,Delivered,upi,0.0
O018123,C05944,2025-09-27,Delivered,upi,0.0
O004075,C01340,2025-07-24,Delivered,upi,40.0
O006165,C02041,2024-05-18,Delivered,COD,40.0
O005058,C01686,2025-02-22,Delivered,COD,0.0
O013337,C04443,2024-05-14,Delivered,COD,0.0
O012044,C04054,2025-03-14,Delivered,upi,40.0
O005456,C01814,2025-02-24,Delivered,upi,0.0
O009043,C02969,2024-10-14,Delivered,Debit Card,0.0
O018052,C05936,2023-08-25,Delivered,COD,0.0
O000918,C00337,2024-04-06,Delivered,upi,0.0
O002379,C00760,2025-05-04,Delivered,upi,0.0
O013113,C04363,2024-04-02,Delivered,upi,0.0
O007617,C02526,2024-07-15,Delivered,upi,40.0
O014265,C04720,2024-04-19,Delivered,upi,0.0
O001666,C00528,2023-02-07,Delivered,COD,99.0
O008242,C02723,2025-01-27,delivered,,40.0
O012313,C04140,2024-01-21,Delivered,Credit Card,0.0
O004323,C01431,2025-08-09,Delivered,upi,40.0
O009772,C03224,2024-08-30,Delivered,Credit Card,99.0
O011934,C04010,2023-03-02,Delivered,upi,60.0
O015212,C05014,2024-11-26,Delivered,upi,0.0
O012498,C04185,2023-11-08,Delivered,upi,60.0
O005659,C01877,2025-08-13,Delivered,Debit Card,0.0
O009280,C03040,2024-10-14,Delivered,COD,40.0
O009363,C03075,2025-04-18,Delivered,Credit Card,0.0
O001252,C00409,2024-06-09,Delivered,upi,99.0
O015051,C04954,2025-09-22,Delivered,upi,60.0
O015768,C05200,2024-11-23,Delivered,upi,0.0
O010040,C03308,2024-05-30,Delivered,Net Banking,60.0
O008227,C02716,2023-12-17,Cancelled,COD,40.0
O012167,C04095,2024-12-28,Delivered,,0.0
O015849,C05220,2025-02-08,Delivered,upi,99.0
O006566,C02169,2025-08-31,Delivered,upi,60.0
O001431,C00455,2025-02-14,Cancelled,Credit Card,99.0
O006119,C02040,2023-06-11,Delivered,Credit Card,60.0
O014577,C04810,2024-11-25,Delivered,COD,0.0
O000809,C00306,2024-10-31,returned,Net Banking,0.0
O004840,C01612,2025-09-17,Delivered,upi,99.0
O006181,C02041,2025-01-09,Delivered,Debit Card,0.0
O008939,C02939,2024-09-09,Delivered,Credit Card,0.0
O010723,C03562,2025-01-29,Delivered,upi,0.0
O008910,C02934,2025-04-02,Delivered,upi,99.0
O005496,C01823,2025-07-20,Delivered,upi,60.0
O011963,C04022,2025-06-05,Delivered,COD,0.0
O008826,C02922,2024-12-20,Delivered,Credit Card,60.0
O003198,C01018,2024-04-21,Delivered,Credit Card,60.0
O000304,C00132,2024-02-04,Delivered,Net Banking,40.0
O000314,C00137,2024-05-15,Delivered,COD,60.0
O009433,C03097,2024-08-31,Delivered,Credit Card,60.0
O005095,C01694,2025-05-07,Delivered,,40.0
O008437,C02794,2025-02-14,Delivered,Credit Card,0.0
O008536,C02826,2025-03-28,Delivered,upi,40.0
O010672,C03541,2025-09-27,Delivered,UPI,0.0
O004885,C01631,2023-09-23,Delivered,upi,40.0
O007721,C02545,2025-04-09,Delivered,upi,0.0
O011812,C03964,2025-02-27,Delivered,upi,99.0
O009128,C03006,2024-05-15,Delivered,upi,40.0
O003529,C01137,2024-06-17,Delivered,Debit Card,40.0
O016881,C05566,2024-05-08,Delivered,Credit Card,0.0
O018079,C05938,2025-07-09,Delivered,Debit Card,99.0
O012651,C04228,2025-09-28,Delivered,upi,40.0
O013514,C04496,2024-08-19,Delivered,upi,40.0
O008110,C02666,2025-03-09,Cancelled,upi,0.0
O002270,C00719,2023-12-06,Delivered,Net Banking,40.0
O010583,C03512,2025-01-25,Delivered,Debit Card,40.0
O008471,C02810,2023-07-11,Delivered,upi,99.0
O018200,C05980,2024-02-18,Delivered,COD,0.0
O009645,C03158,2024-10-24,Returned,upi,99.0
O005753,C01903,2025-04-17,Returned,Debit Card,99.0
O004052,C01330,2025-02-11,Delivered,Net Banking,99.0
O018165,C05965,2024-08-14,Delivered,upi,60.0
O008739,C02888,2024-12-22,Delivered,Debit Card,99.0
O012655,C04230,2024-04-19,Delivered,upi,99.0
O008312,C02755,2024-04-05,Delivered,Net Banking,0.0
O001269,C00417,2025-02-03,Delivered,COD,0.0
O018154,C05962,2023-11-17,Delivered,Debit Card,0.0
O007936,C02606,2025-08-01,Delivered,Debit Card,0.0
O006173,C02041,2024-10-02,Delivered,COD,0.0
O006376,C02104,2024-11-09,Delivered,COD,0.0
O007157,C02387,2024-10-28,Delivered,Credit Card,0.0
O007964,C02614,2024-05-26,Delivered,COD,60.0
O004848,C01618,2024-06-30,Delivered,COD,0.0
O003766,C01231,2025-04-02,Delivered,Net Banking,0.0
O017989,C05912,2025-07-03,Delivered,Net Banking,40.0
O005086,C01694,2023-11-23,Delivered,upi,99.0
O007457,C02491,2025-01-19,Returned,COD,0.0
O001120,C00389,2024-03-21,Delivered,upi,0.0
O010019,C03304,2024-05-12,Delivered,Net Banking,40.0
O016349,C05391,2024-04-28,Delivered,upi,40.0
O009658,C03163,2025-01-27,Delivered,Debit Card,0.0
O013804,C04577,2024-05-15,Delivered,Credit Card,0.0
O001370,C00427,2025-08-15,Delivered,Debit Card,0.0
O009254,C03031,2025-05-31,Returned,COD,0.0
O004043,C01330,2023-07-05,Delivered,upi,0.0
O004727,C01572,2024-07-07,Delivered,Credit Card,40.0
O015213,C05014,2024-11-30,Delivered,Credit Card,60.0
O003932,C01296,2025-02-08,Cancelled,COD,40.0
O013858,C04598,2024-09-29,Returned,upi,40.0
O008324,C02762,2025-01-25,Delivered,COD,60.0
O008020,C02638,2023-12-21,Delivered,Net Banking,0.0
O001860,C00587,2024-04-05,Delivered,upi,99.0
O004340,C01439,2024-06-09,Delivered,UPI,99.0
O001542,C00491,2025-02-10,Delivered,Credit Card,40.0
O008207,C02706,2025-08-11,Delivered,Net Banking,0.0
O001635,C00515,2024-09-04,Delivered,UPI,0.0
O003612,C01173,2023-06-21,Delivered,Net Banking,40.0
O002886,C00908,2024-01-01,Delivered,Credit Card,40.0
O006216,C02046,2024-07-05,Delivered,upi,60.0
O014228,C04717,2024-02-07,Delivered,upi,0.0
O002226,C00702,2024-07-17,Returned,upi,0.0
O011186,C03717,2025-09-26,Delivered,upi,0.0
O003382,C01084,2023-08-17,Delivered,upi,0.0
O004667,C01558,2023-05-29,Delivered,COD,60.0
O005536,C01832,2024-10-13,Delivered,upi,99.0
O011356,C03783,2025-08-28,Delivered,upi,99.0
O011795,C03958,2025-08-24,Delivered,upi,99.0
O008627,C02862,2024-06-21,Delivered,upi,99.0
O001903,C00592,2024-06-03,Delivered,Net Banking,40.0
O004980,C01661,2023-07-26,Delivered,upi,99.0
O005285,C01753,2023-11-20,Delivered,Credit Card,60.0
O010613,C03526,2024-07-10,Returned,Debit Card,60.0
O002780,C00876,2024-07-10,Delivered,upi,40.0
O003709,C01211,2025-02-09,Delivered,upi,60.0
O004795,C01592,2024-09-09,Delivered,UPI,40.0
O001391,C00435,2025-04-16,delivered,upi,99.0
O010073,C03314,2024-06-17,Delivered,Debit Card,0.0
O013918,C04627,2025-04-01,Delivered,COD,40.0
O007896,C02592,2024-07-13,Delivered,upi,99.0
O007036,C02352,2024-09-21,Delivered,Debit Card,0.0
O009085,C02990,2024-09-23,Delivered,upi,60.0
O004912,C01643,2024-05-10,Delivered,upi,0.0
O000147,C00076,2025-07-25,Delivered,Credit Card,60.0
O016971,C05594,2024-07-20,Delivered,upi,0.0
O008473,C02810,2023-11-21,Delivered,Credit Card,60.0
O015600,C05152,2024-03-27,Delivered,Credit Card,99.0
O001978,C00609,2025-04-03,Delivered,upi,40.0
O009110,C02999,2023-08-14,Delivered,COD,40.0
O003578,C01158,2025-09-14,Delivered,COD,40.0
O002984,C00936,2024-11-09,Delivered,Debit Card,0.0
O015939,C05251,2024-10-23,Delivered,Debit Card,0.0
O001829,C00579,2024-11-19,Delivered,Credit Card,0.0
O005856,C01946,2024-01-25,Delivered,Net Banking,99.0
O010801,C03585,2023-08-20,Delivered,COD,99.0
O011545,C03861,2025-05-30,Delivered,upi,0.0
O008438,C02794,2025-02-21,Delivered,upi,60.0
O005831,C01938,2024-12-20,Delivered,Debit Card,0.0
O013046,C04338,2024-03-20,Delivered,Net Banking,99.0
O012004,C04034,2024-08-08,Delivered,Debit Card,0.0
O008857,C02926,2024-06-16,Delivered,Net Banking,0.0
O010638,C03533,2023-08-29,Delivered,UPI,60.0
O014776,C04870,2025-07-26,Delivered,COD,40.0
O014669,C04839,2024-10-18,Delivered,Debit Card,40.0
O013718,C04552,2025-01-02,Delivered,upi,60.0
O008729,C02886,2024-10-18,Delivered,COD,0.0
O016396,C05408,2024-06-04,Delivered,upi,0.0
O012308,C04139,2025-04-20,Delivered,Credit Card,0.0
O015764,C05198,2024-10-04,Delivered,Credit Card,40.0
O004551,C01535,2024-12-21,Delivered,Net Banking,60.0
O002544,C00807,2025-09-15,Delivered,upi,60.0
O004882,C01630,2025-05-15,Delivered,Credit Card,99.0
O013259,C04412,2025-02-18,Delivered,upi,0.0
O004915,C01643,2024-11-01,Delivered,Debit Card,99.0
O014309,C04731,2025-09-06,Delivered,upi,0.0
O007984,C02620,2025-04-13,Delivered,Credit Card,60.0
O008838,C02923,2024-09-16,Delivered,Credit Card,0.0
O013202,C04393,2025-01-03,Delivered,Debit Card,60.0
O010038,C03308,2024-04-11,Returned,upi,40.0
O003056,C00970,2023-11-23,Delivered,upi,60.0
O004115,C01349,2024-09-28,Delivered,Debit Card,0.0
O017859,C05872,2024-01-08,Delivered,Credit Card,0.0
O014779,C04871,2024-11-19,Delivered,upi,0.0
O000196,C00098,2025-04-26,Delivered,upi,0.0
O012048,C04055,2023-08-13,Delivered,Credit Card,0.0
O009942,C03277,2025-04-10,Cancelled,COD,60.0
O010655,C03536,2024-06-08,Delivered,upi,0.0
O002008,C00616,2024-09-30,Delivered,upi,60.0
O001525,C00483,2025-05-01,Delivered,Credit Card,0.0
O010385,C03444,2025-05-26,Delivered,upi,60.0
O002585,C00820,2025-02-22,Delivered,Credit Card,60.0
O017186,C05661,2024-04-06,Delivered,upi,0.0
O014866,C04897,2024-03-25,Delivered,upi,40.0
O002735,C00869,2024-10-08,Delivered,Debit Card,99.0
O013224,C04398,2025-03-06,Delivered,,0.0
O003050,C00967,2024-12-01,Returned,NET BANKING,0.0
O005266,C01747,2025-02-24,Cancelled,CREDIT CARD,0.0
O006781,C02244,2024-11-21,Delivered,Net Banking,0.0
O003731,C01225,2025-02-20,Delivered,Net Banking,0.0
O006570,C02173,2023-08-28,Returned,upi,0.0
O011451,C03835,2024-12-02,Delivered,Net Banking,0.0
O010147,C03343,2025-04-05,Returned,COD,0.0
O008459,C02803,2025-02-21,Delivered,Net Banking,60.0
O011024,C03660,2024-06-28,Delivered,Credit Card,99.0
O017340,C05712,2024-06-06,Delivered,Credit Card,0.0
O008294,C02747,2025-06-08,Delivered,upi,40.0
O001132,C00391,2023-09-13,Delivered,COD,60.0
O011456,C03839,2025-01-13,Delivered,Debit Card,0.0
O008333,C02767,2024-02-04,Delivered,upi,60.0
O003032,C00964,2025-01-16,Delivered,COD,99.0
O002213,C00699,2024-12-26,Delivered,Credit Card,99.0
O003772,C01232,2024-04-28,Delivered,upi,0.0
O017120,C05636,2024-12-26,Delivered,COD,40.0
O015700,C05170,2025-06-02,Delivered,upi,40.0
O015160,C04996,2024-07-12,Delivered,NET BANKING,99.0
O005241,C01742,2024-07-27,Delivered,upi,99.0
O011333,C03775,2024-09-21,Delivered,upi,99.0
O008744,C02890,2024-05-21,Delivered,upi,0.0
O017031,C05609,2025-07-08,Delivered,Credit Card,0.0
O005604,C01856,2024-12-27,Delivered,Credit Card,99.0
O016456,C05416,2024-06-01,Delivered,upi,0.0
O016092,C05293,2024-01-07,Delivered,Debit Card,40.0
O015590,C05147,2025-01-13,Delivered,Credit Card,60.0
O011426,C03822,2023-12-21,Delivered,upi,0.0
O017249,C05680,2025-06-29,Returned,Debit Card,99.0
O003025,C00958,2024-10-15,Delivered,upi,0.0
O008974,C02955,2024-08-18,Delivered,COD,0.0
O004391,C01454,2025-06-29,Delivered,Debit Card,60.0
O017403,C05733,2024-12-01,Delivered,upi,40.0
O017063,C05613,2025-04-02,Delivered,upi,99.0
O008851,C02926,2024-02-04,Returned,COD,40.0
O009066,C02979,2025-02-12,Cancelled,Debit Card,0.0
O013296,C04426,2025-05-14,Delivered,Debit Card,0.0
O016261,C05364,2025-08-13,Delivered,upi,99.0
O002217,C00701,2023-05-29,Delivered,upi,99.0
O014534,C04806,2024-03-16,Delivered,Net Banking,99.0
O009775,C03225,2025-05-11,Returned,Net Banking,60.0
O006067,C02017,2025-07-22,Delivered,upi,0.0
O014345,C04743,2025-04-22,delivered,COD,60.0
O005794,C01923,2025-03-23,Delivered,upi,0.0
O008650,C02865,2023-06-15,Delivered,COD,40.0
O016523,C05440,2025-06-29,Delivered,Credit Card,0.0
O011940,C04010,2024-06-18,Delivered,Credit Card,0.0
O010767,C03577,2024-09-02,Delivered,COD,0.0
O004665,C01558,2023-04-26,Delivered,Net Banking,40.0
O001886,C00591,2025-03-04,Delivered,upi,99.0
O011697,C03908,2025-07-01,Delivered,Credit Card,40.0
O008659,C02871,2023-08-16,Delivered,Net Banking,60.0
O013773,C04571,2024-05-21,Delivered,upi,60.0
O004022,C01324,2023-12-16,Cancelled,Credit Card,40.0
O009264,C03035,2024-07-25,Delivered,Debit Card,40.0
O015766,C05199,2025-05-06,Delivered,upi,0.0
O007565,C02518,2024-10-08,Returned,upi,0.0
O015762,C05196,2025-07-09,Delivered,COD,60.0
O003763,C01231,2024-09-25,Delivered,COD,60.0
O008963,C02949,2025-03-06,Delivered,Net Banking,99.0
O017527,C05780,2025-09-23,Delivered,Debit Card,99.0
O006874,C02273,2024-08-10,Delivered,upi,40.0
O007486,C02503,2023-12-24,Delivered,upi,60.0
O004416,C01467,2024-03-25,Delivered,COD,0.0
O008532,C02825,2023-05-18,Delivered,UPI,40.0
O006210,C02046,2024-01-21,Returned,Net Banking,0.0
O018106,C05939,2025-07-03,Delivered,COD,40.0
O001879,C00588,2025-07-28,Returned,upi,40.0
O013554,C04502,2025-06-27,Delivered,Net Banking,0.0
O010748,C03574,2024-11-23,Delivered,upi,0.0
O015750,C05189,2024-09-19,Delivered,Credit Card,0.0
O007718,C02545,2024-12-04,Delivered,upi,60.0
O010945,C03634,2024-01-14,Cancelled,Credit Card,40.0
O008269,C02737,2023-11-21,Delivered,Net Banking,0.0
O005113,C01697,2025-01-21,Delivered,upi,99.0
O001917,C00593,2025-09-14,Delivered,COD,0.0
O009426,C03097,2024-01-02,Delivered,COD,0.0
O017632,C05817,2025-01-17,Delivered,Debit Card,99.0
O008695,C02875,2025-09-26,Delivered,Credit Card,0.0
O014472,C04794,2023-06-28,Delivered,upi,60.0
O017797,C05851,2025-09-18,Delivered,COD,0.0
O015561,C05133,2024-10-28,Delivered,Credit Card,0.0
O013717,C04552,2024-12-24,Delivered,upi,60.0
O006962,C02321,2024-08-28,delivered,upi,40.0
O010389,C03448,2024-02-12,Delivered,Debit Card,40.0
O002179,C00693,2024-03-19,Delivered,Debit Card,60.0
O004398,C01458,2024-12-11,Delivered,upi,99.0
O007440,C02482,2025-03-16,Delivered,COD,0.0
O000163,C00086,2025-04-10,Delivered,upi,40.0
O013000,C04326,2024-12-20,Delivered,COD,40.0
O007877,C02588,2024-07-18,Delivered,Debit Card,0.0
O008915,C02934,2025-07-08,Delivered,upi,40.0
O015079,C04964,2024-01-25,Delivered,upi,99.0
O002348,C00752,2025-09-20,Delivered,COD,40.0
O016315,C05374,2025-09-12,Delivered,Debit Card,99.0
O017004,C05599,2023-12-22,Delivered,upi,60.0
O010775,C03577,2025-03-07,Delivered,COD,40.0
O007825,C02566,2025-05-23,Delivered,Net Banking,0.0
O013894,C04617,2024-04-23,Cancelled,Net Banking,0.0
O015298,C05042,2025-04-03,Delivered,upi,0.0
O003613,C01174,2025-08-07,Delivered,upi,0.0
O013667,C04536,2025-03-07,Delivered,CREDIT CARD,40.0
O000576,C00211,2024-08-03,Delivered,upi,60.0
O009230,C03028,2023-03-13,Delivered,upi,60.0
O014217,C04716,2024-11-11,Delivered,Credit Card,99.0
O012723,C04234,2025-01-25,Delivered,upi,99.0
O006679,C02216,2023-09-02,Delivered,upi,0.0
O001681,C00535,2024-12-04,Delivered,upi,99.0
O010862,C03607,2024-10-06,Delivered,COD,0.0
O003349,C01069,2025-06-06,Delivered,COD,0.0
O004044,C01330,2023-07-21,Delivered,upi,0.0
O004753,C01580,2025-03-19,Delivered,COD,0.0
O001270,C00417,2025-08-04,delivered,Credit Card,40.0
O005679,C01884,2024-08-18,Delivered,UPI,0.0
O016108,C05302,2023-11-13,delivered,Debit Card,0.0
O007633,C02527,2024-12-09,Delivered,upi,60.0
O006388,C02106,2024-11-12,Delivered,Credit Card,60.0
O013044,C04338,2023-12-30,delivered,upi,0.0
O003164,C01000,2025-08-30,Returned,upi,40.0
O006186,C02044,2023-03-03,Delivered,upi,99.0
O016746,C05526,2024-04-30,Delivered,Debit Card,60.0
O000805,C00306,2024-05-28,Delivered,Credit Card,0.0
O009468,C03102,2025-01-10,Delivered,Credit Card,60.0
O012624,C04219,2024-12-08,Delivered,Net Banking,0.0
O016442,C05412,2025-04-01,Delivered,upi,99.0
O006128,C02040,2025-02-03,Delivered,Net Banking,60.0
O002549,C00809,2024-12-17,Delivered,upi,0.0
O001460,C00464,2024-04-03,Delivered,upi,0.0
O013286,C04424,2024-10-07,Delivered,upi,40.0
O015795,C05208,2025-05-02,Delivered,Debit Card,0.0
O007923,C02600,2023-09-22,Delivered,upi,0.0
O009883,C03265,2023-11-09,delivered,COD,40.0
O015758,C05195,2025-05-26,Delivered,Debit Card,99.0
O006472,C02139,2023-07-30,Delivered,Debit Card,40.0
O000604,C00219,2025-05-14,Delivered,Credit Card,60.0
O011183,C03714,2025-08-02,Delivered,COD,99.0
O002805,C00886,2023-10-26,delivered,COD,0.0
O015471,C05105,2025-04-21,Delivered,Debit Card,0.0
O001955,C00609,2023-11-29,Cancelled,Credit Card,0.0
O004781,C01590,2025-05-22,Delivered,upi,40.0
O004643,C01552,2023-09-20,Delivered,upi,40.0
O017986,C05910,2024-03-20,Delivered,Credit Card,60.0
O017499,C05771,2024-05-09,Returned,COD,40.0
O017021,C05607,2024-03-08,Delivered,upi,99.0
O016192,C05335,2025-09-14,Delivered,COD,99.0
O001598,C00501,2024-03-15,Delivered,upi,0.0
O012613,C04219,2024-03-13,Delivered,upi,40.0
O001027,C00361,2024-08-07,Delivered,COD,60.0
O009824,C03250,2023-05-03,Delivered,Credit Card,99.0
O016028,C05269,2024-08-30,Delivered,Credit Card,0.0
O002422,C00774,2025-06-11,Delivered,Net Banking,60.0
O002317,C00740,2025-07-12,Returned,COD,0.0
O006660,C02209,2024-12-19,Delivered,Credit Card,40.0
O008032,C02641,2023-04-16,Delivered,COD,40.0
O011306,C03767,2024-10-12,Delivered,Debit Card,0.0
O000771,C00292,2024-07-06,Delivered,Credit Card,40.0
O003088,C00983,2024-04-27,delivered,COD,40.0
O000267,C00119,2025-08-05,Delivered,Debit Card,0.0
O013233,C04402,2023-03-28,Delivered,Credit Card,0.0
O006687,C02217,2024-12-24,Delivered,COD,60.0
O001005,C00358,2024-05-03,Delivered,upi,0.0
O000915,C00337,2024-02-22,Delivered,Net Banking,60.0
O007259,C02425,2025-07-31,Delivered,Credit Card,99.0
O014554,C04806,2025-05-19,Delivered,COD,60.0
O006333,C02080,2025-02-13,Delivered,Credit Card,60.0
O017177,C05661,2023-11-11,delivered,Net Banking,60.0
O004086,C01344,2024-10-14,Delivered,,60.0
O000635,C00237,2024-08-11,Returned,upi,0.0
O003152,C01000,2025-04-03,Delivered,COD,60.0
O016097,C05297,2024-05-26,Delivered,upi,60.0
O011863,C03983,2023-07-13,Delivered,Credit Card,99.0
O002822,C00892,2023-06-25,Returned,Debit Card,0.0
O007888,C02588,2025-09-12,Returned,Credit Card,40.0
O011445,C03830,2024-01-24,Delivered,upi,60.0
O004660,C01556,2023-04-02,Delivered,upi,60.0
O013075,C04352,2025-08-21,Delivered,upi,60.0
O003852,C01259,2025-01-25,Delivered,COD,60.0
O002658,C00835,2024-02-26,Delivered,Credit Card,99.0
O017653,C05820,2025-04-15,Delivered,Debit Card,0.0
O000018,C00008,2025-03-05,Returned,upi,60.0
O001026,C00361,2024-07-24,Delivered,upi,40.0
O010264,C03399,2025-06-26,Delivered,COD,0.0
O006980,C02329,2024-05-22,Delivered,UPI,60.0
O004300,C01421,2023-08-30,Delivered,upi,0.0
O017058,C05613,2025-01-04,Delivered,COD,0.0
O006742,C02237,2023-12-14,Delivered,upi,60.0
O017625,C05815,2025-04-10,Delivered,Net Banking,60.0
O009672,C03172,2025-03-20,Delivered,Credit Card,40.0
O012127,C04081,2025-04-18,Delivered,upi,60.0
O010843,C03598,2025-09-18,Delivered,Net Banking,0.0
O012198,C04110,2025-02-10,Delivered,upi,99.0
O013448,C04471,2025-09-18,delivered,upi,99.0
O002991,C00941,2025-08-23,Delivered,upi,0.0
O009061,C02977,2024-06-14,delivered,COD,40.0
O015915,C05241,2025-08-16,Delivered,Credit Card,40.0
O007978,C02616,2025-07-09,Returned,UPI,40.0
O004011,C01317,2024-06-14,Delivered,upi,60.0
O007311,C02447,2025-06-03,Returned,COD,99.0
O001321,C00427,2024-02-05,Delivered,DEBIT CARD,99.0
O006488,C02146,2024-11-08,Delivered,Net Banking,60.0
O005695,C01885,2024-08-04,Delivered,COD,99.0
O002327,C00747,2024-04-13,Delivered,upi,99.0
O007143,C02387,2024-02-19,Delivered,COD,0.0
O000726,C00277,2025-04-28,Cancelled,Credit Card,99.0
O011760,C03939,2024-11-07,Delivered,Credit Card,60.0
O010188,C03361,2023-10-11,Returned,upi,40.0
O001414,C00448,2024-05-16,Delivered,Debit Card,99.0
O017723,C05837,2023-09-26,Delivered,COD,0.0
O013536,C04499,2025-08-05,Delivered,upi,99.0
O010793,C03583,2025-01-23,Delivered,Net Banking,60.0
O010718,C03559,2025-04-15,Delivered,Credit Card,99.0
O007582,C02522,2023-07-26,Delivered,COD,0.0
O005223,C01736,2024-04-21,Delivered,COD,60.0
O017388,C05729,2024-12-29,Delivered,upi,99.0
O014969,C04922,2025-06-11,Returned,upi,40.0
O001071,C00372,2023-11-12,Delivered,Net Banking,60.0
O000698,C00263,2025-06-02,Delivered,upi,40.0
O003121,C00986,2025-07-17,Delivered,,99.0
O004733,C01574,2025-02-14,Delivered,COD,0.0
O002501,C00795,2023-03-04,Delivered,COD,40.0
O011886,C03994,2024-01-03,Delivered,Net Banking,0.0
O002546,C00809,2023-06-23,Delivered,COD,0.0
O014980,C04925,2025-07-22,Delivered,upi,40.0
O015384,C05064,2025-01-01,Returned,upi,40.0
O016244,C05358,2023-09-05,Delivered,Credit Card,0.0
O004413,C01466,2024-05-19,Delivered,COD,99.0
O007636,C02527,2025-06-22,Delivered,upi,40.0
O003438,C01101,2023-11-11,Returned,Credit Card,0.0
O011794,C03958,2025-02-02,Delivered,Net Banking,0.0
O010213,C03374,2025-05-28,Delivered,COD,0.0
O016033,C05271,2024-12-10,Delivered,Credit Card,99.0
O002382,C00761,2024-07-14,Delivered,COD,0.0
O016307,C05372,2025-02-27,Delivered,upi,99.0
O006887,C02280,2025-08-24,Delivered,Debit Card,40.0
O005184,C01722,2025-08-19,Delivered,COD,0.0
O010871,C03611,2024-04-30,Delivered,Debit Card,0.0
O015633,C05159,2024-07-30,Returned,Credit Card,0.0
O004856,C01621,2025-03-26,Delivered,upi,0.0
O015447,C05097,2023-07-20,Delivered,Credit Card,60.0
O009262,C03033,2024-12-30,Delivered,Debit Card,0.0
O015626,C05159,2024-03-04,Delivered,upi,60.0
O000790,C00303,2023-08-19,Delivered,upi,0.0
O011048,C03664,2024-04-15,Delivered,upi,40.0
O016853,C05556,2024-11-11,Delivered,Net Banking,99.0
O000676,C00251,2023-01-23,Delivered,upi,0.0
O010831,C03594,2025-02-20,Delivered,Debit Card,99.0
O007933,C02604,2025-04-09,delivered,Debit Card,99.0
O014248,C04718,2023-09-06,Delivered,Net Banking,40.0
O011851,C03978,2024-10-03,Delivered,upi,99.0
O003871,C01269,2025-05-04,Delivered,Credit Card,0.0
O016778,C05536,2024-01-11,Delivered,upi,40.0
O016155,C05324,2025-07-21,Delivered,upi,0.0
O006744,C02237,2024-06-17,Delivered,COD,40.0
O000975,C00347,2025-06-22,Delivered,Debit Card,99.0
O001627,C00511,2023-12-22,Delivered,COD,40.0
O003461,C01101,2025-05-14,Delivered,COD,40.0
O009476,C03102,2025-05-21,Delivered,upi,0.0
O003976,C01308,2024-01-31,Delivered,Debit Card,60.0
O002108,C00657,2023-04-20,Delivered,upi,40.0
O007693,C02545,2023-06-13,Delivered,Credit Card,60.0
O007027,C02349,2025-06-26,Delivered,upi,60.0
O005402,C01794,2025-04-18,Delivered,Net Banking,99.0
O015961,C05258,2024-02-20,Delivered,upi,40.0
O013406,C04463,2024-12-30,Delivered,upi,60.0
O004190,C01385,2023-06-24,Delivered,COD,0.0
O005912,C01955,2023-02-24,Returned,DEBIT CARD,40.0
O017368,C05729,2023-01-30,Delivered,Net Banking,0.0
O010726,C03564,2025-06-12,Delivered,upi,60.0
O004219,C01391,2025-06-08,Delivered,DEBIT CARD,0.0
O017387,C05729,2024-10-13,Delivered,Net Banking,0.0
O005633,C01868,2025-04-25,Delivered,upi,99.0
O014882,C04900,2024-10-18,Delivered,Debit Card,99.0
O008183,C02697,2024-09-11,Delivered,Debit Card,0.0
O010975,C03642,2023-07-26,Delivered,upi,60.0
O009323,C03060,2025-07-03,Delivered,COD,60.0
O011757,C03937,2023-01-10,Delivered,Debit Card,99.0
O005962,C01978,2025-01-12,Delivered,Credit Card,40.0
O016083,C05291,2024-02-24,Delivered,upi,40.0
O016384,C05402,2024-09-21,Delivered,upi,0.0
O007119,C02385,2024-07-20,Cancelled,COD,40.0
O011984,C04027,2024-03-04,delivered,Credit Card,40.0
O009670,C03170,2025-09-23,Delivered,COD,0.0
O011288,C03762,2024-03-28,Delivered,Net Banking,99.0
O007941,C02607,2025-01-10,Delivered,Net Banking,99.0
O013912,C04624,2024-02-07,Delivered,Debit Card,99.0
O000589,C00213,2025-03-27,Delivered,COD,0.0
O017280,C05697,2024-07-28,Delivered,Credit Card,0.0
O012113,C04075,2023-07-23,Delivered,upi,99.0
O002010,C00618,2024-06-20,Delivered,UPI,0.0
O013026,C04332,2024-06-17,Delivered,upi,99.0
O003220,C01026,2024-04-09,Delivered,upi,0.0
O013298,C04427,2024-12-26,Delivered,upi,60.0
O018244,C05991,2025-05-25,Delivered,Debit Card,0.0
O014486,C04794,2024-06-20,Cancelled,upi,0.0
O000543,C00202,2024-07-08,Delivered,COD,60.0
O000453,C00175,2023-01-19,delivered,COD,60.0
O008634,C02862,2025-03-25,Delivered,NET BANKING,0.0
O006976,C02327,2024-12-29,Delivered,Debit Card,40.0
O000615,C00227,2024-09-26,Delivered,Credit Card,60.0
O000639,C00238,2024-09-22,Returned,Debit Card,0.0
O001409,C00447,2023-11-23,Delivered,COD,40.0
O012924,C04297,2025-02-21,Delivered,upi,99.0
O014227,C04717,2024-01-09,Delivered,Credit Card,0.0
O015883,C05227,2025-01-15,Delivered,COD,60.0
O002734,C00868,2025-05-16,Delivered,COD,0.0
O008621,C02856,2025-08-05,Delivered,Credit Card,60.0
O004648,C01553,2024-12-22,Delivered,COD,0.0
O007002,C02335,2025-04-06,Delivered,COD,40.0
O002174,C00688,2025-02-27,Delivered,upi,0.0
O004475,C01500,2025-08-24,Cancelled,Debit Card,40.0
O010622,C03530,2024-09-19,Delivered,Net Banking,60.0
O000703,C00268,2024-12-13,Delivered,upi,0.0
O004407,C01464,2024-07-14,Delivered,upi,99.0
O009827,C03250,2023-08-27,Delivered,upi,99.0
O006968,C02324,2023-09-03,Delivered,COD,0.0
O001180,C00394,2025-03-17,Delivered,Credit Card,99.0
O008832,C02923,2024-01-21,Delivered,upi,0.0
O001950,C00606,2024-03-03,Delivered,upi,40.0
O013254,C04409,2024-04-27,Delivered,upi,0.0
O010432,C03452,2024-12-29,Delivered,COD,40.0
O001128,C00391,2023-06-23,Delivered,Debit Card,60.0
O009960,C03280,2025-05-28,Delivered,COD,0.0
O015809,C05213,2024-07-18,Delivered,Credit Card,99.0
O010830,C03594,2024-12-08,Delivered,Debit Card,40.0
O007872,C02588,2023-12-10,Delivered,COD,0.0
O009071,C02984,2025-06-10,Delivered,COD,60.0
O005983,C01988,2025-08-28,Delivered,upi,60.0
O015333,C05053,2024-02-23,Delivered,upi,0.0
O015165,C04997,2024-07-26,Delivered,upi,40.0
O013556,C04502,2025-07-19,Delivered,Credit Card,0.0
O003318,C01052,2025-05-29,Delivered,upi,60.0
O009652,C03162,2024-12-09,Delivered,Credit Card,0.0
O009157,C03007,2025-04-30,Delivered,COD,40.0
O000363,C00149,2025-08-19,Returned,Net Banking,40.0
O008448,C02797,2024-01-21,Delivered,Credit Card,60.0
O000207,C00103,2025-09-02,Cancelled,COD,0.0
O016050,C05276,2025-06-05,Cancelled,upi,40.0
O000344,C00143,2024-07-29,Delivered,Debit Card,0.0
O009242,C03031,2024-11-27,Delivered,CREDIT CARD,99.0
O011965,C04023,2024-12-13,Delivered,Credit Card,0.0
O009897,C03265,2024-05-31,Delivered,Credit Card,60.0
O007648,C02532,2023-12-16,Returned,COD,40.0
O012827,C04276,2024-11-12,Delivered,upi,40.0
O011275,C03756,2025-07-22,Delivered,upi,0.0
O013209,C04394,2024-01-18,Delivered,Net Banking,0.0
O007469,C02495,2024-04-20,Delivered,upi,99.0
O015115,C04980,2023-03-16,Delivered,Credit Card,0.0
O001078,C00374,2025-06-17,Delivered,upi,40.0
O009522,C03115,2024-06-28,Delivered,Debit Card,60.0
O014064,C04667,2023-11-09,Delivered,Credit Card,40.0
O009477,C03102,2025-05-24,Delivered,upi,0.0
O005145,C01708,2024-01-26,Delivered,Credit Card,0.0
O015049,C04954,2025-04-26,Returned,Net Banking,60.0
O009265,C03035,2024-09-12,Cancelled,upi,99.0
O013249,C04407,2024-07-27,Delivered,upi,60.0
O014789,C04876,2024-04-12,Delivered,COD,40.0
O000327,C00138,2025-08-28,Returned,upi,0.0
O013262,C04414,2025-09-20,Delivered,COD,99.0
O017465,C05760,2025-05-20,Delivered,Credit Card,0.0
O012249,C04123,2023-11-16,Delivered,Credit Card,0.0
O009077,C02986,2024-09-02,Cancelled,Debit Card,40.0
O011114,C03677,2023-11-27,Delivered,Debit Card,60.0
O009259,C03032,2024-06-22,Delivered,Debit Card,0.0
O016981,C05594,2025-03-11,Delivered,COD,40.0
O006353,C02091,2025-01-14,Delivered,upi,40.0
O001377,C00431,2023-01-20,Delivered,Debit Card,99.0
O010164,C03353,2024-11-21,Delivered,Debit Card,0.0
O009941,C03277,2024-12-21,Delivered,COD,99.0
O009665,C03166,2023-12-06,Delivered,upi,60.0
O005347,C01777,2024-02-03,Delivered,upi,60.0
O013681,C04537,2024-07-08,Delivered,Debit Card,0.0
O016478,C05417,2024-02-12,Delivered,Credit Card,40.0
O012263,C04123,2024-10-25,Delivered,Net Banking,0.0
O002237,C00705,2025-06-22,Delivered,Net Banking,0.0
O017265,C05689,2024-09-04,Delivered,upi,0.0
O011953,C04015,2024-08-14,Delivered,Net Banking,99.0
O017408,C05737,2023-10-22,Delivered,upi,0.0
O013841,C04589,2025-04-01,Delivered,Credit Card,0.0
O005575,C01837,2025-04-29,Delivered,Debit Card,0.0
O016527,C05442,2025-03-08,Delivered,Net Banking,0.0
O014523,C04803,2025-07-21,Delivered,COD,0.0
O010254,C03396,2024-06-30,Delivered,Net Banking,40.0
O005488,C01818,2024-02-20,Delivered,CREDIT CARD,0.0
O002775,C00875,2025-01-02,Returned,COD,60.0
O010783,C03579,2025-06-21,Delivered,upi,0.0
O000333,C00140,2024-06-21,Delivered,Debit Card,99.0
O016896,C05570,2024-09-06,delivered,Credit Card,0.0
O000371,C00152,2025-03-08,Delivered,Credit Card,0.0
O012153,C04089,2025-05-29,Delivered,upi,0.0
O006386,C02105,2024-12-01,Returned,Credit Card,0.0
O010561,C03509,2024-06-20,Delivered,upi,40.0
O006097,C02028,2025-01-21,Delivered,UPI,0.0
O016882,C05566,2024-09-03,Returned,upi,99.0
O001492,C00471,2023-08-27,Delivered,Debit Card,0.0
O010240,C03390,2024-11-15,Cancelled,UPI,99.0
O011101,C03673,2023-12-24,Delivered,COD,60.0
O012364,C04151,2023-12-03,Delivered,Net Banking,0.0
O002884,C00908,2023-06-08,Delivered,Net Banking,99.0
O011279,C03757,2024-07-08,Cancelled,Debit Card,0.0
O006928,C02300,2025-06-05,Delivered,COD,99.0
O008509,C02816,2024-12-28,Delivered,Debit Card,40.0
O001236,C00402,2025-07-22,Delivered,Net Banking,60.0
O009596,C03148,2023-03-11,Delivered,upi,60.0
O002002,C00613,2025-09-28,Delivered,Credit Card,40.0
O003874,C01270,2025-02-16,Returned,upi,60.0
O016526,C05441,2025-02-08,Cancelled,upi,99.0
O005017,C01676,2024-04-14,Delivered,upi,40.0
O007938,C02607,2023-11-15,Delivered,COD,0.0
O007368,C02463,2024-02-28,Delivered,upi,60.0
O010735,C03569,2025-06-06,Delivered,upi,0.0
O017034,C05610,2023-03-19,Delivered,upi,0.0
O002651,C00834,2024-11-22,Delivered,Debit Card,99.0
O004534,C01526,2025-07-20,Delivered,COD,0.0
O001869,C00587,2024-12-19,Delivered,Debit Card,99.0
O015898,C05233,2025-09-12,Delivered,UPI,40.0
O006817,C02257,2024-06-15,Delivered,COD,0.0
O000675,C00250,2024-11-27,Delivered,upi,0.0
O016969,C05594,2024-07-04,Delivered,COD,40.0
O004381,C01451,2025-07-01,Delivered,upi,0.0
O007994,C02624,2024-02-25,Delivered,Debit Card,0.0
O008938,C02939,2024-08-15,Delivered,Debit Card,60.0
O016731,C05518,2024-12-20,Delivered,Credit Card,60.0
O002416,C00773,2024-01-03,Delivered,upi,0.0
O002440,C00778,2024-10-07,Delivered,Debit Card,0.0
O015195,C05009,2024-12-22,Delivered,upi,0.0
O008869,C02926,2025-02-06,Delivered,Net Banking,0.0
O000883,C00328,2024-10-05,Delivered,upi,60.0
O016864,C05560,2025-06-04,Delivered,COD,0.0
O004770,C01583,2024-11-11,Delivered,upi,0.0
O016602,C05473,2024-12-18,Delivered,upi,99.0
O007356,C02461,2025-04-01,Delivered,Net Banking,99.0
O010463,C03470,2023-08-26,Delivered,Debit Card,0.0
O003137,C00996,2025-01-11,Delivered,Credit Card,0.0
O014230,C04717,2024-03-01,Delivered,Credit Card,60.0
O017784,C05851,2024-07-10,Delivered,COD,40.0
O012176,C04100,2025-07-22,Delivered,COD,0.0
O005286,C01753,2024-01-10,Delivered,Net Banking,0.0
O011945,C04012,2025-01-03,Delivered,Credit Card,99.0
O015746,C05186,2025-06-26,Delivered,UPI,0.0
O017422,C05741,2024-02-04,Delivered,Credit Card,40.0
O005108,C01697,2024-09-28,Delivered,upi,0.0
O015565,C05137,2023-02-09,Delivered,Credit Card,99.0
O010682,C03546,2025-04-20,Delivered,upi,40.0
O003988,C01308,2025-03-13,delivered,Credit Card,0.0
O015573,C05139,2025-01-17,Cancelled,upi,99.0
O017081,C05619,2024-08-07,Delivered,Credit Card,40.0
O015845,C05220,2024-11-20,Delivered,Credit Card,99.0
O002264,C00716,2025-01-18,Delivered,Net Banking,0.0
O000418,C00165,2024-12-13,Delivered,COD,40.0
O012865,C04287,2025-09-21,Delivered,Credit Card,0.0
O009837,C03254,2025-06-20,delivered,Net Banking,40.0
O009327,C03063,2024-09-27,Delivered,Debit Card,0.0
O007845,C02578,2024-12-17,Delivered,Credit Card,60.0
O012007,C04034,2025-01-30,Delivered,COD,99.0
O002978,C00933,2023-10-22,Returned,Credit Card,40.0
O008660,C02871,2023-10-14,Delivered,Debit Card,40.0
O017183,C05661,2024-02-14,Delivered,DEBIT CARD,0.0
O004899,C01638,2025-01-06,Delivered,COD,0.0
O005333,C01772,2025-09-02,Delivered,upi,60.0
O013184,C04387,2024-07-16,Delivered,UPI,0.0
O016604,C05473,2025-02-11,Delivered,Net Banking,0.0
O001662,C00525,2024-10-03,Delivered,upi,0.0
O003894,C01276,2023-03-28,Delivered,Net Banking,0.0
O015949,C05256,2024-08-11,Delivered,Net Banking,0.0
O016197,C05340,2024-11-10,Delivered,COD,0.0
O007423,C02475,2025-01-18,delivered,COD,99.0
O005141,C01708,2023-01-25,Delivered,upi,99.0
O010478,C03473,2024-06-19,Delivered,upi,0.0
O014122,C04694,2023-11-26,Delivered,upi,40.0
O000476,C00182,2024-07-13,Delivered,upi,99.0
O006323,C02078,2024-03-15,Delivered,upi,40.0
O015469,C05105,2025-03-08,delivered,COD,40.0
O016879,C05566,2024-03-16,Returned,upi,0.0
O001596,C00501,2024-01-11,Delivered,upi,40.0
O000940,C00337,2025-05-10,Delivered,Debit Card,0.0
O001953,C00607,2024-09-10,Delivered,Net Banking,0.0
O013159,C04380,2024-11-27,Delivered,Credit Card,99.0
O009121,C03003,2025-04-03,Delivered,Credit Card,0.0
O009705,C03189,2024-07-04,Delivered,Debit Card,0.0
O011599,C03866,2025-06-28,Delivered,COD,60.0
O017789,C05851,2025-01-01,Delivered,upi,0.0
O003995,C01311,2025-08-17,Returned,Net Banking,60.0
O004866,C01626,2024-09-24,Delivered,Credit Card,0.0
O017128,C05643,2023-03-07,Delivered,upi,40.0
O012164,C04093,2025-05-04,Delivered,COD,99.0
O008214,C02709,2025-03-19,Delivered,upi,60.0
O016865,C05561,2024-07-06,Delivered,Net Banking,0.0
O017689,C05835,2024-11-15,Delivered,upi,99.0
O010850,C03601,2023-09-24,Delivered,upi,60.0
O001311,C00425,2023-07-02,Delivered,upi,60.0
O017260,C05687,2025-08-21,Delivered,Credit Card,99.0
O017134,C05646,2024-08-20,Delivered,Debit Card,0.0
O017229,C05671,2023-07-20,Delivered,UPI,99.0
O015721,C05173,2025-04-11,Delivered,upi,40.0
O007417,C02475,2024-09-26,Delivered,upi,40.0
O008583,C02844,2025-06-03,Delivered,CREDIT CARD,60.0
O002979,C00933,2025-01-04,Delivered,Debit Card,60.0
O018015,C05921,2025-09-02,Delivered,,60.0
O015866,C05225,2023-10-09,Delivered,COD,0.0
O013775,C04571,2024-06-27,Delivered,Debit Card,0.0
O015672,C05167,2024-06-30,Cancelled,Debit Card,60.0
O011634,C03877,2023-10-14,Delivered,COD,99.0
O011212,C03730,2025-06-10,Delivered,Net Banking,40.0
O001159,C00394,2024-02-15,Delivered,Credit Card,40.0
O012043,C04053,2023-09-12,Returned,upi,0.0
O007215,C02405,2025-03-25,Cancelled,Debit Card,99.0
O009352,C03071,2025-08-12,Delivered,UPI,0.0
O005115,C01697,2025-03-25,Delivered,Credit Card,99.0
O008905,C02934,2025-01-26,Cancelled,upi,40.0
O015045,C04954,2025-02-21,Delivered,COD,0.0
O004968,C01656,2024-09-16,Delivered,upi,0.0
O001174,C00394,2025-01-08,Delivered,upi,60.0
O001721,C00547,2024-04-09,Delivered,upi,0.0
O009855,C03257,2025-02-06,Delivered,upi,0.0
O010237,C03389,2025-04-23,Delivered,Credit Card,0.0
O010302,C03413,2023-12-26,Delivered,Debit Card,0.0
O003842,C01254,2024-09-04,Delivered,upi,60.0
O012726,C04234,2025-02-26,Delivered,COD,0.0
O003912,C01287,2024-08-25,Delivered,Net Banking,99.0
O006251,C02053,2024-12-22,delivered,COD,60.0
O011530,C03855,2023-09-12,Returned,upi,40.0
O011684,C03902,2024-04-02,Delivered,upi,60.0
O008053,C02648,2025-09-22,Delivered,upi,0.0
O011748,C03931,2024-08-12,Delivered,,99.0
O001424,C00450,2023-05-18,Delivered,Net Banking,60.0
O015953,C05258,2023-04-26,Returned,upi,0.0
O009566,C03135,2025-08-06,Delivered,Debit Card,60.0
O015591,C05148,2024-12-09,Delivered,upi,0.0
O014690,C04847,2024-11-27,Delivered,Net Banking,40.0
O002954,C00926,2024-09-08,Delivered,Debit Card,60.0
O014169,C04710,2023-12-20,Delivered,upi,40.0
O018041,C05933,2023-10-22,Delivered,upi,99.0
O008595,C02848,2024-02-15,Delivered,Credit Card,40.0
O016890,C05569,2025-03-03,Delivered,Credit Card,99.0
O008950,C02945,2023-05-01,Delivered,upi,60.0
O006495,C02150,2025-08-15,Delivered,Credit Card,0.0
O012829,C04277,2024-06-14,Delivered,upi,0.0
O013131,C04368,2024-02-09,Delivered,upi,0.0
O012597,C04215,2023-03-11,Delivered,NET BANKING,99.0
O007384,C02468,2025-06-02,Delivered,upi,60.0
O016621,C05484,2025-06-21,Delivered,COD,60.0
O011224,C03731,2025-09-21,delivered,upi,40.0
O016117,C05306,2024-06-21,Delivered,Credit Card,0.0
O003535,C01138,2023-04-21,Delivered,Debit Card,0.0
O013053,C04344,2024-08-01,Delivered,COD,40.0
O015171,C05000,2024-11-18,Delivered,Debit Card,0.0
O006038,C02005,2025-08-11,Delivered,upi,40.0
O005165,C01712,2025-01-19,Delivered,Credit Card,99.0
O017349,C05717,2025-01-29,delivered,Credit Card,60.0
O002370,C00756,2025-01-11,Delivered,Credit Card,0.0
O003144,C01000,2024-10-12,Delivered,upi,60.0
O017747,C05837,2025-05-07,Delivered,Debit Card,40.0
O011906,C03997,2025-01-17,Delivered,upi,40.0
O002645,C00834,2024-04-04,Delivered,COD,40.0
O003598,C01166,2025-04-04,Delivered,upi,99.0
O004603,C01539,2025-05-12,Delivered,upi,60.0
O010485,C03477,2025-03-26,Delivered,Debit Card,60.0
O012033,C04048,2025-07-25,Delivered,upi,0.0
O005404,C01795,2025-06-19,Delivered,upi,40.0
O012335,C04142,2024-02-01,Delivered,Credit Card,60.0
O009117,C03000,2024-07-08,Returned,Debit Card,40.0
O006505,C02154,2024-01-27,Delivered,Credit Card,0.0
O003875,C01270,2025-06-10,Delivered,upi,0.0
O010725,C03563,2025-06-17,Delivered,COD,99.0
O004074,C01340,2024-09-26,Delivered,Net Banking,0.0
O012926,C04297,2025-05-19,Delivered,Debit Card,0.0
O010912,C03623,2024-08-11,Delivered,upi,60.0
O011160,C03701,2024-08-26,Delivered,Net Banking,0.0
O003117,C00986,2024-12-15,Delivered,COD,0.0
O006540,C02161,2025-08-20,Delivered,upi,40.0
O002415,C00773,2023-08-20,Delivered,Debit Card,99.0
O005677,C01884,2023-09-04,Delivered,CREDIT CARD,60.0
O004922,C01645,2025-09-11,Delivered,upi,99.0
O005958,C01978,2024-02-04,Delivered,upi,99.0
O004797,C01592,2025-02-06,Delivered,Net Banking,60.0
O004328,C01432,2025-09-21,Delivered,upi,40.0
O002483,C00784,2025-01-28,Returned,COD,60.0
O017382,C05729,2024-07-06,Returned,COD,0.0
O002022,C00620,2025-03-29,Returned,Credit Card,0.0
O015545,C05130,2024-05-02,Delivered,Credit Card,60.0
O000008,C00004,2024-10-19,Delivered,upi,0.0
O012397,C04158,2025-03-29,Delivered,Debit Card,0.0
O006442,C02130,2024-09-18,delivered,Debit Card,99.0
O009127,C03005,2025-04-06,Delivered,COD,99.0
O012660,C04230,2025-01-24,Delivered,upi,0.0
O009307,C03050,2024-02-12,Returned,Debit Card,99.0
O015022,C04945,2024-12-10,Delivered,COD,0.0
O013188,C04389,2024-07-19,Delivered,Credit Card,99.0
O015929,C05249,2025-03-31,Delivered,upi,0.0
O010538,C03505,2024-03-26,Delivered,Net Banking,60.0
O010420,C03449,2025-03-30,Delivered,Debit Card,0.0
O009504,C03111,2025-09-26,Returned,COD,0.0
O004509,C01515,2023-12-23,Delivered,upi,0.0
O012482,C04176,2024-06-01,Returned,COD,99.0
O001827,C00577,2024-10-23,Delivered,Net Banking,0.0
O005289,C01754,2024-08-06,Delivered,Net Banking,40.0
O003123,C00987,2025-04-07,Delivered,upi,60.0
O005793,C01922,2025-01-21,Delivered,upi,60.0
O015823,C05217,2025-08-14,Delivered,upi,0.0
O012951,C04308,2025-04-28,Delivered,upi,40.0
O015463,C05104,2025-05-14,Delivered,UPI,40.0
O003985,C01308,2025-01-03,Delivered,upi,0.0
O014993,C04934,2025-02-26,Delivered,UPI,40.0
O014961,C04922,2024-06-10,Delivered,Debit Card,0.0
O012720,C04234,2024-12-04,Delivered,Credit Card,99.0
O003356,C01071,2024-01-03,Delivered,Debit Card,0.0
O000806,C00306,2024-08-08,Delivered,UPI,60.0
O004318,C01429,2024-12-28,Delivered,upi,0.0
O002105,C00654,2023-01-12,Delivered,upi,60.0
O000747,C00282,2024-05-28,Cancelled,COD,0.0
O013628,C04525,2024-11-16,Delivered,Credit Card,99.0
O009913,C03265,2025-05-31,Delivered,COD,99.0
O008081,C02659,2024-06-28,Delivered,upi,40.0
O013266,C04417,2024-08-10,Delivered,upi,40.0
O015150,C04991,2024-03-19,Delivered,upi,0.0
O014206,C04716,2024-05-09,Delivered,Debit Card,40.0
O000523,C00195,2024-11-05,Delivered,COD,0.0
O002222,C00701,2025-09-25,Delivered,Debit Card,0.0
O007349,C02460,2025-02-07,Delivered,upi,60.0
O004536,C01527,2025-01-09,Delivered,DEBIT CARD,40.0
O012592,C04214,2025-02-27,Delivered,Debit Card,60.0
O011985,C04027,2025-01-17,Delivered,upi,0.0
O003076,C00979,2023-01-26,Delivered,Debit Card,0.0
O008680,C02875,2024-01-15,Delivered,upi,99.0
O017245,C05679,2023-07-21,Delivered,Debit Card,40.0
O008150,C02684,2025-08-11,Delivered,upi,60.0
O016145,C05318,2025-04-12,Cancelled,upi,60.0
O013419,C04469,2025-08-12,Delivered,upi,0.0
O005546,C01833,2024-08-29,Delivered,upi,0.0
O009322,C03059,2024-09-25,Delivered,,0.0
O004268,C01415,2025-07-10,Delivered,upi,0.0
O015770,C05202,2024-01-25,Delivered,upi,99.0
O000198,C00099,2025-02-08,Cancelled,upi,60.0
O009391,C03090,2023-12-20,Delivered,Net Banking,99.0
O012909,C04297,2023-12-26,Delivered,Credit Card,0.0
O003800,C01243,2024-12-29,Returned,Credit Card,40.0
O014383,C04759,2025-03-31,Delivered,Credit Card,0.0
O012170,C04097,2023-03-12,Delivered,Net Banking,40.0
O014729,C04857,2024-12-28,Delivered,Net Banking,0.0
O010524,C03495,2025-04-23,Delivered,Net Banking,40.0
O012510,C04186,2024-11-13,Delivered,COD,40.0
O007245,C02421,2023-10-06,Delivered,upi,60.0
O000557,C00208,2024-01-24,Cancelled,Credit Card,60.0
O014216,C04716,2024-10-13,Delivered,Credit Card,99.0
O007496,C02503,2024-11-21,Delivered,Net Banking,60.0
O008370,C02775,2025-04-17,Delivered,COD,99.0
O017956,C05899,2024-11-29,Delivered,upi,60.0
O001357,C00427,2025-05-05,Delivered,Debit Card,0.0
O006048,C02008,2025-06-16,Delivered,upi,0.0
O012376,C04154,2025-04-11,Delivered,Net Banking,40.0
O007357,C02461,2025-04-14,Delivered,DEBIT CARD,40.0
O011780,C03948,2023-04-27,Delivered,COD,0.0
O012245,C04123,2023-10-19,Delivered,upi,0.0
O007008,C02338,2025-07-14,Delivered,upi,40.0
O013843,C04590,2024-10-22,Delivered,COD,40.0
O000733,C00280,2024-08-29,Delivered,Credit Card,40.0
O010243,C03392,2025-09-24,Delivered,COD,0.0
O004121,C01349,2025-03-09,Delivered,Credit Card,99.0
O008252,C02728,2025-09-15,Delivered,upi,0.0
O001612,C00504,2025-06-22,Delivered,COD,0.0
O001565,C00496,2025-01-31,Delivered,upi,99.0
O009926,C03269,2025-02-21,Delivered,COD,0.0
O004842,C01613,2025-02-25,delivered,Credit Card,60.0
O002481,C00783,2025-09-13,Delivered,,60.0
O010334,C03421,2025-07-02,Returned,Debit Card,40.0
O011858,C03981,2025-02-21,Delivered,upi,0.0
O014629,C04823,2025-02-07,Delivered,upi,60.0
O011081,C03668,2024-01-20,Delivered,Credit Card,0.0
O010081,C03320,2025-01-02,Delivered,upi,99.0
O015582,C05144,2024-07-20,Returned,DEBIT CARD,60.0
O016438,C05411,2025-06-18,Delivered,upi,99.0
O007086,C02373,2024-09-07,Delivered,Credit Card,0.0
O012328,C04140,2025-01-08,Delivered,upi,0.0
O015921,C05245,2024-08-29,Delivered,upi,0.0
O017702,C05835,2025-08-02,Delivered,upi,60.0
O009974,C03288,2025-09-27,Cancelled,Debit Card,0.0
O012350,C04144,2024-08-07,Delivered,COD,0.0
O001135,C00391,2024-02-11,Delivered,upi,40.0
O000112,C00060,2024-10-17,Delivered,Net Banking,0.0
O003880,C01273,2023-01-20,delivered,Debit Card,40.0
O002024,C00622,2024-08-17,Delivered,upi,40.0
O013535,C04499,2025-04-08,Delivered,UPI,0.0
O000529,C00200,2025-09-24,Delivered,upi,0.0
O009045,C02971,2024-01-18,delivered,upi,60.0
O013978,C04644,2024-05-14,Delivered,Credit Card,0.0
O010282,C03409,2025-04-17,Delivered,upi,60.0
O013933,C04632,2024-05-20,Delivered,upi,0.0
O012737,C04236,2023-06-27,Delivered,Debit Card,99.0
O011453,C03837,2025-02-23,Delivered,Debit Card,60.0
O010461,C03470,2023-04-30,Delivered,Debit Card,0.0
O010189,C03361,2023-11-08,Delivered,COD,60.0
O000837,C00315,2025-05-05,Delivered,upi,60.0
O016015,C05264,2024-11-05,Delivered,Credit Card,60.0
O003404,C01089,2023-04-03,Delivered,Credit Card,99.0
O012346,C04144,2024-06-03,Delivered,COD,99.0
O001436,C00458,2024-02-19,Delivered,upi,0.0
O001610,C00503,2024-05-23,Delivered,COD,0.0
O015417,C05082,2024-12-14,Returned,upi,99.0
O012774,C04250,2025-04-15,Delivered,COD,0.0
O012863,C04286,2023-12-29,Delivered,upi,99.0
O014218,C04716,2024-12-21,Returned,Net Banking,99.0
O000264,C00118,2024-11-05,Delivered,Net Banking,0.0
O014018,C04654,2025-05-02,Delivered,Debit Card,60.0
O008718,C02883,2025-07-14,Returned,Credit Card,40.0
O011346,C03780,2024-04-29,Returned,Net Banking,60.0
O015901,C05234,2025-03-25,Delivered,Debit Card,0.0
O010006,C03301,2023-03-17,Delivered,upi,60.0
O011159,C03700,2025-08-26,Delivered,Debit Card,40.0
O014462,C04790,2024-12-02,Delivered,upi,40.0
O005736,C01902,2023-10-20,Delivered,NET BANKING,99.0
O012440,C04166,2024-05-02,Delivered,upi,60.0
O008975,C02955,2025-06-17,Delivered,Credit Card,99.0
O015549,C05130,2024-08-04,Delivered,upi,60.0
O005502,C01824,2024-11-23,Delivered,upi,0.0
O012612,C04219,2024-03-06,Delivered,upi,99.0
O007346,C02458,2024-08-03,Delivered,upi,99.0
O012159,C04089,2025-08-27,Cancelled,Credit Card,60.0
O004807,C01595,2025-08-31,Delivered,Credit Card,0.0
O003431,C01098,2023-03-02,delivered,upi,60.0
O001709,C00544,2024-10-24,Returned,upi,60.0
O004567,C01538,2025-03-13,Delivered,COD,40.0
O005811,C01934,2023-11-11,Delivered,upi,0.0
O003964,C01303,2024-10-24,Delivered,COD,40.0
O005283,C01753,2023-03-27,Delivered,upi,99.0
O014929,C04916,2023-12-08,Delivered,upi,0.0
O013341,C04445,2023-08-21,Delivered,Net Banking,99.0
O002386,C00764,2024-05-12,Delivered,Debit Card,99.0
O017573,C05798,2023-08-03,Delivered,Credit Card,0.0
O003196,C01016,2024-08-15,Delivered,Debit Card,0.0
O009713,C03193,2023-11-30,Returned,DEBIT CARD,0.0
O015625,C05159,2024-03-02,Cancelled,Credit Card,0.0
O012818,C04271,2024-02-23,Delivered,upi,0.0
O000756,C00289,2023-06-19,Delivered,Debit Card,99.0
O017315,C05710,2023-11-10,Delivered,Net Banking,99.0
O005025,C01679,2023-08-21,Delivered,COD,99.0
O005472,C01815,2025-02-03,Delivered,Credit Card,40.0
O009710,C03190,2024-07-28,Delivered,COD,0.0
O016750,C05528,2024-06-01,Cancelled,upi,0.0
O008731,C02886,2025-01-02,Delivered,Credit Card,60.0
O012542,C04195,2023-11-16,Delivered,Debit Card,99.0
O005520,C01828,2024-12-08,Delivered,upi,0.0
O003078,C00979,2024-08-10,Delivered,upi,40.0
O008135,C02679,2024-08-17,Delivered,Debit Card,0.0
O007591,C02523,2024-10-24,Delivered,upi,99.0
O000394,C00153,2025-02-08,Delivered,Credit Card,60.0
O004099,C01347,2025-04-15,Delivered,Credit Card,40.0
O011918,C04002,2025-08-24,Delivered,Debit Card,0.0
O008447,C02797,2024-01-18,Delivered,Credit Card,60.0
O011600,C03866,2025-08-04,Delivered,COD,60.0
O004913,C01643,2024-05-30,Delivered,Credit Card,0.0
O002630,C00831,2024-12-07,Returned,upi,40.0
O000716,C00274,2024-09-10,Delivered,UPI,40.0
O015357,C05058,2024-08-02,Cancelled,upi,0.0
O014846,C04893,2023-11-23,Returned,upi,0.0
O007657,C02532,2024-11-16,Delivered,upi,60.0
O001201,C00397,2023-01-07,Delivered,upi,0.0
O003840,C01254,2024-07-25,Delivered,Credit Card,0.0
O011849,C03976,2025-09-24,Delivered,Credit Card,0.0
O012894,C04291,2025-09-24,Delivered,Debit Card,60.0
O008669,C02874,2023-09-12,Delivered,COD,0.0
O011378,C03800,2024-04-11,Delivered,Credit Card,99.0
O008792,C02910,2025-03-26,Delivered,upi,99.0
O003276,C01037,2024-11-04,Delivered,COD,0.0
O004948,C01648,2025-03-06,Delivered,Credit Card,99.0
O014555,C04806,2025-05-30,Returned,upi,0.0
O002181,C00695,2024-06-23,Delivered,Credit Card,40.0
O013440,C04471,2025-04-07,Delivered,COD,99.0
O012816,C04270,2024-07-10,Delivered,upi,99.0
O016706,C05513,2025-03-21,Delivered,COD,0.0
O011538,C03861,2025-03-28,Delivered,upi,60.0
O010356,C03437,2023-05-07,Returned,Debit Card,0.0
O000668,C00245,2024-02-05,Delivered,upi,40.0
O015727,C05176,2024-10-10,returned,Debit Card,99.0
O008388,C02784,2025-08-09,Delivered,upi,40.0
O017292,C05703,2024-05-09,Delivered,COD,40.0
O003052,C00969,2024-10-21,Delivered,upi,99.0
O016886,C05567,2025-09-12,Delivered,Debit Card,60.0
O003526,C01134,2025-09-23,Delivered,Net Banking,40.0
O008501,C02812,2025-09-17,Returned,upi,99.0
O010179,C03358,2023-11-27,Delivered,upi,0.0
O008544,C02831,2025-01-15,Delivered,upi,0.0
O001582,C00497,2024-11-12,Delivered,upi,60.0
O014517,C04801,2024-12-04,Delivered,Debit Card,40.0
O006975,C02327,2024-11-25,Delivered,upi,0.0
O004193,C01385,2025-02-11,Delivered,upi,99.0
O006847,C02265,2024-12-11,Delivered,COD,40.0
O013504,C04494,2024-09-26,Delivered,COD,0.0
O015552,C05130,2024-11-16,Delivered,upi,40.0
O016605,C05473,2025-02-16,Delivered,upi,0.0
O011614,C03873,2025-01-16,Delivered,Credit Card,60.0
O017433,C05746,2025-02-28,Cancelled,COD,0.0
O005871,C01952,2023-07-31,Delivered,upi,0.0
O007135,C02387,2023-05-25,Returned,upi,60.0
O015493,C05112,2025-02-23,Delivered,Credit Card,99.0
O009956,C03279,2025-05-22,Delivered,Credit Card,99.0
O007898,C02594,2023-05-01,Delivered,Debit Card,40.0
O012072,C04061,2024-07-08,Delivered,Net Banking,99.0
O004881,C01630,2025-03-23,Cancelled,upi,60.0
O009818,C03244,2024-08-24,Delivered,Debit Card,40.0
O001387,C00434,2023-09-13,Delivered,COD,0.0
O009185,C03010,2024-05-11,Delivered,Credit Card,0.0
O016321,C05376,2025-05-31,Delivered,COD,0.0
O014508,C04798,2024-10-06,Delivered,COD,60.0
O006302,C02067,2025-01-27,Delivered,Debit Card,0.0
O017811,C05860,2023-10-18,Delivered,Credit Card,0.0
O010419,C03449,2025-01-21,Delivered,COD,60.0
O010238,C03389,2025-06-13,Delivered,NET BANKING,99.0
O011498,C03843,2024-09-30,Delivered,Debit Card,99.0
O004389,C01454,2025-02-18,Cancelled,Debit Card,0.0
O003168,C01003,2024-06-24,Returned,upi,60.0
O017773,C05849,2024-09-23,Delivered,Net Banking,0.0
O008924,C02936,2023-11-28,delivered,upi,40.0
O009393,C03090,2024-09-06,Returned,upi,60.0
O006524,C02157,2024-10-02,Delivered,upi,0.0
O006310,C02071,2025-07-25,Delivered,Credit Card,99.0
O016846,C05555,2025-01-03,Delivered,upi,99.0
O008095,C02661,2023-10-27,Delivered,upi,40.0
O011330,C03775,2024-02-18,Delivered,COD,60.0
O003770,C01232,2023-11-26,Delivered,upi,0.0
O004671,C01558,2024-02-03,Delivered,upi,99.0
O008625,C02860,2024-12-28,Delivered,Debit Card,99.0
O002701,C00853,2024-07-16,Delivered,Debit Card,99.0
O006580,C02177,2024-09-09,Delivered,Credit Card,99.0
O004747,C01580,2024-04-24,Delivered,upi,60.0
O006952,C02315,2025-05-22,Delivered,upi,40.0
O009664,C03165,2025-01-10,Delivered,Credit Card,99.0
O006651,C02202,2025-09-16,Delivered,Net Banking,99.0
O014601,C04814,2025-03-24,Delivered,Debit Card,0.0
O010049,C03308,2025-09-08,Delivered,COD,60.0
O009277,C03037,2024-09-25,Delivered,Credit Card,99.0
O018071,C05936,2025-07-12,Cancelled,Debit Card,0.0
O008811,C02917,2023-06-15,Delivered,upi,60.0
O009060,C02977,2024-03-08,Delivered,Net Banking,0.0
O007747,C02552,2024-03-12,Delivered,Debit Card,60.0
O001265,C00415,2023-03-11,Delivered,COD,60.0
O016819,C05546,2023-09-06,Delivered,Credit Card,99.0
O005937,C01968,2024-02-16,Returned,upi,40.0
O013959,C04641,2024-02-24,Delivered,upi,0.0
O010749,C03575,2024-12-28,Delivered,upi,0.0
O000606,C00221,2024-12-08,Delivered,Net Banking,99.0
O011571,C03866,2023-11-24,Delivered,Credit Card,0.0
O017371,C05729,2023-05-13,Returned,upi,0.0
O015316,C05049,2025-09-15,Delivered,upi,60.0
O001296,C00420,2024-08-12,Delivered,COD,99.0
O006326,C02080,2023-06-03,Delivered,upi,0.0
O011362,C03788,2024-12-16,Cancelled,upi,40.0
O014492,C04794,2024-12-02,Delivered,Credit Card,0.0
O017015,C05602,2024-08-24,Delivered,upi,60.0
O003508,C01125,2025-02-09,Delivered,Debit Card,99.0
O008173,C02694,2024-06-03,Delivered,Credit Card,0.0
O003359,C01073,2024-10-28,Delivered,upi,99.0
O017937,C05898,2024-04-14,Delivered,COD,0.0
O002050,C00627,2024-11-08,Delivered,UPI,40.0
O015038,C04954,2024-04-04,Delivered,upi,0.0
O012584,C04208,2025-09-13,Delivered,upi,60.0
O000661,C00240,2025-09-19,Delivered,COD,40.0
O005146,C01708,2024-02-29,Delivered,NET BANKING,0.0
O017045,C05610,2024-05-18,Delivered,Credit Card,99.0
O013365,C04449,2024-06-28,Delivered,COD,99.0
O012693,C04234,2024-01-28,Delivered,UPI,0.0
O015862,C05224,2024-02-22,Delivered,upi,40.0
O007857,C02581,2024-08-12,Delivered,Debit Card,0.0
O009450,C03102,2024-03-24,Delivered,Credit Card,0.0
O000645,C00239,2023-10-13,Delivered,Net Banking,40.0
O002316,C00740,2025-07-04,Returned,Net Banking,0.0
O014835,C04887,2025-05-22,Returned,Credit Card,0.0
O005669,C01882,2023-12-29,Delivered,Credit Card,40.0
O015747,C05186,2025-07-10,Delivered,upi,99.0
O015942,C05252,2024-12-16,Delivered,upi,0.0
O017942,C05899,2023-07-13,Delivered,Debit Card,40.0
O008198,C02703,2024-07-10,Delivered,upi,99.0
O002166,C00683,2025-08-10,Delivered,COD,99.0
O015880,C05227,2024-01-12,delivered,Net Banking,60.0
O012623,C04219,2024-11-15,Delivered,COD,0.0
O001511,C00479,2024-09-01,Delivered,upi,0.0
O001058,C00366,2024-08-09,delivered,upi,0.0
O001080,C00376,2025-08-29,Delivered,Credit Card,40.0
O003436,C01101,2023-11-01,Delivered,Net Banking,0.0
O012783,C04255,2024-02-07,Cancelled,upi,0.0
O009778,C03228,2023-08-10,Delivered,upi,99.0
O000383,C00153,2024-08-12,Delivered,upi,40.0
O009695,C03186,2025-08-10,Delivered,Credit Card,60.0
O010287,C03409,2025-08-17,Delivered,Debit Card,99.0
O007495,C02503,2024-11-13,Delivered,upi,60.0
O004145,C01363,2023-06-08,Delivered,upi,99.0
O001455,C00464,2023-11-07,Delivered,upi,60.0
O006132,C02041,2023-03-14,Delivered,Debit Card,0.0
O000094,C00051,2023-01-05,Delivered,Debit Card,60.0
O013629,C04525,2024-12-02,Delivered,Credit Card,0.0
O002289,C00727,2025-06-13,Delivered,upi,40.0
O015782,C05206,2025-04-19,Delivered,Credit Card,60.0
O001099,C00384,2023-04-07,Delivered,upi,60.0
O010170,C03354,2024-05-30,Delivered,UPI,60.0
O002762,C00873,2024-10-25,Delivered,COD,0.0
O001894,C00592,2023-12-06,Delivered,Net Banking,60.0
O004409,C01465,2024-05-23,Delivered,Debit Card,40.0
O012529,C04189,2025-03-17,Returned,upi,40.0
O008805,C02915,2025-07-19,Delivered,DEBIT CARD,60.0
O014973,C04923,2024-02-06,Delivered,Credit Card,60.0
O005175,C01715,2023-07-10,Delivered,upi,99.0
O007831,C02571,2024-07-13,Returned,Debit Card,60.0
O004832,C01608,2024-01-03,Delivered,upi,40.0
O015628,C05159,2024-04-17,Delivered,COD,0.0
O013596,C04515,2023-02-24,Delivered,upi,40.0
O013594,C04514,2024-12-17,Returned,upi,0.0
O010042,C03308,2024-07-19,Delivered,Credit Card,0.0
O014996,C04936,2025-03-02,Delivered,Credit Card,60.0
O009172,C03008,2025-03-21,Delivered,Credit Card,60.0
O010715,C03559,2025-03-13,Delivered,COD,60.0
O012870,C04290,2023-12-23,Delivered,upi,60.0
O003081,C00980,2025-06-03,Delivered,upi,0.0
O009569,C03136,2025-09-05,Delivered,Net Banking,40.0
O017130,C05644,2024-05-31,Delivered,upi,40.0
O000482,C00182,2025-01-23,Delivered,upi,99.0
O013799,C04574,2024-12-16,Delivered,COD,0.0
O015767,C05199,2025-07-03,Delivered,upi,0.0
O009698,C03187,2024-01-21,Delivered,,60.0
O014071,C04669,2024-08-12,Delivered,COD,99.0
O001356,C00427,2025-04-30,Delivered,upi,0.0
O014900,C04908,2024-05-26,Delivered,Net Banking,0.0
O006766,C02242,2025-09-12,Delivered,Credit Card,40.0
O013577,C04510,2023-07-12,Delivered,upi,0.0
O017435,C05747,2023-04-29,Delivered,COD,99.0
O001602,C00501,2024-09-20,delivered,COD,99.0
O002168,C00685,2025-03-01,Delivered,COD,0.0
O012202,C04112,2024-05-27,Delivered,Credit Card,99.0
O004401,C01460,2025-01-17,Delivered,Debit Card,40.0
O006659,C02208,2024-08-11,Delivered,upi,40.0
O004587,C01539,2024-07-12,Delivered,Credit Card,99.0
O004461,C01491,2023-11-29,Delivered,UPI,99.0
O003697,C01210,2025-01-29,Delivered,Debit Card,0.0
O012817,C04270,2024-09-02,Delivered,upi,99.0
O015952,C05257,2025-05-27,Returned,upi,0.0
O017710,C05837,2023-04-05,Delivered,COD,60.0
O011919,C04003,2025-03-06,Delivered,COD,40.0
O002509,C00797,2024-11-26,Delivered,COD,99.0
O016079,C05291,2023-06-07,delivered,Debit Card,40.0
O009229,C03028,2023-03-08,Delivered,upi,40.0
O015229,C05015,2025-04-23,delivered,upi,0.0
O002906,C00909,2025-02-18,Delivered,upi,0.0
O004710,C01567,2023-01-24,Delivered,upi,60.0
O017253,C05684,2023-07-28,Delivered,Net Banking,0.0
O007137,C02387,2023-09-06,Delivered,Credit Card,60.0
O017780,C05851,2024-02-24,Delivered,COD,99.0
O017579,C05801,2024-11-28,Delivered,upi,60.0
O017792,C05851,2025-04-20,Returned,Credit Card,99.0
O001503,C00478,2024-12-06,Delivered,Debit Card,40.0
O008118,C02671,2024-10-01,Delivered,upi,0.0
O007065,C02365,2025-04-28,Delivered,COD,40.0
O013772,C04571,2024-03-21,delivered,Credit Card,60.0
O008708,C02881,2025-03-22,Delivered,upi,0.0
O013767,C04569,2024-05-09,Delivered,Debit Card,40.0
O006955,C02317,2025-05-18,Delivered,Debit Card,0.0
O008923,C02936,2023-08-10,Delivered,Credit Card,0.0
O001645,C00520,2024-10-06,Delivered,upi,40.0
O017809,C05859,2024-10-05,Delivered,Credit Card,0.0
O010849,C03600,2025-06-21,Delivered,COD,40.0
O000950,C00338,2024-04-04,Delivered,upi,0.0
O004326,C01432,2024-09-13,Delivered,Debit Card,40.0
O000287,C00127,2024-05-06,Delivered,Net Banking,0.0
O010552,C03506,2025-07-06,Returned,upi,99.0
O015665,C05166,2024-11-23,delivered,,40.0
O000064,C00031,2025-02-11,Returned,Credit Card,0.0
O012590,C04213,2025-03-30,Delivered,upi,0.0
O002551,C00810,2025-02-25,Delivered,COD,40.0
O011155,C03697,2024-10-28,Delivered,COD,40.0
O005354,C01779,2024-10-06,Delivered,upi,60.0
O007525,C02511,2025-03-14,Delivered,Credit Card,99.0
O017746,C05837,2025-04-19,Delivered,Credit Card,0.0
O017078,C05617,2023-10-16,Delivered,upi,40.0
O005671,C01882,2024-01-14,Delivered,COD,0.0
O003434,C01100,2023-04-08,Delivered,UPI,60.0
O011921,C04004,2025-06-17,Delivered,upi,40.0
O014940,C04919,2025-07-07,Delivered,Debit Card,40.0
O009000,C02963,2024-09-19,Delivered,COD,60.0
O005120,C01700,2025-08-14,Delivered,Credit Card,99.0
O009923,C03268,2024-11-24,Delivered,Debit Card,40.0
O001479,C00465,2024-09-08,Delivered,Debit Card,99.0
O017393,C05729,2025-07-08,Delivered,Debit Card,99.0
O002253,C00709,2024-12-17,Delivered,Debit Card,0.0
O004574,C01538,2025-06-06,Delivered,upi,60.0
O000957,C00340,2024-07-23,Delivered,upi,0.0
O014724,C04857,2024-06-29,Delivered,Debit Card,0.0
O015938,C05250,2024-10-31,Delivered,COD,60.0
O017938,C05899,2023-03-03,Delivered,COD,0.0
O002044,C00627,2024-05-28,Returned,upi,60.0
O010870,C03611,2024-01-01,Delivered,Debit Card,99.0
O011764,C03942,2023-08-06,Delivered,upi,99.0
O008964,C02949,2025-04-25,Delivered,upi,0.0
O007248,C02422,2025-08-20,Delivered,Credit Card,0.0
O005367,C01782,2024-11-05,Cancelled,UPI,0.0
O003625,C01182,2023-09-19,delivered,Debit Card,0.0
O017489,C05764,2025-09-29,Delivered,Net Banking,0.0
O009692,C03186,2024-09-06,Cancelled,upi,40.0
O008737,C02888,2023-06-24,Delivered,Net Banking,0.0
O016583,C05467,2024-10-10,Delivered,upi,99.0
O008824,C02921,2024-11-16,Delivered,Debit Card,60.0
O017242,C05678,2025-07-13,Delivered,COD,0.0
O010711,C03557,2024-01-23,Delivered,Debit Card,0.0
O002254,C00710,2023-08-21,Delivered,Credit Card,0.0
O009912,C03265,2025-05-05,Delivered,upi,40.0
O010504,C03483,2023-12-18,Delivered,upi,0.0
O008885,C02928,2024-11-10,delivered,upi,99.0
O017211,C05665,2025-04-06,Cancelled,Debit Card,60.0
O001663,C00526,2023-10-26,Delivered,upi,60.0
O004736,C01577,2024-08-29,Delivered,upi,0.0
O000265,C00118,2025-01-03,Delivered,upi,0.0
O017861,C05872,2024-11-14,Delivered,Debit Card,40.0
O007019,C02345,2023-12-04,Returned,upi,60.0
O012815,C04269,2025-01-02,Delivered,upi,40.0
O004262,C01413,2023-08-30,Returned,upi,40.0
O018245,C05991,2025-06-30,Delivered,COD,99.0
O010557,C03508,2024-04-06,Delivered,Credit Card,99.0
O001575,C00497,2023-04-09,Delivered,Debit Card,0.0
O009848,C03257,2024-06-04,Delivered,upi,99.0
O008723,C02884,2025-06-17,Delivered,upi,99.0
O000244,C00111,2023-11-16,delivered,Credit Card,40.0
O008224,C02715,2024-07-28,Delivered,COD,40.0
O009041,C02967,2025-08-15,Delivered,NET BANKING,99.0
O012575,C04207,2023-04-27,Delivered,upi,99.0
O007931,C02602,2025-07-03,Delivered,COD,40.0
O001425,C00451,2023-02-22,Delivered,COD,0.0
O002669,C00842,2025-05-09,Delivered,upi,40.0
O007854,C02581,2024-01-18,Cancelled,DEBIT CARD,60.0
O008849,C02926,2024-01-11,Delivered,Net Banking,40.0
O001075,C00373,2024-10-10,Delivered,Credit Card,40.0
O010352,C03433,2025-09-03,Delivered,COD,0.0
O005067,C01688,2024-09-11,Cancelled,upi,0.0
O016918,C05578,2023-10-01,Delivered,upi,60.0
O005567,C01835,2023-12-16,Delivered,COD,0.0
O014747,C04862,2023-02-19,Delivered,COD,0.0
O009965,C03284,2025-01-08,Delivered,Credit Card,99.0
O010219,C03377,2025-06-26,Delivered,Credit Card,0.0
O001535,C00488,2024-10-30,Delivered,CREDIT CARD,60.0
O006008,C01997,2024-12-01,Delivered,COD,40.0
O003332,C01062,2024-01-08,Delivered,Debit Card,60.0
O013649,C04533,2024-07-27,Delivered,upi,60.0
O011019,C03658,2025-06-12,Delivered,Debit Card,0.0
O015910,C05238,2024-11-17,Delivered,Debit Card,0.0
O007911,C02596,2023-08-02,Delivered,Debit Card,0.0
O009270,C03035,2025-01-12,Delivered,CREDIT CARD,0.0
O012201,C04112,2024-04-04,Delivered,upi,40.0
O013904,C04620,2023-11-06,Delivered,upi,60.0
O004773,C01584,2025-02-21,Delivered,Debit Card,60.0
O002817,C00889,2024-04-28,Delivered,upi,0.0
O015433,C05089,2024-12-25,Delivered,upi,60.0
O001915,C00592,2025-07-03,Delivered,Debit Card,40.0
O008101,C02663,2024-11-03,Delivered,Credit Card,0.0
O007526,C02511,2025-04-13,Cancelled,upi,99.0
O001822,C00575,2025-05-09,Delivered,upi,60.0
O015780,C05206,2025-03-05,Delivered,COD,0.0
O008194,C02700,2024-11-13,Delivered,upi,60.0
O002203,C00697,2025-05-20,Delivered,upi,0.0
O009295,C03047,2024-01-02,delivered,Net Banking,0.0
O010190,C03361,2023-12-19,Delivered,upi,0.0
O012212,C04118,2024-07-13,Delivered,Debit Card,60.0
O016444,C05413,2024-10-21,Delivered,Net Banking,99.0
O004452,C01487,2025-07-27,Delivered,upi,99.0
O014605,C04816,2024-01-14,Delivered,upi,0.0
O004670,C01558,2023-11-04,Delivered,Debit Card,99.0
O004357,C01444,2025-01-24,Delivered,Credit Card,0.0
O001249,C00407,2025-05-04,Delivered,upi,0.0
O003896,C01276,2025-09-20,Delivered,Net Banking,0.0
O013413,C04466,2024-10-19,Returned,Net Banking,60.0
O012244,C04123,2023-10-12,Delivered,Debit Card,0.0
O009499,C03109,2024-11-15,Delivered,COD,0.0
O017802,C05855,2024-08-01,Delivered,Net Banking,99.0
O015620,C05159,2023-06-14,Delivered,COD,99.0
O010018,C03303,2025-05-25,Delivered,upi,0.0
O010688,C03548,2024-12-10,Delivered,upi,99.0
O003841,C01254,2024-08-26,Delivered,,40.0
O006964,C02322,2025-04-17,Cancelled,Debit Card,0.0
O003574,C01154,2024-12-24,Cancelled,Credit Card,40.0
O009287,C03042,2025-02-17,Delivered,upi,0.0
O001306,C00424,2023-12-13,Cancelled,Credit Card,60.0
O000833,C00314,2024-11-16,Delivered,upi,40.0
O017948,C05899,2023-12-31,Delivered,Net Banking,40.0
O010406,C03449,2024-03-08,Delivered,Debit Card,60.0
O016947,C05586,2025-06-05,Delivered,Debit Card,99.0
O013500,C04494,2023-12-04,Delivered,Net Banking,0.0
O015834,C05220,2024-03-03,Delivered,upi,0.0
O008948,C02944,2025-08-10,Delivered,upi,60.0
O011898,C03997,2023-07-28,Delivered,NET BANKING,60.0
O007421,C02475,2024-11-23,Delivered,upi,0.0
O000005,C00004,2024-02-23,Returned,COD,99.0
O004489,C01507,2025-03-15,Delivered,Credit Card,0.0
O009597,C03148,2023-04-25,Delivered,Credit Card,99.0
O013343,C04445,2023-09-25,Delivered,upi,60.0
O000076,C00037,2025-03-22,Delivered,Credit Card,99.0
O017153,C05658,2025-02-21,Delivered,Debit Card,0.0
O013228,C04400,2024-01-30,Delivered,COD,0.0
O009249,C03031,2025-02-28,Delivered,upi,0.0
O006058,C02013,2024-08-04,Delivered,Net Banking,60.0
O005341,C01775,2024-05-13,Delivered,upi,0.0
O015725,C05175,2025-04-30,Delivered,Debit Card,0.0
O009138,C03007,2023-05-10,Delivered,Net Banking,60.0
O005910,C01954,2024-04-22,Delivered,upi,40.0
O008332,C02767,2024-01-13,Returned,upi,99.0
O014244,C04717,2025-02-06,Delivered,upi,40.0
O014579,C04811,2023-05-07,Delivered,upi,60.0
O007207,C02403,2024-08-29,Delivered,Net Banking,60.0
O004224,C01394,2024-01-14,Delivered,upi,0.0
O004394,C01454,2025-09-07,Delivered,COD,0.0
O015531,C05126,2023-06-13,Delivered,COD,40.0
O002332,C00748,2025-01-01,Delivered,upi,40.0
O017005,C05599,2024-01-29,Delivered,upi,40.0
O007916,C02598,2023-11-10,Cancelled,Debit Card,99.0
O014591,C04812,2024-06-05,Delivered,Net Banking,99.0
O013964,C04641,2025-03-25,Delivered,upi,99.0
O009765,C03220,2025-01-06,Delivered,NET BANKING,99.0
O012635,C04221,2023-09-17,Delivered,Credit Card,40.0
O001748,C00553,2025-07-31,Delivered,Credit Card,99.0
O013344,C04445,2024-01-19,Delivered,Credit Card,99.0
O015631,C05159,2024-06-25,Returned,COD,60.0
O014255,C04720,2023-09-10,Delivered,COD,99.0
O011956,C04017,2024-06-28,Delivered,Debit Card,99.0
O017022,C05607,2024-03-24,Delivered,COD,0.0
O010942,C03634,2023-08-12,Returned,upi,0.0
O002165,C00682,2024-01-07,Delivered,upi,0.0
O007474,C02496,2024-09-23,Delivered,COD,40.0
O001810,C00575,2024-04-05,Delivered,Credit Card,60.0
O012330,C04140,2025-02-02,Delivered,Credit Card,99.0
O016704,C05513,2024-11-12,Delivered,Credit Card,99.0
O012102,C04067,2025-05-24,Delivered,Net Banking,0.0
O017543,C05785,2024-09-12,Delivered,Debit Card,99.0
O003005,C00950,2025-03-07,Delivered,COD,0.0
O006768,C02243,2024-06-02,Delivered,upi,0.0
O003704,C01211,2024-05-15,Delivered,COD,0.0
O012203,C04112,2025-02-25,Delivered,upi,99.0
O017140,C05649,2025-09-28,Delivered,upi,60.0
O016720,C05517,2024-11-05,Delivered,upi,40.0
O005090,C01694,2024-03-27,delivered,Debit Card,0.0
O004066,C01338,2025-05-01,Delivered,upi,60.0
O016538,C05448,2025-01-19,Delivered,Debit Card,60.0
O013790,C04571,2025-04-12,Delivered,COD,0.0
O017727,C05837,2023-12-27,Delivered,COD,0.0
O011798,C03960,2024-10-03,Delivered,COD,40.0
O012395,C04158,2025-01-28,Delivered,COD,0.0
O007549,C02516,2025-04-20,Delivered,COD,99.0
O011831,C03971,2023-11-26,Delivered,Credit Card,0.0
O007276,C02431,2025-03-08,Delivered,Net Banking,0.0
O006011,C01997,2025-08-12,Delivered,upi,0.0
O016032,C05270,2024-12-21,Delivered,upi,60.0
O009266,C03035,2024-10-18,Delivered,upi,40.0
O001263,C00413,2024-02-09,Cancelled,Debit Card,99.0
O004577,C01538,2025-06-29,Delivered,COD,40.0
O009123,C03004,2025-01-13,Delivered,Debit Card,60.0
O010909,C03622,2025-05-20,delivered,Credit Card,40.0
O000107,C00058,2025-07-30,delivered,upi,40.0
O017819,C05864,2024-01-24,Delivered,Debit Card,40.0
O015992,C05260,2025-09-21,Delivered,COD,60.0
O016016,C05265,2024-06-05,Delivered,upi,0.0
O006899,C02286,2023-11-10,Delivered,COD,0.0
O015293,C05041,2023-11-03,Delivered,COD,99.0
O004570,C01538,2025-04-28,Delivered,Debit Card,60.0
O004462,C01492,2023-06-11,Delivered,COD,0.0
O001952,C00606,2025-06-11,Delivered,upi,40.0
O014471,C04794,2023-06-26,Delivered,upi,60.0
O016728,C05518,2024-09-14,Delivered,COD,0.0
O008345,C02770,2024-12-19,Delivered,COD,99.0
O001418,C00449,2024-06-02,Delivered,Net Banking,60.0
O014797,C04880,2023-07-12,Delivered,upi,60.0
O001328,C00427,2024-05-09,Delivered,upi,0.0
O005714,C01894,2024-03-05,Delivered,Credit Card,99.0
O006436,C02124,2025-04-22,Delivered,upi,0.0
O015800,C05210,2024-11-16,Delivered,upi,99.0
O000725,C00276,2025-04-23,Delivered,Net Banking,60.0
O000351,C00146,2024-12-16,Delivered,COD,0.0
O004862,C01622,2023-12-24,Delivered,upi,0.0
O012169,C04096,2024-01-15,Delivered,upi,0.0
O013503,C04494,2024-08-13,Delivered,COD,0.0
O012477,C04174,2024-01-01,Delivered,Credit Card,60.0
O011269,C03752,2024-02-23,Delivered,upi,0.0
O013708,C04550,2024-01-17,Delivered,upi,0.0
O004730,C01572,2025-03-14,Cancelled,COD,60.0
O001730,C00550,2024-06-05,Delivered,upi,60.0
O006751,C02237,2025-08-06,Delivered,Debit Card,60.0
O015594,C05150,2024-02-25,Delivered,Net Banking,99.0
O015578,C05143,2025-08-23,Delivered,upi,99.0
O017904,C05886,2024-06-25,Delivered,Credit Card,0.0
O015526,C05125,2025-03-04,delivered,upi,60.0
O004757,C01581,2023-11-02,Delivered,upi,0.0
O016247,C05359,2023-10-18,Delivered,upi,0.0
O003475,C01110,2025-08-18,Delivered,Debit Card,0.0
O008017,C02637,2024-11-26,Delivered,Net Banking,0.0
O006562,C02168,2025-08-30,Delivered,upi,40.0
O003447,C01101,2024-09-08,Delivered,Credit Card,99.0
O014839,C04888,2025-07-19,Delivered,upi,99.0
O010013,C03302,2025-07-24,Delivered,COD,0.0
O010048,C03308,2025-08-09,Delivered,,40.0
O004830,C01607,2025-08-10,Returned,COD,60.0
O009091,C02991,2024-08-25,Delivered,Credit Card,0.0
O009785,C03231,2024-02-09,Delivered,upi,99.0
O013495,C04494,2023-05-25,Delivered,Credit Card,0.0
O002023,C00621,2025-08-09,Delivered,Debit Card,60.0
O013909,C04622,2023-01-11,Delivered,upi,40.0
O007173,C02389,2024-12-18,Delivered,COD,60.0
O016955,C05588,2024-11-29,Delivered,upi,60.0
O001852,C00583,2025-07-08,Delivered,Debit Card,0.0
O010999,C03655,2024-09-18,Delivered,DEBIT CARD,60.0
O001996,C00612,2025-07-09,Delivered,upi,99.0
O012016,C04039,2023-11-13,Delivered,CREDIT CARD,0.0
O000985,C00356,2024-01-15,Delivered,COD,0.0
O006389,C02106,2024-11-20,Delivered,upi,99.0
O008677,C02874,2025-02-14,Delivered,COD,40.0
O002637,C00831,2025-09-14,Delivered,COD,0.0
O011575,C03866,2024-03-30,Delivered,Debit Card,0.0
O009795,C03234,2023-12-25,Delivered,COD,0.0
O000450,C00173,2024-07-05,Delivered,Debit Card,0.0
O008427,C02794,2024-06-28,Cancelled,Debit Card,40.0
O004516,C01519,2025-09-26,Delivered,Net Banking,0.0
O014124,C04694,2024-02-20,Delivered,upi,0.0
O016614,C05478,2025-05-04,delivered,upi,0.0
O007842,C02577,2025-09-27,Delivered,upi,40.0
O004521,C01520,2025-06-02,Delivered,Credit Card,40.0
O009793,C03233,2025-08-08,Cancelled,Debit Card,99.0
O011013,C03656,2023-09-22,Delivered,Credit Card,60.0
O002499,C00793,2024-07-24,Delivered,upi,60.0
O015517,C05124,2024-02-21,Delivered,COD,99.0
O009797,C03235,2025-03-09,Delivered,COD,0.0
O013921,C04627,2025-08-11,Delivered,COD,99.0
O010663,C03539,2025-04-04,Delivered,upi,0.0
O010707,C03556,2025-02-17,Delivered,upi,99.0
O004698,C01562,2024-07-09,Delivered,Debit Card,40.0
O007722,C02545,2025-05-15,Delivered,upi,0.0
O008664,C02873,2025-02-02,Returned,upi,40.0
O002566,C00815,2024-08-10,Delivered,upi,0.0
O013019,C04330,2024-08-08,Delivered,COD,40.0
O007355,C02461,2025-01-28,Delivered,COD,0.0
O016664,C05492,2025-05-04,Delivered,upi,0.0
O002654,C00834,2025-03-14,Delivered,upi,0.0
O000086,C00044,2025-08-12,Delivered,upi,0.0
O015001,C04940,2024-04-28,Delivered,COD,0.0
O001791,C00568,2025-06-19,Delivered,Debit Card,40.0
O002826,C00892,2024-09-03,Delivered,upi,0.0
O008886,C02928,2024-11-26,Delivered,COD,60.0
O011056,C03664,2024-10-06,Delivered,upi,99.0
O002375,C00757,2023-01-12,Returned,Net Banking,40.0
O015853,C05220,2025-09-22,delivered,Debit Card,0.0
O009810,C03239,2025-04-14,Delivered,Debit Card,40.0
O002085,C00640,2024-11-01,Delivered,Debit Card,99.0
O001103,C00384,2024-10-22,Returned,upi,99.0
O002836,C00898,2024-02-23,Delivered,Credit Card,60.0
O003283,C01038,2024-06-08,Delivered,,40.0
O014719,C04857,2024-03-22,Delivered,upi,99.0
O004180,C01382,2023-04-07,Delivered,upi,60.0
O005924,C01962,2025-01-14,Delivered,COD,0.0
O009358,C03075,2023-04-14,Delivered,COD,40.0
O001966,C00609,2024-07-08,Delivered,Debit Card,0.0
O005009,C01671,2025-09-04,Delivered,NET BANKING,60.0
O009561,C03133,2025-05-27,Returned,Credit Card,60.0
O000814,C00307,2024-12-29,Delivered,COD,60.0
O014834,C04887,2025-04-20,Delivered,Debit Card,0.0
O013694,C04543,2024-06-24,Delivered,upi,99.0
O003842,C01254,2024-09-04,Delivered,upi,60.0
O016668,C05495,2024-11-20,Delivered,Debit Card,99.0
O005961,C01978,2024-11-23,Delivered,upi,60.0
O008282,C02741,2025-06-29,Delivered,upi,0.0
O000083,C00041,2024-04-28,Delivered,upi,0.0
O004811,C01598,2024-07-22,Delivered,Net Banking,60.0
O017962,C05901,2024-08-22,Delivered,CREDIT CARD,40.0
O004498,C01510,2025-04-05,Delivered,upi,0.0
O003426,C01094,2025-07-30,Delivered,upi,40.0
O011466,C03843,2023-06-28,Delivered,COD,60.0
O014421,C04773,2025-05-20,Delivered,Net Banking,40.0
O001085,C00380,2025-08-04,Delivered,upi,99.0
O004158,C01372,2025-03-26,Delivered,Credit Card,40.0
O015267,C05031,2025-02-09,Delivered,CREDIT CARD,60.0
O005004,C01671,2024-08-20,Returned,COD,40.0
O014343,C04741,2025-08-11,Delivered,Credit Card,0.0
O006602,C02183,2025-07-14,Delivered,Credit Card,0.0
O010057,C03310,2025-03-06,Delivered,Net Banking,0.0
O000842,C00316,2025-05-22,Returned,CREDIT CARD,0.0
O001519,C00482,2023-04-20,Delivered,Debit Card,99.0
O002272,C00721,2024-02-10,Delivered,Credit Card,0.0
O009180,C03009,2024-02-16,Returned,Debit Card,0.0
O006913,C02293,2024-10-27,Delivered,upi,0.0
O009094,C02991,2025-01-10,Returned,Credit Card,60.0
O011487,C03843,2024-06-14,Delivered,Credit Card,0.0
O009540,C03120,2024-01-21,Delivered,COD,0.0
O010443,C03459,2024-05-06,Delivered,upi,40.0
O012540,C04194,2025-06-23,Delivered,Debit Card,60.0
O003143,C00999,2024-08-04,Returned,upi,99.0
O011881,C03994,2023-06-21,Returned,Debit Card,0.0
O015072,C04961,2024-07-06,Delivered,COD,99.0
O015792,C05208,2024-01-30,Delivered,Credit Card,0.0
O010023,C03304,2025-04-16,Delivered,COD,0.0
O003468,C01105,2024-12-24,Delivered,Debit Card,99.0
O000109,C00059,2025-04-24,Delivered,UPI,60.0
O009552,C03127,2024-06-29,Delivered,Debit Card,0.0
O003919,C01287,2025-06-29,Delivered,Net Banking,40.0
O017775,C05851,2023-03-11,Delivered,upi,0.0
O013690,C04541,2025-06-18,Delivered,upi,0.0
O001484,C00467,2024-05-22,Delivered,Net Banking,99.0
O017275,C05695,2024-08-17,Returned,Credit Card,0.0
O010900,C03622,2023-12-17,Delivered,upi,0.0
O009684,C03180,2024-05-18,Delivered,upi,0.0
O006555,C02167,2025-01-29,Returned,upi,60.0
O009555,C03130,2024-05-16,Delivered,Net Banking,60.0
O013768,C04569,2025-02-19,Delivered,upi,0.0
O017881,C05875,2025-04-17,Delivered,Debit Card,0.0
O005941,C01970,2023-09-09,Delivered,upi,0.0
O011655,C03887,2025-09-11,Delivered,Credit Card,99.0
O006827,C02261,2023-11-03,Delivered,Credit Card,99.0
O010384,C03444,2025-01-30,Delivered,Debit Card,0.0
O012447,C04166,2024-11-28,Delivered,Net Banking,0.0
O015208,C05014,2024-10-06,Delivered,COD,60.0
O009779,C03228,2023-10-15,Delivered,upi,0.0
O008720,C02884,2023-10-30,Delivered,Credit Card,0.0
O009734,C03205,2023-06-21,Cancelled,UPI,99.0
O003934,C01297,2025-03-23,Delivered,upi,0.0
O003110,C00986,2024-10-18,Delivered,upi,0.0
O018113,C05940,2023-08-18,Delivered,UPI,60.0
O006290,C02064,2024-09-12,Delivered,Credit Card,0.0
O011214,C03731,2023-02-11,Cancelled,upi,99.0
O016148,C05320,2024-09-22,Delivered,upi,60.0
O009385,C03085,2025-09-14,Delivered,COD,60.0
O016232,C05356,2023-04-05,returned,Credit Card,99.0
O016191,C05335,2025-06-06,Delivered,Net Banking,99.0
O013785,C04571,2025-01-27,Delivered,UPI,40.0
O002790,C00877,2024-07-17,Delivered,upi,40.0
O009549,C03125,2024-02-12,Delivered,upi,99.0
O007507,C02503,2025-09-13,Delivered,,60.0
O000582,C00211,2025-05-29,Delivered,Credit Card,40.0
O004955,C01649,2024-07-06,Delivered,Credit Card,0.0
O003914,C01287,2025-01-02,Returned,upi,99.0
O004103,C01347,2025-08-20,Returned,COD,99.0
O008039,C02643,2024-03-04,Delivered,upi,99.0
O000656,C00239,2024-09-03,Delivered,Debit Card,60.0
O014385,C04759,2025-08-13,Delivered,upi,60.0
O003238,C01027,2024-01-09,Delivered,Credit Card,0.0
O009191,C03012,2024-12-19,Returned,Net Banking,40.0
O017424,C05742,2025-04-02,Delivered,upi,60.0
O011676,C03899,2024-10-11,Delivered,COD,40.0
O004524,C01521,2024-12-25,Delivered,Debit Card,40.0
O005479,C01816,2023-03-15,Delivered,Credit Card,99.0
O007773,C02554,2023-10-20,Delivered,Credit Card,0.0
O014132,C04698,2024-05-08,Delivered,COD,0.0
O015892,C05231,2024-02-18,Delivered,Debit Card,0.0
O005809,C01932,2023-03-14,Delivered,,99.0
O013507,C04494,2025-02-03,Delivered,COD,40.0
O016269,C05367,2025-03-03,delivered,Credit Card,60.0
O017026,C05607,2025-05-28,Delivered,upi,40.0
O015238,C05019,2023-11-10,Delivered,COD,0.0
O009898,C03265,2024-06-10,Delivered,upi,60.0
O010915,C03624,2023-10-26,Delivered,upi,99.0
O005913,C01956,2025-02-04,Delivered,upi,60.0
O011180,C03712,2025-09-17,Delivered,Credit Card,60.0
O018093,C05939,2024-10-18,Delivered,COD,40.0
O017757,C05841,2023-10-12,Delivered,upi,0.0
O013702,C04548,2024-01-22,Cancelled,Credit Card,40.0
O005603,C01855,2023-12-17,Delivered,Credit Card,0.0
O017758,C05842,2025-02-05,Delivered,COD,0.0
O013490,C04493,2024-11-09,Delivered,upi,99.0
O018157,C05962,2024-07-17,Delivered,COD,0.0
O015473,C05106,2024-07-09,Cancelled,COD,60.0
O006671,C02213,2023-06-03,Delivered,upi,0.0
O016938,C05586,2023-08-28,Delivered,Net Banking,60.0
O006454,C02134,2025-05-03,Delivered,upi,40.0
O002411,C00772,2023-09-23,Returned,upi,0.0
O010052,C03309,2025-07-28,Delivered,Net Banking,99.0
O013433,C04471,2025-01-02,Delivered,upi,40.0
O018100,C05939,2025-01-11,Delivered,upi,0.0
O017813,C05862,2025-01-18,Delivered,upi,99.0
O006685,C02217,2024-11-23,Delivered,upi,0.0
O009747,C03213,2024-08-28,Delivered,COD,60.0
O003183,C01011,2025-09-29,Delivered,COD,0.0
O005370,C01783,2024-08-22,Cancelled,upi,0.0
O013947,C04638,2024-10-28,Delivered,upi,60.0
O015682,C05168,2025-03-27,Delivered,upi,60.0
O008154,C02685,2025-04-13,Delivered,Net Banking,40.0
O001926,C00594,2024-08-11,Delivered,Debit Card,99.0
O012616,C04219,2024-04-20,Delivered,upi,40.0
O011193,C03720,2025-03-17,Delivered,upi,0.0
O002097,C00648,2025-03-15,Delivered,upi,40.0
O005008,C01671,2025-07-05,Returned,upi,40.0
O012416,C04163,2024-05-11,Delivered,upi,0.0
O012193,C04109,2025-01-13,Delivered,Debit Card,40.0
O000044,C00025,2024-03-17,Delivered,upi,0.0
O006092,C02025,2024-06-04,Delivered,Credit Card,0.0
O001095,C00383,2023-12-16,Delivered,Net Banking,40.0
O010486,C03477,2025-04-06,Delivered,upi,0.0
O017073,C05616,2024-02-10,Delivered,upi,0.0
O013086,C04357,2025-09-22,Delivered,upi,60.0
O016101,C05299,2025-08-06,Delivered,upi,0.0
O005501,C01824,2024-11-03,Delivered,upi,0.0
O010708,C03557,2023-08-27,Delivered,,0.0
O002545,C00808,2025-06-15,Delivered,upi,0.0
O016686,C05504,2024-04-09,Delivered,Debit Card,0.0
O012579,C04207,2024-12-26,delivered,upi,40.0
O008663,C02873,2024-11-23,Delivered,COD,0.0
O001549,C00495,2024-07-30,Returned,upi,40.0
O009590,C03145,2024-09-06,Delivered,Debit Card,0.0
O004397,C01457,2024-11-18,Delivered,upi,40.0
O004108,C01349,2024-04-02,Returned,upi,40.0
O003683,C01205,2025-05-11,Delivered,upi,0.0
O012214,C04118,2024-10-19,Delivered,upi,0.0
O014030,C04657,2024-04-06,Delivered,upi,60.0
O016872,C05563,2025-01-21,Delivered,COD,99.0
O000174,C00093,2023-07-12,Delivered,upi,40.0
O013756,C04567,2023-09-25,Delivered,COD,0.0
O003606,C01169,2024-12-05,Delivered,Debit Card,0.0
O006124,C02040,2024-03-18,Delivered,Credit Card,0.0
O009870,C03258,2024-03-02,Delivered,COD,60.0
O009046,C02971,2024-02-01,Returned,Credit Card,99.0
O003646,C01190,2025-02-03,Delivered,Debit Card,0.0
O005588,C01847,2023-07-11,Delivered,Debit Card,0.0
O017281,C05697,2025-02-24,Delivered,upi,99.0
O005852,C01945,2025-01-24,Delivered,COD,40.0
O002111,C00659,2023-11-25,Delivered,Credit Card,40.0
O014394,C04764,2024-10-08,Returned,upi,60.0
O003764,C01231,2024-10-04,delivered,COD,60.0
O009057,C02977,2023-03-18,Delivered,Credit Card,0.0
O014431,C04777,2024-11-19,Delivered,upi,0.0
O012883,C04290,2025-03-19,Delivered,upi,40.0
O014934,C04916,2025-04-24,Delivered,upi,40.0
O002898,C00909,2023-09-01,Delivered,upi,0.0
O013446,C04471,2025-08-31,Delivered,upi,99.0
O013164,C04381,2025-02-07,Delivered,upi,60.0
O017762,C05842,2025-05-12,Delivered,upi,0.0
O013551,C04502,2025-04-20,Delivered,Credit Card,0.0
O015529,C05125,2025-07-18,Delivered,upi,60.0
O013603,C04517,2025-05-15,Delivered,upi,99.0
O008343,C02768,2025-09-12,Delivered,COD,40.0
O013859,C04599,2024-11-08,Returned,upi,40.0
O000693,C00260,2025-02-17,Delivered,upi,99.0
O017287,C05701,2024-09-20,Delivered,Net Banking,40.0
O011577,C03866,2024-06-15,Delivered,upi,99.0
O012415,C04162,2024-05-22,Delivered,Credit Card,99.0
O015623,C05159,2023-12-15,Cancelled,Debit Card,99.0
O015881,C05227,2024-05-09,Delivered,upi,40.0
O016361,C05398,2024-12-13,Delivered,upi,0.0
O004004,C01315,2024-12-09,Delivered,Debit Card,99.0
O014103,C04685,2025-04-01,Delivered,upi,0.0
O003502,C01123,2024-12-31,Cancelled,upi,0.0
O016678,C05499,2023-12-27,Cancelled,COD,40.0
O013648,C04533,2023-11-09,Returned,upi,40.0
O008670,C02874,2023-09-23,Delivered,upi,40.0
O013553,C04502,2025-06-14,Delivered,Credit Card,0.0
O000047,C00025,2024-09-15,Delivered,Credit Card,0.0
O016135,C05315,2024-10-30,Delivered,upi,99.0
O000139,C00072,2024-08-19,Delivered,upi,0.0
O011476,C03843,2023-09-28,Delivered,upi,40.0
O013506,C04494,2024-12-09,Delivered,COD,0.0
O012677,C04234,2023-06-16,Delivered,COD,60.0
O016498,C05426,2025-03-18,Delivered,Debit Card,40.0
O013150,C04374,2024-11-20,Delivered,Net Banking,99.0
O006288,C02064,2024-01-05,Delivered,Debit Card,0.0
O001613,C00505,2023-08-22,Delivered,upi,99.0
O004828,C01605,2023-02-07,Delivered,COD,40.0
O018145,C05958,2025-02-18,Delivered,,0.0
O000644,C00239,2023-09-21,delivered,COD,99.0
O002249,C00708,2023-07-04,Delivered,UPI,60.0
O009292,C03045,2025-06-01,Delivered,Debit Card,99.0
O010988,C03650,2024-02-08,Delivered,upi,40.0
O009931,C03273,2024-04-21,Delivered,Credit Card,0.0
O009715,C03195,2023-08-21,Delivered,COD,99.0
O000612,C00226,2024-12-26,Delivered,Net Banking,0.0
O008352,C02771,2025-06-03,Delivered,upi,0.0
O000927,C00337,2024-10-02,Delivered,UPI,99.0
O003825,C01253,2023-10-22,Delivered,COD,0.0
O016588,C05469,2025-01-21,Delivered,Credit Card,99.0
O015060,C04957,2024-10-22,Delivered,upi,60.0
O013094,C04360,2025-08-19,Delivered,upi,60.0
O014625,C04823,2024-09-11,Delivered,Credit Card,0.0
O006852,C02266,2024-06-23,Delivered,upi,60.0
O008107,C02665,2023-05-09,Delivered,COD,99.0
O007926,C02601,2025-05-08,Delivered,COD,60.0
O012984,C04321,2024-11-12,Cancelled,Net Banking,0.0
O012760,C04248,2024-08-15,Delivered,Credit Card,99.0
O012485,C04177,2024-07-28,Delivered,COD,99.0
O004861,C01622,2023-11-21,Delivered,Debit Card,0.0
O005352,C01779,2024-07-10,Delivered,Credit Card,40.0
O001746,C00553,2025-07-03,Delivered,Debit Card,99.0
O000986,C00356,2024-04-22,Delivered,Credit Card,0.0
O014320,C04735,2025-03-13,Delivered,upi,0.0
O015460,C05104,2024-03-05,Delivered,Credit Card,60.0
O004562,C01538,2025-01-26,Cancelled,Credit Card,0.0
O000053,C00025,2025-08-01,Delivered,Credit Card,0.0
O013543,C04502,2024-05-06,Cancelled,Debit Card,40.0
O011873,C03992,2023-04-23,Delivered,upi,40.0
O004284,C01419,2024-10-14,delivered,Debit Card,0.0
O011924,C04007,2023-10-22,Delivered,upi,0.0
O003674,C01203,2024-04-13,Delivered,Credit Card,40.0
O010408,C03449,2024-05-28,delivered,upi,99.0
O004852,C01620,2024-06-01,Delivered,Debit Card,99.0
O008152,C02685,2024-12-07,Delivered,COD,40.0
O006763,C02242,2025-03-13,Delivered,Debit Card,99.0
O001478,C00464,2025-08-16,Delivered,Debit Card,0.0
O004617,C01541,2025-01-20,Delivered,,0.0
O015807,C05213,2024-04-09,Delivered,upi,0.0
O006970,C02325,2025-05-27,Returned,upi,40.0
O004271,C01417,2024-03-16,Returned,COD,40.0
O012069,C04059,2025-08-18,Delivered,Net Banking,60.0
O002191,C00697,2023-10-26,Delivered,upi,60.0
O000156,C00082,2025-04-05,Delivered,Credit Card,60.0
O007431,C02477,2024-12-17,Delivered,COD,60.0
O010884,C03617,2024-09-30,Delivered,CREDIT CARD,40.0
O013074,C04352,2025-07-31,Returned,upi,40.0
O000489,C00188,2025-02-09,Delivered,upi,40.0
O008376,C02780,2024-07-07,Delivered,Net Banking,0.0
O015828,C05220,2023-11-24,Delivered,upi,99.0
O011874,C03992,2023-07-30,Delivered,Debit Card,0.0
O008952,C02945,2023-08-08,Delivered,Credit Card,99.0
O015120,C04980,2024-08-19,Delivered,COD,40.0
O016407,C05408,2024-11-13,Delivered,COD,60.0
O002442,C00778,2025-02-20,Delivered,Debit Card,99.0
O012945,C04304,2023-11-17,Delivered,COD,99.0
O007801,C02559,2025-02-15,Delivered,upi,60.0
O003167,C01002,2024-11-19,Delivered,upi,40.0
O007743,C02552,2023-12-18,Delivered,Debit Card,60.0
O006137,C02041,2023-05-12,Delivered,Credit Card,0.0
O011891,C03994,2024-02-19,delivered,upi,0.0
O012968,C04314,2023-08-26,Delivered,Credit Card,99.0
O011283,C03760,2024-02-27,Delivered,COD,60.0
O004366,C01448,2024-03-04,Delivered,Debit Card,0.0
O007959,C02614,2023-06-20,Delivered,Credit Card,60.0
O009001,C02963,2025-04-27,Delivered,upi,99.0
O008577,C02841,2025-08-12,Delivered,upi,60.0
O010612,C03525,2024-11-24,Delivered,upi,60.0
O018073,C05936,2025-07-27,Delivered,Credit Card,0.0
O008722,C02884,2025-03-16,Returned,Credit Card,40.0
O004177,C01379,2025-06-24,Delivered,Credit Card,0.0
O000494,C00190,2025-08-19,Delivered,upi,99.0
O001726,C00550,2024-01-04,Cancelled,upi,99.0
O016562,C05458,2025-02-06,Delivered,Net Banking,60.0
O006608,C02186,2025-02-19,Delivered,COD,60.0
O006429,C02120,2025-03-12,Delivered,Net Banking,40.0
O005896,C01952,2024-11-22,Delivered,upi,40.0
O001184,C00394,2025-05-06,Returned,Debit Card,40.0
O011715,C03919,2024-01-31,Delivered,Debit Card,0.0
O010982,C03645,2025-09-23,Delivered,upi,60.0
O005040,C01680,2025-01-26,Delivered,COD,99.0
O014000,C04646,2023-06-14,Delivered,Net Banking,40.0
O010607,C03521,2025-08-08,Delivered,COD,40.0
O015420,C05083,2025-08-22,Delivered,Credit Card,60.0
O002054,C00627,2025-07-14,Delivered,Debit Card,99.0
O004244,C01401,2025-02-04,Delivered,UPI,0.0
O012974,C04318,2025-07-10,Delivered,upi,0.0
O001371,C00427,2025-08-20,Delivered,COD,99.0
O007803,C02560,2025-09-05,Delivered,Debit Card,0.0
O003917,C01287,2025-04-08,Delivered,upi,40.0
O017204,C05661,2025-02-12,Delivered,COD,99.0
O005304,C01760,2025-08-05,Delivered,upi,0.0
O001956,C00609,2023-11-30,Returned,UPI,0.0
O016809,C05544,2024-06-27,Delivered,COD,0.0
O005202,C01733,2025-09-19,Delivered,Debit Card,60.0
O008467,C02809,2024-03-01,Delivered,Credit Card,40.0
O017098,C05628,2023-03-05,Delivered,Debit Card,0.0
O005390,C01790,2025-08-14,Delivered,upi,0.0
O006145,C02041,2023-09-23,Delivered,UPI,60.0
O013077,C04353,2024-07-14,Delivered,Debit Card,99.0
O003970,C01306,2025-04-21,Delivered,upi,0.0
O009188,C03012,2024-03-20,Delivered,,0.0
O002895,C00908,2025-04-28,delivered,COD,0.0
O008909,C02934,2025-03-14,Delivered,Credit Card,60.0
O000836,C00315,2024-12-25,delivered,Debit Card,99.0
O005221,C01736,2024-03-19,Delivered,,99.0
O013728,C04553,2025-04-13,Delivered,COD,40.0
O017181,C05661,2024-01-29,Delivered,upi,60.0
O003500,C01122,2025-03-01,delivered,upi,0.0
O000023,C00011,2025-08-20,Delivered,Credit Card,0.0
O007881,C02588,2025-03-16,Delivered,Debit Card,99.0
O005229,C01738,2023-10-19,Returned,upi,60.0
O009489,C03109,2023-11-23,Returned,upi,40.0
O011958,C04019,2024-12-23,Delivered,COD,0.0
O002534,C00807,2024-03-25,Delivered,Net Banking,60.0
O008800,C02914,2024-11-29,Delivered,upi,40.0
O003899,C01277,2024-07-06,Delivered,upi,60.0
O013192,C04390,2024-02-11,Delivered,Credit Card,40.0
O010611,C03524,2025-08-07,Delivered,Credit Card,99.0
O017967,C05904,2025-09-11,Delivered,Net Banking,0.0
O013416,C04467,2024-11-14,Delivered,upi,0.0
O008025,C02639,2024-06-24,Delivered,Debit Card,60.0
O016909,C05574,2025-04-05,Delivered,upi,99.0
O008475,C02810,2024-05-08,Delivered,Credit Card,40.0
O011690,C03905,2025-06-27,Returned,Debit Card,40.0
O014565,C04809,2026-06-01,Delivered,Net Banking,40.0
O008048,C02646,2025-03-19,Delivered,upi,60.0
O011990,C04030,2023-09-26,Delivered,Credit Card,40.0
O007731,C02548,2025-09-22,Delivered,Net Banking,0.0
O014674,C04840,2025-06-02,Cancelled,Debit Card,99.0
O003490,C01116,2024-04-15,Delivered,Credit Card,99.0
O014849,C04893,2024-07-26,Delivered,COD,0.0
O002541,C00807,2024-12-22,Cancelled,upi,40.0
O014158,C04708,2024-10-03,Delivered,COD,40.0
O015225,C05014,2025-06-22,Delivered,upi,0.0
O001636,C00515,2024-10-22,Delivered,Debit Card,0.0
O006750,C02237,2025-05-24,Delivered,upi,99.0
O015250,C05023,2025-07-14,Delivered,upi,0.0
O006347,C02086,2025-04-17,Delivered,upi,0.0
O016670,C05495,2025-01-15,Delivered,Credit Card,40.0
O001029,C00361,2024-09-26,Delivered,upi,40.0
O018181,C05970,2024-05-06,Delivered,COD,40.0
O009326,C03062,2025-05-18,Delivered,upi,40.0
O014922,C04914,2025-03-27,Delivered,upi,60.0
O000513,C00194,2024-04-25,Delivered,upi,60.0
O004119,C01349,2024-12-31,Delivered,upi,60.0
O002480,C00783,2025-07-10,Delivered,Credit Card,0.0
O010354,C03435,2025-03-07,Delivered,Credit Card,60.0
O015928,C05249,2025-01-07,Returned,upi,99.0
O004208,C01388,2024-12-17,Delivered,upi,60.0
O000456,C00178,2024-04-06,Returned,upi,60.0
O008353,C02771,2025-06-05,Delivered,Debit Card,0.0
O001734,C00551,2025-04-04,Delivered,Debit Card,99.0
O000037,C00020,2024-05-26,delivered,Credit Card,0.0
O004333,C01435,2024-03-25,Delivered,COD,0.0
O013109,C04363,2024-01-17,Delivered,Credit Card,0.0
O001702,C00543,2024-05-23,Delivered,Credit Card,60.0
O016085,C05291,2024-09-02,Delivered,upi,0.0
O016455,C05416,2024-05-14,delivered,Net Banking,99.0
O013755,C04567,2023-08-10,Cancelled,upi,99.0
O013324,C04437,2024-02-29,Returned,upi,0.0
O012882,C04290,2025-03-12,Delivered,Credit Card,0.0
O014094,C04681,2024-12-13,Delivered,upi,0.0
O016542,C05451,2025-03-06,Delivered,Credit Card,0.0
O011658,C03888,2023-02-28,delivered,Credit Card,99.0
O005698,C01885,2025-04-01,Delivered,upi,0.0
O011687,C03904,2023-02-13,Delivered,upi,99.0
O012026,C04043,2024-09-04,Delivered,upi,99.0
O007422,C02475,2024-12-13,Delivered,upi,40.0
O007212,C02404,2024-10-17,Returned,Credit Card,60.0
O013212,C04394,2024-07-10,Delivered,upi,40.0
O009656,C03163,2024-08-18,Delivered,upi,0.0
O009205,C03018,2024-03-19,Delivered,Net Banking,60.0
O010771,C03577,2024-12-13,delivered,upi,99.0
O010936,C03632,2023-12-16,Delivered,upi,0.0
O016788,C05542,2023-09-14,Delivered,upi,0.0
O009712,C03192,2025-04-20,Delivered,upi,0.0
O003028,C00960,2023-12-02,Delivered,CREDIT CARD,0.0
O000294,C00129,2024-03-16,Delivered,Debit Card,40.0
O000273,C00121,2025-01-02,Delivered,Credit Card,0.0
O003780,C01239,2024-05-14,Delivered,Credit Card,99.0
O012782,C04254,2024-08-18,Delivered,upi,0.0
O007299,C02442,2025-04-28,Delivered,upi,60.0
O009348,C03070,2023-04-30,Delivered,Credit Card,0.0
O015033,C04953,2025-09-04,Delivered,upi,60.0
O004505,C01513,2024-02-17,Delivered,Debit Card,99.0
O004168,C01377,2025-05-16,Delivered,Credit Card,60.0
O006526,C02158,2025-02-13,Delivered,upi,99.0
O004246,C01403,2025-03-30,Delivered,UPI,0.0
O002982,C00934,2025-02-16,Delivered,Debit Card,60.0
O010156,C03349,2025-06-09,Delivered,upi,60.0
O008237,C02721,2025-04-08,Cancelled,COD,40.0
O011588,C03866,2025-01-29,Delivered,upi,0.0
O012391,C04158,2024-07-21,Delivered,UPI,40.0
O002150,C00672,2024-10-26,Delivered,Credit Card,99.0
O014117,C04690,2025-02-24,Delivered,Credit Card,99.0
O001343,C00427,2024-11-23,Delivered,upi,0.0
O017076,C05616,2025-03-11,delivered,COD,40.0
O008283,C02741,2025-08-25,delivered,Debit Card,60.0
O015494,C05113,2023-09-03,Delivered,COD,40.0
O012162,C04091,2024-10-18,Delivered,COD,99.0
O012237,C04122,2024-08-14,Delivered,Debit Card,0.0
O001521,C00483,2024-12-10,Delivered,Debit Card,99.0
O005394,C01792,2025-05-08,Delivered,Net Banking,0.0
O003713,C01213,2025-08-29,Delivered,COD,99.0
O004114,C01349,2024-08-13,Delivered,upi,0.0
O013148,C04372,2025-09-10,Delivered,COD,0.0
O000444,C00172,2025-02-14,Cancelled,Credit Card,99.0
O012845,C04284,2024-08-06,Delivered,Credit Card,60.0
O006761,C02242,2024-07-28,Delivered,Credit Card,99.0
O014979,C04924,2025-06-18,Delivered,Debit Card,0.0
O004690,C01558,2025-05-30,Delivered,upi,0.0
O002161,C00680,2025-07-17,Delivered,Debit Card,40.0
O018055,C05936,2023-11-06,Delivered,Debit Card,0.0
O014795,C04880,2023-06-09,Delivered,upi,40.0
O017358,C05722,2025-08-18,Delivered,COD,40.0
O014621,C04823,2024-06-26,Delivered,Debit Card,0.0
O013256,C04410,2024-08-22,Delivered,upi,0.0
O010082,C03321,2023-11-23,Delivered,Credit Card,0.0
O013478,C04488,2024-10-26,Delivered,COD,40.0
O009238,C03030,2024-02-11,Delivered,UPI,99.0
O012109,C04073,2024-09-20,Delivered,Net Banking,60.0
O003816,C01248,2025-01-07,Delivered,upi,60.0
O006729,C02234,2025-06-15,Delivered,upi,0.0
O016299,C05372,2024-11-07,Delivered,Net Banking,0.0
O014655,C04832,2024-09-19,Delivered,COD,60.0
O008591,C02848,2023-02-12,Delivered,upi,99.0
O007176,C02391,2023-12-08,Delivered,Debit Card,0.0
O010553,C03506,2025-07-16,Delivered,upi,0.0
O002750,C00873,2024-02-08,Delivered,COD,60.0
O002291,C00728,2024-11-15,Delivered,upi,60.0
O014270,C04720,2024-09-14,Delivered,Debit Card,0.0
O004270,C01416,2025-08-08,Delivered,COD,60.0
O006457,C02137,2024-09-22,Returned,upi,0.0
O008052,C02648,2025-08-02,Delivered,upi,99.0
O016483,C05417,2025-03-30,Delivered,Debit Card,99.0
O004702,C01564,2024-01-11,Delivered,Credit Card,60.0
O008930,C02936,2024-11-17,Delivered,upi,60.0
O002283,C00725,2024-10-05,Delivered,upi,40.0
O007025,C02348,2024-04-20,Delivered,Debit Card,60.0
O008895,C02932,2025-05-01,Delivered,upi,99.0
O015151,C04991,2024-07-20,Delivered,upi,0.0
O009517,C03115,2023-11-15,Delivered,upi,40.0
O001207,C00398,2024-03-30,Delivered,COD,0.0
O010811,C03585,2025-01-09,Delivered,upi,40.0
O001740,C00553,2024-08-10,Delivered,Credit Card,0.0
O016636,C05489,2024-03-03,Returned,COD,0.0
O013331,C04438,2025-09-27,Delivered,Debit Card,0.0
O002011,C00619,2023-07-17,returned,COD,60.0
O008925,C02936,2023-12-05,Delivered,upi,99.0
O007878,C02588,2024-07-23,Delivered,COD,0.0
O013609,C04522,2023-08-26,Delivered,UPI,40.0
O017507,C05775,2025-06-18,Delivered,Net Banking,99.0
O014279,C04720,2025-01-18,Delivered,Net Banking,40.0
O013819,C04577,2025-08-14,Delivered,COD,99.0
O010788,C03581,2024-06-15,Delivered,COD,40.0
O014199,C04716,2023-08-05,Delivered,COD,60.0
O016096,C05296,2024-10-07,Delivered,CREDIT CARD,0.0
O013613,C04523,2024-02-04,Delivered,Credit Card,60.0
O013990,C04644,2025-03-18,Delivered,Net Banking,99.0
O003732,C01225,2025-08-09,Delivered,upi,0.0
O004863,C01623,2025-02-05,Delivered,COD,40.0
O016068,C05285,2023-09-18,Delivered,upi,40.0
O011161,C03702,2023-12-26,Delivered,upi,99.0
O007690,C02543,2024-06-20,Returned,upi,0.0
O007410,C02475,2024-06-27,Returned,Credit Card,99.0
O010644,C03533,2024-03-23,Delivered,upi,0.0
O011568,C03865,2024-07-24,Delivered,upi,99.0
O010764,C03577,2024-04-01,Delivered,Debit Card,0.0
O000324,C00138,2024-11-28,Delivered,upi,99.0
O016560,C05457,2025-09-07,Delivered,COD,0.0
O008540,C02829,2025-02-27,Delivered,upi,0.0
O000430,C00168,2025-05-14,Delivered,upi,0.0
O015015,C04945,2024-03-05,delivered,Credit Card,40.0
O005074,C01692,2025-08-22,Delivered,Credit Card,0.0
O001892,C00592,2023-11-30,Delivered,upi,40.0
O002824,C00892,2024-05-08,Returned,upi,60.0
O008297,C02750,2025-09-23,Delivered,Credit Card,40.0
O015290,C05038,2025-01-25,Delivered,COD,0.0
O009044,C02970,2024-11-23,Delivered,upi,99.0
O001727,C00550,2024-03-06,Delivered,upi,0.0
O013008,C04328,2024-02-08,Delivered,Net Banking,99.0
O011153,C03697,2024-06-03,Cancelled,COD,0.0
O003209,C01023,2023-11-03,Returned,Credit Card,0.0
O006115,C02039,2024-01-23,Delivered,Credit Card,40.0
O015611,C05155,2024-10-23,Delivered,upi,99.0
O015708,C05171,2024-01-10,delivered,Debit Card,60.0
O011021,C03660,2023-11-17,Cancelled,upi,60.0
O002122,C00662,2024-05-20,Delivered,Debit Card,40.0
O013292,C04425,2025-04-12,Delivered,COD,0.0
O002333,C00749,2024-01-17,Delivered,upi,40.0
O008697,C02876,2024-03-18,Returned,upi,40.0
O002258,C00712,2025-01-17,Delivered,upi,40.0
O008737,C02888,2023-06-24,Delivered,Net Banking,0.0
O003511,C01127,2025-08-26,Delivered,Net Banking,0.0
O004810,C01597,2023-11-08,Delivered,upi,0.0
O004598,C01539,2025-03-26,Delivered,Credit Card,0.0
O006550,C02167,2024-07-17,Delivered,DEBIT CARD,99.0
O017891,C05879,2024-12-12,Delivered,Debit Card,0.0
O012991,C04325,2025-06-11,Delivered,NET BANKING,0.0
O007198,C02401,2024-10-12,Delivered,Debit Card,40.0
O004390,C01454,2025-03-31,Returned,NET BANKING,60.0
O013329,C04437,2025-06-23,Delivered,upi,60.0
O000970,C00347,2024-01-27,Delivered,COD,40.0
O009879,C03262,2024-10-10,Delivered,upi,0.0
O005451,C01814,2024-04-14,Delivered,COD,40.0
O015182,C05005,2025-01-24,Cancelled,Debit Card,0.0
O014029,C04657,2024-03-23,Returned,Credit Card,99.0
O007824,C02566,2025-04-25,Delivered,Credit Card,40.0
O006783,C02244,2025-04-10,Delivered,Credit Card,99.0
O011390,C03806,2024-06-06,Delivered,upi,60.0
O013330,C04437,2025-09-16,delivered,upi,40.0
O010418,C03449,2024-12-23,Delivered,upi,0.0
O011428,C03823,2023-07-07,Delivered,upi,60.0
O011689,C03905,2025-01-10,Returned,Credit Card,60.0
O004458,C01490,2025-02-17,Delivered,Debit Card,0.0
O009133,C03006,2024-12-20,Delivered,upi,99.0
O004358,C01445,2025-06-27,Delivered,COD,0.0
O000466,C00181,2024-08-19,Cancelled,upi,40.0
O008079,C02659,2024-02-07,Delivered,Debit Card,60.0
O006795,C02249,2024-12-31,Delivered,Debit Card,40.0
O007849,C02581,2023-04-25,Delivered,upi,0.0
O017176,C05661,2023-10-11,Delivered,upi,40.0
O012181,C04102,2024-07-02,Returned,COD,99.0
O008689,C02875,2024-10-04,Delivered,Debit Card,60.0
O001137,C00391,2024-04-14,Delivered,COD,0.0
O001040,C00363,2025-04-29,Delivered,upi,0.0
O009207,C03018,2024-10-11,Delivered,upi,0.0
O015362,C05059,2024-04-02,Delivered,COD,60.0
O013018,C04330,2024-04-29,Delivered,COD,99.0
O017370,C05729,2023-05-11,Delivered,upi,0.0
O017570,C05795,2024-07-21,Cancelled,Credit Card,60.0
O008594,C02848,2023-11-21,delivered,upi,40.0
O013048,C04340,2025-02-28,Delivered,Debit Card,0.0
O013630,C04525,2025-01-01,Delivered,upi,60.0
O010428,C03450,2025-02-16,Delivered,Net Banking,40.0
O014907,C04910,2025-04-04,Delivered,Credit Card,0.0
O011651,C03885,2025-08-28,Returned,Credit Card,60.0
O017092,C05624,2024-01-28,Delivered,Credit Card,0.0
O005927,C01963,2024-09-18,Returned,upi,60.0
O013868,C04604,2025-04-13,Delivered,upi,0.0
O017841,C05867,2025-07-07,Delivered,Debit Card,0.0
O007267,C02427,2024-08-06,Delivered,upi,60.0
O002552,C00811,2024-09-04,Cancelled,upi,0.0
O009064,C02977,2024-10-01,Delivered,Debit Card,0.0
O012286,C04131,2025-03-21,Returned,upi,0.0
O012614,C04219,2024-03-28,Delivered,Credit Card,0.0
O006040,C02006,2023-02-23,Delivered,Net Banking,99.0
O011478,C03843,2023-11-01,Delivered,upi,99.0
O014852,C04893,2024-11-10,Delivered,upi,0.0
O004326,C01432,2024-09-13,Delivered,Debit Card,40.0
O012306,C04137,2024-09-08,Delivered,COD,40.0
O006448,C02133,2024-05-20,Delivered,Debit Card,0.0
O010855,C03604,2023-05-19,Delivered,Credit Card,0.0
O004910,C01643,2024-03-26,Delivered,upi,99.0
O005258,C01745,2025-04-16,Delivered,upi,40.0
O009020,C02964,2024-06-10,Delivered,Credit Card,60.0
O000579,C00211,2025-02-17,Delivered,Debit Card,0.0
O009903,C03265,2025-01-02,delivered,Credit Card,0.0
O006056,C02012,2025-04-05,Delivered,upi,0.0
O001643,C00519,2025-08-17,Delivered,upi,40.0
O005346,C01777,2023-12-23,Delivered,COD,60.0
O006367,C02100,2024-10-23,Delivered,Credit Card,0.0
O017905,C05887,2025-07-02,Returned,Net Banking,0.0
O000227,C00105,2024-10-16,Delivered,Credit Card,0.0
O005167,C01712,2025-04-20,Cancelled,upi,99.0
O005960,C01978,2024-08-19,Delivered,Credit Card,0.0
O006886,C02279,2024-06-05,delivered,upi,0.0
O006706,C02225,2024-12-16,Returned,COD,0.0
O015528,C05125,2025-07-14,Delivered,upi,0.0
O004109,C01349,2024-04-23,Delivered,upi,99.0
O007106,C02381,2023-09-10,Delivered,Debit Card,99.0
O015088,C04965,2025-08-31,returned,UPI,99.0
O008725,C02885,2025-06-20,Delivered,upi,60.0
O004172,C01378,2024-10-13,Delivered,COD,0.0
O008426,C02794,2024-04-24,Delivered,COD,0.0
O006556,C02167,2025-02-06,Delivered,upi,40.0
O003740,C01227,2025-08-23,Delivered,upi,60.0
O014075,C04671,2024-09-19,Delivered,upi,0.0
O000402,C00157,2025-02-21,Delivered,Debit Card,99.0
O013994,C04644,2025-06-15,Delivered,Credit Card,0.0
O007542,C02516,2025-01-02,Delivered,upi,0.0
O013524,C04498,2024-09-13,Cancelled,upi,0.0
O011410,C03815,2024-07-05,Delivered,Net Banking,40.0
O012589,C04212,2025-03-24,Delivered,COD,0.0
O006461,C02137,2025-03-01,Delivered,COD,0.0
O005293,C01755,2025-06-03,Delivered,upi,40.0
O009301,C03047,2025-02-24,Delivered,Debit Card,40.0
O000472,C00182,2024-04-18,Delivered,Debit Card,99.0
O017419,C05741,2023-06-06,Delivered,Debit Card,99.0
O004370,C01448,2024-09-21,Delivered,upi,40.0
O001514,C00479,2025-07-13,Delivered,COD,40.0
O002512,C00797,2025-04-29,Delivered,Debit Card,99.0
O002617,C00828,2025-09-21,Delivered,Net Banking,60.0
O009685,C03180,2024-09-12,Delivered,COD,60.0
O008901,C02934,2024-11-26,Delivered,Debit Card,0.0
O013438,C04471,2025-03-20,Delivered,COD,60.0
O004870,C01628,2025-09-28,Delivered,Credit Card,40.0
O006341,C02084,2025-01-23,Delivered,COD,99.0
O011079,C03668,2023-10-24,Delivered,COD,40.0
O002616,C00828,2025-09-15,Delivered,Debit Card,99.0
O000569,C00211,2023-06-04,Delivered,upi,99.0
O007158,C02387,2024-11-10,Delivered,Credit Card,40.0
O015815,C05215,2025-01-01,Delivered,Net Banking,60.0
O012059,C04059,2023-07-28,Delivered,COD,0.0
O007069,C02368,2023-12-23,Delivered,UPI,0.0
O011699,C03910,2024-09-01,Delivered,Credit Card,40.0
O011355,C03783,2024-09-02,Delivered,Credit Card,0.0
O005268,C01747,2025-03-19,Delivered,COD,99.0
O009821,C03247,2025-04-18,Delivered,COD,0.0
O006469,C02138,2025-05-23,delivered,Debit Card,0.0
O017365,C05727,2025-07-28,Delivered,Net Banking,0.0
O009023,C02964,2024-10-30,Delivered,Credit Card,0.0
O014349,C04746,2024-01-08,Delivered,upi,60.0
O010760,C03577,2024-02-24,Delivered,COD,60.0
O006136,C02041,2023-04-13,delivered,Credit Card,99.0
O015169,C04998,2024-12-12,Delivered,upi,0.0
O003357,C01071,2024-12-10,Delivered,CREDIT CARD,0.0
O001167,C00394,2024-06-15,Delivered,COD,0.0
O002385,C00763,2023-07-02,Delivered,upi,40.0
O013680,C04537,2024-06-01,Returned,upi,60.0
O004637,C01548,2025-04-03,Delivered,upi,99.0
O003313,C01052,2023-08-18,Delivered,Net Banking,99.0
O015523,C05124,2025-07-09,Delivered,Debit Card,60.0
O010857,C03606,2024-01-08,Delivered,upi,40.0
O007194,C02399,2024-01-14,Delivered,Net Banking,99.0
O017415,C05740,2023-05-04,Delivered,upi,60.0
O004211,C01388,2025-01-30,Delivered,upi,60.0
O003033,C00965,2023-03-23,Delivered,upi,99.0
O007153,C02387,2024-09-10,Delivered,upi,99.0
O012396,C04158,2025-03-18,Delivered,Debit Card,0.0
O002459,C00781,2024-11-24,Delivered,upi,40.0
O005183,C01721,2024-06-25,Delivered,upi,99.0
O004947,C01648,2025-01-08,Delivered,upi,99.0
O002517,C00798,2025-04-02,Delivered,COD,40.0
O017887,C05878,2023-12-06,Delivered,Debit Card,0.0
O016166,C05328,2025-06-16,Delivered,Credit Card,0.0
O005256,C01744,2025-03-27,Delivered,upi,99.0
O002523,C00802,2024-06-27,Delivered,COD,0.0
O010058,C03310,2025-06-10,Delivered,upi,60.0
O014871,C04899,2024-06-07,Delivered,upi,99.0
O011560,C03863,2024-04-13,Delivered,upi,60.0
O013042,C04338,2023-09-04,Cancelled,upi,0.0
O005929,C01965,2024-11-06,Delivered,Credit Card,99.0
O009448,C03101,2025-07-30,Delivered,Debit Card,60.0
O008511,C02816,2025-08-20,Delivered,COD,0.0
O008545,C02831,2025-01-23,Delivered,Debit Card,0.0
O014068,C04668,2024-11-23,returned,Debit Card,99.0
O017874,C05874,2025-03-28,Delivered,upi,0.0
O006453,C02134,2025-03-06,Delivered,upi,60.0
O003060,C00971,2024-02-16,Delivered,Debit Card,60.0
O005796,C01924,2024-09-14,Delivered,Debit Card,40.0
O017893,C05880,2023-08-07,Delivered,upi,0.0
O001506,C00479,2024-02-17,Delivered,Credit Card,0.0
O011475,C03843,2023-08-31,Delivered,Credit Card,60.0
O000027,C00015,2024-08-20,Returned,Debit Card,40.0
O009090,C02991,2024-04-09,Delivered,upi,60.0
O015016,C04945,2024-03-16,Cancelled,Credit Card,0.0
O007895,C02591,2024-12-16,delivered,COD,40.0
O006243,C02053,2023-12-14,Delivered,COD,0.0
O015644,C05159,2024-12-18,Delivered,Net Banking,60.0
O009998,C03298,2024-07-11,Delivered,COD,99.0
O016300,C05372,2024-12-05,Delivered,Net Banking,0.0
O012318,C04140,2024-06-14,Cancelled,upi,40.0
O009688,C03183,2023-06-02,Delivered,,40.0
O001047,C00363,2025-07-23,Delivered,COD,0.0
O008968,C02951,2024-12-07,Delivered,Net Banking,0.0
O014293,C04724,2024-03-12,Delivered,Debit Card,99.0
O010964,C03640,2024-03-18,Delivered,Credit Card,0.0
O018236,C05989,2024-09-01,Delivered,Credit Card,40.0
O004606,C01539,2025-07-01,Delivered,Debit Card,99.0
O017459,C05756,2023-08-12,Returned,upi,60.0
O001774,C00561,2025-08-20,Delivered,Debit Card,40.0
O011361,C03787,2025-02-11,Delivered,upi,0.0
O018153,C05962,2023-10-14,Delivered,upi,60.0
O010293,C03411,2025-03-21,Delivered,CREDIT CARD,40.0
O009970,C03285,2025-07-26,Delivered,Debit Card,0.0
O006016,C01998,2024-09-24,Returned,upi,99.0
O011867,C03986,2025-07-26,Delivered,upi,99.0
O011825,C03970,2025-05-25,Delivered,upi,40.0
O010901,C03622,2024-05-19,Delivered,COD,60.0
O016817,C05545,2025-05-07,Delivered,UPI,0.0
O012538,C04193,2024-12-23,Delivered,NET BANKING,99.0
O012365,C04151,2024-07-07,Delivered,upi,60.0
O018129,C05949,2025-07-28,Returned,upi,99.0
O018023,C05926,2024-09-11,Delivered,Credit Card,40.0
O002135,C00666,2024-07-15,Delivered,upi,60.0
O014999,C04938,2024-11-05,Delivered,upi,0.0
O016336,C05384,2024-02-10,Delivered,Debit Card,99.0
O010753,C03577,2023-12-03,Delivered,COD,0.0
O013586,C04513,2024-07-25,Delivered,Debit Card,0.0
O011053,C03664,2024-07-13,Delivered,Debit Card,40.0
O013141,C04371,2025-04-20,Delivered,COD,0.0
O016676,C05498,2025-01-25,Cancelled,Debit Card,99.0
O005140,C01707,2025-09-14,Delivered,Net Banking,99.0
O014850,C04893,2024-09-17,Delivered,upi,40.0
O015183,C05005,2025-03-13,Delivered,COD,99.0
O010349,C03433,2025-06-05,Delivered,Debit Card,60.0
O015309,C05044,2025-09-29,Delivered,upi,40.0
O007085,C02373,2024-08-26,Delivered,upi,99.0
O010300,C03412,2024-09-15,Returned,upi,0.0
O008360,C02772,2024-12-06,Delivered,upi,60.0
O003553,C01143,2025-09-23,Delivered,upi,40.0
O015635,C05159,2024-08-18,Delivered,upi,60.0
O014081,C04672,2025-01-12,Delivered,Debit Card,99.0
O003435,C01101,2023-10-07,Delivered,Credit Card,0.0
O007238,C02417,2024-12-20,Delivered,Credit Card,99.0
O013068,C04351,2024-05-15,Delivered,COD,0.0
O007919,C02598,2025-03-29,Delivered,UPI,60.0
O017785,C05851,2024-07-16,Delivered,Debit Card,0.0
O016201,C05341,2024-08-13,delivered,upi,0.0
O012715,C04234,2024-10-26,Delivered,Credit Card,99.0
O012382,C04157,2023-09-13,Delivered,upi,99.0
O005198,C01731,2025-06-11,Delivered,Credit Card,0.0
O015023,C04946,2024-11-26,Delivered,NET BANKING,0.0
O010039,C03308,2024-04-25,Returned,,40.0
O007659,C02532,2025-02-07,Cancelled,Debit Card,0.0
O017141,C05650,2025-07-05,Delivered,upi,60.0
O018030,C05928,2025-01-12,Delivered,Debit Card,40.0
O004255,C01408,2024-08-05,Returned,upi,60.0
O009112,C02999,2024-08-18,Delivered,COD,0.0
O004277,C01419,2024-03-22,Delivered,Net Banking,60.0
O008658,C02870,2024-11-07,Delivered,Net Banking,40.0
O008405,C02791,2025-04-06,Delivered,COD,0.0
O012358,C04146,2025-05-23,Delivered,COD,0.0
O017510,C05776,2023-05-28,Delivered,Debit Card,0.0
O015353,C05057,2025-01-10,Delivered,Debit Card,40.0
O003289,C01042,2023-03-15,Delivered,Net Banking,0.0
O009678,C03175,2025-06-29,Delivered,Credit Card,40.0
O009276,C03037,2024-01-21,Delivered,COD,40.0
O009839,C03256,2024-06-05,Delivered,Debit Card,0.0
O010696,C03551,2025-08-10,Delivered,Credit Card,40.0
O015084,C04965,2023-11-07,Delivered,Credit Card,0.0
O008711,C02883,2025-01-26,Returned,upi,0.0
O013584,C04511,2024-07-24,Delivered,upi,60.0
O008279,C02740,2025-04-09,Delivered,upi,0.0
O006825,C02261,2023-02-13,returned,Debit Card,40.0
O005280,C01751,2025-07-07,Delivered,COD,0.0
O012735,C04235,2024-08-15,Delivered,Debit Card,60.0
O001849,C00583,2024-01-27,Delivered,upi,0.0
O003064,C00972,2025-07-21,Delivered,Credit Card,40.0
O011182,C03713,2024-07-31,Delivered,DEBIT CARD,60.0
O002811,C00887,2025-01-17,Delivered,,99.0
O009969,C03285,2025-07-04,Returned,Debit Card,0.0
O016476,C05417,2023-05-02,Delivered,COD,99.0
O008565,C02836,2025-02-03,Delivered,upi,60.0
O001082,C00377,2025-08-06,Delivered,Net Banking,40.0
O011028,C03660,2024-12-20,Delivered,upi,0.0
O003562,C01148,2025-08-30,Delivered,Debit Card,0.0
O007929,C02602,2025-02-01,Cancelled,upi,60.0
O007736,C02552,2023-05-24,Delivered,upi,0.0
O015031,C04951,2025-03-22,Returned,upi,0.0
O016223,C05350,2025-06-21,Delivered,upi,0.0
O007819,C02564,2025-06-28,delivered,COD,99.0
O004583,C01539,2024-05-20,Delivered,Credit Card,60.0
O001799,C00571,2025-09-12,Delivered,COD,0.0
O007894,C02590,2025-08-31,Delivered,UPI,0.0
O016040,C05272,2025-03-02,returned,COD,60.0
O012432,C04165,2025-03-15,Delivered,upi,60.0
O004564,C01538,2025-02-05,Delivered,upi,0.0
O001336,C00427,2024-07-23,Delivered,COD,99.0
O005407,C01796,2025-05-11,Delivered,upi,60.0
O014793,C04878,2024-10-27,Delivered,upi,99.0
O008820,C02919,2025-03-10,Delivered,upi,0.0
O007382,C02467,2025-07-28,Delivered,upi,60.0
O017525,C05779,2025-01-23,Delivered,upi,0.0
O012745,C04241,2025-01-22,Delivered,upi,99.0
O001144,C00391,2024-11-29,Delivered,upi,60.0
O008764,C02900,2024-01-14,Delivered,Credit Card,0.0
O017414,C05739,2025-08-25,Delivered,upi,60.0
O017481,C05764,2024-04-14,Delivered,Debit Card,0.0
O006498,C02152,2025-01-18,Delivered,COD,0.0
O011163,C03702,2024-04-24,Delivered,Net Banking,99.0
O003075,C00979,2023-01-23,Cancelled,upi,0.0
O000165,C00087,2025-08-06,Delivered,upi,60.0
O007292,C02439,2024-12-04,Delivered,upi,60.0
O000608,C00223,2025-03-28,Delivered,Credit Card,0.0
O011200,C03726,2023-09-13,Delivered,upi,0.0
O006560,C02168,2025-03-11,Delivered,COD,0.0
O003139,C00997,2023-10-26,Delivered,Debit Card,99.0
O008153,C02685,2024-12-31,Cancelled,upi,60.0
O006737,C02237,2023-03-10,Delivered,Net Banking,99.0
O000261,C00118,2023-08-02,Delivered,Credit Card,0.0
O006528,C02159,2025-08-20,Delivered,COD,60.0
O012227,C04122,2023-11-15,Delivered,Debit Card,60.0
O002779,C00876,2024-04-11,Delivered,Debit Card,0.0
O002528,C00804,2025-04-06,Delivered,upi,0.0
O013288,C04424,2025-03-27,Delivered,COD,60.0
O000931,C00337,2025-01-23,Delivered,upi,0.0
O014715,C04857,2023-12-24,returned,upi,60.0
O016176,C05330,2025-06-10,Delivered,upi,99.0
O000636,C00237,2025-03-02,Delivered,upi,0.0
O015261,C05028,2025-09-29,Delivered,COD,99.0
O010119,C03330,2025-08-05,Delivered,upi,60.0
O007122,C02385,2025-03-09,Delivered,NET BANKING,0.0
O002677,C00846,2025-03-01,Returned,Net Banking,99.0
O009981,C03292,2023-04-25,Delivered,COD,0.0
O014520,C04802,2025-05-18,Delivered,Credit Card,40.0
O016063,C05284,2025-05-09,Delivered,Debit Card,0.0
O017541,C05784,2023-10-08,Delivered,Debit Card,0.0
O001314,C00427,2023-11-20,Delivered,Debit Card,0.0
O012042,C04052,2024-06-06,Delivered,UPI,40.0
O017322,C05711,2023-02-23,Delivered,COD,40.0
O011903,C03997,2024-10-27,Delivered,upi,99.0
O013144,C04372,2023-12-18,Delivered,Credit Card,40.0
O011861,C03983,2023-04-09,delivered,COD,0.0
O014089,C04677,2025-07-18,Returned,Net Banking,60.0
O014297,C04726,2024-08-06,Delivered,Debit Card,60.0
O015249,C05023,2025-05-10,Delivered,Net Banking,0.0
O016780,C05537,2024-02-22,Delivered,Net Banking,0.0
O014924,C04914,2025-04-24,Delivered,upi,0.0
O005975,C01983,2025-05-27,Delivered,upi,99.0
O018107,C05939,2025-07-06,Delivered,upi,0.0
O007385,C02469,2025-01-22,Delivered,upi,0.0
O010063,C03312,2023-10-27,Delivered,upi,60.0
O003769,C01231,2025-08-05,Delivered,COD,99.0
O017700,C05835,2025-06-27,Delivered,Debit Card,99.0
O012412,C04161,2023-07-07,Delivered,upi,0.0
O010051,C03309,2024-07-25,Delivered,COD,0.0
O013017,C04330,2024-03-27,Delivered,upi,99.0
O016543,C05452,2024-12-12,Delivered,Credit Card,0.0
O013261,C04413,2024-06-11,Delivered,COD,60.0
O015125,C04981,2024-09-16,Returned,Debit Card,0.0
O015127,C04981,2024-10-18,Delivered,Debit Card,99.0
O004764,C01581,2024-11-02,Cancelled,Debit Card,40.0
O017228,C05671,2023-07-12,Delivered,NET BANKING,60.0
O010713,C03558,2025-05-21,Delivered,upi,99.0
O009938,C03275,2024-02-05,Delivered,COD,40.0
O004833,C01608,2024-06-29,Delivered,Credit Card,0.0
O003307,C01050,2025-03-07,Delivered,Credit Card,0.0
O000784,C00300,2024-02-22,Delivered,Debit Card,99.0
O013195,C04390,2025-03-13,Delivered,Credit Card,0.0
O008628,C02862,2024-07-14,Delivered,upi,0.0
O010572,C03510,2024-12-15,Delivered,Credit Card,60.0
O001924,C00594,2024-04-11,Delivered,Net Banking,0.0
O015605,C05155,2023-06-12,Delivered,Debit Card,99.0
O004786,C01592,2023-09-03,Delivered,COD,99.0
O001079,C00375,2024-12-14,Delivered,upi,60.0
O002490,C00788,2024-09-19,Delivered,Credit Card,99.0
O008728,C02886,2024-10-07,Delivered,upi,60.0
O001398,C00439,2024-07-16,Returned,Credit Card,99.0
O006504,C02154,2023-10-26,Delivered,upi,99.0
O013071,C04352,2025-03-04,Delivered,COD,0.0
O014069,C04669,2023-10-25,Delivered,upi,40.0
O000581,C00211,2025-05-05,Delivered,COD,99.0
O016616,C05480,2023-09-06,Delivered,COD,40.0
O005328,C01771,2023-08-02,Delivered,upi,0.0
O000548,C00204,2023-12-09,Delivered,upi,0.0
O003378,C01083,2023-05-21,Delivered,Net Banking,99.0
O003707,C01211,2024-09-12,Delivered,upi,0.0
O006332,C02080,2024-11-11,Delivered,upi,99.0
O014016,C04654,2024-07-04,Delivered,upi,40.0
O011416,C03817,2024-09-23,Delivered,Credit Card,99.0
O000665,C00244,2024-03-24,Delivered,Net Banking,60.0
O018223,C05986,2024-12-18,Delivered,Credit Card,0.0
O007016,C02342,2025-03-21,Delivered,Credit Card,0.0
O002158,C00679,2025-09-03,Delivered,Debit Card,99.0
O002206,C00697,2025-06-09,Cancelled,Credit Card,40.0
O001119,C00389,2023-12-31,Delivered,upi,99.0
O012083,C04066,2024-06-11,Delivered,Net Banking,0.0
O000551,C00205,2025-03-22,Delivered,Credit Card,60.0
O003258,C01032,2023-08-28,Delivered,upi,60.0
O002365,C00756,2024-10-16,Delivered,Net Banking,99.0
O016391,C05408,2024-04-12,Delivered,Net Banking,60.0
O009839,C03256,2024-06-05,delivered,Debit Card,0.0
O006985,C02332,2024-08-17,Delivered,upi,0.0
O017814,C05862,2025-07-19,Delivered,Debit Card,99.0
O012104,C04068,2023-07-31,Delivered,Credit Card,0.0
O006342,C02084,2025-04-12,Cancelled,Credit Card,0.0
O002229,C00702,2025-01-31,Delivered,Debit Card,40.0
O013658,C04534,2025-01-05,Delivered,Credit Card,40.0
O013153,C04375,2024-09-18,Delivered,Credit Card,0.0
O007390,C02471,2024-04-23,Delivered,upi,0.0
O000768,C00291,2025-08-25,Delivered,Credit Card,60.0
O011665,C03891,2023-04-21,Delivered,Credit Card,60.0
O004978,C01659,2025-08-07,Delivered,Net Banking,0.0
O009194,C03014,2024-08-16,Cancelled,Net Banking,60.0
O012689,C04234,2023-12-21,Returned,COD,40.0
O007381,C02467,2023-11-20,Cancelled,upi,0.0
O011774,C03947,2023-12-28,Delivered,Credit Card,0.0
O009252,C03031,2025-05-24,Returned,Net Banking,0.0
O012110,C04074,2023-01-14,Delivered,Debit Card,0.0
O010373,C03444,2023-07-06,Delivered,Credit Card,99.0
O008679,C02875,2024-01-07,Cancelled,Net Banking,40.0
O016362,C05398,2024-12-22,Delivered,Debit Card,0.0
O010944,C03634,2023-12-04,Delivered,Debit Card,99.0
O010214,C03374,2025-06-30,Delivered,COD,40.0
O010922,C03626,2023-10-16,Delivered,COD,0.0
O016339,C05385,2025-07-18,Delivered,COD,60.0
O013463,C04480,2025-02-03,Delivered,upi,0.0
O013397,C04461,2025-06-25,Delivered,Debit Card,40.0
O001870,C00587,2025-04-17,Delivered,upi,0.0
O005459,C01814,2025-06-07,Delivered,COD,0.0
O016235,C05356,2023-07-07,Delivered,Debit Card,0.0
O012958,C04311,2024-11-08,Delivered,COD,40.0
O013754,C04567,2023-07-20,Delivered,upi,60.0
O001195,C00395,2025-02-20,Delivered,Debit Card,99.0
O009852,C03257,2024-12-17,Delivered,,0.0
O002100,C00650,2023-10-07,Delivered,Debit Card,0.0
O002874,C00907,2024-10-18,Delivered,upi,0.0
O003560,C01148,2025-06-08,Delivered,upi,60.0
O005181,C01720,2023-05-30,Delivered,Debit Card,0.0
O005110,C01697,2024-11-23,Delivered,upi,99.0
O014822,C04885,2024-08-28,Delivered,upi,99.0
O011449,C03833,2025-01-22,Delivered,upi,0.0
O004609,C01539,2025-08-15,Returned,Debit Card,99.0
O000537,C00201,2024-03-08,Delivered,Net Banking,99.0
O009183,C03010,2024-02-08,Delivered,Credit Card,60.0
O001821,C00575,2025-04-25,Delivered,upi,40.0
O008436,C02794,2025-02-05,Returned,COD,0.0
O004020,C01323,2025-06-21,Delivered,COD,40.0
O016418,C05408,2025-03-17,Delivered,upi,99.0
O008396,C02789,2024-03-10,Delivered,Credit Card,60.0
O014935,C04917,2024-12-23,Delivered,,0.0
O007706,C02545,2024-02-19,Delivered,upi,0.0
O017144,C05653,2024-11-10,Returned,Debit Card,60.0
O001363,C00427,2025-07-10,Delivered,upi,40.0
O009481,C03106,2025-05-18,Delivered,upi,99.0
O015946,C05254,2024-09-19,Delivered,upi,0.0
O009980,C03291,2024-11-14,Delivered,upi,0.0
O017122,C05638,2024-10-21,Delivered,Credit Card,0.0
O017338,C05712,2023-03-16,Delivered,upi,60.0
O017901,C05885,2024-07-17,Cancelled,COD,0.0
O002783,C00877,2023-01-17,Delivered,NET BANKING,60.0
O003009,C00952,2024-04-29,Delivered,CREDIT CARD,0.0
O005780,C01916,2024-06-19,Delivered,COD,40.0
O003229,C01027,2023-06-10,delivered,Debit Card,0.0
O002404,C00768,2024-06-09,Delivered,upi,0.0
O017752,C05839,2025-05-09,Delivered,Credit Card,60.0
O013180,C04386,2025-07-02,Delivered,Debit Card,99.0
O005559,C01833,2025-08-02,Delivered,COD,0.0
O001507,C00479,2024-04-15,Delivered,Debit Card,99.0
O014453,C04783,2024-06-03,delivered,,40.0
O001488,C00468,2023-01-24,Delivered,COD,60.0
O005467,C01815,2024-06-26,Cancelled,Credit Card,99.0
O012174,C04098,2024-02-13,Delivered,COD,99.0
O000432,C00169,2024-08-06,Delivered,Net Banking,40.0
O002901,C00909,2024-02-07,Delivered,upi,0.0
O005195,C01730,2025-06-06,Delivered,upi,0.0
O006610,C02186,2025-06-17,Delivered,COD,0.0
O005906,C01952,2025-08-13,Delivered,Credit Card,60.0
O002892,C00908,2024-10-02,Delivered,Debit Card,0.0
O005320,C01766,2025-07-11,Delivered,upi,99.0
O014760,C04867,2024-09-18,Delivered,upi,99.0
O016475,C05416,2025-09-11,Delivered,Debit Card,99.0
O006583,C02179,2024-04-20,Delivered,COD,99.0
O015694,C05170,2024-11-19,Delivered,COD,60.0
O001632,C00514,2025-06-02,Delivered,Credit Card,0.0
O011345,C03780,2024-04-18,Delivered,UPI,40.0
O011075,C03667,2025-02-21,Delivered,Debit Card,0.0
O008461,C02805,2025-06-02,Delivered,DEBIT CARD,60.0
O004254,C01408,2023-10-12,Delivered,UPI,0.0
O010754,C03577,2024-01-03,Delivered,upi,0.0
O015217,C05014,2025-01-29,Delivered,Credit Card,0.0
O017276,C05695,2025-03-01,Delivered,upi,99.0
O010588,C03515,2025-03-07,Delivered,COD,0.0
O017334,C05711,2025-03-10,Delivered,upi,40.0
O007658,C02532,2024-12-29,Delivered,upi,40.0
O012679,C04234,2023-06-30,Delivered,Credit Card,60.0
O004977,C01658,2024-07-23,Delivered,NET BANKING,0.0
O004699,C01563,2024-06-30,Returned,upi,40.0
O000718,C00274,2024-11-23,Delivered,upi,0.0
O017598,C05809,2024-10-19,Delivered,Credit Card,0.0
O002950,C00924,2025-09-23,Delivered,Net Banking,99.0
O002337,C00750,2023-12-20,Delivered,upi,0.0
O014756,C04866,2023-12-30,Delivered,Debit Card,0.0
O005665,C01879,2024-06-23,Delivered,Net Banking,60.0
O008291,C02744,2025-01-29,Delivered,upi,60.0
O005634,C01868,2025-05-18,delivered,upi,60.0
O011381,C03801,2024-10-02,Delivered,upi,0.0
O012273,C04128,2024-02-16,Delivered,Debit Card,40.0
O012767,C04249,2025-09-05,Delivered,COD,0.0
O001158,C00394,2024-02-08,Delivered,Net Banking,99.0
O010321,C03420,2024-06-14,Cancelled,Debit Card,99.0
O002808,C00886,2024-01-12,Delivered,UPI,0.0
O015170,C04999,2025-06-26,Delivered,COD,40.0
O001432,C00456,2025-02-15,Delivered,Credit Card,60.0
O003270,C01035,2025-01-23,Delivered,upi,60.0
O002156,C00677,2025-07-16,Delivered,Credit Card,60.0
O002733,C00867,2025-03-03,Delivered,,40.0
O005136,C01705,2025-01-05,Delivered,Net Banking,40.0
O014787,C04876,2023-07-07,Delivered,Net Banking,0.0
O016364,C05398,2025-01-10,Delivered,Credit Card,40.0
O010603,C03518,2024-07-25,Delivered,COD,40.0
O014528,C04806,2024-01-02,Delivered,Credit Card,99.0
O005859,C01948,2025-03-02,Delivered,Debit Card,99.0
O002818,C00889,2024-07-02,Delivered,COD,0.0
O012853,C04285,2024-03-28,Delivered,upi,40.0
O008783,C02907,2025-09-25,Returned,Debit Card,0.0
O012337,C04142,2024-03-14,delivered,CREDIT CARD,99.0
O003116,C00986,2024-12-10,Delivered,COD,60.0
O011754,C03934,2025-06-28,Delivered,UPI,60.0
O016540,C05450,2023-06-21,Delivered,Credit Card,99.0
O006966,C02323,2025-07-20,Delivered,upi,60.0
O015718,C05173,2024-11-21,Delivered,upi,40.0
O016045,C05274,2025-05-15,Cancelled,upi,99.0
O005335,C01774,2023-03-09,Delivered,Credit Card,0.0
O016963,C05592,2024-11-16,Delivered,Credit Card,0.0
O009466,C03102,2024-12-09,delivered,COD,60.0
O015986,C05260,2025-08-25,Cancelled,UPI,60.0
O016695,C05511,2024-01-28,Delivered,Credit Card,99.0
O011251,C03747,2023-06-07,Delivered,upi,60.0
O002268,C00718,2025-06-19,Delivered,upi,99.0
O009634,C03155,2025-02-24,Delivered,upi,0.0
O003284,C01038,2025-04-24,Delivered,upi,60.0
O000534,C00201,2023-12-13,Delivered,upi,0.0
O003716,C01215,2024-12-21,Delivered,COD,99.0
O008160,C02688,2023-04-26,Delivered,Debit Card,40.0
O008143,C02682,2023-08-01,Delivered,Debit Card,0.0
O014211,C04716,2024-08-23,Delivered,Credit Card,60.0
O005262,C01746,2025-01-24,Delivered,COD,40.0
O011347,C03780,2024-09-25,returned,Credit Card,99.0
O008710,C02882,2025-04-11,Delivered,Credit Card,0.0
O006416,C02115,2025-02-19,Returned,Debit Card,40.0
O015429,C05087,2024-10-10,Delivered,Debit Card,0.0
O005693,C01885,2024-04-25,delivered,upi,60.0
O017219,C05669,2024-03-29,Delivered,upi,99.0
O003809,C01248,2023-10-12,Delivered,Credit Card,0.0
O017325,C05711,2023-08-29,delivered,Debit Card,0.0
O012253,C04123,2024-03-05,Delivered,upi,0.0
O018160,C05963,2025-01-23,Returned,COD,99.0
O017588,C05804,2024-02-17,Delivered,COD,0.0
O004286,C01419,2024-11-12,Delivered,Credit Card,60.0
O004089,C01344,2025-02-04,Delivered,Credit Card,0.0
O011724,C03922,2024-11-29,Delivered,Debit Card,0.0
O018083,C05939,2024-06-28,Returned,upi,99.0
O012936,C04298,2023-01-13,Delivered,upi,40.0
O012629,C04219,2025-02-18,Delivered,Debit Card,40.0
O002582,C00820,2024-07-20,Delivered,Debit Card,40.0
O000846,C00317,2025-01-30,Delivered,COD,0.0
O011376,C03799,2023-02-09,Delivered,COD,40.0
O018007,C05919,2025-08-21,Delivered,Credit Card,0.0
O011073,C03667,2024-11-05,Delivered,upi,60.0
O002838,C00899,2024-04-19,Delivered,Credit Card,0.0
O008597,C02848,2024-07-24,Delivered,upi,99.0
O000855,C00322,2025-02-23,Delivered,Debit Card,99.0
O012855,C04285,2024-09-18,Delivered,Net Banking,60.0
O003271,C01036,2024-06-28,Delivered,upi,40.0
O003854,C01260,2025-07-24,Delivered,upi,0.0
O006072,C02021,2024-12-06,Delivered,Credit Card,40.0
O011629,C03874,2024-11-10,Delivered,Credit Card,99.0
O002104,C00653,2024-12-02,Delivered,upi,40.0
O011694,C03908,2023-08-10,Delivered,upi,99.0
O008231,C02718,2025-06-17,Returned,Debit Card,0.0
O007191,C02397,2023-07-17,Cancelled,upi,99.0
O014548,C04806,2025-03-11,Delivered,Credit Card,60.0
O003941,C01300,2023-12-03,Cancelled,COD,0.0
O017215,C05669,2023-01-19,Delivered,Debit Card,60.0
O005930,C01966,2025-07-30,Delivered,Debit Card,40.0
O012117,C04076,2024-09-18,Delivered,COD,99.0
O002460,C00781,2025-01-20,Delivered,Credit Card,0.0
O001531,C00485,2025-06-17,Delivered,Net Banking,60.0
O011857,C03981,2025-02-13,Delivered,Debit Card,99.0
O006663,C02210,2025-08-14,Delivered,COD,60.0
O007501,C02503,2025-03-31,Delivered,COD,40.0
O003497,C01120,2024-02-09,Delivered,Credit Card,0.0
O004858,C01622,2023-07-17,Delivered,Credit Card,40.0
O010876,C03614,2025-08-16,Delivered,Credit Card,60.0
O000735,C00280,2024-10-27,Delivered,upi,0.0
O013778,C04571,2024-08-08,Delivered,COD,40.0
O005992,C01994,2024-04-17,Delivered,upi,0.0
O007543,C02516,2025-01-09,Delivered,upi,0.0
O011853,C03979,2025-04-10,Cancelled,Net Banking,0.0
O009190,C03012,2024-10-02,Delivered,COD,60.0
O015453,C05097,2024-10-21,Delivered,Debit Card,0.0
O017161,C05660,2025-08-26,Delivered,Credit Card,40.0
O009921,C03268,2024-03-26,Delivered,upi,0.0
O005731,C01898,2025-05-23,delivered,Credit Card,60.0
O015468,C05105,2025-02-13,Delivered,upi,99.0
O007700,C02545,2023-10-08,Delivered,Debit Card,0.0
O004417,C01467,2024-03-27,Delivered,Debit Card,40.0
O008699,C02877,2024-05-28,Delivered,upi,60.0
O014302,C04729,2024-07-19,Delivered,Net Banking,60.0
O000151,C00079,2023-01-14,Delivered,Credit Card,0.0
O016770,C05534,2024-08-14,Cancelled,upi,60.0
O018197,C05980,2023-06-20,delivered,Debit Card,0.0
O010280,C03409,2024-10-15,Delivered,upi,40.0
O009101,C02993,2025-04-08,Delivered,Credit Card,40.0
O005321,C01766,2025-09-10,Returned,Debit Card,0.0
O018133,C05953,2025-04-06,Returned,upi,0.0
O017913,C05890,2023-11-13,Delivered,upi,0.0
O010158,C03351,2025-03-19,Delivered,Credit Card,40.0
O004194,C01385,2025-03-02,Delivered,Debit Card,60.0
O010296,C03412,2024-03-22,Delivered,upi,60.0
O002112,C00659,2023-12-09,Returned,Credit Card,0.0
O016485,C05418,2025-07-28,Delivered,Credit Card,40.0
O016936,C05586,2023-03-15,Delivered,Credit Card,99.0
O006704,C02223,2023-03-10,Returned,upi,0.0
O017880,C05875,2025-02-14,Delivered,Credit Card,99.0
O001208,C00398,2024-06-02,Delivered,Credit Card,99.0
O005660,C01878,2024-07-05,Delivered,Debit Card,0.0
O004412,C01466,2023-12-07,Delivered,COD,99.0
O011069,C03666,2024-11-20,Cancelled,Net Banking,40.0
O008216,C02711,2024-11-09,Delivered,Credit Card,60.0
O005972,C01982,2025-09-13,Returned,upi,40.0
O010068,C03313,2024-01-08,Delivered,Debit Card,99.0
O015393,C05069,2024-07-06,Cancelled,upi,0.0
O001648,C00521,2023-10-23,delivered,upi,60.0
O009868,C03258,2023-07-17,Delivered,COD,60.0
O007841,C02576,2025-02-22,Returned,COD,0.0
O005253,C01744,2025-03-01,Delivered,upi,40.0
O010453,C03463,2024-12-03,Returned,Debit Card,99.0
O010865,C03609,2025-08-05,Delivered,Credit Card,60.0
O001642,C00519,2025-04-13,Delivered,DEBIT CARD,99.0
O007031,C02352,2023-12-18,Delivered,upi,99.0
O007009,C02339,2023-08-21,Delivered,upi,99.0
O008162,C02688,2025-09-04,Delivered,upi,40.0
O002439,C00778,2024-09-21,Delivered,upi,0.0
O009815,C03241,2025-07-15,Delivered,upi,0.0
O000872,C00325,2025-05-06,Returned,upi,99.0
O017614,C05814,2024-12-08,Delivered,COD,60.0
O000512,C00194,2023-09-14,Returned,upi,60.0
O017332,C05711,2024-09-04,Delivered,Credit Card,40.0
O004543,C01532,2025-04-05,Delivered,Net Banking,0.0
O012091,C04067,2024-05-25,Delivered,upi,0.0
O004859,C01622,2023-09-12,Delivered,upi,99.0
O014107,C04686,2023-08-08,Delivered,upi,40.0
O012427,C04164,2023-12-15,Delivered,upi,99.0
O000322,C00138,2024-10-17,Delivered,COD,99.0
O014731,C04857,2025-06-03,Delivered,Credit Card,0.0
O007702,C02545,2023-11-18,Delivered,upi,99.0
O014901,C04908,2024-05-29,Delivered,upi,99.0
O015787,C05207,2025-04-03,Delivered,COD,40.0
O016935,C05585,2025-08-01,Delivered,COD,40.0
O001772,C00560,2025-05-19,Delivered,COD,60.0
O000625,C00232,2024-09-20,Returned,upi,99.0
O017428,C05745,2024-03-26,Delivered,upi,0.0
O006863,C02272,2024-08-27,delivered,upi,60.0
O015100,C04971,2024-10-06,Cancelled,upi,0.0
O000573,C00211,2024-01-01,Delivered,Credit Card,60.0
O016742,C05525,2024-03-27,Delivered,upi,40.0
O016508,C05431,2024-11-18,delivered,Net Banking,60.0
O009488,C03109,2023-09-23,Delivered,COD,99.0
O016606,C05473,2025-02-19,Returned,upi,99.0
O003648,C01192,2024-08-08,Delivered,COD,40.0
O001961,C00609,2024-03-13,Delivered,upi,99.0
O011280,C03757,2025-03-23,Delivered,upi,99.0
O012439,C04166,2024-04-08,Delivered,upi,99.0
O013080,C04354,2024-08-24,Returned,Net Banking,0.0
O001588,C00500,2024-05-23,Delivered,NET BANKING,40.0
O011638,C03879,2024-03-06,Delivered,Net Banking,0.0
O011569,C03866,2023-10-12,Delivered,COD,0.0
O001061,C00369,2025-05-01,Delivered,upi,60.0
O008407,C02791,2025-05-26,Delivered,Debit Card,99.0
O002309,C00737,2024-09-21,Delivered,Credit Card,0.0
O015131,C04982,2023-08-13,Delivered,Net Banking,99.0
O000997,C00357,2024-04-30,Delivered,Credit Card,0.0
O005863,C01950,2024-02-15,Delivered,DEBIT CARD,0.0
O006162,C02041,2024-04-27,Delivered,Net Banking,0.0
O012858,C04285,2025-01-23,Delivered,COD,0.0
O000475,C00182,2024-06-27,Delivered,Debit Card,0.0
O010115,C03330,2025-04-20,Delivered,upi,0.0
O017593,C05808,2025-02-12,Delivered,Net Banking,99.0
O010968,C03640,2024-12-02,Returned,upi,40.0
O017971,C05905,2024-12-29,delivered,upi,99.0
O008066,C02654,2023-12-07,Delivered,Credit Card,40.0
O012703,C04234,2024-06-07,Delivered,COD,60.0
O012321,C04140,2024-08-04,Delivered,Debit Card,0.0
O005011,C01673,2024-01-14,Delivered,upi,60.0
O012300,C04134,2024-10-05,Returned,upi,40.0
O008480,C02811,2024-01-21,Delivered,COD,0.0
O014588,C04812,2024-02-09,Delivered,upi,99.0
O008761,C02898,2024-10-05,Delivered,upi,60.0
O007088,C02375,2023-01-22,Delivered,Net Banking,60.0
O011471,C03843,2023-08-07,Delivered,upi,99.0
O005326,C01771,2023-01-24,Delivered,Debit Card,99.0
O003633,C01186,2025-04-14,Returned,upi,99.0
O003812,C01248,2024-08-26,Returned,COD,0.0
O016369,C05398,2025-09-15,Delivered,Credit Card,60.0
O005433,C01807,2024-12-03,Delivered,Debit Card,0.0
O014386,C04759,2025-08-31,Delivered,upi,0.0
O012197,C04110,2025-02-03,Delivered,Debit Card,0.0
O003901,C01278,2025-08-07,Delivered,Debit Card,99.0
O013666,C04536,2025-03-06,Delivered,CREDIT CARD,60.0
O004759,C01581,2024-02-16,Delivered,Credit Card,40.0
O005338,C01775,2023-11-12,Delivered,Net Banking,40.0
O006670,C02213,2023-05-10,Delivered,upi,40.0
O001992,C00610,2023-09-27,Delivered,COD,0.0
O012274,C04128,2024-05-02,Delivered,COD,60.0
O017359,C05722,2025-08-23,Delivered,upi,40.0
O004891,C01635,2025-02-12,Delivered,upi,0.0
O003737,C01227,2024-05-29,Delivered,upi,40.0
O011443,C03828,2025-09-28,Delivered,upi,0.0
O017155,C05658,2025-08-10,Delivered,upi,0.0
O006073,C02022,2025-01-14,Delivered,Debit Card,0.0
O016000,C05263,2023-05-10,Delivered,upi,40.0
O000268,C00119,2025-09-04,Delivered,Credit Card,99.0
O008746,C02890,2025-06-05,Delivered,upi,0.0
O002447,C00780,2023-11-05,Delivered,upi,0.0
O016907,C05572,2025-05-08,Delivered,CREDIT CARD,0.0
O001077,C00374,2023-10-30,Delivered,upi,60.0
O010444,C03459,2024-10-01,Delivered,COD,40.0
O002364,C00756,2024-10-15,Delivered,Credit Card,0.0
O018163,C05965,2024-03-25,Delivered,upi,40.0
O001939,C00597,2025-05-10,Delivered,Debit Card,0.0
O003219,C01026,2024-03-07,Delivered,COD,40.0
O016116,C05306,2024-06-17,Delivered,upi,99.0
O016536,C05447,2025-08-01,Delivered,upi,40.0
O010310,C03416,2024-07-23,Returned,Debit Card,60.0
O014363,C04755,2025-05-09,Delivered,Credit Card,40.0
O005532,C01830,2023-08-20,Delivered,COD,99.0
O016125,C05310,2024-04-29,Delivered,Debit Card,0.0
O005410,C01799,2025-03-19,Delivered,upi,40.0
O012643,C04224,2025-06-09,Delivered,Net Banking,40.0
O017951,C05899,2024-04-24,Delivered,Credit Card,40.0
O012056,C04059,2023-02-25,Delivered,upi,99.0
O005907,C01952,2025-08-30,Delivered,Net Banking,0.0
O012386,C04157,2023-12-26,Delivered,COD,0.0
O014454,C04784,2023-11-10,Delivered,UPI,99.0
O004342,C01439,2024-12-22,Returned,upi,40.0
O012118,C04077,2024-01-10,Delivered,Debit Card,60.0
O017492,C05766,2025-05-13,Delivered,Net Banking,0.0
O002983,C00935,2025-06-18,Delivered,upi,0.0
O017126,C05641,2024-12-12,Delivered,COD,99.0
O009464,C03102,2024-11-20,Delivered,upi,0.0
O003179,C01009,2024-09-16,Delivered,,99.0
O010258,C03396,2024-11-16,Delivered,upi,0.0
O016163,C05327,2025-03-01,Delivered,Debit Card,99.0
O003034,C00965,2023-09-21,Delivered,Debit Card,0.0
O005300,C01758,2023-08-08,Delivered,upi,99.0
O009502,C03110,2023-08-04,Delivered,Credit Card,40.0
O015397,C05072,2024-10-11,Delivered,upi,0.0
O017033,C05610,2023-03-13,Delivered,Credit Card,60.0
O013378,C04453,2023-11-24,Delivered,Credit Card,99.0
O012441,C04166,2024-06-26,Delivered,Net Banking,40.0
O005512,C01827,2025-02-11,Delivered,DEBIT CARD,0.0
O018241,C05990,2025-03-06,delivered,Debit Card,99.0
O012494,C04183,2025-02-20,Delivered,DEBIT CARD,0.0
O013660,C04536,2024-04-21,delivered,upi,0.0
O013083,C04355,2024-09-09,Delivered,COD,40.0
O013189,C04389,2024-09-21,Delivered,upi,99.0
O017546,C05786,2024-03-03,Delivered,Credit Card,0.0
O007263,C02427,2023-11-06,Delivered,upi,60.0
O008977,C02956,2023-02-27,Delivered,Debit Card,0.0
O006443,C02131,2024-04-15,Delivered,upi,40.0
O006848,C02265,2025-02-08,Cancelled,COD,99.0
O007634,C02527,2025-02-07,Delivered,Credit Card,40.0
O016507,C05431,2024-04-02,Delivered,Credit Card,99.0
O016661,C05492,2024-06-13,Delivered,Credit Card,40.0
O009631,C03155,2025-01-23,Delivered,Net Banking,99.0
O002707,C00858,2024-10-16,delivered,upi,0.0
O017985,C05909,2024-06-04,Delivered,Debit Card,99.0
O017954,C05899,2024-08-09,Delivered,Credit Card,99.0
O002308,C00737,2024-05-11,Delivered,Net Banking,0.0
O008983,C02956,2023-11-20,Delivered,Credit Card,99.0
O008822,C02921,2024-03-06,Delivered,Debit Card,99.0
O004542,C01531,2025-07-13,Delivered,upi,0.0
O005143,C01708,2023-03-17,Delivered,Credit Card,0.0
O005350,C01779,2023-12-20,delivered,Debit Card,0.0
O007182,C02392,2025-03-13,Delivered,UPI,40.0
O011268,C03751,2024-09-25,Cancelled,upi,60.0
O004645,C01552,2024-03-31,Delivered,upi,0.0
O004265,C01413,2024-07-28,Delivered,Debit Card,60.0
O002488,C00786,2025-09-03,Delivered,COD,0.0
O014274,C04720,2024-11-06,Delivered,COD,0.0
O010173,C03354,2025-05-31,Delivered,Debit Card,99.0
O002425,C00774,2025-09-22,Cancelled,Credit Card,99.0
O003667,C01199,2024-05-12,Delivered,Credit Card,99.0
O009609,C03151,2023-07-09,Delivered,upi,60.0
O015142,C04987,2025-08-17,Delivered,Credit Card,99.0
O002753,C00873,2024-03-04,Delivered,upi,0.0
O007021,C02345,2024-04-17,Delivered,upi,99.0
O012802,C04263,2025-06-11,Delivered,Net Banking,99.0
O005182,C01720,2024-03-15,Delivered,Debit Card,60.0
O016006,C05263,2023-12-21,Delivered,Debit Card,60.0
O007018,C02344,2025-01-17,Delivered,Credit Card,99.0
O005366,C01782,2024-04-19,Cancelled,COD,0.0
O002955,C00926,2024-09-16,Delivered,upi,0.0
O017854,C05871,2023-12-30,Returned,upi,0.0
O009202,C03017,2024-04-06,Delivered,COD,0.0
O003243,C01027,2024-07-01,Delivered,Debit Card,0.0
O011398,C03810,2024-07-11,Delivered,COD,40.0
O010288,C03409,2025-09-13,Delivered,COD,0.0
O018233,C05987,2025-06-14,Delivered,Credit Card,60.0
O012011,C04036,2023-02-27,Delivered,upi,0.0
O013222,C04398,2024-07-28,Delivered,Debit Card,99.0
O013943,C04636,2025-07-10,Delivered,COD,99.0
O011673,C03897,2025-04-04,Delivered,Debit Card,99.0
O018031,C05928,2025-04-19,Delivered,Credit Card,0.0
O005169,C01712,2025-05-05,Delivered,upi,60.0
O010435,C03453,2025-04-13,Delivered,COD,40.0
O010899,C03622,2023-10-23,Delivered,COD,0.0
O009200,C03017,2024-02-29,Delivered,upi,0.0
O004809,C01596,2023-06-13,delivered,Debit Card,40.0
O007066,C02366,2024-12-24,Delivered,upi,0.0
O004439,C01478,2024-08-23,Delivered,COD,40.0
O014773,C04868,2025-06-26,delivered,Debit Card,0.0
O007753,C02552,2024-07-13,Returned,Debit Card,60.0
O016510,C05432,2023-11-12,Delivered,Credit Card,60.0
O007827,C02567,2025-02-16,Delivered,upi,60.0
O002209,C00697,2025-08-25,Delivered,upi,0.0
O013175,C04386,2024-09-14,Delivered,upi,40.0
O017648,C05820,2025-01-20,Delivered,upi,99.0
O012484,C04177,2023-05-13,Delivered,Debit Card,0.0
O006141,C02041,2023-06-19,Delivered,COD,0.0
O017876,C05875,2023-10-09,Delivered,Credit Card,99.0
O004473,C01499,2023-08-15,Returned,upi,99.0
O014289,C04722,2025-01-11,Delivered,Credit Card,0.0
O013502,C04494,2024-06-04,Delivered,Debit Card,99.0
O008056,C02650,2025-01-14,Delivered,,0.0
O014909,C04912,2025-06-12,Delivered,upi,0.0
O012808,C04265,2023-09-16,Delivered,COD,99.0
O011510,C03843,2025-04-19,Delivered,Debit Card,60.0
O007190,C02397,2023-05-07,cancelled,upi,0.0
O007023,C02346,2024-09-26,Delivered,upi,40.0
O003959,C01303,2024-01-06,delivered,upi,0.0
O006232,C02046,2025-07-07,Delivered,upi,40.0
O015903,C05234,2025-08-08,Delivered,COD,99.0
O007343,C02455,2025-07-18,Delivered,Credit Card,0.0
O005758,C01905,2024-05-20,Delivered,Credit Card,99.0
O002233,C00702,2025-09-16,delivered,COD,40.0
O009459,C03102,2024-08-12,Delivered,Debit Card,60.0
O010123,C03331,2025-05-06,Delivered,upi,40.0
O001792,C00568,2025-07-18,Delivered,upi,40.0
O002902,C00909,2024-05-24,Delivered,upi,99.0
O005876,C01952,2023-10-28,Delivered,upi,99.0
O007571,C02519,2024-08-01,Returned,COD,0.0
O006028,C02002,2023-04-09,Delivered,upi,60.0
O005069,C01690,2024-06-07,Returned,upi,0.0
O011656,C03887,2025-09-15,Delivered,upi,60.0
O001185,C00394,2025-05-17,Delivered,Debit Card,60.0
O007180,C02392,2024-10-24,Delivered,upi,0.0
O017560,C05791,2024-02-19,Delivered,upi,0.0
O008354,C02771,2025-07-05,Delivered,Credit Card,99.0
O010320,C03420,2024-05-14,Delivered,upi,99.0
O009492,C03109,2024-01-02,Delivered,COD,60.0
O009231,C03028,2023-08-20,Delivered,COD,0.0
O013185,C04388,2025-07-27,Delivered,COD,40.0
O000015,C00007,2024-11-25,Returned,upi,0.0
O014373,C04759,2023-07-30,Delivered,Debit Card,99.0
O017357,C05722,2025-08-08,Delivered,upi,40.0
O003217,C01025,2025-02-15,Returned,upi,99.0
O014319,C04735,2024-03-16,Delivered,Debit Card,0.0
O011123,C03684,2024-12-27,Delivered,upi,0.0
O018142,C05958,2024-08-25,Delivered,Debit Card,60.0
O002850,C00900,2024-04-10,Delivered,Debit Card,60.0
O015710,C05173,2023-09-26,Delivered,Debit Card,60.0
O016002,C05263,2023-07-16,Delivered,Credit Card,99.0
O013922,C04628,2023-04-14,Delivered,Debit Card,60.0
O006854,C02267,2025-07-15,Delivered,upi,99.0
O003251,C01029,2024-06-03,Delivered,Debit Card,0.0
O015422,C05085,2025-08-21,Delivered,upi,40.0
O008526,C02821,2025-05-27,Delivered,upi,60.0
O014741,C04859,2024-01-04,Delivered,upi,60.0
O012242,C04123,2023-09-30,Delivered,COD,0.0
O013697,C04544,2025-07-29,Delivered,upi,0.0
O013022,C04330,2025-04-10,Delivered,upi,40.0
O002095,C00646,2025-08-03,Delivered,Debit Card,0.0
O013966,C04641,2025-07-05,Delivered,upi,40.0
O010337,C03423,2024-09-03,Delivered,COD,0.0
O000517,C00194,2024-11-08,Delivered,Debit Card,0.0
O005609,C01857,2024-10-28,Delivered,CREDIT CARD,40.0
O002610,C00827,2025-08-02,Delivered,UPI,40.0
O017936,C05898,2023-11-22,Delivered,Net Banking,60.0
O017918,C05890,2024-10-29,Delivered,Credit Card,40.0
O006179,C02041,2024-11-30,Delivered,UPI,60.0
O004883,C01630,2025-09-13,Delivered,upi,40.0
O004053,C01330,2025-05-03,Returned,upi,60.0
O002606,C00827,2025-01-12,Delivered,Net Banking,0.0
O013741,C04559,2025-08-22,Delivered,Debit Card,0.0
O007680,C02540,2024-10-18,Returned,COD,99.0
O005411,C01799,2025-05-01,Delivered,COD,60.0
O013015,C04329,2025-04-20,Delivered,upi,60.0
O018227,C05986,2025-05-08,Delivered,Debit Card,0.0
O000911,C00337,2023-12-17,Returned,,40.0
O001125,C00390,2025-03-06,Delivered,upi,60.0
O014271,C04720,2024-10-09,Delivered,Debit Card,60.0
O014833,C04887,2025-04-19,Delivered,upi,60.0
O016828,C05551,2023-11-20,Delivered,UPI,40.0
O010169,C03354,2024-02-05,Delivered,upi,0.0
O009214,C03022,2024-02-08,Delivered,upi,60.0
O010606,C03520,2024-09-27,delivered,upi,99.0
O012518,C04186,2025-07-29,Delivered,upi,0.0
O003933,C01296,2025-02-16,Returned,COD,60.0
O002782,C00876,2024-09-27,cancelled,COD,99.0
O007641,C02530,2023-12-11,Delivered,Credit Card,99.0
O016549,C05457,2024-08-19,delivered,upi,0.0
O015679,C05168,2024-10-29,Delivered,Credit Card,99.0
O010605,C03520,2024-03-23,Delivered,Debit Card,0.0
O000140,C00072,2024-10-14,Delivered,Net Banking,99.0
O001905,C00592,2024-06-15,Delivered,Credit Card,60.0
O017966,C05903,2025-08-29,Delivered,COD,0.0
O003063,C00972,2025-01-22,Delivered,Debit Card,0.0
O013069,C04352,2025-01-04,Delivered,upi,0.0
O000533,C00201,2023-11-18,Returned,Credit Card,0.0
O012352,C04144,2024-10-15,Delivered,Net Banking,0.0
O010044,C03308,2025-03-20,Delivered,Debit Card,0.0
O009220,C03024,2025-05-19,Delivered,Net Banking,40.0
O013248,C04407,2024-07-17,Delivered,COD,0.0
O013564,C04505,2023-08-29,Delivered,Net Banking,60.0
O017157,C05660,2023-08-07,Delivered,Net Banking,40.0
O003694,C01208,2024-06-23,Delivered,Credit Card,40.0
O016903,C05572,2024-12-10,Delivered,Credit Card,60.0
O013693,C04543,2023-08-16,Delivered,upi,99.0
O000010,C00005,2024-11-29,Delivered,DEBIT CARD,40.0
O006139,C02041,2023-06-10,Delivered,COD,0.0
O010141,C03340,2024-08-11,Delivered,upi,0.0
O015134,C04983,2025-06-26,Delivered,,0.0
O014841,C04890,2024-05-10,Delivered,COD,99.0
O002786,C00877,2023-06-29,Delivered,Debit Card,99.0
O002724,C00865,2025-01-24,Delivered,Net Banking,0.0
O015619,C05159,2023-06-03,Delivered,Debit Card,0.0
O007864,C02584,2025-02-23,Delivered,Credit Card,99.0
O008525,C02821,2024-11-28,Returned,Credit Card,60.0
O008398,C02789,2024-07-06,Delivered,upi,99.0
O006491,C02147,2025-08-04,Delivered,upi,0.0
O014323,C04738,2024-11-23,Delivered,Credit Card,0.0
O009413,C03093,2025-03-04,Cancelled,Debit Card,40.0
O003171,C01006,2023-07-09,Delivered,Credit Card,99.0
O015380,C05064,2023-10-10,Delivered,Credit Card,0.0
O013780,C04571,2024-09-29,Delivered,Net Banking,0.0
O008464,C02807,2023-01-26,Delivered,CREDIT CARD,99.0
O014221,C04717,2023-09-14,Delivered,COD,60.0
O012920,C04297,2025-01-07,Delivered,Debit Card,0.0
O002292,C00728,2024-11-30,delivered,Debit Card,40.0
O017879,C05875,2024-11-12,Delivered,upi,0.0
O015094,C04969,2024-11-07,Delivered,Debit Card,0.0
O013762,C04567,2025-09-22,Returned,COD,60.0
O015480,C05107,2023-01-18,Delivered,Debit Card,99.0
O007602,C02526,2023-06-27,Delivered,Debit Card,0.0
O002681,C00846,2025-05-28,Delivered,Net Banking,60.0
O014972,C04922,2025-08-29,Delivered,Net Banking,0.0
O003868,C01267,2023-12-27,Delivered,Debit Card,0.0
O015703,C05170,2025-08-25,Delivered,UPI,0.0
O006930,C02301,2024-05-03,Delivered,Debit Card,0.0
O007436,C02479,2023-07-18,Delivered,upi,0.0
O003387,C01084,2025-05-12,Delivered,Net Banking,99.0
O004331,C01433,2025-07-30,Delivered,upi,60.0
O000441,C00172,2024-06-08,Returned,COD,99.0
O012299,C04134,2024-09-15,Delivered,Credit Card,60.0
O016325,C05378,2024-01-21,Delivered,Net Banking,0.0
O004652,C01554,2023-12-12,Delivered,COD,99.0
O011294,C03762,2025-03-08,Returned,upi,99.0
O017958,C05899,2024-12-28,Delivered,Credit Card,0.0
O010824,C03592,2023-12-11,Returned,upi,40.0
O008036,C02643,2023-04-18,Delivered,upi,0.0
O004502,C01513,2023-11-24,Delivered,Debit Card,0.0
O017380,C05729,2024-05-09,Delivered,COD,40.0
O014624,C04823,2024-09-01,Delivered,Credit Card,0.0
O002864,C00907,2023-06-30,Delivered,Credit Card,0.0
O012027,C04044,2023-08-28,delivered,upi,99.0
O002088,C00642,2025-07-09,Delivered,Credit Card,99.0
O010543,C03505,2025-06-25,Delivered,Debit Card,40.0
O001465,C00464,2024-06-14,Delivered,upi,99.0
O010806,C03585,2024-02-16,Delivered,upi,99.0
O010562,C03509,2024-10-09,Delivered,Credit Card,0.0
O002718,C00864,2024-08-11,Delivered,upi,99.0
O008719,C02883,2025-09-28,Delivered,Credit Card,0.0
O003892,C01274,2024-11-09,delivered,UPI,40.0
O006613,C02186,2025-08-16,Delivered,Debit Card,40.0
O017672,C05828,2024-11-22,Delivered,Net Banking,0.0
O005434,C01808,2023-02-08,Returned,Credit Card,0.0
O000066,C00031,2025-09-26,Delivered,upi,0.0
O014818,C04885,2024-05-31,Delivered,UPI,0.0
O001289,C00419,2024-11-16,Delivered,COD,40.0
O001826,C00577,2023-06-20,Returned,Credit Card,0.0
O004877,C01630,2024-08-30,Delivered,,99.0
O015584,C05145,2024-05-20,Delivered,Net Banking,60.0
O004817,C01599,2024-05-13,delivered,,0.0
O010963,C03640,2024-02-23,Delivered,upi,0.0
O000857,C00322,2025-03-13,Delivered,upi,0.0
O008750,C02892,2023-07-07,Delivered,Credit Card,40.0
O001406,C00445,2025-04-23,cancelled,Credit Card,0.0
O006201,C02046,2023-05-13,Delivered,COD,0.0
O014829,C04885,2025-02-27,Delivered,Credit Card,0.0
O005938,C01969,2024-04-04,delivered,UPI,0.0
O013723,C04553,2023-11-04,Delivered,upi,40.0
O008059,C02650,2025-05-24,Delivered,Credit Card,60.0
O001006,C00358,2024-12-09,Cancelled,Credit Card,40.0
O001228,C00402,2024-12-10,Delivered,Debit Card,60.0
O008187,C02697,2024-12-19,Delivered,Credit Card,99.0
O008428,C02794,2024-09-26,Delivered,upi,0.0
O007759,C02552,2024-11-11,Delivered,Credit Card,60.0
O004631,C01544,2025-05-08,Delivered,upi,99.0
O005781,C01917,2025-01-06,Delivered,Credit Card,40.0
O017902,C05885,2024-08-30,Delivered,COD,99.0
O009213,C03021,2025-09-07,Returned,COD,99.0
O016913,C05576,2024-01-21,Delivered,Debit Card,99.0
O011044,C03664,2023-10-13,Delivered,COD,40.0
O015937,C05250,2024-08-02,Delivered,Net Banking,40.0
O008704,C02878,2025-05-26,Delivered,CREDIT CARD,40.0
O005786,C01920,2023-05-14,Delivered,upi,60.0
O001722,C00548,2025-08-25,Delivered,upi,0.0
O001887,C00592,2023-10-11,Delivered,Debit Card,40.0
O003255,C01031,2025-09-07,delivered,Credit Card,0.0
O016726,C05518,2024-04-22,Returned,Debit Card,60.0
O005895,C01952,2024-10-15,Delivered,Credit Card,60.0
O003857,C01261,2024-01-12,Delivered,Credit Card,0.0
O009341,C03068,2023-08-22,Cancelled,Credit Card,0.0
O014396,C04764,2025-03-23,Cancelled,Credit Card,99.0
O016790,C05542,2024-06-15,Delivered,Credit Card,0.0
O003791,C01240,2025-02-18,Delivered,Debit Card,40.0
O010624,C03530,2025-07-17,Delivered,Credit Card,0.0
O011685,C03902,2024-07-28,Delivered,Credit Card,0.0
O015996,C05262,2025-02-08,Delivered,COD,60.0
O015284,C05037,2024-09-22,Delivered,upi,40.0
O002516,C00797,2025-08-25,Delivered,upi,60.0
O017909,C05888,2025-06-23,Delivered,COD,0.0
O008041,C02643,2024-05-21,Delivered,upi,0.0
O014848,C04893,2024-06-25,Delivered,COD,60.0
O001744,C00553,2025-01-20,Delivered,upi,99.0
O016985,C05598,2024-11-07,Delivered,upi,0.0
O012895,C04292,2023-03-20,Delivered,Credit Card,99.0
O000497,C00192,2024-11-12,Delivered,COD,0.0
O000638,C00237,2025-07-26,Delivered,upi,60.0
O009524,C03115,2024-08-17,Delivered,Net Banking,60.0
O003582,C01159,2025-02-20,Delivered,Debit Card,40.0
O017844,C05868,2025-09-08,Delivered,COD,40.0
O009841,C03257,2024-01-27,Delivered,Credit Card,40.0
O009374,C03081,2024-12-10,delivered,upi,0.0
O003130,C00993,2023-10-23,Delivered,upi,99.0
O010016,C03303,2024-11-28,Delivered,Credit Card,60.0
O017114,C05633,2025-06-27,Delivered,Credit Card,0.0
O001770,C00560,2025-03-24,Delivered,Debit Card,0.0
O005852,C01945,2025-01-24,Delivered,COD,40.0
O010067,C03313,2023-09-29,Delivered,upi,0.0
O005442,C01811,2025-07-09,Delivered,Credit Card,99.0
O011220,C03731,2025-01-22,Delivered,COD,0.0
O000511,C00193,2025-09-13,Delivered,Net Banking,60.0
O018130,C05950,2025-09-23,Delivered,,99.0
O002062,C00631,2024-09-28,Delivered,Credit Card,99.0
O016786,C05542,2023-07-03,Delivered,upi,60.0
O012223,C04120,2025-09-26,Delivered,Net Banking,0.0
O007320,C02448,2024-05-15,Delivered,Net Banking,99.0
O005329,C01771,2023-12-02,Delivered,Debit Card,0.0
O008649,C02864,2025-07-16,Delivered,Credit Card,0.0
O001809,C00575,2024-03-01,Delivered,NET BANKING,40.0
O007679,C02540,2024-02-25,Delivered,Debit Card,40.0
O016254,C05360,2025-07-21,Delivered,upi,99.0
O001389,C00434,2023-12-11,Delivered,upi,0.0
O000757,C00289,2023-11-17,Delivered,Debit Card,0.0
O012356,C04146,2025-02-09,delivered,upi,99.0
O014620,C04823,2024-06-21,Delivered,Debit Card,40.0
O015148,C04989,2023-12-27,Delivered,COD,60.0
O009258,C03031,2025-07-23,Delivered,upi,40.0
O007473,C02496,2024-04-13,Delivered,Debit Card,0.0
O001266,C00415,2024-05-31,delivered,Credit Card,40.0
O016568,C05462,2025-02-21,Delivered,Credit Card,0.0
O001820,C00575,2025-04-11,Delivered,upi,0.0
O008884,C02927,2025-08-20,Delivered,upi,0.0
O011032,C03661,2025-07-29,Delivered,upi,0.0
O017705,C05835,2025-08-21,Delivered,upi,0.0
O011782,C03950,2024-11-10,Delivered,Debit Card,0.0
O005907,C01952,2025-08-30,Delivered,Net Banking,0.0
O003634,C01187,2024-02-27,Delivered,Debit Card,40.0
O008694,C02875,2025-09-19,delivered,COD,40.0
O006265,C02054,2025-08-09,Delivered,CREDIT CARD,40.0
O006981,C02330,2024-07-19,Delivered,Debit Card,99.0
O007983,C02620,2024-11-25,Delivered,upi,60.0
O007988,C02622,2024-10-06,Delivered,upi,0.0
O007540,C02516,2024-11-25,Delivered,Debit Card,99.0
O000388,C00153,2024-10-15,Returned,upi,60.0
O013327,C04437,2025-01-25,Delivered,Credit Card,99.0
O005118,C01698,2025-04-18,Returned,COD,60.0
O008057,C02650,2025-04-02,Delivered,upi,99.0
O015030,C04950,2024-12-23,Delivered,Debit Card,0.0
O017697,C05835,2025-04-22,Delivered,COD,60.0
O018037,C05931,2023-03-28,Delivered,Credit Card,0.0
O010845,C03599,2024-07-05,Delivered,upi,60.0
O018232,C05987,2025-01-12,Delivered,Credit Card,0.0
O015233,C05016,2025-08-26,Delivered,upi,60.0
O009701,C03188,2023-07-19,Returned,upi,40.0
O008403,C02791,2025-02-02,Delivered,COD,0.0
O012030,C04047,2023-10-11,Delivered,upi,99.0
O017795,C05851,2025-05-26,Delivered,upi,0.0
O006178,C02041,2024-11-27,Delivered,COD,60.0
O006480,C02142,2024-04-20,Delivered,Credit Card,60.0
O015431,C05087,2025-07-29,Delivered,Credit Card,0.0
O008929,C02936,2024-10-14,Delivered,Credit Card,99.0
O007467,C02493,2025-09-02,Delivered,Credit Card,0.0
O008575,C02841,2025-05-27,Cancelled,Debit Card,60.0
O013107,C04363,2023-11-04,Delivered,Net Banking,40.0
O002842,C00900,2023-06-12,Delivered,COD,0.0
O012215,C04118,2024-10-31,Delivered,UPI,0.0
O004164,C01377,2023-02-20,Delivered,upi,0.0
O016528,C05443,2025-06-13,Delivered,upi,99.0
O003623,C01180,2025-03-22,Delivered,Credit Card,0.0
O008130,C02677,2024-05-18,Delivered,Credit Card,99.0
O000904,C00337,2023-09-07,Delivered,Net Banking,40.0
O007662,C02532,2025-04-14,Delivered,upi,40.0
O002975,C00932,2024-07-24,Delivered,Debit Card,60.0
O009527,C03115,2025-03-01,Returned,upi,99.0
O015934,C05250,2023-04-29,Delivered,upi,99.0
O014569,C04810,2023-12-31,Delivered,Debit Card,99.0
O015406,C05075,2025-02-07,Delivered,upi,40.0
O016119,C05306,2025-03-01,Returned,upi,40.0
O003157,C01000,2025-05-28,Delivered,COD,60.0
O007441,C02483,2024-07-29,Delivered,upi,60.0
O010226,C03383,2025-09-21,Delivered,COD,99.0
O008412,C02794,2023-06-02,Delivered,Net Banking,0.0
O005765,C01907,2025-05-19,Delivered,COD,60.0
O017014,C05602,2023-12-04,Delivered,COD,40.0
O004189,C01385,2023-02-08,Delivered,upi,60.0
O004685,C01558,2025-03-31,Delivered,upi,0.0
O015741,C05183,2024-10-10,Delivered,Net Banking,0.0
O001625,C00511,2023-10-04,Delivered,upi,40.0
O014831,C04887,2025-04-05,Delivered,upi,0.0
O013672,C04536,2025-06-10,Returned,upi,0.0
O007051,C02359,2024-05-29,Delivered,upi,0.0
O006100,C02029,2024-02-03,delivered,Credit Card,0.0
O013738,C04559,2023-12-06,Delivered,upi,40.0
O007082,C02372,2023-11-06,Delivered,upi,0.0
O009137,C03007,2023-03-20,Delivered,Credit Card,0.0
O016709,C05513,2025-08-05,Delivered,upi,60.0
O007499,C02503,2024-12-07,Cancelled,UPI,60.0
O014292,C04723,2024-12-06,Delivered,COD,40.0
O002594,C00824,2024-10-26,Delivered,upi,99.0
O016807,C05544,2023-09-06,Returned,upi,99.0
O010539,C03505,2024-07-13,Delivered,Debit Card,0.0
O007776,C02554,2023-12-21,Delivered,Credit Card,60.0
O001863,C00587,2024-06-02,Delivered,Debit Card,40.0
O011581,C03866,2024-10-24,Delivered,upi,0.0
O005653,C01873,2023-09-30,Delivered,upi,99.0
O013828,C04581,2024-08-15,Delivered,Debit Card,0.0
O011841,C03972,2025-06-17,Returned,upi,0.0
O002621,C00829,2024-03-22,Delivered,COD,99.0
O016691,C05509,2023-02-07,Delivered,COD,40.0
O016189,C05335,2025-03-25,Delivered,Credit Card,40.0
O002633,C00831,2025-04-20,Delivered,upi,40.0
O008420,C02794,2023-10-18,Cancelled,upi,0.0
O014330,C04739,2024-11-23,delivered,COD,99.0
O001585,C00498,2025-04-14,Delivered,COD,60.0
O015322,C05050,2025-05-23,Delivered,Debit Card,0.0
O018179,C05970,2023-08-03,Returned,Credit Card,60.0
O005007,C01671,2025-04-07,Delivered,COD,0.0
O011960,C04021,2025-03-17,Delivered,Debit Card,0.0
O009193,C03013,2024-10-10,Delivered,Credit Card,99.0
O004657,C01555,2024-08-03,Delivered,upi,0.0
O011961,C04021,2025-09-15,Delivered,upi,0.0
O018251,C05995,2023-08-25,delivered,Net Banking,99.0
O014521,C04802,2025-07-05,Delivered,UPI,40.0
O002427,C00775,2024-02-17,Delivered,Credit Card,0.0
O017631,C05816,2025-08-11,Delivered,upi,0.0
O005854,C01945,2025-04-28,Delivered,COD,40.0
O009534,C03116,2025-04-18,Delivered,upi,40.0
O006329,C02080,2024-06-23,Returned,upi,60.0
O001688,C00536,2024-11-08,Delivered,Credit Card,60.0
O009603,C03148,2025-02-05,Delivered,upi,40.0
O014351,C04747,2024-05-19,Delivered,upi,0.0
O001084,C00379,2023-03-23,Delivered,upi,99.0
O012459,C04169,2025-06-18,Delivered,upi,99.0
O006205,C02046,2023-11-13,Delivered,Net Banking,0.0
O005265,C01747,2024-11-29,Delivered,COD,0.0
O013829,C04582,2024-03-05,Delivered,Net Banking,60.0
O008960,C02949,2024-10-13,delivered,upi,60.0
O000303,C00132,2024-01-06,Delivered,upi,0.0
O017444,C05747,2024-07-20,Delivered,upi,0.0
O001463,C00464,2024-04-23,Returned,Net Banking,40.0
O000070,C00034,2024-06-11,Delivered,upi,40.0
O010118,C03330,2025-07-07,Delivered,Debit Card,0.0
O009222,C03025,2023-07-11,Delivered,upi,99.0
O003423,C01094,2024-09-19,Returned,Credit Card,99.0
O000330,C00139,2024-11-15,Delivered,Debit Card,60.0
O008179,C02696,2024-12-12,Delivered,Credit Card,60.0
O001923,C00594,2024-02-22,Returned,Debit Card,99.0
O015214,C05014,2024-12-15,Delivered,upi,0.0
O005508,C01825,2025-09-18,delivered,Net Banking,0.0
O017377,C05729,2024-01-29,Delivered,upi,40.0
O014794,C04879,2023-06-06,Delivered,COD,0.0
O001324,C00427,2024-03-14,Delivered,Credit Card,0.0
O011730,C03926,2025-03-21,Cancelled,COD,60.0
O006046,C02006,2025-02-01,Delivered,Debit Card,99.0
O010494,C03480,2023-08-22,Cancelled,Credit Card,40.0
O005586,C01845,2023-12-28,Delivered,upi,0.0
O003430,C01097,2024-05-05,Returned,COD,40.0
O013034,C04336,2025-06-15,Delivered,Credit Card,99.0
O017981,C05907,2025-05-22,Delivered,upi,40.0
O007358,C02461,2025-07-18,Delivered,upi,0.0
O011913,C04000,2024-04-08,Delivered,Credit Card,40.0
O003406,C01089,2025-03-17,Delivered,Credit Card,40.0
O015609,C05155,2024-03-29,Delivered,Debit Card,60.0
O001783,C00562,2025-08-12,Delivered,upi,60.0
O010007,C03301,2023-06-18,Delivered,COD,60.0
O018137,C05955,2024-12-11,Delivered,Credit Card,0.0
O011145,C03695,2024-06-06,Delivered,DEBIT CARD,60.0
O014373,C04759,2023-07-30,Delivered,Debit Card,99.0
O003485,C01114,2024-06-13,Delivered,Credit Card,40.0
O009449,C03102,2024-03-12,Delivered,upi,0.0
O009840,C03257,2024-01-14,Delivered,upi,60.0
O010510,C03489,2024-05-19,Delivered,upi,40.0
O016818,C05546,2023-05-06,Returned,Credit Card,99.0
O007829,C02569,2024-09-27,Delivered,Net Banking,0.0
O010574,C03510,2025-06-14,Delivered,COD,0.0
O013403,C04463,2024-06-04,Returned,upi,99.0
O003170,C01005,2024-06-19,Delivered,COD,0.0
O001640,C00517,2025-03-29,Delivered,Net Banking,99.0
O007586,C02522,2025-09-13,Delivered,COD,0.0
O005072,C01692,2025-04-19,Delivered,upi,40.0
O014027,C04657,2024-03-14,Delivered,Credit Card,60.0
O001781,C00562,2025-07-16,Delivered,COD,40.0
O005998,C01996,2023-11-29,Delivered,upi,0.0
O005255,C01744,2025-03-26,Delivered,upi,0.0
O013698,C04544,2025-08-07,Delivered,Credit Card,0.0
O012628,C04219,2025-01-23,Delivered,upi,60.0
O017545,C05786,2023-09-28,Delivered,Credit Card,0.0
O003010,C00953,2023-06-11,Delivered,Debit Card,0.0
O002228,C00702,2024-12-16,Delivered,upi,0.0
O015497,C05115,2023-10-13,Delivered,upi,60.0
O008307,C02755,2024-01-07,Delivered,Credit Card,40.0
O004837,C01609,2025-03-12,Delivered,Credit Card,0.0
O008903,C02934,2024-12-02,Delivered,upi,99.0
O014691,C04848,2025-01-28,Delivered,upi,40.0
O006860,C02269,2025-09-24,Cancelled,upi,40.0
O002935,C00917,2024-02-15,Delivered,upi,40.0
O014727,C04857,2024-09-11,Delivered,Net Banking,0.0
O001308,C00424,2024-04-16,Delivered,Credit Card,99.0
O008674,C02874,2024-05-31,Cancelled,Debit Card,99.0
O014615,C04822,2025-02-04,Delivered,COD,60.0
O007123,C02385,2025-03-18,delivered,COD,60.0
O015435,C05091,2025-02-15,Delivered,Debit Card,0.0
O008133,C02677,2025-06-27,Cancelled,Debit Card,40.0
O017192,C05661,2024-08-08,Delivered,upi,60.0
O005909,C01954,2023-03-02,Delivered,Credit Card,40.0
O010493,C03480,2023-02-18,Delivered,upi,60.0
O004430,C01472,2025-07-10,Delivered,upi,40.0
O000226,C00105,2024-06-26,Delivered,Net Banking,99.0
O001652,C00521,2024-06-19,Delivered,Debit Card,0.0
O016200,C05341,2024-08-03,Delivered,Debit Card,60.0
O009617,C03154,2025-05-21,Delivered,COD,40.0
O006187,C02044,2023-03-10,Delivered,COD,99.0
O008157,C02687,2025-04-11,Delivered,Credit Card,40.0
O011106,C03673,2025-08-04,Returned,COD,0.0
O003591,C01164,2025-03-10,Delivered,COD,60.0
O001175,C00394,2025-01-16,Delivered,upi,60.0
O017537,C05783,2024-07-28,Delivered,upi,60.0
O013191,C04390,2023-11-05,Delivered,upi,40.0
O008120,C02671,2025-02-15,Delivered,Credit Card,0.0
O008547,C02832,2023-08-19,Cancelled,Credit Card,99.0
O004808,C01596,2023-03-21,Delivered,upi,0.0
O016410,C05408,2024-12-26,Delivered,,0.0
O012804,C04264,2024-05-19,Delivered,,40.0
O005368,C01782,2025-08-14,Delivered,Debit Card,40.0
O015253,C05024,2025-09-28,Delivered,upi,40.0
O010490,C03478,2025-05-06,Delivered,Credit Card,0.0
O010236,C03389,2024-10-27,Delivered,Debit Card,60.0
O016975,C05594,2024-09-10,Delivered,COD,0.0
O014944,C04921,2025-07-24,Returned,Debit Card,0.0
O013663,C04536,2024-09-20,Delivered,UPI,0.0
O011996,C04030,2025-04-05,Delivered,Credit Card,0.0
O005683,C01885,2023-03-25,Delivered,upi,0.0
O007508,C02504,2023-04-26,Delivered,upi,0.0
O003566,C01150,2025-04-09,Delivered,Debit Card,40.0
O006801,C02249,2025-06-01,Delivered,upi,40.0
O006473,C02139,2023-08-26,Delivered,upi,99.0
O014256,C04720,2023-09-30,Delivered,upi,60.0
O015690,C05170,2024-07-06,Delivered,upi,99.0
O005083,C01694,2023-09-06,Delivered,upi,0.0
O008875,C02926,2025-03-30,Cancelled,Credit Card,60.0
O000190,C00097,2025-06-30,Returned,upi,99.0
O017806,C05858,2024-08-27,Delivered,COD,40.0
O008978,C02956,2023-03-11,Delivered,COD,0.0
O008956,C02945,2024-06-02,Delivered,Net Banking,99.0
O001823,C00576,2024-10-02,Delivered,COD,40.0
O015981,C05260,2025-07-07,delivered,Debit Card,99.0
O001942,C00599,2023-09-23,Cancelled,Debit Card,99.0
O010086,C03323,2023-10-02,Delivered,Debit Card,99.0
O007494,C02503,2024-10-10,Delivered,COD,40.0
O009485,C03108,2024-10-04,Returned,upi,0.0
O003173,C01006,2025-06-11,delivered,COD,0.0
O015042,C04954,2024-10-07,returned,COD,0.0
O016374,C05401,2025-01-01,delivered,,60.0
O003642,C01188,2023-07-18,Delivered,Net Banking,0.0
O012322,C04140,2024-09-11,Delivered,COD,0.0
O004426,C01470,2023-11-05,Delivered,UPI,99.0
O014339,C04739,2025-09-07,Delivered,Net Banking,40.0
O007737,C02552,2023-06-21,Delivered,upi,40.0
O005029,C01680,2023-12-27,Delivered,Credit Card,0.0
O017544,C05786,2023-07-11,Delivered,upi,0.0
O016948,C05586,2025-07-13,Cancelled,upi,0.0
O014176,C04710,2024-06-16,Delivered,upi,99.0
O002231,C00702,2025-07-04,Returned,Debit Card,0.0
O009579,C03140,2024-10-27,Delivered,Credit Card,0.0
O002761,C00873,2024-10-09,Delivered,Debit Card,99.0
O000704,C00269,2025-09-14,Delivered,COD,60.0
O002157,C00678,2025-03-17,Returned,upi,40.0
O012654,C04229,2024-12-19,Delivered,Debit Card,0.0
O010491,C03478,2025-07-02,Delivered,Debit Card,0.0
O004783,C01592,2023-06-06,Delivered,Net Banking,99.0
O015813,C05213,2025-06-21,Delivered,upi,99.0
O015285,C05037,2024-11-13,Delivered,upi,40.0
O000727,C00278,2024-08-25,Delivered,upi,99.0
O011650,C03885,2024-10-06,Delivered,Debit Card,40.0
O017440,C05747,2024-02-11,Delivered,COD,0.0
O005550,C01833,2025-01-18,Delivered,upi,60.0
O014213,C04716,2024-09-13,Delivered,Debit Card,0.0
O017961,C05901,2023-12-29,Delivered,upi,60.0
O011235,C03737,2024-04-23,Delivered,Credit Card,0.0
O003855,C01260,2025-08-20,Delivered,COD,0.0
O004493,C01508,2025-07-11,Delivered,Net Banking,60.0
O000753,C00287,2025-08-03,Delivered,upi,99.0
O011598,C03866,2025-06-22,Delivered,Credit Card,40.0
O008134,C02678,2025-03-13,Delivered,Credit Card,60.0
O015646,C05159,2025-01-19,Delivered,Debit Card,40.0
O012417,C04163,2024-06-07,Delivered,upi,0.0
O012187,C04106,2023-02-18,Delivered,upi,60.0
O003599,C01166,2025-04-20,Delivered,Credit Card,99.0
O011470,C03843,2023-07-30,Delivered,Debit Card,99.0
O013295,C04426,2025-02-19,Delivered,upi,40.0
O013096,C04361,2024-07-22,Delivered,upi,40.0
O007608,C02526,2023-12-21,Delivered,Credit Card,99.0
O011625,C03874,2023-12-12,Delivered,upi,0.0
O007963,C02614,2023-11-28,Cancelled,upi,99.0
O008845,C02926,2023-11-29,Delivered,Credit Card,99.0
O014334,C04739,2025-03-16,Delivered,Credit Card,0.0
O005990,C01992,2025-01-26,Cancelled,upi,99.0
O009345,C03068,2024-04-20,Delivered,Debit Card,60.0
O016708,C05513,2025-07-18,Delivered,Credit Card,0.0
O000602,C00218,2024-07-02,Delivered,Debit Card,0.0
O015128,C04981,2025-04-06,Delivered,COD,0.0
O002335,C00749,2024-12-30,Delivered,upi,0.0
O004384,C01453,2024-12-15,delivered,upi,0.0
O001760,C00558,2024-06-11,Delivered,Net Banking,40.0
O014702,C04851,2025-06-18,Delivered,upi,99.0
O007304,C02442,2025-09-21,Cancelled,Debit Card,40.0
O016211,C05343,2024-12-30,Delivered,Debit Card,40.0
O016511,C05432,2024-04-21,Delivered,Net Banking,99.0
O016997,C05598,2025-07-20,Delivered,UPI,0.0
O000321,C00138,2024-08-31,Delivered,Net Banking,99.0
O014878,C04900,2023-12-23,Delivered,upi,0.0
O006014,C01998,2023-05-08,Delivered,upi,40.0
O009796,C03234,2024-05-20,Delivered,Net Banking,0.0
O008858,C02926,2024-07-05,Delivered,Net Banking,0.0
O005454,C01814,2024-11-28,Delivered,Debit Card,0.0
O009525,C03115,2024-10-25,Delivered,Credit Card,0.0
O006354,C02092,2025-08-08,Delivered,COD,40.0
O014491,C04794,2024-10-12,Delivered,NET BANKING,0.0
O007332,C02453,2025-01-28,Delivered,COD,60.0
O015326,C05052,2024-05-25,Delivered,Net Banking,60.0
O012491,C04180,2025-06-19,Delivered,upi,60.0
O010931,C03630,2023-10-08,Delivered,Net Banking,0.0
O006708,C02225,2025-05-29,Delivered,Debit Card,0.0
O010059,C03311,2024-02-20,Delivered,upi,60.0
O014781,C04873,2024-04-09,Delivered,Debit Card,0.0
O015560,C05133,2024-10-11,Delivered,Debit Card,40.0
O018094,C05939,2024-10-29,Delivered,UPI,60.0
O008951,C02945,2023-07-02,Delivered,Credit Card,40.0
O016399,C05408,2024-07-02,Delivered,Credit Card,99.0
O003281,C01037,2025-06-14,Delivered,upi,0.0
O002243,C00707,2024-12-22,Delivered,upi,60.0
O002244,C00707,2025-01-06,Delivered,upi,60.0
O006741,C02237,2023-12-06,Delivered,upi,0.0
O012532,C04189,2025-07-16,Delivered,upi,60.0
O015279,C05033,2023-12-18,Delivered,COD,40.0
O006946,C02312,2025-08-02,Delivered,upi,40.0
O014918,C04914,2025-02-21,Returned,upi,0.0
O013156,C04378,2024-10-06,Delivered,upi,60.0
O015645,C05159,2025-01-13,Delivered,COD,60.0
O002238,C00706,2023-12-12,Delivered,upi,60.0
O017741,C05837,2025-01-19,delivered,COD,0.0
O016178,C05332,2025-07-03,Delivered,,40.0
O018060,C05936,2024-04-25,Delivered,upi,60.0
O005956,C01978,2023-04-11,Delivered,COD,40.0
O005415,C01803,2023-06-22,Delivered,CREDIT CARD,40.0
O017787,C05851,2024-08-08,Delivered,NET BANKING,40.0
O012509,C04186,2024-10-14,Delivered,UPI,60.0
O009917,C03267,2024-12-15,Delivered,Credit Card,60.0
O017314,C05709,2025-06-09,Delivered,Debit Card,0.0
O017160,C05660,2025-03-19,Delivered,upi,40.0
O011520,C03847,2023-05-30,Delivered,Net Banking,0.0
O016930,C05582,2023-09-02,Delivered,Net Banking,0.0
O005134,C01705,2024-10-25,Delivered,COD,0.0
O011769,C03946,2024-11-28,Delivered,Credit Card,0.0
O016356,C05394,2025-03-17,delivered,UPI,0.0
O016059,C05281,2023-01-15,Delivered,Net Banking,0.0
O010978,C03643,2023-11-14,Returned,Debit Card,0.0
O006189,C02044,2023-06-14,returned,Debit Card,0.0
O009087,C02990,2025-03-18,Delivered,upi,40.0
O017488,C05764,2025-09-03,Delivered,COD,60.0
O008199,C02703,2025-02-10,Delivered,Net Banking,0.0
O015173,C05000,2025-03-13,Delivered,Credit Card,0.0
O015303,C05044,2024-11-30,delivered,Debit Card,40.0
O000105,C00057,2024-04-25,Delivered,Debit Card,60.0
O017273,C05695,2023-11-14,Delivered,Credit Card,99.0
O003296,C01048,2025-05-30,Delivered,,99.0
O004308,C01421,2025-08-29,Delivered,COD,60.0
O016561,C05458,2024-11-21,Delivered,upi,60.0
O011274,C03755,2025-01-28,Delivered,CREDIT CARD,0.0
O016066,C05284,2025-09-03,Delivered,COD,60.0
O005917,C01959,2024-07-28,Delivered,upi,99.0
O005435,C01808,2023-09-20,Delivered,Debit Card,0.0
O017783,C05851,2024-06-15,Delivered,upi,40.0
O010566,C03509,2025-07-04,Cancelled,COD,40.0
O015908,C05237,2025-01-08,Delivered,Credit Card,0.0
O006359,C02096,2025-03-01,Delivered,upi,40.0
O001489,C00469,2025-09-12,Delivered,Net Banking,0.0
O014181,C04710,2025-02-26,Delivered,upi,60.0
O013158,C04379,2024-08-11,Delivered,upi,0.0
O010966,C03640,2024-08-13,Delivered,upi,0.0
O007371,C02463,2024-08-19,Returned,upi,40.0
O009612,C03153,2025-02-18,Delivered,Debit Card,60.0
O015082,C04965,2023-10-03,Delivered,upi,0.0
O003103,C00986,2023-12-19,Returned,COD,60.0
O012272,C04128,2023-12-21,Delivered,COD,99.0
O015730,C05178,2023-12-05,Delivered,COD,60.0
O017441,C05747,2024-05-19,Returned,,60.0
O009228,C03027,2025-07-10,Returned,Debit Card,99.0
O017474,C05761,2025-04-29,Delivered,upi,0.0
O009946,C03278,2025-04-22,Delivered,CREDIT CARD,99.0
O010043,C03308,2024-09-25,Delivered,COD,0.0
O017781,C05851,2024-04-18,Delivered,COD,0.0
O014196,C04716,2023-05-04,Delivered,Debit Card,0.0
O013993,C04644,2025-06-07,Delivered,upi,99.0
O009881,C03264,2023-12-27,Delivered,Debit Card,0.0
O002912,C00911,2023-07-28,Delivered,,40.0
O014262,C04720,2024-02-28,Delivered,Credit Card,99.0
O002346,C00752,2025-04-11,Delivered,Net Banking,0.0
O012171,C04097,2023-05-18,Delivered,Credit Card,0.0
O007728,C02546,2023-07-10,Delivered,Net Banking,0.0
O008492,C02811,2024-12-01,Delivered,Net Banking,40.0
O014807,C04884,2023-05-05,Delivered,Credit Card,0.0
O010188,C03361,2023-10-11,Returned,upi,40.0
O016617,C05481,2024-04-26,Delivered,upi,99.0
O011105,C03673,2025-01-10,Delivered,Credit Card,60.0
O001096,C00383,2024-01-26,Delivered,Credit Card,60.0
O014905,C04908,2025-03-18,Delivered,CREDIT CARD,99.0
O002199,C00697,2024-08-21,Returned,Debit Card,99.0
O009134,C03006,2025-01-23,Delivered,Credit Card,0.0
O017559,C05790,2025-01-22,Delivered,Debit Card,60.0
O002475,C00783,2024-12-25,Delivered,Credit Card,0.0
O009708,C03189,2024-10-09,Delivered,Net Banking,40.0
O015348,C05056,2023-03-31,Delivered,UPI,0.0
O009925,C03269,2024-11-12,Delivered,Debit Card,0.0
O002834,C00896,2023-07-12,Delivered,COD,40.0
O006103,C02031,2024-12-01,Cancelled,upi,60.0
O005763,C01907,2025-04-28,Delivered,upi,0.0
O004334,C01436,2024-07-03,Delivered,Debit Card,40.0
O010567,C03509,2025-07-21,Delivered,upi,60.0
O009630,C03155,2025-01-21,Delivered,CREDIT CARD,99.0
O013770,C04571,2024-02-24,Delivered,Debit Card,60.0
O003530,C01137,2024-06-22,Delivered,Debit Card,99.0
O011573,C03866,2024-02-21,Delivered,upi,0.0
O015048,C04954,2025-04-22,Delivered,upi,99.0
O003746,C01230,2025-05-14,delivered,COD,60.0
O015668,C05167,2023-06-22,Delivered,upi,0.0
O017222,C05669,2025-02-15,Delivered,upi,40.0
O001385,C00433,2025-08-04,Delivered,upi,0.0
O007498,C02503,2024-11-28,Delivered,upi,0.0
O006532,C02161,2024-02-16,Returned,upi,0.0
O003670,C01200,2023-09-18,Delivered,Debit Card,60.0
O015533,C05128,2023-04-24,Returned,upi,0.0
O001404,C00443,2025-06-19,Cancelled,Debit Card,60.0
O018226,C05986,2025-03-14,Delivered,upi,99.0
O007886,C02588,2025-08-06,delivered,Credit Card,60.0
O017822,C05864,2025-04-16,Delivered,COD,0.0
O012545,C04195,2024-04-06,Delivered,upi,60.0
O001133,C00391,2023-12-25,Delivered,COD,99.0
O000752,C00286,2025-04-10,Delivered,Debit Card,40.0
O001330,C00427,2024-06-08,Delivered,Debit Card,0.0
O018240,C05990,2024-12-07,Delivered,COD,0.0
O013126,C04366,2024-04-20,Delivered,DEBIT CARD,0.0
O005818,C01935,2025-06-18,Delivered,Debit Card,0.0
O005866,C01951,2024-01-21,Returned,COD,0.0
O007471,C02496,2023-04-14,Delivered,Net Banking,40.0
O008808,C02916,2024-04-25,Delivered,Credit Card,0.0
O006200,C02046,2023-05-08,Returned,Credit Card,99.0
O014997,C04937,2025-08-12,Delivered,upi,60.0
O003836,C01254,2024-04-28,Delivered,Net Banking,40.0
O009581,C03142,2025-03-27,Delivered,Debit Card,0.0
O013925,C04628,2025-05-24,delivered,Credit Card,60.0
O005821,C01937,2024-12-26,Delivered,Net Banking,40.0
O009105,C02996,2024-09-09,delivered,CREDIT CARD,0.0
O011226,C03732,2024-09-20,Delivered,Debit Card,60.0
O012220,C04119,2024-02-15,Delivered,COD,99.0
O008259,C02730,2025-09-22,Delivered,upi,0.0
O006648,C02202,2025-06-25,Delivered,upi,0.0
O011887,C03994,2024-01-10,Delivered,UPI,40.0
O016961,C05592,2024-10-06,Delivered,Credit Card,60.0
O002876,C00907,2024-12-12,Delivered,Credit Card,99.0
O009920,C03268,2024-03-23,Delivered,Net Banking,60.0
O005277,C01749,2024-10-28,Delivered,COD,40.0
O015428,C05087,2024-09-15,Delivered,upi,99.0
O004453,C01488,2025-09-10,Delivered,COD,40.0
O009676,C03175,2024-10-04,Delivered,Net Banking,40.0
O013831,C04583,2025-09-05,delivered,upi,0.0
O005564,C01833,2025-09-17,Returned,COD,60.0
O013948,C04638,2024-11-17,Delivered,Debit Card,60.0
O018132,C05952,2025-04-05,Delivered,Net Banking,99.0
O004464,C01492,2024-06-12,Delivered,Debit Card,60.0
O007453,C02490,2025-05-20,Delivered,COD,99.0
O007502,C02503,2025-04-23,Returned,upi,40.0
O009657,C03163,2024-10-20,Delivered,Credit Card,60.0
O012456,C04166,2025-07-09,Cancelled,upi,60.0
O006883,C02277,2025-06-03,Delivered,upi,0.0
O003509,C01126,2023-09-22,Delivered,upi,99.0
O006494,C02149,2024-08-05,Delivered,upi,40.0
O016693,C05511,2023-03-09,Delivered,Debit Card,0.0
O006031,C02004,2025-08-07,delivered,COD,0.0
O010720,C03560,2024-09-08,Delivered,Credit Card,40.0
O006360,C02097,2025-09-06,Delivered,COD,0.0
O004990,C01666,2025-02-02,Delivered,CREDIT CARD,0.0
O014903,C04908,2024-07-28,Delivered,upi,60.0
O005356,C01779,2024-10-20,Delivered,COD,99.0
O017637,C05819,2024-09-16,Delivered,upi,40.0
O003014,C00953,2024-03-14,Delivered,upi,60.0
O008366,C02773,2025-09-17,Delivered,upi,99.0
O013539,C04501,2024-10-18,Delivered,COD,60.0
O004638,C01549,2024-10-25,Delivered,upi,99.0
O005343,C01775,2024-09-23,Delivered,COD,0.0
O014460,C04789,2023-11-02,Delivered,upi,0.0
O007906,C02596,2023-02-27,Delivered,upi,40.0
O000217,C00105,2023-10-16,Delivered,upi,99.0
O016382,C05402,2024-01-29,Delivered,Net Banking,60.0
O017920,C05891,2024-03-07,Delivered,upi,40.0
O002739,C00871,2023-12-16,Delivered,upi,0.0
O000634,C00236,2025-04-30,Delivered,UPI,99.0
O007101,C02378,2025-04-11,Delivered,upi,40.0
O009074,C02985,2025-08-25,Delivered,upi,99.0
O006466,C02138,2023-12-18,Delivered,upi,0.0
O014660,C04835,2024-08-01,Delivered,upi,40.0
O008593,C02848,2023-03-23,Delivered,Debit Card,99.0
O004302,C01421,2024-04-28,Delivered,upi,0.0
O004850,C01619,2024-10-26,Delivered,COD,0.0
O014990,C04931,2024-04-28,Delivered,upi,60.0
O016834,C05552,2025-04-24,Delivered,COD,40.0
O001698,C00541,2025-06-08,Delivered,upi,40.0
O013745,C04562,2024-10-12,Delivered,COD,40.0
O000357,C00149,2024-12-06,Delivered,upi,0.0
O009505,C03112,2025-04-11,Cancelled,COD,40.0
O011138,C03693,2024-06-11,Returned,upi,0.0
O001051,C00363,2025-09-15,Delivered,Net Banking,40.0
O008982,C02956,2023-11-14,Returned,upi,99.0
O002295,C00728,2025-09-08,Delivered,upi,0.0
O016585,C05467,2025-08-20,Delivered,Credit Card,40.0
O014443,C04780,2025-01-17,Delivered,upi,0.0
O010590,C03515,2025-05-29,Delivered,Net Banking,99.0
O004582,C01539,2024-05-14,Delivered,COD,0.0
O015395,C05071,2025-02-10,Delivered,upi,0.0
O007609,C02526,2024-01-02,Delivered,Debit Card,99.0
O009519,C03115,2024-02-05,Delivered,Credit Card,60.0
O006312,C02073,2023-11-16,Delivered,COD,40.0
O006558,C02168,2024-11-06,Delivered,COD,0.0
O012560,C04198,2024-03-19,Returned,Credit Card,0.0
O002252,C00709,2024-04-17,Returned,COD,0.0
O014767,C04867,2025-03-09,Delivered,COD,40.0
O009804,C03239,2024-05-27,Delivered,Net Banking,99.0
O017816,C05863,2024-10-29,Returned,Credit Card,99.0
O000373,C00152,2025-04-21,Delivered,Net Banking,99.0
O000807,C00306,2024-08-22,Delivered,upi,99.0
O013601,C04517,2025-01-30,Delivered,Credit Card,60.0
O000590,C00213,2025-07-17,Delivered,upi,0.0
O004319,C01430,2025-06-17,Delivered,COD,99.0
O010921,C03626,2023-08-27,Delivered,Debit Card,40.0
O011813,C03965,2025-08-26,Delivered,upi,0.0
O005755,C01903,2025-05-19,Delivered,Credit Card,0.0
O016303,C05372,2025-01-20,Delivered,UPI,60.0
O009867,C03257,2025-09-14,Delivered,upi,0.0
O006895,C02284,2024-03-24,Cancelled,COD,60.0
O003440,C01101,2024-03-24,Delivered,Net Banking,0.0
O009809,C03239,2025-03-18,Delivered,UPI,99.0
O014073,C04671,2023-10-20,Delivered,upi,40.0
O017529,C05782,2024-02-05,Delivered,Debit Card,0.0
O014953,C04922,2023-08-21,Delivered,UPI,0.0
O017372,C05729,2023-06-17,Delivered,DEBIT CARD,40.0
O015308,C05044,2025-06-01,Delivered,upi,0.0
O003355,C01071,2023-07-29,Delivered,upi,0.0
O015546,C05130,2024-05-07,Returned,Debit Card,60.0
O006597,C02180,2025-06-19,Delivered,Credit Card,60.0
O017788,C05851,2024-11-05,Delivered,upi,99.0
O018017,C05923,2023-05-24,Returned,Credit Card,99.0
O017274,C05695,2023-12-13,Delivered,Credit Card,0.0
O008587,C02846,2024-10-03,Delivered,upi,60.0
O000696,C00261,2025-09-17,Delivered,upi,99.0
O015959,C05258,2024-01-04,Delivered,Debit Card,0.0
O001873,C00588,2024-04-20,Delivered,Debit Card,60.0
O015343,C05054,2025-03-16,Delivered,Credit Card,60.0
O003362,C01076,2025-09-19,Delivered,Credit Card,0.0
O011618,C03874,2023-04-14,Delivered,upi,99.0
O007716,C02545,2024-10-29,delivered,upi,0.0
O009600,C03148,2024-02-05,Delivered,upi,40.0
O004213,C01388,2025-04-14,Delivered,Debit Card,99.0
O003996,C01312,2024-05-22,Delivered,upi,0.0
O014943,C04921,2024-04-12,Delivered,Debit Card,0.0
O011252,C03747,2023-06-15,Delivered,Credit Card,60.0
O017028,C05609,2024-07-04,Delivered,CREDIT CARD,99.0
O014038,C04657,2024-09-26,Returned,Debit Card,99.0
O011054,C03664,2024-08-22,Delivered,Debit Card,99.0
O012551,C04195,2024-11-27,Delivered,upi,40.0
O004217,C01390,2023-12-27,Delivered,upi,40.0
O008911,C02934,2025-04-07,Delivered,Net Banking,60.0
O011988,C04028,2025-03-01,delivered,Credit Card,60.0
O003583,C01160,2024-06-16,Delivered,upi,0.0
O003153,C01000,2025-04-11,Delivered,COD,0.0
O015763,C05197,2025-09-11,Delivered,COD,99.0
O001974,C00609,2024-12-31,Returned,upi,0.0
O016110,C05304,2023-05-29,Delivered,upi,60.0
O006259,C02054,2023-10-11,Delivered,Credit Card,0.0
O011580,C03866,2024-08-17,delivered,COD,99.0
O001693,C00541,2023-10-06,Delivered,upi,60.0
O005429,C01805,2025-04-26,Delivered,upi,99.0
O003029,C00961,2025-05-22,Delivered,Credit Card,40.0
O012854,C04285,2024-04-25,Delivered,upi,0.0
O009384,C03085,2025-08-24,Delivered,COD,60.0
O016964,C05592,2024-12-19,Delivered,Net Banking,40.0
O012640,C04223,2025-04-06,Delivered,COD,99.0
O017319,C05710,2024-08-12,Delivered,Credit Card,60.0
O007738,C02552,2023-07-02,Delivered,Credit Card,99.0
O013742,C04560,2025-06-22,Delivered,COD,0.0
O014294,C04724,2024-08-02,Delivered,Credit Card,99.0
O007141,C02387,2024-01-09,Delivered,COD,99.0
O013114,C04363,2024-05-30,Delivered,Credit Card,0.0
O007834,C02572,2024-07-03,Delivered,upi,0.0
O013647,C04532,2024-10-07,Delivered,CREDIT CARD,40.0
O005799,C01925,2025-02-01,Delivered,COD,0.0
O008558,C02834,2025-01-05,Delivered,upi,0.0
O016669,C05495,2024-12-17,Delivered,Credit Card,0.0
O009728,C03201,2024-02-16,Delivered,Debit Card,60.0
O007524,C02510,2025-07-16,Returned,COD,0.0
O017824,C05864,2025-06-02,Delivered,upi,40.0
O010496,C03480,2024-08-24,Cancelled,COD,60.0
O016730,C05518,2024-12-14,Delivered,upi,0.0
O017452,C05750,2024-11-23,Delivered,upi,0.0
O017724,C05837,2023-10-19,Delivered,upi,0.0
O009615,C03154,2025-04-09,Delivered,COD,0.0
O015116,C04980,2023-08-13,Delivered,COD,40.0
O006086,C02023,2024-12-15,Delivered,Credit Card,40.0
O012887,C04290,2025-07-25,Delivered,Net Banking,40.0
O014828,C04885,2025-01-22,Delivered,COD,99.0
O005185,C01723,2024-08-29,Delivered,Net Banking,0.0
O007132,C02387,2023-05-01,Delivered,Net Banking,60.0
O012455,C04166,2025-06-11,Cancelled,Credit Card,0.0
O002261,C00714,2023-11-11,Delivered,Credit Card,99.0
O017189,C05661,2024-05-04,Delivered,COD,0.0
O010513,C03490,2024-07-14,Delivered,Credit Card,0.0
O015508,C05122,2025-05-29,Delivered,Net Banking,60.0
O002470,C00782,2024-10-05,Delivered,Credit Card,99.0
O011897,C03997,2023-07-12,Delivered,Debit Card,0.0
O003239,C01027,2024-01-18,Delivered,upi,0.0
O015482,C05108,2024-10-09,Delivered,CREDIT CARD,40.0
O013838,C04586,2025-07-13,Delivered,Debit Card,60.0
O007258,C02425,2025-05-31,Delivered,upi,0.0
O005580,C01842,2023-09-17,Delivered,Credit Card,40.0
O004636,C01548,2025-03-22,Delivered,upi,99.0
O004791,C01592,2024-04-04,Delivered,COD,99.0
O001515,C00479,2025-07-22,Delivered,Debit Card,40.0
O014736,C04858,2023-09-21,Delivered,Credit Card,0.0
O007064,C02365,2024-07-16,Cancelled,Net Banking,0.0
O012506,C04185,2025-05-07,Delivered,Credit Card,60.0
O016270,C05368,2024-10-25,Delivered,COD,40.0
O001824,C00576,2025-03-08,Delivered,COD,40.0
O004876,C01630,2024-08-17,delivered,Debit Card,0.0
O009378,C03082,2024-09-04,Delivered,upi,0.0
O016463,C05416,2024-11-07,Delivered,Credit Card,0.0
O002223,C00702,2024-02-14,Delivered,Debit Card,0.0
O001568,C00496,2025-03-09,Returned,Debit Card,0.0
O017663,C05822,2024-12-24,Delivered,COD,40.0
O007631,C02526,2025-07-11,Delivered,upi,40.0
O009725,C03198,2024-10-22,Delivered,Debit Card,0.0
O008060,C02651,2024-10-18,Cancelled,COD,0.0
O016793,C05542,2024-11-15,Delivered,Debit Card,0.0
O009832,C03250,2024-11-21,Delivered,Debit Card,99.0
O017694,C05835,2025-02-05,Delivered,upi,0.0
O004874,C01630,2024-05-14,Delivered,Credit Card,0.0
O012581,C04208,2025-01-21,Delivered,Debit Card,0.0
O010700,C03555,2023-07-27,delivered,COD,0.0
O015358,C05058,2024-10-04,Returned,,60.0
O016927,C05581,2024-12-21,Delivered,Credit Card,40.0
O007438,C02480,2025-08-23,Delivered,Net Banking,40.0
O010497,C03480,2024-10-12,Delivered,upi,0.0
O008129,C02676,2023-11-21,Delivered,upi,0.0
O016376,C05401,2025-03-05,Delivered,Credit Card,0.0
O000081,C00040,2024-08-06,Delivered,upi,0.0
O001910,C00592,2025-01-14,Delivered,Credit Card,40.0
O000411,C00162,2025-04-03,Delivered,Credit Card,60.0
O016296,C05372,2024-09-10,Delivered,upi,40.0
O005748,C01903,2024-10-26,Delivered,upi,0.0
O015858,C05223,2024-12-30,Delivered,Net Banking,60.0
O005681,C01884,2025-05-13,Delivered,COD,0.0
O007166,C02387,2025-07-22,Delivered,Debit Card,40.0
O010686,C03547,2023-11-20,Delivered,COD,99.0
O006937,C02305,2024-12-27,Delivered,COD,60.0
O015483,C05109,2025-03-29,Delivered,Debit Card,40.0
O008003,C02629,2024-07-11,Delivered,upi,0.0
O011663,C03890,2025-04-10,Delivered,Credit Card,60.0
O017467,C05761,2024-06-20,Delivered,upi,0.0
O011174,C03708,2025-01-07,Delivered,upi,60.0
O009874,C03260,2024-02-29,Delivered,upi,40.0
O016333,C05381,2025-04-09,Delivered,Debit Card,0.0
O014820,C04885,2024-06-26,Delivered,Debit Card,60.0
O009455,C03102,2024-06-23,Delivered,upi,0.0
O003699,C01211,2023-11-30,Delivered,Debit Card,99.0
O005105,C01697,2024-05-06,Delivered,Debit Card,99.0
O014769,C04868,2023-11-23,Delivered,Credit Card,60.0
O007552,C02516,2025-05-13,Delivered,,60.0
O003963,C01303,2024-10-01,Delivered,upi,0.0
O008474,C02810,2024-01-26,Returned,Credit Card,0.0
O008263,C02734,2024-11-14,Delivered,COD,0.0
O010950,C03636,2025-06-30,Delivered,upi,40.0
O009155,C03007,2025-04-22,Delivered,upi,40.0
O014611,C04821,2024-12-10,Delivered,COD,40.0
O007331,C02453,2024-12-21,Cancelled,Net Banking,40.0
O015209,C05014,2024-10-11,Delivered,Debit Card,99.0
O010576,C03512,2023-11-28,Delivered,upi,40.0
O008093,C02661,2023-05-12,Delivered,upi,0.0
O001518,C00482,2023-02-14,Delivered,upi,40.0
O010781,C03579,2024-04-05,delivered,upi,99.0
O014819,C04885,2024-06-08,Delivered,CREDIT CARD,0.0
O007781,C02554,2024-05-24,Delivered,Credit Card,0.0
O010130,C03335,2023-12-18,Delivered,Credit Card,40.0
O007454,C02490,2025-06-05,Delivered,Credit Card,99.0
O012528,C04189,2024-12-12,Delivered,upi,60.0
O009198,C03016,2025-02-25,Delivered,COD,60.0
O010217,C03376,2024-10-25,Delivered,Debit Card,40.0
O011400,C03812,2023-01-02,Delivered,Net Banking,60.0
O006348,C02087,2025-05-24,Delivered,Credit Card,40.0
O003733,C01226,2024-08-10,Delivered,Credit Card,40.0
O001787,C00565,2023-12-28,Delivered,upi,60.0
O017759,C05842,2025-02-18,Delivered,upi,0.0
O006387,C02105,2025-01-12,Delivered,upi,0.0
O006713,C02227,2023-06-01,delivered,Debit Card,0.0
O000218,C00105,2023-11-29,Delivered,upi,60.0
O012937,C04298,2023-08-08,Delivered,COD,40.0
O001896,C00592,2023-12-31,Delivered,Debit Card,0.0
O013704,C04548,2024-08-19,Delivered,Credit Card,0.0
O006007,C01997,2024-05-02,Delivered,upi,0.0
O000048,C00025,2025-01-16,returned,Debit Card,0.0
O016727,C05518,2024-06-23,Delivered,COD,99.0
O012434,C04166,2024-02-24,Delivered,Debit Card,60.0
O011298,C03764,2025-02-06,Returned,Credit Card,0.0
O009541,C03120,2024-05-28,Delivered,upi,40.0
O010131,C03336,2023-03-21,Delivered,Credit Card,40.0
O005327,C01771,2023-01-25,Delivered,COD,0.0
O003557,C01147,2023-04-03,Delivered,Debit Card,0.0
O016531,C05444,2025-05-17,Delivered,upi,99.0
O011488,C03843,2024-06-21,Returned,upi,40.0
O004544,C01533,2023-12-29,Cancelled,Debit Card,99.0
O011094,C03670,2025-05-02,Returned,upi,99.0
O006915,C02294,2023-10-29,Delivered,UPI,0.0
O009269,C03035,2025-01-10,Delivered,upi,40.0
O009158,C03008,2023-07-10,Delivered,upi,60.0
O012553,C04196,2024-04-10,Returned,Debit Card,99.0
O008518,C02819,2024-09-04,Delivered,upi,99.0
O008374,C02778,2024-03-12,Delivered,upi,60.0
O000795,C00304,2025-01-15,Delivered,COD,60.0
O011533,C03858,2025-04-29,Delivered,upi,0.0
O015222,C05014,2025-03-22,Delivered,COD,0.0
O003969,C01305,2025-07-27,Cancelled,Net Banking,99.0
O008712,C02883,2025-03-01,Delivered,upi,0.0
O003527,C01135,2024-08-07,Delivered,Credit Card,0.0
O004400,C01459,2025-02-28,Delivered,upi,60.0
O009298,C03047,2024-11-19,Delivered,Debit Card,40.0
O017174,C05661,2023-09-12,Delivered,Credit Card,99.0
O012405,C04160,2025-03-12,Cancelled,upi,99.0
O008178,C02695,2025-06-01,Delivered,COD,60.0
O002136,C00666,2024-08-10,Delivered,COD,99.0
O016596,C05473,2024-01-26,Delivered,Debit Card,99.0
O004138,C01358,2025-09-11,Delivered,Debit Card,60.0
O015612,C05155,2025-01-27,Delivered,upi,0.0
O000667,C00245,2023-10-13,Delivered,COD,60.0
O009173,C03008,2025-04-01,Delivered,Credit Card,40.0
O016062,C05284,2025-03-23,Delivered,Credit Card,99.0
O005918,C01960,2024-08-27,Delivered,COD,40.0
O006832,C02262,2024-05-18,Delivered,upi,0.0
O006609,C02186,2025-03-21,Delivered,,99.0
O010003,C03300,2024-10-08,Delivered,upi,0.0
O007429,C02477,2024-04-05,Returned,upi,60.0
O016021,C05267,2023-11-21,Delivered,Credit Card,99.0
O014603,C04815,2025-01-11,Delivered,upi,0.0
O008329,C02765,2024-06-03,Delivered,Credit Card,0.0
O016501,C05427,2025-06-19,Delivered,Debit Card,60.0
O015743,C05185,2025-08-27,Delivered,COD,0.0
O010701,C03556,2023-10-19,Delivered,upi,40.0
O008813,C02917,2023-07-22,Delivered,Credit Card,99.0
O018213,C05986,2024-02-19,Delivered,Credit Card,40.0
O009184,C03010,2024-02-27,Delivered,upi,40.0
O006493,C02149,2023-03-21,Delivered,upi,0.0
O006948,C02314,2024-10-17,Delivered,upi,0.0
O013305,C04430,2025-02-15,Delivered,Credit Card,40.0
O010727,C03564,2025-06-23,Delivered,upi,40.0
O013820,C04577,2025-09-25,Delivered,upi,99.0
O008904,C02934,2025-01-05,Delivered,upi,0.0
O007327,C02450,2025-09-28,Delivered,upi,99.0
O013473,C04487,2024-11-07,Delivered,UPI,40.0
O001477,C00464,2025-07-06,Delivered,Credit Card,99.0
O000379,C00152,2025-09-04,Delivered,upi,0.0
O004614,C01541,2024-07-28,Delivered,COD,60.0
O013469,C04483,2024-01-27,Cancelled,COD,60.0
O015105,C04975,2024-05-20,Delivered,upi,0.0
O011113,C03676,2025-02-22,Delivered,Credit Card,0.0
O006190,C02044,2023-10-30,Delivered,Credit Card,60.0
O000420,C00165,2025-01-12,Delivered,Debit Card,0.0
O003757,C01231,2024-04-02,Delivered,upi,0.0
O010218,C03377,2024-12-07,Delivered,NET BANKING,0.0
O006611,C02186,2025-07-13,Delivered,upi,0.0
O016968,C05594,2024-05-13,Delivered,upi,99.0
O012045,C04054,2025-03-22,Delivered,COD,60.0
O010685,C03547,2023-08-23,Delivered,upi,0.0
O014141,C04699,2024-09-09,Delivered,upi,0.0
O007458,C02491,2025-02-13,Delivered,Net Banking,40.0
O002738,C00870,2024-04-10,delivered,COD,60.0
O009178,C03009,2023-09-18,Delivered,upi,40.0
O010993,C03652,2023-12-25,Delivered,Debit Card,60.0
O013312,C04432,2023-09-20,Delivered,upi,60.0
O006118,C02040,2023-01-26,Delivered,,40.0
O014093,C04680,2025-03-09,Delivered,upi,40.0
O009744,C03211,2024-01-15,Delivered,Credit Card,99.0
O011933,C04009,2024-12-07,Delivered,COD,0.0
O009846,C03257,2024-05-30,Returned,Credit Card,60.0
O000307,C00133,2024-06-13,Delivered,Debit Card,0.0
O006306,C02070,2024-12-19,Delivered,Debit Card,40.0
O013633,C04525,2025-08-24,Delivered,COD,60.0
O008102,C02663,2025-08-04,Delivered,Debit Card,99.0
O015924,C05247,2024-06-12,Delivered,COD,0.0
O015259,C05027,2024-08-17,Delivered,COD,60.0
O007789,C02554,2025-06-18,Delivered,upi,60.0
O016319,C05376,2024-11-23,Delivered,upi,40.0
O004545,C01533,2024-02-10,Cancelled,Credit Card,0.0
O009236,C03030,2023-09-24,Delivered,upi,0.0
O000652,C00239,2024-04-07,Delivered,Debit Card,60.0
O014682,C04843,2023-09-04,Delivered,COD,40.0
O009005,C02964,2023-03-19,Delivered,upi,0.0
O010157,C03350,2024-10-12,Delivered,Credit Card,0.0
O001530,C00484,2024-04-08,Returned,upi,99.0
O003869,C01268,2025-04-06,Delivered,Debit Card,40.0
O003148,C01000,2025-02-18,Cancelled,COD,99.0
O003802,C01244,2024-10-17,Delivered,Debit Card,40.0
O018070,C05936,2025-07-01,Delivered,COD,0.0
O016993,C05598,2025-06-19,delivered,upi,99.0
O012457,C04167,2024-11-16,delivered,Debit Card,60.0
O015058,C04956,2024-12-06,Delivered,Debit Card,40.0
O005422,C01803,2024-11-28,Returned,Credit Card,0.0
O011152,C03696,2025-05-26,Delivered,Debit Card,60.0
O010281,C03409,2024-10-27,Delivered,Credit Card,40.0
O018095,C05939,2024-11-04,Delivered,Credit Card,0.0
O014078,C04672,2024-02-28,Delivered,COD,40.0
O015391,C05068,2025-04-20,Delivered,upi,99.0
O004250,C01405,2024-09-30,Delivered,Debit Card,99.0
O008232,C02719,2023-11-28,Delivered,Debit Card,0.0
O002799,C00883,2024-07-03,Delivered,upi,99.0
O012314,C04140,2024-02-03,Delivered,COD,99.0
O001780,C00562,2025-06-11,Delivered,COD,40.0
O005469,C01815,2024-10-16,Delivered,upi,60.0
O008186,C02697,2024-11-05,Delivered,Debit Card,99.0
O009325,C03061,2025-07-13,Delivered,upi,0.0
O001771,C00560,2025-05-18,Delivered,Debit Card,99.0
O002866,C00907,2023-09-04,returned,upi,40.0
O018168,C05965,2025-04-24,Delivered,upi,0.0
O002463,C00781,2025-02-12,Delivered,Debit Card,99.0
O014585,C04812,2023-11-03,Delivered,COD,60.0
O010415,C03449,2024-10-18,delivered,upi,99.0
O012823,C04274,2024-10-03,Delivered,Debit Card,60.0
O011504,C03843,2025-01-14,Cancelled,Credit Card,40.0
O006188,C02044,2023-04-26,Delivered,Debit Card,40.0
O006600,C02182,2023-08-01,Delivered,Net Banking,0.0
O015286,C05037,2024-11-17,Delivered,upi,99.0
O009763,C03219,2025-07-01,Delivered,Credit Card,0.0
O017100,C05628,2024-07-25,Delivered,upi,0.0
O003212,C01025,2023-12-04,Delivered,Credit Card,0.0
O000415,C00165,2024-08-08,Delivered,COD,40.0
O009629,C03155,2025-01-03,Delivered,CREDIT CARD,60.0
O006936,C02304,2025-04-22,Delivered,COD,40.0
O013967,C04642,2024-03-05,Delivered,upi,0.0
O007977,C02615,2024-09-22,Delivered,upi,0.0
O010355,C03436,2025-09-08,Delivered,upi,40.0
O009334,C03065,2024-11-22,Delivered,Credit Card,60.0
O017517,C05776,2025-07-05,Delivered,upi,0.0
O006947,C02313,2024-05-05,Returned,Credit Card,40.0
O016608,C05474,2025-08-21,Delivered,Credit Card,0.0
O011546,C03861,2025-06-01,Delivered,Credit Card,99.0
O006893,C02283,2024-10-03,Delivered,upi,0.0
O007786,C02554,2025-03-05,Delivered,Credit Card,0.0
O014954,C04922,2023-09-19,Delivered,upi,40.0
O015466,C05105,2024-11-13,Delivered,upi,0.0
O013001,C04326,2025-01-23,Delivered,upi,99.0
O009549,C03125,2024-02-12,Delivered,upi,99.0
O008042,C02643,2024-08-09,Delivered,upi,99.0
O013604,C04518,2025-07-10,Delivered,Net Banking,60.0
O015697,C05170,2025-03-02,Delivered,upi,60.0
O005317,C01766,2024-05-15,delivered,COD,60.0
O013205,C04394,2023-07-28,Delivered,upi,40.0
O011308,C03767,2024-12-31,Delivered,UPI,60.0
O015913,C05241,2025-02-19,Delivered,Debit Card,0.0
O006866,C02273,2023-10-17,Delivered,Credit Card,0.0
O015596,C05150,2025-05-30,Delivered,Debit Card,0.0
O003828,C01254,2023-09-22,Delivered,upi,60.0
O002519,C00799,2025-05-24,Delivered,upi,99.0
O008759,C02896,2024-02-15,Delivered,Credit Card,0.0
O012711,C04234,2024-08-27,Delivered,UPI,99.0
O011444,C03829,2025-09-20,Delivered,Net Banking,40.0
O011264,C03751,2023-11-24,Delivered,Credit Card,40.0
O008897,C02933,2024-08-23,Delivered,Debit Card,0.0
O018121,C05943,2024-08-09,Delivered,upi,60.0
O002674,C00845,2023-08-03,delivered,upi,99.0
O002303,C00734,2024-08-07,Cancelled,COD,40.0
O014532,C04806,2024-02-26,Delivered,upi,99.0
O007472,C02496,2023-07-25,Delivered,Debit Card,0.0
O008141,C02681,2024-02-25,Returned,upi,60.0
O014315,C04733,2025-05-03,Returned,COD,0.0
O005839,C01941,2023-10-10,Delivered,COD,0.0
O010664,C03539,2025-05-07,Delivered,upi,60.0
O000284,C00125,2023-08-19,Delivered,Net Banking,60.0
O000592,C00214,2024-08-11,Delivered,Net Banking,40.0
O005349,C01778,2023-02-06,Delivered,upi,99.0
O001274,C00418,2024-03-23,Delivered,upi,0.0
O003862,C01264,2024-03-11,Delivered,Credit Card,60.0
O003111,C00986,2024-11-10,Delivered,COD,60.0
O005296,C01757,2025-03-05,Delivered,UPI,40.0
O001475,C00464,2025-04-29,Delivered,Credit Card,60.0
O017513,C05776,2024-12-23,Delivered,Debit Card,0.0
O007603,C02526,2023-08-01,Delivered,upi,60.0
O007113,C02382,2025-09-08,Delivered,Debit Card,0.0
O007048,C02357,2025-01-02,Delivered,Net Banking,40.0
O001142,C00391,2024-10-25,Delivered,upi,40.0
O003484,C01114,2024-06-12,Delivered,Net Banking,0.0
O012142,C04088,2025-07-19,Delivered,upi,0.0
O001715,C00545,2024-06-03,Delivered,upi,0.0
O017017,C05604,2024-12-21,Delivered,COD,0.0
O010083,C03322,2024-06-23,Delivered,Net Banking,60.0
O015587,C05147,2024-02-28,Delivered,COD,60.0
O009427,C03097,2024-01-12,Delivered,COD,99.0
O018152,C05962,2023-05-16,Delivered,Credit Card,60.0
O000553,C00206,2025-01-12,Delivered,Credit Card,0.0
O015778,C05206,2024-12-16,Delivered,upi,60.0
O003728,C01223,2023-05-01,Delivered,upi,0.0
O011545,C03861,2025-05-30,Delivered,upi,0.0
O007642,C02530,2024-07-26,Delivered,upi,0.0
O001877,C00588,2025-04-04,Delivered,upi,0.0
O013432,C04471,2024-12-17,Delivered,upi,40.0
O009811,C03239,2025-07-12,Delivered,upi,0.0
O006999,C02333,2025-05-22,Delivered,Debit Card,40.0
O011406,C03812,2025-09-18,Delivered,COD,60.0
O011998,C04032,2023-09-06,Delivered,upi,99.0
O005123,C01702,2023-12-21,Delivered,Debit Card,0.0
O000688,C00255,2025-09-04,Delivered,Credit Card,0.0
O009822,C03248,2024-02-25,Delivered,COD,0.0
O012675,C04234,2023-05-28,Delivered,COD,0.0
O002621,C00829,2024-03-22,Delivered,COD,99.0
O006001,C01996,2025-04-06,Delivered,Credit Card,40.0
O003094,C00984,2025-07-18,Cancelled,upi,40.0
O010227,C03384,2023-12-27,Delivered,COD,60.0
O015289,C05037,2025-09-10,Delivered,Credit Card,99.0
O000493,C00190,2025-06-23,Delivered,Debit Card,0.0
O002745,C00871,2025-02-17,Delivered,COD,0.0
O012710,C04234,2024-08-09,Delivered,Credit Card,99.0
O000155,C00081,2024-11-27,Delivered,UPI,60.0
O007204,C02403,2023-10-27,Delivered,Debit Card,0.0
O013860,C04599,2024-12-25,Delivered,upi,0.0
O002391,C00766,2024-07-03,Returned,COD,99.0
O014242,C04717,2024-11-22,Delivered,upi,60.0
O007483,C02501,2024-12-14,Delivered,upi,40.0
O012667,C04232,2024-01-31,Delivered,Net Banking,99.0
O000301,C00130,2025-09-19,Returned,Credit Card,60.0
O009244,C03031,2024-12-22,Delivered,Debit Card,60.0
O014403,C04767,2023-09-19,Delivered,Debit Card,60.0
O010359,C03437,2025-05-05,Delivered,COD,0.0
O016113,C05305,2025-02-06,Delivered,upi,60.0
O013910,C04623,2024-04-10,Delivered,Debit Card,0.0
O010791,C03583,2024-10-04,Returned,Debit Card,0.0
O002460,C00781,2025-01-20,Delivered,Credit Card,0.0
O001574,C00497,2023-02-15,Delivered,upi,40.0
O001597,C00501,2024-02-10,Delivered,upi,99.0
O007037,C02352,2025-01-11,Delivered,Net Banking,99.0
O005955,C01977,2023-02-15,Delivered,COD,0.0
O008243,C02724,2023-10-15,Delivered,upi,0.0
O011735,C03928,2025-03-03,Delivered,upi,0.0
O004734,C01575,2024-11-13,Delivered,Credit Card,40.0
O014683,C04844,2024-09-12,Delivered,Credit Card,40.0
O002581,C00820,2024-06-11,Delivered,upi,0.0
O015108,C04976,2024-11-21,Returned,Credit Card,99.0
O004440,C01479,2024-09-25,Delivered,COD,99.0
O014614,C04821,2025-06-06,Delivered,upi,60.0
O016850,C05556,2023-07-13,Delivered,upi,0.0
O014616,C04822,2025-05-27,Delivered,COD,99.0
O005600,C01853,2023-04-10,Delivered,upi,0.0
O014704,C04852,2025-09-04,Delivered,upi,99.0
O012311,C04140,2023-11-22,Delivered,Debit Card,0.0
O008244,C02725,2025-02-07,Delivered,upi,40.0
O004932,C01646,2023-12-17,Delivered,Credit Card,0.0
O012051,C04056,2025-09-02,Delivered,Debit Card,0.0
O006230,C02046,2025-05-23,Delivered,Credit Card,60.0
O001187,C00394,2025-06-23,Delivered,upi,60.0
O007160,C02387,2025-01-08,Delivered,upi,60.0
O002558,C00813,2023-07-01,Delivered,upi,60.0
O009333,C03065,2024-11-03,Delivered,,0.0
O002618,C00828,2025-09-23,Delivered,COD,99.0
O018020,C05924,2025-04-16,Delivered,COD,40.0
O012641,C04224,2023-03-05,Delivered,Credit Card,0.0
O012065,C04059,2025-04-06,Delivered,COD,0.0
O016548,C05457,2024-05-20,Delivered,upi,0.0
O003753,C01231,2024-01-19,Delivered,upi,0.0
O007943,C02609,2023-08-30,Delivered,Net Banking,99.0
O000484,C00184,2025-09-13,Delivered,Debit Card,60.0
O008706,C02880,2025-01-08,Delivered,Credit Card,0.0
O013484,C04490,2025-05-14,Delivered,,40.0
O000248,C00111,2024-08-15,Delivered,Credit Card,40.0
O000236,C00105,2025-06-25,Delivered,Debit Card,40.0
O017038,C05610,2023-07-14,delivered,COD,60.0
O005957,C01978,2023-04-30,Delivered,Credit Card,0.0
O016322,C05377,2025-03-13,Delivered,Net Banking,0.0
O014758,C04866,2025-08-02,Delivered,upi,99.0
O013016,C04330,2024-01-29,Delivered,upi,0.0
O004805,C01594,2024-11-14,Delivered,upi,60.0
O008363,C02773,2023-10-18,Delivered,Debit Card,0.0
O001109,C00386,2024-09-04,Delivered,Credit Card,99.0
O017716,C05837,2023-07-12,Delivered,upi,0.0
O011112,C03675,2025-07-08,Delivered,upi,0.0
O003459,C01101,2025-05-05,Returned,COD,99.0
O017386,C05729,2024-10-08,Delivered,Credit Card,40.0
O009735,C03206,2025-06-28,delivered,Credit Card,0.0
O007120,C02385,2024-08-01,Delivered,upi,99.0
O009081,C02989,2024-07-07,Delivered,Net Banking,0.0
O014179,C04710,2024-11-22,Delivered,upi,0.0
O000686,C00253,2025-02-23,Delivered,Credit Card,99.0
O007297,C02442,2025-03-10,Delivered,upi,40.0
O012921,C04297,2025-01-16,Delivered,COD,0.0
O015512,C05124,2023-09-15,Delivered,upi,99.0
O007761,C02552,2025-01-08,Delivered,Net Banking,40.0
O016348,C05391,2023-10-14,Returned,Debit Card,0.0
O013722,C04552,2025-04-12,Returned,upi,60.0
O012086,C04066,2025-03-10,Delivered,DEBIT CARD,0.0
O002190,C00697,2023-09-30,Returned,Debit Card,0.0
O013104,C04363,2023-06-10,Delivered,upi,0.0
O006963,C02321,2025-06-22,Delivered,upi,40.0
O002980,C00934,2023-06-05,Delivered,upi,40.0
O017604,C05811,2024-08-26,Returned,upi,40.0
O010424,C03450,2024-03-26,Returned,Debit Card,60.0
O008803,C02915,2024-12-14,Delivered,upi,60.0
O011121,C03682,2025-08-13,Delivered,upi,0.0
O003162,C01000,2025-08-07,Delivered,upi,40.0
O007373,C02465,2023-10-17,Delivered,upi,0.0
O002367,C00756,2024-11-09,Delivered,COD,99.0
O006305,C02070,2024-10-13,Delivered,Debit Card,60.0
O001076,C00374,2023-06-09,Delivered,COD,0.0
O007086,C02373,2024-09-07,Delivered,Credit Card,0.0
O008287,C02743,2024-09-18,Returned,upi,40.0
O004706,C01564,2024-08-06,Returned,Debit Card,60.0
O012622,C04219,2024-11-04,Delivered,COD,40.0
O004966,C01654,2024-03-17,Delivered,upi,40.0
O002717,C00863,2025-02-12,Delivered,upi,0.0
O005417,C01803,2024-01-06,Delivered,upi,0.0
O016716,C05516,2024-09-27,Delivered,DEBIT CARD,0.0
O016832,C05551,2025-08-31,Delivered,upi,0.0
O004875,C01630,2024-07-30,Delivered,Net Banking,99.0
O001045,C00363,2025-06-26,Delivered,upi,60.0
O003923,C01290,2025-01-02,Delivered,Net Banking,99.0
O014676,C04841,2023-04-25,Delivered,Credit Card,60.0
O002896,C00908,2025-07-04,Delivered,Debit Card,40.0
O015425,C05086,2025-01-30,Delivered,Debit Card,0.0
O003513,C01129,2023-06-25,Delivered,Credit Card,60.0
O001019,C00360,2025-08-10,Delivered,COD,0.0
O013758,C04567,2023-11-29,Delivered,Debit Card,60.0
O005822,C01938,2023-10-13,Delivered,upi,99.0
O005070,C01690,2024-07-17,Returned,COD,40.0
O009551,C03126,2025-09-19,Cancelled,upi,40.0
O015388,C05067,2023-12-03,Delivered,Credit Card,99.0
O006519,C02156,2025-08-07,Delivered,COD,99.0
O007032,C02352,2024-04-26,Delivered,Debit Card,0.0
O006545,C02164,2025-08-07,Delivered,COD,0.0
O000263,C00118,2024-07-12,Returned,Credit Card,0.0
O006459,C02137,2024-10-17,Delivered,Credit Card,60.0
O008123,C02672,2025-07-12,Delivered,COD,40.0
O015599,C05152,2023-12-23,Delivered,Credit Card,60.0
O007389,C02471,2023-12-15,Cancelled,upi,60.0
O017328,C05711,2023-10-14,Delivered,upi,0.0
O000451,C00174,2025-03-12,Delivered,upi,0.0
O015335,C05054,2024-03-05,Delivered,Credit Card,40.0
O012345,C04144,2023-10-10,Returned,Debit Card,60.0
O005631,C01868,2025-02-27,Delivered,upi,0.0
O009548,C03124,2025-01-05,Delivered,Credit Card,99.0
O010117,C03330,2025-06-05,delivered,upi,99.0
O007583,C02522,2024-11-02,Delivered,Credit Card,40.0
O004490,C01507,2025-04-16,delivered,Credit Card,40.0
O003555,C01145,2025-07-26,Delivered,COD,99.0
O000851,C00319,2025-03-02,Cancelled,Credit Card,0.0
O017577,C05800,2025-04-24,Delivered,upi,0.0
O017060,C05613,2025-02-12,Delivered,upi,99.0
O009016,C02964,2023-12-20,Delivered,upi,40.0
O013902,C04619,2024-10-18,Delivered,COD,60.0
O011116,C03678,2024-03-23,returned,Credit Card,99.0
O001444,C00462,2023-08-13,Delivered,Credit Card,99.0
O000135,C00071,2025-02-10,cancelled,upi,0.0
O014638,C04825,2024-06-14,Delivered,upi,0.0
O016271,C05369,2025-09-29,Delivered,COD,99.0
O015487,C05110,2025-06-08,Delivered,Debit Card,60.0
O016825,C05550,2025-06-20,Delivered,upi,60.0
O000480,C00182,2024-11-19,Delivered,Debit Card,0.0
O008753,C02894,2024-01-29,Delivered,upi,0.0
O011104,C03673,2024-11-04,Delivered,upi,60.0
O007187,C02394,2025-06-07,Delivered,COD,60.0
O014165,C04710,2023-08-02,Delivered,COD,0.0
O006719,C02230,2025-05-04,Delivered,Debit Card,99.0
O002821,C00891,2023-11-09,Delivered,Credit Card,60.0
O006120,C02040,2023-08-01,Delivered,upi,40.0
O001213,C00398,2025-05-11,Returned,Credit Card,99.0
O013631,C04525,2025-02-15,Cancelled,Credit Card,60.0
O017226,C05669,2025-09-18,Delivered,Debit Card,0.0
O005827,C01938,2024-05-04,Delivered,upi,0.0
O006133,C02041,2023-04-02,Delivered,Net Banking,60.0
O016630,C05488,2024-02-05,Delivered,Debit Card,60.0
O015236,C05019,2023-08-23,Delivered,upi,60.0
O007468,C02494,2023-12-12,Delivered,COD,0.0
O017047,C05610,2024-08-26,Returned,COD,99.0
O007729,C02546,2024-01-02,Delivered,upi,0.0
O001015,C00358,2025-08-10,Delivered,COD,0.0
O016162,C05327,2025-02-22,Delivered,Debit Card,60.0
O014920,C04914,2025-03-19,Delivered,COD,60.0
O003703,C01211,2024-05-13,Delivered,upi,99.0
O008478,C02810,2025-02-17,delivered,COD,99.0
O013342,C04445,2023-09-17,Delivered,Debit Card,99.0
O003265,C01033,2024-12-10,Delivered,upi,40.0
O010599,C03516,2025-03-16,Delivered,upi,0.0
O001990,C00609,2025-09-02,Delivered,Debit Card,40.0
O009924,C03268,2025-06-14,Delivered,Net Banking,0.0
O015543,C05130,2024-02-07,Delivered,upi,0.0
O015189,C05006,2023-12-03,Delivered,Net Banking,0.0
O010935,C03632,2023-11-12,Delivered,UPI,60.0
O014144,C04700,2024-11-14,Delivered,COD,99.0
O015252,C05024,2025-04-07,Delivered,Credit Card,0.0
O001056,C00365,2024-06-06,Delivered,COD,60.0
O000454,C00176,2025-05-15,Cancelled,upi,0.0
O006658,C02207,2024-10-12,Delivered,upi,99.0
O008182,C02697,2024-08-31,Returned,upi,0.0
O001941,C00598,2025-06-08,Delivered,upi,0.0
O002682,C00846,2025-06-30,Delivered,Debit Card,0.0
O014721,C04857,2024-05-06,Delivered,Credit Card,0.0
O007687,C02543,2023-09-30,Delivered,Credit Card,0.0
O006994,C02333,2024-10-10,Delivered,Credit Card,0.0
O000951,C00338,2024-05-01,Delivered,upi,60.0
O011885,C03994,2023-12-20,Delivered,upi,0.0
O015519,C05124,2024-12-21,Delivered,Debit Card,0.0
O015133,C04983,2024-11-12,Delivered,Credit Card,60.0
O006452,C02134,2024-09-03,Delivered,Credit Card,60.0
O005468,C01815,2024-07-27,Delivered,upi,60.0
O013459,C04477,2025-02-10,Delivered,upi,0.0
O016332,C05380,2025-08-01,Delivered,Credit Card,40.0
O002791,C00877,2024-09-20,Delivered,Credit Card,60.0
O003638,C01187,2024-10-23,Delivered,upi,60.0
O015258,C05027,2024-05-06,Delivered,DEBIT CARD,0.0
O015551,C05130,2024-09-18,Returned,upi,0.0
O014720,C04857,2024-04-15,Delivered,COD,0.0
O010053,C03310,2023-10-08,Delivered,Debit Card,40.0
O016171,C05329,2025-03-31,Delivered,upi,40.0
O012691,C04234,2023-12-31,Delivered,Net Banking,0.0
O007915,C02597,2025-09-04,Delivered,CREDIT CARD,40.0
O001900,C00592,2024-04-07,Delivered,upi,0.0
O010786,C03581,2023-10-25,Delivered,COD,99.0
O012210,C04117,2024-06-20,Returned,upi,0.0
O011042,C03664,2023-10-10,Delivered,upi,0.0
O000544,C00203,2024-05-02,Delivered,upi,99.0
O011944,C04011,2025-07-03,Delivered,Debit Card,60.0
O003256,C01032,2023-05-06,Delivered,Debit Card,60.0
O014184,C04711,2025-05-08,Delivered,Net Banking,0.0
O003788,C01240,2024-05-17,Delivered,upi,60.0
O004500,C01511,2025-06-23,Delivered,COD,99.0
O010437,C03455,2024-06-06,Cancelled,Debit Card,0.0
O003131,C00994,2024-11-22,Delivered,COD,60.0
O009965,C03284,2025-01-08,Delivered,Credit Card,99.0
O014778,C04871,2024-05-08,delivered,COD,40.0
O013821,C04578,2023-09-01,Returned,upi,0.0
O002607,C00827,2025-03-10,Delivered,Net Banking,60.0
O004957,C01649,2024-11-12,Delivered,Debit Card,60.0
O011139,C03693,2024-07-12,Delivered,upi,0.0
O001754,C00557,2024-07-08,Returned,upi,99.0
O008260,C02731,2025-06-12,Delivered,upi,99.0
O014423,C04774,2025-07-02,Delivered,Debit Card,0.0
O012834,C04279,2025-08-30,Delivered,Credit Card,60.0
O013103,C04363,2023-05-03,Delivered,Debit Card,0.0
O013626,C04525,2024-09-26,delivered,Debit Card,0.0
O014133,C04698,2024-06-29,Delivered,Debit Card,40.0
O003391,C01086,2024-07-15,Delivered,Debit Card,60.0
O004533,C01526,2025-05-18,Delivered,Debit Card,99.0
O005191,C01727,2025-06-04,Returned,Debit Card,99.0
O005904,C01952,2025-06-14,Delivered,Net Banking,99.0
O010755,C03577,2024-01-30,Delivered,upi,40.0
O000253,C00113,2025-09-25,Delivered,upi,0.0
O000793,C00304,2024-09-02,Delivered,Debit Card,60.0
O005010,C01672,2024-09-11,Delivered,upi,0.0
O012061,C04059,2023-10-22,Delivered,DEBIT CARD,99.0
O014919,C04914,2025-03-10,Delivered,upi,0.0
O016086,C05291,2024-10-21,Delivered,Debit Card,0.0
O008940,C02940,2023-06-10,Delivered,Debit Card,0.0
O008871,C02926,2025-03-02,Delivered,Debit Card,0.0
O012423,C04163,2025-04-22,Returned,Debit Card,60.0
O016397,C05408,2024-06-19,Delivered,COD,40.0
O006710,C02226,2025-09-22,delivered,Debit Card,0.0
O004071,C01340,2024-01-23,Delivered,COD,60.0
O000860,C00322,2025-05-04,Delivered,Credit Card,99.0
O013578,C04511,2023-05-04,Delivered,upi,0.0
O002307,C00737,2023-11-26,Returned,Credit Card,40.0
O002506,C00797,2024-10-10,Cancelled,upi,99.0
O002773,C00873,2025-05-22,Delivered,upi,0.0
O009296,C03047,2024-02-21,Delivered,Debit Card,0.0
O016383,C05402,2024-06-26,Delivered,Credit Card,60.0
O012479,C04175,2025-03-06,Delivered,Debit Card,60.0
O000075,C00037,2024-10-26,Delivered,upi,0.0
O009490,C03109,2023-11-26,Delivered,Debit Card,60.0
O005463,C01814,2025-07-17,Delivered,COD,40.0
O010092,C03324,2025-05-10,Delivered,upi,99.0
O014296,C04725,2024-09-30,Delivered,Net Banking,60.0
O014253,C04720,2023-08-14,Delivered,COD,60.0
O002466,C00781,2025-05-29,Returned,Credit Card,99.0
O008239,C02722,2024-07-12,Delivered,upi,0.0
O000310,C00135,2025-07-26,delivered,Net Banking,40.0
O009717,C03195,2024-08-15,Delivered,Net Banking,40.0
O011968,C04025,2023-08-05,Delivered,Net Banking,0.0
O011591,C03866,2025-02-12,Delivered,Credit Card,99.0
O010341,C03427,2025-08-14,Delivered,upi,0.0
O016792,C05542,2024-08-13,Delivered,COD,0.0
O003811,C01248,2024-06-28,Delivered,,99.0
O014036,C04657,2024-09-02,Delivered,upi,0.0
O005436,C01809,2025-03-24,Cancelled,upi,60.0
O013527,C04498,2025-03-25,Delivered,Debit Card,0.0
O006052,C02010,2024-10-08,Returned,upi,40.0
O005481,C01816,2024-05-24,Delivered,COD,0.0
O005129,C01703,2024-07-21,Delivered,Debit Card,0.0
O016715,C05516,2024-04-25,Delivered,Credit Card,40.0
O015720,C05173,2025-03-25,Delivered,COD,40.0
O011322,C03772,2024-12-02,Delivered,upi,99.0
O013973,C04644,2024-02-10,delivered,COD,0.0
O006033,C02005,2023-08-12,Cancelled,Credit Card,0.0
O008106,C02664,2025-02-09,Delivered,COD,40.0
O013281,C04421,2025-08-12,Delivered,upi,40.0
O014273,C04720,2024-10-26,Delivered,Net Banking,99.0
O015488,C05110,2025-07-08,Delivered,upi,0.0
O016402,C05408,2024-07-16,Delivered,upi,0.0
O012642,C04224,2024-10-09,Delivered,Net Banking,0.0
O012433,C04165,2025-08-07,Delivered,COD,40.0
O001392,C00435,2025-05-17,Delivered,Debit Card,60.0
O005708,C01890,2025-08-19,Delivered,Debit Card,99.0
O005288,C01753,2025-04-22,Delivered,COD,40.0
O000013,C00006,2023-06-29,Delivered,Net Banking,0.0
O002446,C00780,2023-09-23,Delivered,COD,0.0
O016773,C05534,2025-01-07,Returned,COD,0.0
O006296,C02065,2024-02-04,Delivered,UPI,99.0
O012708,C04234,2024-07-27,Delivered,Net Banking,0.0
O011734,C03928,2024-12-20,Cancelled,COD,0.0
O005034,C01680,2024-07-07,Delivered,upi,0.0
O013877,C04612,2023-11-21,Delivered,upi,40.0
O005663,C01878,2024-11-08,Delivered,Net Banking,40.0
O005828,C01938,2024-07-05,Delivered,COD,99.0
O006106,C02033,2025-06-18,Delivered,COD,40.0
O014830,C04886,2023-11-19,Delivered,COD,99.0
O001241,C00404,2024-06-25,Delivered,upi,0.0
O010260,C03396,2025-02-24,Delivered,upi,60.0
O008620,C02855,2025-01-13,Delivered,upi,99.0
O009500,C03109,2024-11-28,Delivered,upi,60.0
O016248,C05359,2023-11-23,Delivered,Debit Card,0.0
O001442,C00461,2024-08-05,Cancelled,upi,0.0
O004184,C01382,2024-08-26,Returned,upi,0.0
O005745,C01903,2024-09-07,Delivered,Credit Card,99.0
O016897,C05570,2024-10-28,Delivered,upi,60.0
O010350,C03433,2025-06-09,Delivered,upi,0.0
O011278,C03757,2024-01-17,Delivered,Credit Card,40.0
O010084,C03322,2025-04-23,Delivered,COD,40.0
O012188,C04106,2023-11-14,Delivered,Credit Card,40.0
O017317,C05710,2024-01-19,Delivered,upi,0.0
O003233,C01027,2023-08-11,Delivered,UPI,0.0
O002845,C00900,2023-09-14,Delivered,Credit Card,0.0
O000440,C00172,2024-06-02,Returned,upi,0.0
O002123,C00662,2024-10-16,Returned,upi,99.0
O007479,C02500,2023-11-24,Delivered,COD,40.0
O007597,C02525,2025-08-22,Delivered,Net Banking,60.0
O000966,C00344,2025-08-14,Delivered,DEBIT CARD,0.0
O000178,C00094,2025-05-27,Delivered,Net Banking,0.0
O004775,C01585,2024-02-22,Delivered,upi,0.0
O007883,C02588,2025-04-20,Delivered,upi,0.0
O013846,C04592,2023-08-23,Delivered,Net Banking,60.0
O004918,C01643,2025-04-20,Delivered,Credit Card,0.0
O006357,C02094,2024-12-10,Returned,upi,0.0
O006105,C02032,2023-09-12,Delivered,Net Banking,0.0
O011521,C03847,2025-08-10,Delivered,COD,0.0
O014549,C04806,2025-03-25,Delivered,Credit Card,40.0
O002820,C00890,2025-01-23,Delivered,Credit Card,60.0
O004098,C01346,2025-01-16,Delivered,Debit Card,40.0
O007188,C02395,2025-02-19,Delivered,Credit Card,60.0
O015701,C05170,2025-06-03,Delivered,Debit Card,0.0
O001622,C00509,2025-06-12,delivered,upi,60.0
O012310,C04140,2023-11-09,Cancelled,COD,0.0
O013394,C04461,2025-05-14,Delivered,Credit Card,60.0
O013823,C04578,2024-08-02,Delivered,Credit Card,60.0
O014759,C04867,2024-07-06,Returned,upi,0.0
O006319,C02077,2025-04-10,Delivered,upi,99.0
O003335,C01064,2023-06-30,Delivered,upi,0.0
O010448,C03461,2023-02-25,Delivered,COD,0.0
O014407,C04769,2025-03-06,Delivered,COD,99.0
O002146,C00671,2024-03-05,Cancelled,COD,99.0
O012394,C04158,2024-11-14,Delivered,COD,0.0
O013213,C04394,2025-02-28,Delivered,Net Banking,40.0
O012901,C04296,2023-12-28,Delivered,upi,99.0
O011550,C03862,2025-03-10,Delivered,COD,0.0
O015692,C05170,2024-08-20,Delivered,Credit Card,0.0
O005612,C01858,2025-08-03,Delivered,Credit Card,99.0
O000188,C00096,2025-09-04,Delivered,Debit Card,0.0
O001984,C00609,2025-06-16,Delivered,Debit Card,0.0
O015957,C05258,2023-09-26,Delivered,COD,0.0
O010479,C03474,2024-01-06,Delivered,Credit Card,99.0
O005700,C01885,2025-08-31,Returned,COD,99.0
O017628,C05815,2025-04-24,Delivered,Net Banking,60.0
O001097,C00383,2024-04-27,Delivered,COD,60.0
O002502,C00796,2025-01-11,Delivered,Net Banking,40.0
O010927,C03628,2023-08-07,Delivered,upi,60.0
O007660,C02532,2025-03-08,Delivered,upi,0.0
O010207,C03371,2025-06-27,Delivered,Credit Card,0.0
O014856,C04893,2025-05-07,Delivered,Debit Card,60.0
O004274,C01419,2024-01-02,Returned,COD,40.0
O001918,C00594,2023-07-01,Delivered,,60.0
O013538,C04501,2024-05-09,Delivered,DEBIT CARD,99.0
O005752,C01903,2025-04-10,Delivered,upi,99.0
O003385,C01084,2024-12-08,Delivered,Debit Card,60.0
O017511,C05776,2024-05-27,Delivered,Debit Card,0.0
O004386,C01454,2024-12-23,Delivered,Credit Card,0.0
O014278,C04720,2024-12-21,Delivered,CREDIT CARD,0.0
O017291,C05702,2025-01-29,cancelled,Debit Card,99.0
O005996,C01995,2025-06-13,Delivered,upi,99.0
O011436,C03826,2024-07-22,Delivered,upi,0.0
O011258,C03748,2025-07-25,Delivered,Credit Card,60.0
O008068,C02654,2024-12-22,Delivered,upi,0.0
O002116,C00659,2024-04-11,Delivered,COD,60.0
O013421,C04471,2024-06-03,Delivered,Credit Card,0.0
O011714,C03919,2024-01-20,Delivered,Debit Card,99.0
O003107,C00986,2024-06-22,Delivered,upi,0.0
O012054,C04058,2025-03-08,Delivered,upi,0.0
O011838,C03972,2024-11-14,Delivered,Credit Card,99.0
O004725,C01572,2023-12-25,Delivered,upi,99.0
O000801,C00306,2023-08-19,Delivered,COD,60.0
O012957,C04311,2024-11-02,Delivered,Debit Card,0.0
O006430,C02120,2025-04-14,Returned,Net Banking,60.0
O003745,C01230,2025-05-11,Returned,Credit Card,99.0
O009232,C03028,2023-10-27,Delivered,upi,0.0
O013168,C04383,2025-06-10,Delivered,upi,0.0
O013132,C04368,2024-05-29,Delivered,upi,99.0
O008444,C02796,2024-04-15,Delivered,Debit Card,99.0
O005080,C01694,2023-07-24,delivered,upi,40.0
O009738,C03209,2024-03-26,Delivered,Credit Card,0.0
O011912,C04000,2023-12-11,Delivered,COD,40.0
O015621,C05159,2023-06-19,Delivered,Net Banking,0.0
O005789,C01920,2023-09-03,Delivered,Credit Card,40.0
O007130,C02387,2023-01-23,Delivered,upi,0.0
O007296,C02442,2025-01-10,Delivered,upi,40.0
O000906,C00337,2023-11-09,Delivered,Credit Card,99.0
O011896,C03996,2025-05-18,Delivered,Debit Card,99.0
O000545,C00204,2023-05-05,Delivered,Credit Card,0.0
O010106,C03329,2025-09-29,Delivered,upi,40.0
O016999,C05598,2025-08-30,Delivered,upi,99.0
O003882,C01273,2023-07-12,Cancelled,upi,0.0
O001908,C00592,2024-09-06,Delivered,upi,0.0
O006144,C02041,2023-07-24,Returned,UPI,0.0
O012994,C04326,2024-02-02,Delivered,Debit Card,40.0
O006906,C02289,2025-07-16,delivered,Credit Card,0.0
O006522,C02156,2025-09-02,Delivered,Credit Card,60.0
O001861,C00587,2024-04-14,Delivered,COD,0.0
O017252,C05683,2023-08-06,Delivered,Credit Card,99.0
O008541,C02829,2025-03-06,Delivered,UPI,0.0
O000848,C00317,2025-05-01,Delivered,Net Banking,40.0
O015847,C05220,2024-12-28,Returned,upi,0.0
O005188,C01725,2024-06-08,Delivered,upi,0.0
O005209,C01735,2024-04-02,Delivered,COD,0.0
O013732,C04556,2025-09-07,Delivered,Debit Card,60.0
O008331,C02766,2025-08-04,Delivered,upi,40.0
O015955,C05258,2023-09-11,Delivered,COD,0.0
O000326,C00138,2025-01-12,Delivered,Debit Card,0.0
O006485,C02144,2025-07-10,Delivered,COD,99.0
O015376,C05062,2025-09-20,Delivered,upi,40.0
O008246,C02727,2023-01-19,Delivered,Debit Card,0.0
O006382,C02104,2025-08-06,Delivered,Credit Card,40.0
O004890,C01634,2025-08-18,Delivered,upi,99.0
O007228,C02411,2025-06-25,Delivered,upi,60.0
O008192,C02700,2024-08-12,Delivered,Credit Card,40.0
O018054,C05936,2023-10-11,Delivered,COD,99.0
O010568,C03509,2025-07-26,Delivered,upi,40.0
O010340,C03426,2024-12-18,Delivered,Credit Card,40.0
O010569,C03509,2025-08-05,Delivered,Debit Card,60.0
O007347,C02459,2023-04-08,Delivered,upi,60.0
O014260,C04720,2024-01-09,Delivered,upi,0.0
O006740,C02237,2023-11-25,Delivered,COD,40.0
O001539,C00489,2025-05-31,Delivered,COD,60.0
O006735,C02237,2023-02-21,delivered,upi,0.0
O017384,C05729,2024-09-12,Delivered,upi,99.0
O000315,C00138,2023-11-13,Delivered,Net Banking,0.0
O017548,C05787,2024-01-07,Delivered,Debit Card,40.0
O014419,C04773,2025-04-08,Delivered,upi,40.0
O004824,C01603,2025-02-28,Delivered,COD,0.0
O011640,C03880,2024-05-12,Delivered,Credit Card,99.0
O010833,C03596,2023-05-10,Delivered,Debit Card,0.0
O001580,C00497,2023-12-30,Delivered,upi,0.0
O007222,C02409,2025-05-26,delivered,upi,40.0
O008375,C02779,2024-02-18,Delivered,COD,0.0
O007000,C02334,2025-05-17,Delivered,COD,0.0
O017698,C05835,2025-05-13,Delivered,Debit Card,40.0
O006723,C02232,2024-12-13,delivered,upi,0.0
O011949,C04014,2024-02-26,Returned,Credit Card,60.0
O007196,C02400,2025-03-30,Delivered,upi,0.0
O012646,C04226,2024-10-28,delivered,upi,60.0
O000942,C00337,2025-06-21,Delivered,COD,0.0
O010614,C03527,2024-04-28,Delivered,upi,60.0
O011834,C03971,2024-05-16,Delivered,Credit Card,0.0
O015288,C05037,2025-07-10,Delivered,upi,0.0
O011037,C03663,2024-09-28,Delivered,upi,40.0
O003418,C01091,2025-01-02,Delivered,upi,60.0
O012702,C04234,2024-05-28,Delivered,COD,40.0
O008786,C02909,2024-05-06,Delivered,upi,0.0
O016854,C05556,2025-03-15,Delivered,upi,0.0
O013014,C04329,2025-02-15,Delivered,upi,40.0
O013752,C04566,2023-11-09,Delivered,upi,99.0
O012685,C04234,2023-11-20,Delivered,Credit Card,40.0
O010589,C03515,2025-04-22,Delivered,Net Banking,60.0
O011932,C04008,2025-08-28,delivered,upi,0.0
O002956,C00926,2024-12-21,Delivered,upi,99.0
O008667,C02874,2023-05-03,Delivered,COD,60.0
O005091,C01694,2024-06-23,Delivered,upi,0.0
O007584,C02522,2025-02-27,Delivered,Debit Card,99.0
O014538,C04806,2024-06-12,Returned,COD,99.0
O006922,C02296,2024-08-25,Delivered,UPI,40.0
O012927,C04297,2025-05-20,Delivered,upi,0.0
O012688,C04234,2023-12-10,Delivered,upi,99.0
O006958,C02319,2024-05-12,Returned,COD,99.0
O004125,C01349,2025-07-05,Delivered,upi,60.0
O003294,C01047,2025-08-20,Delivered,COD,60.0
O018088,C05939,2024-09-04,Delivered,upi,40.0
O009253,C03031,2025-05-26,Returned,upi,40.0
O015505,C05119,2023-09-03,Delivered,Debit Card,0.0
O016250,C05359,2024-11-18,Delivered,Credit Card,0.0
O012740,C04238,2025-04-20,Delivered,Net Banking,0.0
O014245,C04717,2025-05-02,Cancelled,Net Banking,40.0
O006130,C02040,2025-02-09,Delivered,upi,60.0
O003420,C01091,2025-04-22,Delivered,DEBIT CARD,40.0
O001825,C00576,2025-06-05,Delivered,COD,0.0
O015360,C05058,2024-11-13,Delivered,Debit Card,0.0
O011856,C03981,2024-04-10,Delivered,COD,40.0
O015477,C05106,2025-02-15,delivered,Debit Card,0.0
O005753,C01903,2025-04-17,Returned,Debit Card,99.0
O004632,C01545,2025-06-19,Delivered,Credit Card,60.0
O001762,C00559,2023-07-12,Delivered,Net Banking,40.0
O014129,C04698,2023-08-14,Delivered,upi,0.0
O004448,C01485,2025-08-05,Delivered,Debit Card,0.0
O012582,C04208,2025-07-24,Delivered,Debit Card,99.0
O003496,C01119,2025-08-01,Delivered,Net Banking,0.0
O006170,C02041,2024-08-12,Delivered,upi,0.0
O009164,C03008,2024-05-07,delivered,Credit Card,60.0
O011263,C03750,2025-09-11,Delivered,Debit Card,99.0
O006168,C02041,2024-07-16,Delivered,COD,0.0
O017941,C05899,2023-07-08,Delivered,Credit Card,40.0
O017612,C05814,2023-08-24,Delivered,upi,0.0
O004187,C01383,2024-11-30,Delivered,Debit Card,0.0
O005056,C01686,2024-12-26,Delivered,upi,40.0
O003207,C01021,2024-07-12,Delivered,upi,60.0
O007162,C02387,2025-04-13,Delivered,COD,0.0
O002572,C00815,2025-07-26,Delivered,COD,99.0
O008193,C02700,2024-08-31,delivered,DEBIT CARD,0.0
O016157,C05326,2025-05-06,Delivered,upi,0.0
O001646,C00521,2023-06-26,Delivered,upi,0.0
O000382,C00153,2024-07-08,Delivered,Credit Card,60.0
O013540,C04502,2024-01-03,Delivered,Debit Card,0.0
O005012,C01674,2023-02-08,Delivered,Net Banking,0.0
O000705,C00270,2025-09-09,Delivered,Debit Card,40.0
O000619,C00229,2024-11-24,Delivered,COD,60.0
O001645,C00520,2024-10-06,Delivered,upi,40.0
O001510,C00479,2024-08-10,Delivered,upi,60.0
O005518,C01828,2024-09-13,Delivered,COD,40.0
O012608,C04219,2024-01-13,Delivered,UPI,60.0
O000224,C00105,2024-05-13,Delivered,upi,0.0
O015350,C05056,2023-11-27,Delivered,COD,0.0
O012502,C04185,2024-08-05,Delivered,Credit Card,40.0
O015371,C05060,2025-07-20,Delivered,COD,0.0
O011785,C03953,2024-07-29,Delivered,Debit Card,0.0
O014539,C04806,2024-09-10,delivered,upi,0.0
O016462,C05416,2024-10-02,Delivered,COD,0.0
O002323,C00745,2024-08-19,Delivered,Net Banking,0.0
O001025,C00361,2024-07-15,Delivered,Net Banking,0.0
O013701,C04547,2023-11-11,Returned,Credit Card,40.0
O008632,C02862,2024-11-20,Delivered,,60.0
O009279,C03039,2025-08-28,Cancelled,UPI,60.0
O000343,C00142,2024-06-17,Delivered,upi,0.0
O014561,C04806,2025-09-25,delivered,Debit Card,0.0
O002643,C00833,2025-01-05,Delivered,Credit Card,0.0
O015245,C05023,2024-12-02,Returned,Debit Card,60.0
O000491,C00190,2024-12-25,Delivered,Net Banking,40.0
O012511,C04186,2024-12-04,Returned,upi,99.0
O007979,C02617,2025-04-12,Delivered,upi,0.0
O003681,C01205,2024-05-25,Returned,Debit Card,99.0
O014657,C04832,2025-02-01,Returned,UPI,40.0
O008566,C02836,2025-06-22,Delivered,COD,0.0
O015270,C05031,2025-03-14,Delivered,Debit Card,99.0
O013220,C04397,2025-01-01,Delivered,Credit Card,60.0
O008878,C02926,2025-06-20,Delivered,CREDIT CARD,99.0
O008142,C02681,2024-07-06,Delivered,upi,0.0
O015657,C05162,2025-01-13,Delivered,upi,40.0
O017202,C05661,2024-12-31,Delivered,Debit Card,60.0
O017932,C05896,2024-10-26,Delivered,,60.0
O016386,C05403,2023-10-03,Delivered,upi,0.0
O001246,C00406,2025-06-07,Delivered,upi,60.0
O014942,C04920,2025-07-07,Delivered,upi,0.0
O006502,C02153,2025-06-08,Delivered,upi,60.0
O017607,C05812,2023-12-29,Delivered,Debit Card,0.0
O008488,C02811,2024-09-30,Delivered,COD,0.0
O008902,C02934,2024-11-29,Cancelled,upi,60.0
O005430,C01806,2023-05-25,delivered,upi,0.0
O006588,C02179,2024-09-28,Delivered,upi,60.0
O011688,C03905,2023-10-25,Delivered,upi,60.0
O002971,C00930,2024-11-14,Delivered,Debit Card,40.0
O010859,C03606,2025-02-18,Delivered,Debit Card,40.0
O004800,C01592,2025-05-11,Delivered,upi,0.0
O009544,C03123,2024-11-12,Delivered,upi,99.0
O015056,C04956,2023-05-16,Delivered,Credit Card,0.0
O011787,C03954,2024-11-03,Delivered,COD,60.0
O009565,C03134,2025-09-29,Returned,Credit Card,0.0
O017680,C05834,2024-04-30,Returned,COD,99.0
O007837,C02573,2023-11-14,Delivered,Credit Card,99.0
O016177,C05331,2024-09-20,Delivered,Credit Card,0.0
O001189,C00394,2025-07-09,Delivered,upi,99.0
O015481,C05107,2025-04-25,Delivered,Credit Card,0.0
O014974,C04923,2024-03-11,Delivered,upi,0.0
O017602,C05811,2024-06-05,Delivered,upi,99.0
O004423,C01468,2024-12-16,Delivered,Net Banking,0.0
O007277,C02432,2024-03-27,Delivered,upi,0.0
O009900,C03265,2024-11-11,Delivered,upi,60.0
O005651,C01872,2025-09-17,Delivered,Credit Card,0.0
O017052,C05612,2024-12-06,Delivered,Net Banking,0.0
O007873,C02588,2023-12-12,Delivered,DEBIT CARD,99.0
O004970,C01656,2024-11-20,delivered,upi,99.0
O010616,C03527,2024-06-22,Cancelled,COD,0.0
O000057,C00028,2023-12-28,Delivered,COD,40.0
O009246,C03031,2025-01-24,Delivered,upi,0.0
O010721,C03561,2024-04-29,Delivered,upi,0.0
O003035,C00965,2023-10-27,Delivered,upi,0.0
O005599,C01852,2025-05-29,Delivered,COD,40.0
O017088,C05622,2024-03-06,Returned,Credit Card,99.0
O003558,C01147,2023-12-31,Delivered,COD,0.0
O007506,C02503,2025-08-24,Delivered,Debit Card,40.0
O007531,C02516,2024-07-29,Delivered,upi,0.0
O008209,C02707,2025-07-27,Delivered,upi,99.0
O005531,C01829,2024-09-29,Delivered,upi,99.0
O008327,C02765,2023-10-26,Delivered,COD,40.0
O001297,C00421,2025-07-25,Delivered,upi,99.0
O008038,C02643,2023-12-09,Delivered,,60.0
O003943,C01300,2024-03-07,Returned,upi,0.0
O016114,C05305,2025-02-11,Delivered,COD,40.0
O006298,C02065,2024-10-09,Delivered,NET BANKING,0.0
O006125,C02040,2024-06-19,Delivered,upi,99.0
O010759,C03577,2024-02-20,Delivered,Debit Card,60.0
O015026,C04948,2024-10-15,Delivered,,0.0
O012856,C04285,2024-12-28,Delivered,upi,99.0
O002257,C00711,2025-07-29,Returned,upi,0.0
O007420,C02475,2024-11-16,Delivered,upi,40.0
O006523,C02157,2023-02-06,Delivered,upi,99.0
O001192,C00394,2025-09-12,Delivered,COD,99.0
O014268,C04720,2024-07-22,Delivered,upi,99.0
O003607,C01170,2025-03-10,Delivered,Debit Card,0.0
O001087,C00381,2024-12-09,Returned,Debit Card,99.0
O008618,C02855,2024-09-16,Delivered,Debit Card,0.0
O017498,C05770,2025-09-03,Delivered,Debit Card,0.0
O000275,C00121,2025-02-25,Delivered,Debit Card,40.0
O001342,C00427,2024-11-16,Delivered,COD,0.0
O017565,C05794,2023-11-09,Returned,COD,0.0
O005562,C01833,2025-08-25,Delivered,COD,0.0
O011859,C03981,2025-08-17,Delivered,upi,40.0
O014777,C04871,2024-05-02,Delivered,Credit Card,99.0
O014751,C04865,2024-02-19,Returned,Debit Card,0.0
O002524,C00802,2025-03-18,Delivered,UPI,0.0
O011257,C03748,2025-03-17,Delivered,Debit Card,0.0
O009728,C03201,2024-02-16,Delivered,Debit Card,60.0
O010888,C03617,2025-04-14,Cancelled,upi,99.0
O015043,C04954,2025-01-05,Delivered,Debit Card,40.0
O014858,C04894,2024-01-26,Delivered,Credit Card,0.0
O006862,C02271,2023-12-11,Delivered,COD,0.0
O016051,C05277,2024-06-12,Delivered,Debit Card,60.0
O005251,C01744,2024-12-05,Cancelled,upi,40.0
O005340,C01775,2024-03-26,Delivered,Credit Card,99.0
O004666,C01558,2023-05-11,Delivered,upi,40.0
O017255,C05686,2023-09-21,Delivered,Net Banking,60.0
O013786,C04571,2025-02-20,Cancelled,Debit Card,99.0
O005234,C01740,2024-07-04,Delivered,upi,60.0
O013154,C04376,2023-08-03,Delivered,,0.0
O017152,C05658,2025-01-25,Cancelled,upi,0.0
O001954,C00608,2023-12-02,Delivered,Debit Card,0.0
O008175,C02694,2025-05-31,Delivered,upi,60.0
O010430,C03450,2025-06-28,Delivered,Credit Card,0.0
O009397,C03093,2024-02-05,returned,upi,0.0
O010390,C03448,2024-08-05,delivered,COD,60.0
O017506,C05774,2025-04-04,Delivered,Debit Card,60.0
O011095,C03670,2025-08-24,Delivered,COD,99.0
O001794,C00569,2025-07-12,Delivered,COD,0.0
O011666,C03892,2023-09-08,Delivered,upi,60.0
O003777,C01236,2025-06-07,Delivered,Net Banking,99.0
O000864,C00322,2025-07-12,delivered,Debit Card,40.0
O013236,C04402,2024-11-15,Returned,Credit Card,0.0
O004442,C01480,2024-11-08,Delivered,UPI,0.0
O013588,C04513,2024-10-09,Delivered,Debit Card,60.0
O016181,C05333,2025-02-10,Delivered,Net Banking,0.0
O009512,C03115,2023-05-07,Delivered,Credit Card,0.0
O011901,C03997,2024-05-16,Delivered,upi,40.0
O007444,C02484,2024-08-27,Delivered,Debit Card,60.0
O010933,C03631,2023-05-10,Delivered,upi,60.0
O008007,C02631,2025-02-15,Delivered,upi,99.0
O012409,C04160,2025-08-12,Delivered,Debit Card,60.0
O001317,C00427,2023-12-13,Delivered,Credit Card,0.0
O006364,C02099,2023-12-26,Delivered,Debit Card,0.0
O006412,C02115,2024-08-06,Returned,upi,60.0
O005489,C01819,2024-05-10,Delivered,upi,99.0
O001217,C00399,2025-06-21,Delivered,Credit Card,0.0
O002339,C00751,2024-12-26,Delivered,Credit Card,99.0
O006842,C02264,2023-11-15,Delivered,,0.0
O009478,C03103,2025-01-23,Delivered,Net Banking,40.0
O010187,C03361,2023-05-21,Delivered,CREDIT CARD,0.0
O016863,C05560,2025-04-12,Delivered,UPI,0.0
O008047,C02646,2025-03-06,Delivered,Credit Card,0.0
O006861,C02270,2025-04-13,Returned,Debit Card,0.0
O005307,C01762,2025-02-20,Delivered,Net Banking,40.0
O016959,C05590,2024-07-15,Cancelled,upi,40.0
O001457,C00464,2023-12-04,Returned,COD,0.0
O007683,C02542,2023-11-12,Returned,upi,0.0
O003669,C01199,2025-05-06,Delivered,Debit Card,99.0
O014798,C04880,2023-09-21,Delivered,Credit Card,0.0
O005132,C01705,2023-08-20,Delivered,upi,0.0
O005886,C01952,2024-03-31,Delivered,upi,60.0
O012269,C04126,2025-01-15,Delivered,COD,40.0
O014164,C04710,2023-07-29,Delivered,Net Banking,40.0
O010558,C03509,2024-04-10,Delivered,Net Banking,99.0
O005060,C01686,2025-04-14,Returned,Credit Card,99.0
O007394,C02472,2024-10-11,Delivered,COD,0.0
O001234,C00402,2025-04-03,Delivered,Credit Card,60.0
O016202,C05341,2024-08-25,Delivered,Net Banking,99.0
O007427,C02476,2025-08-26,Cancelled,Credit Card,40.0
O013190,C04389,2025-04-16,Delivered,COD,0.0
O002562,C00814,2023-01-01,Delivered,upi,40.0
O011577,C03866,2024-06-15,Delivered,upi,99.0
O008633,C02862,2025-02-11,Delivered,upi,0.0
O000984,C00355,2024-12-07,Delivered,Debit Card,40.0
O010987,C03649,2023-05-27,Delivered,COD,99.0
O003361,C01075,2025-07-25,Delivered,Debit Card,99.0
O017793,C05851,2025-05-05,Delivered,Debit Card,40.0
O007400,C02473,2024-04-04,Delivered,upi,99.0
O003723,C01221,2025-04-14,Cancelled,Debit Card,0.0
O013030,C04333,2023-11-22,Returned,upi,60.0
O005899,C01952,2025-01-24,Delivered,upi,0.0
O017364,C05726,2024-12-13,delivered,upi,99.0
O005431,C01806,2023-11-19,Delivered,Debit Card,0.0
O016974,C05594,2024-08-18,Delivered,upi,60.0
O007405,C02473,2025-07-16,Delivered,upi,99.0
O009643,C03157,2024-05-26,Delivered,Net Banking,99.0
O015501,C05117,2025-09-18,Delivered,Debit Card,99.0
O017558,C05790,2025-01-16,Delivered,Credit Card,99.0
O009978,C03290,2024-09-25,Delivered,upi,40.0
O008368,C02775,2023-12-25,Returned,Credit Card,60.0
O011978,C04025,2025-06-02,Delivered,Credit Card,40.0
O007179,C02392,2024-09-16,Delivered,upi,0.0
O005310,C01763,2025-02-22,Delivered,upi,99.0
O017865,C05872,2025-07-07,Delivered,Credit Card,99.0
O011675,C03899,2024-08-22,Delivered,COD,0.0
O000413,C00163,2025-06-27,Delivered,upi,0.0
O009583,C03143,2025-03-10,Delivered,upi,40.0
O003631,C01186,2024-01-23,Delivered,COD,0.0
O006537,C02161,2025-01-23,Delivered,upi,60.0
O010452,C03462,2025-09-08,Delivered,COD,0.0
O011564,C03864,2023-08-23,Cancelled,Credit Card,0.0
O000079,C00038,2025-08-16,Delivered,Debit Card,0.0
O012381,C04157,2023-09-03,Delivered,COD,99.0
O012637,C04222,2025-01-24,Delivered,upi,40.0
O012017,C04040,2024-07-13,Returned,,0.0
O008457,C02801,2025-05-07,delivered,COD,40.0
O013172,C04384,2024-12-27,Returned,Debit Card,0.0
O004395,C01455,2024-10-23,Returned,Credit Card,0.0
O001599,C00501,2024-05-11,Delivered,Net Banking,40.0
O010515,C03491,2024-02-28,Delivered,,0.0
O003957,C01301,2023-11-09,Delivered,COD,60.0
O017563,C05793,2025-08-01,Delivered,upi,0.0
O010263,C03398,2023-10-25,Delivered,Debit Card,60.0
O016372,C05399,2025-04-22,Delivered,upi,0.0
O013851,C04595,2024-12-17,Delivered,upi,0.0
O011979,C04025,2025-06-12,returned,COD,0.0
O013170,C04384,2024-11-21,Delivered,upi,99.0
O007760,C02552,2025-01-01,Returned,upi,0.0
O005527,C01828,2025-04-29,Delivered,Credit Card,40.0
O007254,C02424,2025-04-23,Cancelled,Net Banking,60.0
O013571,C04507,2024-04-14,Returned,Credit Card,0.0
O010468,C03470,2024-03-30,delivered,upi,0.0
O014322,C04737,2023-09-12,Delivered,DEBIT CARD,60.0
O015824,C05218,2024-04-12,Delivered,upi,0.0
O014444,C04780,2025-04-15,Delivered,upi,60.0
O013677,C04537,2024-02-20,Delivered,COD,60.0
O015446,C05096,2023-08-22,Delivered,COD,0.0
O013969,C04643,2024-12-14,Delivered,upi,40.0
O015194,C05008,2025-03-19,Returned,Credit Card,0.0
O002641,C00833,2024-08-31,Delivered,upi,0.0
O015971,C05258,2024-12-25,Delivered,upi,0.0
O012413,C04161,2024-07-05,Delivered,Debit Card,0.0
O005645,C01872,2023-05-21,Delivered,COD,99.0
O014367,C04758,2024-01-21,Delivered,Credit Card,0.0
O008203,C02705,2025-07-28,Delivered,upi,60.0
O013917,C04627,2024-12-19,Delivered,upi,99.0
O016823,C05548,2024-11-17,Delivered,COD,0.0
O009559,C03132,2025-06-10,Cancelled,upi,99.0
O000972,C00347,2024-07-20,Returned,Debit Card,40.0
O012999,C04326,2024-10-15,Delivered,Credit Card,0.0
O004222,C01393,2025-07-06,Delivered,Debit Card,60.0
O001534,C00487,2024-11-01,Delivered,Credit Card,0.0
O016304,C05372,2025-01-30,Delivered,upi,99.0
O001927,C00594,2025-03-24,Delivered,upi,0.0
O001338,C00427,2024-09-23,Delivered,upi,99.0
O003588,C01164,2025-02-18,Delivered,Debit Card,60.0
O006108,C02035,2023-07-21,Delivered,upi,60.0
O017013,C05601,2024-05-28,Delivered,upi,40.0
O016794,C05542,2025-02-05,Delivered,upi,0.0
O008984,C02957,2025-08-28,Delivered,upi,99.0
O005760,C01906,2025-02-21,Delivered,,0.0
O017583,C05801,2025-04-08,Delivered,COD,60.0
O014619,C04823,2024-06-07,Returned,Debit Card,0.0
O015176,C05002,2023-04-24,Delivered,COD,60.0
O007638,C02528,2024-07-02,Delivered,upi,99.0
O002680,C00846,2025-05-21,Delivered,upi,0.0
O005396,C01793,2024-02-29,Cancelled,Net Banking,0.0
O005331,C01771,2024-09-18,Delivered,upi,40.0
O014749,C04864,2025-08-08,Delivered,Net Banking,99.0
O006628,C02195,2025-09-18,Delivered,upi,0.0
O017145,C05654,2025-05-07,Delivered,upi,40.0
O011299,C03765,2025-07-25,Delivered,Debit Card,60.0
O008140,C02680,2024-10-24,Delivered,upi,99.0
O014812,C04885,2023-12-25,Delivered,upi,0.0
O007286,C02437,2024-12-12,Delivered,upi,0.0
O005064,C01686,2025-09-06,Returned,COD,99.0
O013954,C04639,2025-05-31,Delivered,Credit Card,0.0
O005232,C01740,2023-10-17,Delivered,COD,0.0
O011609,C03870,2024-03-16,Delivered,upi,99.0
O009786,C03231,2025-01-25,Returned,Credit Card,0.0
O017843,C05868,2025-08-29,Delivered,Credit Card,99.0
O013533,C04499,2024-07-20,Delivered,upi,99.0
O009780,C03228,2023-11-05,Delivered,Debit Card,99.0
O010371,C03442,2025-08-28,Delivered,Credit Card,40.0
O015337,C05054,2024-04-18,Delivered,upi,60.0
O003112,C00986,2024-11-18,Delivered,Net Banking,0.0
O015699,C05170,2025-05-20,Delivered,Debit Card,40.0
O000694,C00260,2025-03-04,Delivered,upi,99.0
O005636,C01869,2025-06-15,Delivered,upi,0.0
O009771,C03224,2024-08-19,Delivered,Debit Card,40.0
O013760,C04567,2024-08-04,Delivered,upi,40.0
O012850,C04285,2023-12-23,Delivered,,60.0
O002352,C00755,2025-06-22,Delivered,Debit Card,60.0
O014957,C04922,2024-01-24,Delivered,upi,0.0
O005630,C01868,2024-11-18,Delivered,Debit Card,99.0
O012123,C04079,2024-11-24,Delivered,Credit Card,60.0
O011909,C03999,2024-10-31,Delivered,Credit Card,40.0
O008097,C02661,2024-09-02,Delivered,COD,40.0
O006003,C01997,2023-09-20,Delivered,DEBIT CARD,0.0
O006965,C02322,2025-04-18,Delivered,upi,0.0
O012442,C04166,2024-07-13,Returned,upi,0.0
O001419,C00449,2024-06-29,Delivered,COD,40.0
O017263,C05689,2023-07-13,Delivered,COD,0.0
O014238,C04717,2024-09-01,Delivered,upi,99.0
O017868,C05873,2024-09-16,Delivered,upi,40.0
O011972,C04025,2024-05-13,Delivered,Credit Card,0.0
O012648,C04227,2024-01-11,Delivered,UPI,0.0
O016440,C05412,2024-11-12,Delivered,Debit Card,60.0
O001319,C00427,2023-12-30,Delivered,COD,60.0
O001239,C00402,2025-09-13,Returned,upi,0.0
O017898,C05883,2024-08-07,Delivered,Debit Card,99.0
O010451,C03462,2023-08-28,Delivered,upi,99.0
O005474,C01815,2025-06-21,Delivered,upi,40.0
O005097,C01696,2025-03-09,Delivered,upi,0.0
O010055,C03310,2024-05-27,Delivered,COD,0.0
O011424,C03821,2025-02-15,Delivered,Net Banking,99.0
O009691,C03186,2024-08-09,Delivered,upi,99.0
O004150,C01367,2025-09-28,Delivered,Credit Card,0.0
O011314,C03770,2024-08-29,Delivered,Credit Card,0.0
O014941,C04919,2025-09-09,Delivered,Credit Card,60.0
O000179,C00095,2025-03-16,Delivered,Credit Card,99.0
O007345,C02457,2025-09-20,Delivered,,0.0
O010981,C03644,2024-07-19,Delivered,COD,0.0
O004604,C01539,2025-05-23,Returned,Net Banking,40.0
O016281,C05372,2023-11-05,delivered,upi,0.0
O011405,C03812,2025-07-01,Delivered,upi,40.0
O009856,C03257,2025-03-06,Delivered,Net Banking,99.0
O009194,C03014,2024-08-16,Cancelled,Net Banking,60.0
O012367,C04151,2025-06-15,Delivered,,40.0
O013284,C04423,2024-12-23,Delivered,upi,99.0
O014870,C04899,2024-03-28,Delivered,Credit Card,99.0
O004823,C01603,2023-11-19,Delivered,COD,0.0
O016613,C05477,2025-01-25,Delivered,upi,99.0
O017203,C05661,2025-01-20,Delivered,Debit Card,0.0
O009181,C03009,2024-09-11,Delivered,Credit Card,0.0
O016414,C05408,2025-02-14,Delivered,Debit Card,0.0
O009850,C03257,2024-07-09,Delivered,Credit Card,60.0
O016017,C05266,2025-02-01,Delivered,upi,0.0
O000562,C00209,2023-09-03,Delivered,Debit Card,0.0
O011657,C03887,2025-09-20,Delivered,Net Banking,99.0
O004102,C01347,2025-08-10,Delivered,Credit Card,40.0
O013516,C04496,2025-03-24,Delivered,upi,40.0
O012282,C04130,2024-12-04,Cancelled,upi,40.0
O003011,C00953,2023-09-28,Delivered,upi,0.0
O013970,C04643,2025-01-08,Cancelled,Debit Card,99.0
O011136,C03693,2024-03-14,Delivered,Net Banking,0.0
O014499,C04794,2025-04-07,Delivered,Net Banking,99.0
O003540,C01140,2023-11-23,Delivered,DEBIT CARD,0.0
O015296,C05041,2024-10-25,Delivered,upi,40.0
O017087,C05622,2023-11-15,Delivered,COD,99.0
O013955,C04639,2025-06-13,Delivered,upi,40.0
O017829,C05867,2023-06-09,Delivered,COD,99.0
O002951,C00925,2024-08-22,Delivered,upi,99.0
O009047,C02971,2024-02-07,Delivered,upi,0.0
O010025,C03304,2025-06-29,Delivered,COD,99.0
O007210,C02404,2023-10-10,Delivered,UPI,60.0
O002882,C00907,2025-07-04,Delivered,upi,60.0
O008009,C02632,2025-05-16,Delivered,Debit Card,60.0
O013875,C04611,2023-11-03,Delivered,upi,0.0
O012402,C04160,2024-07-29,Delivered,upi,99.0
O006193,C02044,2024-01-25,Delivered,COD,40.0
O002338,C00751,2024-11-13,Delivered,Debit Card,99.0
O013389,C04459,2024-05-13,Cancelled,upi,0.0
O007118,C02385,2024-05-19,Delivered,COD,0.0
O011329,C03774,2025-06-08,Delivered,upi,99.0
O003298,C01048,2025-07-27,Delivered,Debit Card,40.0
O006777,C02243,2025-07-18,Delivered,upi,0.0
O016158,C05327,2024-11-25,Delivered,Credit Card,40.0
O004996,C01668,2025-05-31,Delivered,Credit Card,0.0
O004929,C01646,2023-11-08,Delivered,upi,60.0
O006196,C02045,2025-03-28,Delivered,Credit Card,99.0
O002666,C00839,2023-05-27,Delivered,COD,60.0
O013530,C04499,2023-12-12,Delivered,,40.0
O010175,C03355,2023-10-06,Delivered,COD,99.0
O017254,C05685,2025-08-14,Delivered,Credit Card,0.0
O016053,C05278,2024-08-25,Delivered,upi,0.0
O006894,C02283,2025-04-24,Delivered,COD,40.0
O003051,C00968,2025-08-26,Delivered,COD,40.0
O014745,C04861,2023-09-03,Delivered,upi,60.0
O005471,C01815,2024-11-30,delivered,Credit Card,99.0
O011590,C03866,2025-02-10,Delivered,Credit Card,0.0
O005773,C01910,2024-11-27,Delivered,Debit Card,0.0
O016262,C05365,2023-04-08,Delivered,,99.0
O003079,C00979,2024-12-02,Delivered,Credit Card,60.0
O012178,C04101,2024-02-11,Delivered,COD,40.0
O001139,C00391,2024-06-23,Delivered,upi,99.0
O007921,C02599,2025-05-19,Delivered,Debit Card,0.0
O002695,C00852,2024-06-21,Returned,Credit Card,40.0
O007836,C02572,2025-08-17,Delivered,Credit Card,60.0
O012428,C04164,2024-03-04,Delivered,COD,40.0
O004586,C01539,2024-06-27,Delivered,upi,0.0
O007741,C02552,2023-09-12,Delivered,upi,60.0
O015713,C05173,2024-04-12,Returned,COD,0.0
O014187,C04713,2024-10-13,Delivered,upi,0.0
O017312,C05708,2024-10-07,Delivered,Credit Card,60.0
O013101,C04362,2025-04-07,Delivered,Debit Card,0.0
O018176,C05968,2025-06-03,Returned,Credit Card,0.0
O007563,C02517,2024-05-02,Delivered,Debit Card,0.0
O012603,C04218,2023-11-05,Delivered,Debit Card,0.0
O011606,C03870,2023-06-28,Delivered,COD,0.0
O016801,C05543,2024-06-21,Delivered,upi,0.0
O005126,C01702,2025-06-25,Delivered,upi,99.0
O002087,C00641,2023-08-28,Delivered,Credit Card,0.0
O004055,C01330,2025-08-15,Delivered,Credit Card,0.0
O015610,C05155,2024-04-01,Delivered,upi,0.0
O015739,C05182,2025-07-24,Delivered,Net Banking,0.0
O000137,C00072,2023-11-21,Returned,Debit Card,0.0
O004843,C01614,2023-05-18,Delivered,COD,99.0
O001123,C00389,2024-09-06,Delivered,upi,99.0
O012324,C04140,2024-09-25,Delivered,upi,0.0
O000026,C00014,2025-04-22,Delivered,Credit Card,0.0
O017042,C05610,2023-12-27,Delivered,Net Banking,0.0
O014915,C04914,2024-09-10,Returned,CREDIT CARD,0.0
O016074,C05290,2023-09-02,Delivered,upi,40.0
O017643,C05820,2024-11-15,Delivered,COD,0.0
O001271,C00418,2023-08-25,Delivered,upi,60.0
O017834,C05867,2024-09-30,Returned,upi,99.0
O011018,C03658,2024-10-16,Returned,upi,99.0
O002438,C00778,2024-07-24,Delivered,Net Banking,0.0
O012533,C04190,2024-08-29,Delivered,Debit Card,0.0
O006248,C02053,2024-11-12,Delivered,upi,60.0
O008469,C02809,2024-11-11,Cancelled,COD,0.0
O010634,C03533,2023-03-29,Delivered,COD,0.0
O016973,C05594,2024-08-04,Delivered,upi,0.0
O017355,C05722,2025-06-02,Delivered,upi,99.0
O003346,C01068,2025-09-10,Delivered,upi,0.0
O013043,C04338,2023-10-03,Delivered,Debit Card,0.0
O003185,C01012,2024-02-15,Delivered,DEBIT CARD,0.0
O007882,C02588,2025-03-22,Delivered,upi,60.0
O002709,C00860,2025-03-02,Delivered,upi,0.0
O014666,C04839,2023-01-05,delivered,upi,0.0
O018144,C05958,2024-10-22,Delivered,Debit Card,0.0
O002182,C00696,2023-07-04,Delivered,Credit Card,99.0
O009120,C03002,2025-01-03,Returned,Net Banking,99.0
O007005,C02337,2025-04-10,Delivered,Credit Card,40.0
O003069,C00974,2024-05-09,Delivered,upi,60.0
O011315,C03771,2025-03-15,Delivered,Net Banking,0.0
O000025,C00013,2025-03-26,Delivered,COD,40.0
O004903,C01641,2024-11-02,Delivered,Debit Card,60.0
O002588,C00822,2025-06-15,Delivered,upi,40.0
O008636,C02863,2023-01-26,Delivered,upi,40.0
O008947,C02944,2025-05-07,Delivered,Credit Card,40.0
O014718,C04857,2024-03-21,Delivered,upi,0.0
O009240,C03031,2024-09-13,Delivered,upi,40.0
O000781,C00299,2023-03-17,Delivered,upi,60.0
O017582,C05801,2025-03-03,Delivered,Debit Card,99.0
O017434,C05746,2025-04-11,Delivered,upi,99.0
O009820,C03246,2024-01-15,Returned,Credit Card,0.0
O003412,C01091,2024-02-27,Delivered,COD,60.0
O002832,C00895,2023-09-24,Delivered,upi,0.0
O003801,C01243,2025-01-16,Delivered,Credit Card,99.0
O002444,C00778,2025-08-20,Returned,Credit Card,0.0
O014826,C04885,2024-12-01,Delivered,Credit Card,99.0
O017656,C05820,2025-08-06,Delivered,COD,0.0
O018135,C05955,2023-12-06,Delivered,upi,40.0
O008959,C02948,2025-02-20,Delivered,COD,40.0
O005059,C01686,2025-02-28,Delivered,COD,40.0
O015698,C05170,2025-03-05,Delivered,upi,0.0
O001890,C00592,2023-11-16,Delivered,Credit Card,0.0
O008361,C02772,2025-01-14,Delivered,Credit Card,40.0
O000074,C00036,2025-02-19,Delivered,upi,0.0
O000576,C00211,2024-08-03,Delivered,upi,60.0
O002986,C00937,2024-03-04,Returned,Net Banking,60.0
O010076,C03316,2024-06-25,Delivered,Debit Card,0.0
O004045,C01330,2023-08-04,Delivered,Net Banking,0.0
O007951,C02612,2025-05-20,delivered,Credit Card,40.0
O010761,C03577,2024-03-03,Returned,upi,99.0
O000993,C00357,2023-11-11,Delivered,COD,99.0
O014342,C04740,2023-04-25,Delivered,COD,60.0
O006399,C02111,2024-12-06,Delivered,Debit Card,0.0
O013382,C04455,2025-05-23,Delivered,Debit Card,99.0
O003087,C00982,2025-06-14,Delivered,upi,99.0
O007247,C02421,2025-05-19,Delivered,Credit Card,0.0
O001739,C00553,2024-04-11,Delivered,Credit Card,40.0
O018253,C05996,2025-02-01,Delivered,upi,0.0
O001504,C00479,2024-01-09,Cancelled,upi,99.0
O002565,C00815,2024-06-20,delivered,Debit Card,60.0
O018016,C05922,2025-05-01,Cancelled,Debit Card,0.0
O002103,C00652,2024-06-26,Delivered,Debit Card,60.0
O014804,C04882,2024-07-19,Delivered,Credit Card,0.0
O016651,C05489,2025-06-15,Cancelled,Debit Card,99.0
O009226,C03025,2024-03-08,delivered,Debit Card,0.0
O014118,C04691,2024-11-04,Delivered,Debit Card,0.0
O003587,C01164,2024-07-05,Delivered,upi,60.0
O011096,C03670,2025-09-08,Delivered,Debit Card,0.0
O006204,C02046,2023-10-05,Delivered,COD,0.0
O007672,C02535,2024-09-03,Delivered,UPI,0.0
O004527,C01523,2025-08-12,Delivered,COD,60.0
O007858,C02581,2024-10-02,Delivered,upi,40.0
O004502,C01513,2023-11-24,Delivered,Debit Card,0.0
O003960,C01303,2024-04-01,Delivered,upi,40.0
O004344,C01440,2023-08-04,Delivered,upi,40.0
O004470,C01497,2023-02-18,Delivered,Net Banking,99.0
O017972,C05905,2025-01-14,Delivered,upi,99.0
O006711,C02227,2023-01-20,Delivered,upi,40.0
O006727,C02232,2025-07-05,Delivered,Net Banking,40.0
O003700,C01211,2023-12-09,Delivered,upi,99.0
O009203,C03017,2025-07-01,Delivered,Net Banking,0.0
O015856,C05222,2025-07-30,Delivered,Credit Card,0.0
O003997,C01312,2024-08-15,Delivered,Net Banking,99.0
O001176,C00394,2025-02-01,Delivered,Net Banking,60.0
O007860,C02582,2024-12-25,Delivered,UPI,99.0
O012724,C04234,2025-01-30,Delivered,COD,0.0
O004993,C01667,2023-03-26,Delivered,upi,40.0
O018075,C05937,2025-07-06,Delivered,Debit Card,0.0
O006039,C02006,2023-02-11,Delivered,Debit Card,0.0
O001281,C00418,2025-05-28,Delivered,upi,0.0
O003351,C01069,2025-07-19,Returned,upi,0.0
O010425,C03450,2024-05-02,Returned,Debit Card,99.0
O017072,C05615,2024-12-12,Delivered,upi,99.0
O017023,C05607,2024-05-09,Delivered,upi,0.0
O008762,C02898,2025-04-09,Delivered,CREDIT CARD,60.0
O013696,C04544,2025-02-17,Delivered,Net Banking,0.0
O001361,C00427,2025-06-26,Delivered,upi,0.0
O007387,C02470,2023-03-03,Delivered,upi,0.0
O003288,C01041,2025-08-15,Delivered,upi,60.0
O006414,C02115,2024-09-10,Delivered,CREDIT CARD,40.0
O016581,C05466,2025-03-25,Delivered,COD,99.0
O014091,C04679,2025-06-11,Delivered,upi,0.0
O004592,C01539,2024-11-30,Delivered,Debit Card,0.0
O005033,C01680,2024-06-30,Delivered,Credit Card,60.0
O011282,C03759,2024-10-04,Returned,upi,40.0
O010621,C03530,2024-08-29,Delivered,COD,0.0
O002076,C00636,2024-04-15,Delivered,Net Banking,0.0
O014102,C04685,2024-11-12,Delivered,upi,99.0
O013944,C04637,2025-07-27,Delivered,upi,0.0
O012684,C04234,2023-10-01,Delivered,COD,0.0
O008035,C02642,2023-11-05,Delivered,COD,0.0
O007397,C02473,2024-01-13,Delivered,Debit Card,0.0
O008031,C02640,2024-11-29,Delivered,UPI,60.0
O000148,C00077,2024-12-12,Returned,upi,60.0
O017182,C05661,2024-02-07,Returned,COD,99.0
O009943,C03278,2023-12-27,Delivered,upi,99.0
O005106,C01697,2024-06-04,Delivered,upi,60.0
O013199,C04392,2025-03-20,Delivered,Net Banking,0.0
O016291,C05372,2024-06-05,Delivered,COD,40.0
O001474,C00464,2025-03-18,Delivered,upi,0.0
O000723,C00275,2025-08-13,Delivered,Net Banking,99.0
O009554,C03129,2024-10-01,Delivered,upi,99.0
O016491,C05422,2024-11-18,delivered,Net Banking,60.0
O004486,C01507,2023-11-09,Delivered,Debit Card,0.0
O011245,C03743,2024-10-05,Delivered,Net Banking,40.0
O001473,C00464,2025-03-14,Delivered,Credit Card,0.0
O009310,C03052,2025-08-22,Delivered,DEBIT CARD,60.0
O008747,C02891,2023-09-30,Delivered,upi,99.0
O000300,C00130,2025-01-24,Delivered,upi,40.0
O000171,C00091,2023-03-14,Delivered,Credit Card,99.0
O003327,C01058,2023-07-05,Delivered,UPI,0.0
O003675,C01203,2024-05-31,Delivered,CREDIT CARD,0.0
O010547,C03506,2024-11-04,Delivered,Net Banking,0.0
O003620,C01178,2024-09-19,Delivered,Net Banking,60.0
O016800,C05543,2024-05-26,Returned,COD,40.0
O006595,C02180,2025-03-05,Delivered,upi,60.0
O012717,C04234,2024-11-05,Delivered,Net Banking,40.0
O011246,C03743,2025-04-02,Delivered,upi,40.0
O010032,C03307,2024-08-01,Cancelled,upi,99.0
O002957,C00926,2025-03-06,Delivered,Debit Card,60.0
O014203,C04716,2023-12-03,Delivered,upi,99.0
O014178,C04710,2024-08-10,Delivered,COD,99.0
O016060,C05282,2024-11-18,Cancelled,upi,0.0
O000631,C00234,2025-07-09,Returned,upi,0.0
O005047,C01681,2025-03-27,Delivered,Credit Card,40.0
O016547,C05456,2024-05-10,Delivered,upi,40.0
O008606,C02851,2025-08-30,Delivered,Credit Card,99.0
O009069,C02982,2025-06-19,Delivered,upi,99.0
O009010,C02964,2023-07-15,Delivered,upi,0.0
O013111,C04363,2024-02-22,Cancelled,upi,40.0
O002256,C00711,2025-07-21,Delivered,upi,60.0
O011876,C03992,2024-04-03,Delivered,Debit Card,0.0
O008422,C02794,2023-12-28,Delivered,COD,0.0
O009099,C02993,2024-10-03,Returned,Net Banking,60.0
O009089,C02990,2025-04-06,Delivered,COD,60.0
O014524,C04804,2024-08-14,Delivered,upi,0.0
O005322,C01767,2024-09-09,Delivered,Debit Card,0.0
O005850,C01945,2025-01-09,Delivered,Debit Card,40.0
O010346,C03432,2024-08-26,delivered,Credit Card,40.0
O006334,C02080,2025-06-28,Delivered,COD,40.0
O009520,C03115,2024-03-25,Delivered,upi,40.0
O010501,C03481,2025-05-07,Delivered,upi,0.0
O014481,C04794,2024-02-03,Delivered,NET BANKING,0.0
O002877,C00907,2025-04-14,Delivered,,0.0
O013940,C04635,2025-06-29,Delivered,Net Banking,99.0
O008891,C02931,2025-03-23,Delivered,Credit Card,0.0
O006587,C02179,2024-07-27,Delivered,upi,0.0
O015274,C05031,2025-06-17,Delivered,Credit Card,40.0
O011276,C03756,2025-08-10,Delivered,COD,40.0
O013179,C04386,2025-04-13,Delivered,upi,0.0
O003021,C00957,2024-02-25,Delivered,COD,40.0
O003542,C01140,2024-06-01,Delivered,Credit Card,0.0
O005248,C01744,2024-05-10,Delivered,COD,60.0
O005543,C01833,2024-06-30,Delivered,COD,40.0
O001980,C00609,2025-04-30,delivered,Debit Card,99.0
O017442,C05747,2024-05-27,Delivered,,40.0
O011502,C03843,2024-11-24,Delivered,Debit Card,99.0
O011711,C03917,2025-08-27,Returned,Credit Card,40.0
O007079,C02370,2023-08-11,Delivered,upi,99.0
O014580,C04811,2023-06-10,Delivered,upi,0.0
O007772,C02554,2023-10-11,Returned,Credit Card,0.0
O000093,C00050,2025-01-16,Delivered,COD,99.0
O001235,C00402,2025-06-21,Delivered,upi,99.0
O006482,C02142,2024-05-30,Delivered,upi,0.0
O017398,C05731,2025-05-07,Delivered,COD,0.0
O005797,C01924,2024-11-27,Delivered,upi,60.0
O009140,C03007,2023-09-14,Delivered,,60.0
O000191,C00098,2023-08-09,Delivered,upi,99.0
O014376,C04759,2024-03-24,Delivered,upi,0.0
O015861,C05224,2024-01-10,Cancelled,Debit Card,0.0
O007792,C02557,2024-04-15,Delivered,upi,0.0
O017916,C05890,2024-08-23,Delivered,upi,0.0
O014285,C04722,2024-09-27,Delivered,DEBIT CARD,40.0
O002683,C00846,2025-07-21,Delivered,upi,0.0
O006051,C02009,2024-02-17,Delivered,Credit Card,40.0
O003895,C01276,2023-06-17,Returned,Debit Card,40.0
O011781,C03949,2023-05-21,Delivered,DEBIT CARD,40.0
O003177,C01009,2024-01-18,Delivered,Credit Card,99.0
O016490,C05422,2024-10-11,Delivered,Credit Card,0.0
O003414,C01091,2024-04-22,Delivered,UPI,40.0
O014010,C04650,2025-04-03,Delivered,upi,0.0
O002302,C00733,2025-03-01,Delivered,NET BANKING,40.0
O013721,C04552,2025-04-10,Delivered,Debit Card,40.0
O006567,C02170,2023-06-17,Cancelled,Net Banking,0.0
O008967,C02951,2024-08-21,Returned,Credit Card,99.0
O000859,C00322,2025-04-15,Delivered,UPI,0.0
O014416,C04773,2024-11-11,Delivered,UPI,40.0
O012786,C04255,2024-10-10,Delivered,Net Banking,99.0
O010489,C03478,2024-12-03,Delivered,COD,99.0
O013896,C04617,2024-10-16,Returned,upi,0.0
O017110,C05632,2024-03-06,Delivered,upi,99.0
O018064,C05936,2024-10-28,Delivered,upi,40.0
O010394,C03449,2023-06-07,Delivered,UPI,99.0
O014950,C04922,2023-06-10,Delivered,upi,60.0
O012136,C04084,2024-08-19,Delivered,Debit Card,0.0
O001364,C00427,2025-07-14,Delivered,COD,0.0
O003782,C01239,2024-07-24,Delivered,upi,40.0
O017297,C05705,2024-03-13,Delivered,upi,60.0
O006662,C02209,2025-08-26,Delivered,Credit Card,0.0
O010285,C03409,2025-07-22,Delivered,Net Banking,99.0
O007794,C02558,2025-08-04,Delivered,upi,0.0
O000391,C00153,2024-12-15,Delivered,upi,0.0
O006285,C02063,2024-10-19,Delivered,Debit Card,0.0
O014694,C04849,2023-08-08,Delivered,Net Banking,40.0
O007302,C02442,2025-05-22,Delivered,UPI,60.0
O015639,C05159,2024-10-20,Returned,COD,60.0
O008092,C02660,2025-03-13,Delivered,Credit Card,99.0
O014452,C04782,2024-01-29,Delivered,upi,0.0
O003124,C00988,2024-08-19,Delivered,Credit Card,0.0
O000719,C00274,2024-12-06,returned,upi,60.0
O003257,C01032,2023-06-01,Delivered,Debit Card,0.0
O014356,C04750,2024-04-16,Delivered,Net Banking,0.0
O006503,C02154,2023-10-05,Returned,COD,0.0
O016169,C05329,2024-06-02,Delivered,Credit Card,60.0
O016219,C05347,2025-05-08,delivered,Debit Card,0.0
O007164,C02387,2025-05-19,Delivered,Credit Card,40.0
O011604,C03868,2024-03-22,Delivered,upi,0.0
O016805,C05543,2024-11-10,delivered,upi,99.0
O012070,C04059,2025-09-26,Delivered,upi,40.0
O003118,C00986,2024-12-24,Delivered,COD,60.0
O001938,C00597,2025-04-20,Delivered,Debit Card,0.0
O009312,C03053,2025-05-30,Delivered,COD,99.0
O004116,C01349,2024-10-04,Delivered,Credit Card,0.0
O000535,C00201,2023-12-28,Delivered,upi,99.0
O016933,C05585,2025-06-05,delivered,COD,60.0
O016683,C05502,2025-07-09,cancelled,upi,0.0
O007121,C02385,2024-09-20,Delivered,upi,60.0
O011555,C03862,2025-04-19,Delivered,COD,0.0
O007482,C02501,2024-11-28,Returned,Debit Card,60.0
O011922,C04005,2024-09-11,Delivered,Net Banking,40.0
O007376,C02466,2023-09-28,Delivered,COD,99.0
O017770,C05848,2023-08-24,Delivered,COD,0.0
O003136,C00996,2024-09-24,Delivered,Credit Card,0.0
O012092,C04067,2024-06-14,Delivered,upi,99.0
O006914,C02293,2024-12-02,Delivered,Debit Card,60.0
O005772,C01909,2024-11-19,Delivered,upi,40.0
O004185,C01382,2025-02-03,Delivered,Credit Card,99.0
O011351,C03780,2025-05-15,Delivered,upi,0.0
O007177,C02391,2025-03-20,Delivered,COD,0.0
O016482,C05417,2024-09-08,Delivered,Credit Card,0.0
O014685,C04846,2024-10-25,Delivered,upi,60.0
O010162,C03353,2024-06-14,Delivered,Debit Card,60.0
O002795,C00879,2025-07-11,delivered,upi,40.0
O007739,C02552,2023-07-08,Delivered,Debit Card,60.0
O005526,C01828,2025-04-16,Delivered,Credit Card,0.0
O002527,C00804,2025-04-04,Delivered,Debit Card,40.0
O002540,C00807,2024-12-05,Delivered,Credit Card,0.0
O015178,C05002,2023-08-29,Delivered,Debit Card,0.0
O017455,C05753,2023-04-06,Delivered,COD,0.0
O014701,C04850,2025-08-13,Delivered,upi,99.0
O016681,C05500,2025-09-19,Delivered,Net Banking,40.0
O016434,C05411,2024-11-30,Delivered,COD,0.0
O013800,C04575,2025-07-10,Delivered,Net Banking,40.0
O008417,C02794,2023-09-19,Delivered,Credit Card,0.0
O001244,C00405,2025-09-24,Delivered,upi,99.0
O011472,C03843,2023-08-10,Delivered,Credit Card,40.0
O014074,C04671,2023-11-18,Delivered,Debit Card,60.0
O015794,C05208,2025-03-02,delivered,Credit Card,0.0
O017610,C05814,2023-03-07,Delivered,upi,60.0
O004659,C01555,2025-06-20,Delivered,upi,40.0
O014959,C04922,2024-05-03,Delivered,upi,0.0
O007244,C02421,2023-09-07,Delivered,Debit Card,40.0
O015424,C05086,2024-11-04,Delivered,upi,60.0
O011045,C03664,2023-10-16,Delivered,COD,99.0
O004701,C01564,2023-06-24,Delivered,upi,0.0
O000443,C00172,2025-02-10,Delivered,Net Banking,99.0
O010780,C03579,2024-03-26,Delivered,,0.0
O015099,C04971,2024-07-14,Delivered,Credit Card,0.0
O011109,C03674,2024-08-28,Delivered,COD,60.0
O006834,C02262,2024-08-24,Delivered,upi,60.0
O010992,C03652,2023-01-13,Delivered,COD,99.0
O003904,C01280,2025-08-14,Delivered,Debit Card,0.0
O010171,C03354,2024-08-30,Delivered,upi,0.0
O015387,C05066,2025-05-26,Delivered,COD,0.0
O008654,C02866,2024-09-23,Delivered,upi,60.0
O006800,C02249,2025-05-19,Delivered,upi,40.0
O015122,C04981,2023-11-08,Delivered,upi,0.0
O011324,C03772,2025-07-12,Delivered,upi,0.0
O008907,C02934,2025-02-13,Delivered,upi,40.0
O016081,C05291,2023-12-26,Delivered,Debit Card,40.0
O007646,C02531,2025-02-21,Delivered,Debit Card,60.0
O014998,C04938,2024-01-18,Delivered,Debit Card,60.0
O016184,C05333,2025-07-14,Delivered,Credit Card,99.0
O004625,C01543,2024-02-16,Delivered,Debit Card,0.0
O007905,C02596,2023-02-02,Delivered,upi,99.0
O015844,C05220,2024-11-01,Delivered,upi,60.0
O012235,C04122,2024-05-22,Returned,COD,40.0
O001766,C00560,2024-08-14,Delivered,Net Banking,0.0
O015157,C04994,2024-12-07,Delivered,Credit Card,40.0
O002904,C00909,2024-11-15,Delivered,Credit Card,0.0
O005595,C01850,2023-04-26,Delivered,COD,60.0
O016994,C05598,2025-06-30,Delivered,Credit Card,99.0
O000486,C00186,2024-02-17,Delivered,UPI,40.0
O015486,C05110,2025-04-11,Delivered,Net Banking,0.0
O015354,C05058,2023-10-02,Delivered,upi,40.0
O009278,C03038,2025-06-05,Cancelled,upi,0.0
O010322,C03420,2024-06-19,Delivered,Debit Card,0.0
O004421,C01468,2024-06-29,Delivered,upi,0.0
O007554,C02516,2025-06-06,Delivered,upi,60.0
O003539,C01139,2025-03-23,Delivered,Debit Card,99.0
O011321,C03772,2024-11-27,Delivered,upi,0.0
O014791,C04876,2024-08-23,Returned,Debit Card,99.0
O014310,C04732,2023-11-12,Delivered,upi,0.0
O001674,C00532,2025-07-01,Delivered,COD,60.0
O005437,C01810,2025-04-24,Delivered,Debit Card,99.0
O011049,C03664,2024-04-19,Delivered,COD,99.0
O007307,C02445,2025-08-29,Delivered,UPI,0.0
O009983,C03292,2024-03-15,Delivered,upi,40.0
O013089,C04358,2024-10-06,Returned,upi,99.0
O005676,C01884,2023-08-04,Delivered,Debit Card,60.0
O000097,C00052,2024-07-22,Delivered,COD,99.0
O003156,C01000,2025-05-15,Delivered,upi,0.0
O005885,C01952,2024-03-17,Returned,Credit Card,99.0
O000367,C00152,2024-11-26,Delivered,Debit Card,99.0
O003658,C01197,2025-06-08,Delivered,Debit Card,0.0
O010102,C03329,2024-05-06,Delivered,Debit Card,0.0
O000919,C00337,2024-04-29,Delivered,DEBIT CARD,99.0
O012681,C04234,2023-07-15,Delivered,Credit Card,40.0
O012795,C04260,2025-07-29,Delivered,COD,40.0
O006793,C02248,2025-07-08,Delivered,upi,99.0
O014120,C04693,2025-07-22,Delivered,upi,0.0
O012421,C04163,2025-02-21,Delivered,Debit Card,0.0
O017973,C05905,2025-01-24,Delivered,upi,0.0
O003665,C01199,2024-04-10,Returned,Net Banking,40.0
O010691,C03549,2024-12-22,Delivered,COD,60.0
O016416,C05408,2025-02-18,Delivered,Credit Card,99.0
O017760,C05842,2025-03-03,Delivered,upi,99.0
O007623,C02526,2024-12-15,Delivered,UPI,0.0
O009542,C03121,2025-03-16,Delivered,upi,0.0
O016640,C05489,2024-05-29,Delivered,Net Banking,60.0
O015906,C05235,2025-06-30,Delivered,COD,40.0
O008171,C02694,2023-06-10,Delivered,upi,99.0
O014696,C04849,2024-05-25,Delivered,upi,40.0
O013415,C04467,2024-09-18,Delivered,Credit Card,40.0
O008317,C02757,2025-08-12,Delivered,COD,40.0
O006549,C02167,2024-07-16,Delivered,Debit Card,60.0
O011072,C03667,2024-04-12,Delivered,Credit Card,40.0
O005168,C01712,2025-04-24,Delivered,COD,40.0
O002774,C00874,2024-10-11,Delivered,upi,60.0
O010828,C03592,2025-05-01,Delivered,upi,60.0
O000434,C00171,2024-03-26,Returned,Credit Card,40.0
O011528,C03853,2023-07-27,Delivered,COD,40.0
O014697,C04849,2024-07-11,Delivered,Net Banking,0.0
O001100,C00384,2023-04-14,Delivered,COD,40.0
O011799,C03960,2024-10-14,Delivered,upi,0.0
O006638,C02198,2025-03-10,Delivered,upi,99.0
O002576,C00818,2024-12-23,Delivered,Credit Card,0.0
